Time_ms,TC1_C,TC2_C,TC3_1,1.95
84000,20.25,21.25,21.00,20.50,21.25,360.67,0.01,1.95
5,360.54,0.01,1.95
83500,20.25,21.25,21.25,20.75,21.25,360.67,0.01,1.95
84000,20.25,21.25,21.00,20.50,21.25,360.67,0.01,1.95
5,360.54,0.01,1.95
83500,20.25,21.25,21.25,20.75,21.25,360.67,0.01,1.95
84000,20.25,21.25,21.00,20.50,21.25,360.67,0.01,1.95
Time_ms,TC1_C,TC2_C,TC3_C,TC4_C,TC5_C,V_RMS,I_RMS,Wattage
500,20.00,21.25,21.25,20.75,21.25,0.00,0.00,0.00
1000,20.25,21.25,21.25,20.75,21.25,0.00,0.00,0.00
1500,20.25,21.25,21.25,20.75,21.25,127.24,0.01,0.81
2000,20.25,21.25,21.25,20.75,21.25,127.24,0.01,0.81
2500,20.25,21.25,21.25,20.50,21.25,297.80,0.01,1.61
3000,20.25,21.25,21.25,20.50,21.25,297.80,0.01,1.61
3500,20.25,21.25,21.25,20.75,21.25,348.83,0.01,2.10
4000,20.25,21.25,21.25,20.75,21.25,348.83,0.01,2.10
4500,20.25,21.25,21.00,20.50,21.25,358.65,0.01,1.98
5000,20.25,21.25,21.00,20.50,21.25,358.65,0.01,1.98
5500,20.25,21.25,21.00,20.50,21.25,359.41,0.01,1.90
6000,20.25,21.25,21.00,20.75,21.25,359.41,0.01,1.90
6500,20.25,21.25,21.25,20.50,21.25,358.27,0.01,1.98
7000,20.25,21.25,21.25,20.50,21.25,358.27,0.01,1.98
7500,20.25,21.25,21.00,20.75,21.25,359.13,0.01,2.28
8000,20.25,21.25,21.00,20.75,21.25,359.13,0.01,2.28
8500,20.25,21.25,21.00,20.75,21.25,358.44,0.01,2.11
9000,20.25,21.25,21.25,20.75,21.25,358.44,0.01,2.11
9500,20.25,21.25,21.25,20.75,21.25,358.44,0.01,2.16
10000,20.25,21.25,21.25,20.50,21.25,358.44,0.01,2.16
10500,20.25,21.25,21.25,20.75,21.25,360.36,0.01,2.04
11000,20.25,21.25,21.00,20.75,21.25,360.36,0.01,2.04
11500,20.25,21.25,21.25,20.75,21.25,358.26,0.01,2.15
12000,20.25,21.25,21.25,20.75,21.25,358.26,0.01,2.15
12500,20.25,21.25,21.00,20.75,21.25,358.03,0.01,2.02
13000,20.25,21.25,21.00,20.50,21.25,358.03,0.01,2.02
13500,20.25,21.25,21.25,20.75,21.25,358.80,0.01,2.16
14000,20.25,21.25,21.25,20.75,21.25,358.80,0.01,2.16
14500,20.25,21.25,21.25,20.50,21.25,358.65,0.01,2.11
15000,20.25,21.25,21.00,20.50,21.25,358.65,0.01,2.11
15500,20.25,21.25,21.25,20.50,21.25,358.19,0.01,2.27
16000,20.25,21.25,21.25,20.75,21.25,358.19,0.01,2.27
16500,20.25,21.25,21.25,20.75,21.25,360.09,0.01,2.40
17000,20.25,21.25,21.00,20.50,21.25,360.09,0.01,2.40
17500,20.25,21.25,21.25,20.75,21.25,359.25,0.01,2.28
18000,20.25,21.25,21.25,20.75,21.25,359.25,0.01,2.28
18500,20.25,21.25,21.25,20.50,21.25,359.57,0.01,2.16
19000,20.25,21.25,21.25,20.75,21.25,359.57,0.01,2.16
19500,20.25,21.25,21.25,20.75,21.25,359.55,0.01,2.24
20000,20.25,21.25,21.25,20.75,21.25,359.55,0.01,2.24
20500,20.25,21.25,21.25,20.75,21.25,358.22,0.01,1.89
21000,20.25,21.25,21.00,20.75,21.25,358.22,0.01,1.89
21500,20.25,21.25,21.25,20.50,21.25,358.10,0.01,1.98
22000,20.25,21.25,21.25,20.75,21.25,358.10,0.01,1.98
22500,20.25,21.25,21.25,20.75,21.25,358.65,0.01,1.79
23000,20.25,21.25,21.25,20.75,21.25,358.65,0.01,1.79
23500,20.25,21.25,21.25,20.75,21.25,359.63,0.01,2.36
24000,20.25,21.25,21.25,20.75,21.25,359.63,0.01,2.36
24500,20.25,21.25,21.25,20.75,21.25,358.64,0.01,2.47
25000,20.25,21.25,21.25,20.75,21.25,358.64,0.01,2.47
25500,20.25,21.25,21.25,20.75,21.25,357.96,0.01,2.15
26000,20.25,21.25,21.25,20.50,21.25,357.96,0.01,2.15
26500,20.25,21.25,21.25,20.75,21.25,358.05,0.01,2.46
27000,20.25,21.25,21.25,20.75,21.25,358.05,0.01,2.46
27500,20.25,21.25,21.00,20.75,21.25,358.36,0.01,2.54
28000,20.25,21.25,21.25,20.75,21.25,358.36,0.01,2.54
28500,20.25,21.25,21.00,20.75,21.25,358.84,0.01,2.16
29000,20.25,21.25,21.25,20.75,21.25,358.84,0.01,2.16
29500,20.25,21.25,21.25,20.75,21.25,358.66,0.01,2.11
30000,20.25,21.25,21.00,20.75,21.25,358.66,0.01,2.11
30500,20.25,21.25,21.25,20.75,21.25,357.66,0.01,2.11
31000,20.25,21.25,21.00,20.75,21.25,357.66,0.01,2.11
31500,20.25,21.25,21.25,20.75,21.25,359.10,0.01,2.36
32000,20.25,21.25,21.25,20.75,21.25,359.10,0.01,2.36
32500,20.25,21.25,21.25,20.75,21.25,359.50,0.01,2.36
33000,20.25,21.25,21.25,20.75,21.25,359.50,0.01,2.36
33500,20.25,21.25,21.00,20.75,21.25,358.87,0.01,2.28
34000,20.25,21.25,21.25,20.75,21.25,358.87,0.01,2.28
34500,20.25,21.25,21.25,20.75,21.25,359.35,0.01,2.32
35000,20.25,21.25,21.25,20.75,21.25,359.35,0.01,2.32
35500,20.25,21.25,21.25,20.75,21.25,359.30,0.01,2.24
36000,20.25,21.25,21.25,20.75,21.25,359.30,0.01,2.24
36500,20.25,21.25,21.25,20.75,21.25,358.61,0.01,2.57
37000,20.25,21.25,21.25,20.75,21.25,358.61,0.01,2.57
37500,20.25,21.25,21.25,20.75,21.25,358.94,0.01,2.50
38000,20.25,21.25,21.00,20.75,21.25,358.94,0.01,2.50
38500,20.25,21.25,21.25,20.75,21.25,358.73,0.01,2.28
39000,20.00,21.25,21.00,20.50,21.25,358.73,0.01,2.28
39500,20.25,21.25,21.00,20.75,21.25,358.48,0.01,2.71
40000,20.25,21.25,21.25,20.75,21.25,358.48,0.01,2.71
40500,20.25,21.25,21.25,20.75,21.25,357.39,0.01,2.06
41000,20.25,21.25,21.25,20.75,21.25,357.39,0.01,2.06
41500,20.25,21.25,21.25,20.75,21.25,358.77,0.01,2.07
42000,20.25,21.25,21.00,20.75,21.25,358.77,0.01,2.07
42500,20.25,21.25,21.25,20.75,21.25,358.82,0.01,2.57
43000,20.25,21.25,21.25,20.75,21.25,358.82,0.01,2.57
43500,20.25,21.25,21.25,20.75,21.25,358.87,0.01,2.57
44000,20.25,21.25,21.25,20.75,21.25,358.87,0.01,2.57
44500,20.25,21.25,21.25,20.75,21.25,358.87,0.01,2.16
45000,20.25,21.25,21.00,20.50,21.25,358.87,0.01,2.16
45500,20.25,21.25,21.00,20.75,21.25,358.04,0.01,2.31
46000,20.25,21.25,21.25,20.75,21.25,358.04,0.01,2.31
46500,20.25,21.25,21.00,20.75,21.50,358.71,0.01,2.16
47000,20.25,21.25,21.25,20.50,21.25,358.71,0.01,2.16
47500,20.25,21.25,21.00,20.75,21.25,359.02,0.01,2.03
48000,20.25,21.25,21.25,20.75,21.25,359.02,0.01,2.03
48500,20.25,21.25,21.25,20.75,21.25,358.83,0.01,2.03
49000,20.25,21.25,21.00,20.75,21.25,358.83,0.01,2.03
49500,20.25,21.25,21.25,20.75,21.25,357.01,0.01,2.31
50000,20.25,21.25,21.25,20.75,21.25,357.01,0.01,2.31
50500,20.25,21.25,21.00,20.50,21.25,357.64,0.01,2.49
51000,20.25,21.25,21.25,20.75,21.25,357.64,0.01,2.49
51500,20.25,21.25,21.25,20.75,21.25,358.13,0.01,2.23
52000,20.25,21.25,21.00,20.75,21.25,358.13,0.01,2.23
52500,20.25,21.25,21.25,20.75,21.25,358.91,0.01,2.16
53000,20.25,21.25,21.00,20.75,21.25,358.91,0.01,2.16
53500,20.25,21.25,21.00,20.75,21.25,358.17,0.01,2.19
54000,20.25,21.25,21.25,20.75,21.25,358.17,0.01,2.19
54500,20.25,21.25,21.00,20.75,21.25,358.86,0.01,2.20
55000,20.25,21.25,21.25,20.75,21.25,358.86,0.01,2.20
55500,20.25,21.25,21.25,20.75,21.25,358.35,0.01,2.64
56000,20.25,21.25,21.25,20.75,21.25,358.35,0.01,2.64
56500,20.25,21.25,21.25,20.75,21.25,357.85,0.01,1.93
57000,20.25,21.25,21.25,20.75,21.25,357.85,0.01,1.93
57500,20.25,21.25,21.25,20.75,21.25,358.93,0.01,2.39
58000,20.25,21.25,21.00,20.75,21.25,358.93,0.01,2.39
58500,19.75,21.25,21.00,20.75,21.25,358.88,0.00,1.58
59000,20.25,21.25,21.25,20.75,21.25,358.88,0.00,1.58
59500,20.25,21.25,21.00,20.75,21.25,358.43,0.01,2.28
60000,20.25,21.25,21.25,20.75,21.25,358.43,0.01,2.28
60500,20.25,21.25,21.00,20.75,21.25,358.56,0.01,2.11
61000,20.25,21.25,21.25,20.75,21.25,358.56,0.01,2.11
61500,20.25,21.25,21.00,20.75,21.25,358.32,0.01,2.15
62000,20.25,21.25,21.00,20.75,21.25,358.32,0.01,2.15
62500,20.25,21.25,21.25,20.75,21.25,358.68,0.01,2.54
63000,20.25,21.25,21.00,20.75,21.25,358.68,0.01,2.54
63500,20.25,21.25,21.00,20.75,21.25,358.59,0.01,2.16
64000,20.25,21.25,21.00,20.75,21.25,358.59,0.01,2.16
64500,20.25,21.25,21.25,20.75,21.25,358.32,0.01,2.03
65000,20.25,21.25,21.00,20.75,21.25,358.32,0.01,2.03
65500,20.25,21.25,21.00,20.75,21.25,358.78,0.01,1.98
66000,20.25,21.25,21.00,20.75,21.25,358.78,0.01,1.98
66500,20.25,21.25,21.00,20.75,21.25,357.88,0.01,2.46
67000,20.25,21.25,21.00,20.75,21.25,357.88,0.01,2.46
67500,20.25,21.25,21.00,20.75,21.25,358.91,0.01,2.32
68000,20.25,21.25,21.00,20.75,21.25,358.91,0.01,2.32
68500,20.25,21.25,21.25,20.75,21.25,357.74,0.01,2.11
69000,20.25,21.25,21.00,20.75,21.25,357.74,0.01,2.11
69500,20.25,21.25,21.00,20.75,21.25,358.58,0.01,2.07
70000,20.25,21.25,21.00,20.75,21.25,358.58,0.01,2.07
70500,20.25,21.25,21.25,20.75,21.25,356.99,0.01,1.93
71000,20.25,21.25,21.00,20.75,21.25,356.99,0.01,1.93
71500,20.25,21.25,21.00,20.75,21.25,357.99,0.01,2.23
72000,20.25,21.25,21.00,20.75,21.25,357.99,0.01,2.23
72500,20.25,21.25,21.25,20.75,21.25,358.62,0.01,2.11
73000,20.25,21.25,21.25,20.75,21.25,358.62,0.01,2.11
73500,20.25,21.25,21.25,20.75,21.25,357.97,0.01,1.98
74000,20.25,21.25,21.00,20.75,21.25,357.97,0.01,1.98
74500,20.25,21.25,21.00,20.75,21.25,357.43,0.01,2.23
75000,20.25,21.25,21.00,20.75,21.25,357.43,0.01,2.23
75500,20.25,21.25,21.25,20.75,21.25,358.61,0.01,2.35
76000,20.25,21.25,21.25,20.75,21.25,358.61,0.01,2.35
76500,20.25,21.25,21.00,20.75,21.25,358.81,0.01,1.98
77000,20.25,21.25,21.25,20.75,21.25,358.81,0.01,1.98
77500,20.25,21.25,21.00,20.75,21.25,358.15,0.01,2.03
78000,20.25,21.25,21.25,20.75,21.25,358.15,0.01,2.03
78500,20.25,21.25,21.00,20.75,21.25,357.66,0.01,2.02
79000,20.25,21.25,21.25,20.75,21.25,357.66,0.01,2.02
79500,20.25,21.25,21.25,20.75,21.25,357.09,0.01,2.34
80000,20.25,21.25,21.00,20.75,21.25,357.09,0.01,2.34
80500,20.25,21.25,21.25,20.75,21.25,358.26,0.01,2.07
81000,20.25,21.25,21.00,20.75,21.25,358.26,0.01,2.07
81500,20.25,21.25,21.25,20.75,21.25,358.38,0.01,1.89
82000,20.00,21.25,21.00,20.75,21.25,358.38,0.01,1.89
82500,20.25,21.25,21.00,20.75,21.25,357.81,0.01,1.98
83000,20.25,21.25,21.00,20.75,21.25,357.81,0.01,1.98
83500,20.25,21.25,21.25,20.75,21.25,358.64,0.01,2.39
84000,20.25,21.25,21.25,20.75,21.25,358.64,0.01,2.39
84500,20.25,21.25,21.00,20.75,21.25,358.28,0.01,2.15
85000,20.25,21.25,21.25,20.75,21.25,358.28,0.01,2.15
85500,20.25,21.25,21.25,20.75,21.25,356.98,0.01,2.34
86000,20.25,21.25,21.00,20.75,21.25,356.98,0.01,2.34
86500,20.25,21.25,21.25,20.75,21.25,357.93,0.01,1.98
87000,20.25,21.25,21.00,20.75,21.25,357.93,0.01,1.98
87500,20.25,21.25,21.25,20.75,21.25,356.91,0.01,2.15
88000,20.25,21.25,21.00,20.75,21.25,356.91,0.01,2.15
88500,20.25,21.25,21.25,20.75,21.25,358.17,0.00,1.74
89000,20.25,21.25,21.25,20.75,21.25,358.17,0.00,1.74
89500,20.25,21.25,21.00,20.75,21.25,358.83,0.01,1.94
90000,20.25,21.25,21.00,20.75,21.25,358.83,0.01,1.94
90500,20.25,21.25,21.00,20.75,21.25,358.36,0.01,2.07
91000,20.25,21.25,21.00,20.75,21.25,358.36,0.01,2.07
91500,20.25,21.25,21.25,20.75,21.25,358.95,0.01,2.07
92000,20.25,21.25,21.25,20.75,21.25,358.95,0.01,2.07
92500,20.25,21.25,21.00,20.75,21.25,358.35,0.01,2.20
93000,20.25,21.25,21.00,20.75,21.25,358.35,0.01,2.20
93500,20.25,21.25,21.00,20.75,21.25,358.34,0.00,1.64
94000,20.25,21.25,21.00,20.50,21.25,358.34,0.00,1.64
94500,20.25,21.25,21.00,20.75,21.25,357.53,0.01,2.02
95000,20.25,21.25,21.00,20.75,21.25,357.53,0.01,2.02
95500,20.25,21.25,21.25,20.75,21.25,357.85,0.01,2.42
96000,20.25,21.25,21.00,20.75,21.25,357.85,0.01,2.42
96500,20.25,21.25,21.00,20.75,21.25,358.47,0.01,1.79
97000,20.25,21.25,21.00,20.75,21.25,358.47,0.01,1.79
97500,20.25,21.25,21.25,20.75,21.25,358.27,0.01,2.03
98000,20.25,21.25,21.00,20.75,21.25,358.27,0.01,2.03
98500,20.25,21.25,21.00,20.75,21.25,358.71,0.01,2.07
99000,20.25,21.25,21.25,20.75,21.25,358.71,0.01,2.07
99500,20.25,21.25,21.00,20.75,21.25,358.94,0.01,2.03
100000,20.25,21.25,21.00,20.75,21.25,358.94,0.01,2.03
100500,20.00,21.25,21.00,20.75,21.25,357.88,0.01,1.84
101000,20.00,21.25,21.00,20.75,21.25,357.88,0.01,1.84
101500,20.25,21.25,21.00,20.75,21.25,358.42,0.01,2.16
102000,20.25,21.25,21.00,20.75,21.25,358.42,0.01,2.16
102500,20.25,21.00,21.25,20.75,21.25,357.83,0.01,1.98
103000,20.25,21.25,21.25,20.75,21.25,357.83,0.01,1.98
103500,20.25,21.25,21.25,20.75,21.25,358.84,0.01,1.98
104000,20.25,21.25,21.25,20.75,21.25,358.84,0.01,1.98
104500,20.25,21.25,21.00,20.50,21.25,357.95,0.01,1.93
105000,20.25,21.25,21.00,20.75,21.25,357.95,0.01,1.93
105500,20.25,21.25,21.25,20.75,21.25,357.75,0.01,1.84
106000,20.25,21.25,21.00,20.75,21.25,357.75,0.01,1.84
106500,20.25,21.25,21.25,20.75,21.25,358.27,0.01,1.79
107000,20.25,21.25,21.25,20.75,21.25,358.27,0.01,1.79
107500,20.25,21.25,21.25,20.75,21.25,358.03,0.01,2.11
108000,20.25,21.25,21.25,20.75,21.25,358.03,0.01,2.11
108500,20.25,21.25,21.25,20.75,21.25,358.38,0.01,2.11
109000,20.25,21.25,21.25,20.75,21.25,358.38,0.01,2.11
109500,20.25,21.00,21.25,20.75,21.25,358.58,0.01,1.94
110000,20.25,21.25,21.25,20.75,21.25,358.58,0.01,1.94
110500,20.25,21.25,21.25,20.75,21.25,358.61,0.01,2.07
111000,20.25,21.25,21.25,20.75,21.25,358.61,0.01,2.07
111500,20.25,21.25,21.00,20.75,21.25,359.15,0.01,2.40
112000,20.25,21.25,21.25,20.75,21.25,359.15,0.01,2.40
112500,20.25,21.25,21.25,20.75,21.25,359.04,0.01,2.12
113000,20.25,21.50,21.25,21.25,21.50,359.04,0.01,2.12
113500,20.25,21.25,21.00,20.75,21.50,358.16,0.01,2.64
114000,20.25,21.25,21.25,20.75,22.00,358.16,0.01,2.64
114500,20.25,21.25,21.25,20.75,22.75,357.99,0.01,2.07
115000,20.25,21.25,21.25,20.75,23.75,357.99,0.01,2.07
115500,20.50,21.25,21.50,21.00,24.25,357.88,0.01,2.19
116000,20.50,21.50,21.50,21.25,24.75,357.88,0.01,2.19
116500,20.50,21.50,21.50,21.50,25.25,357.81,0.01,2.27
117000,20.50,21.50,21.75,21.75,25.75,357.81,0.01,2.27
117500,20.75,21.75,22.00,21.75,25.75,358.28,0.01,2.20
118000,20.75,21.75,22.00,22.25,26.00,358.28,0.01,2.20
118500,20.75,22.00,22.25,22.50,26.25,356.66,0.01,1.78
119000,21.00,22.00,22.25,22.50,26.25,356.66,0.01,1.78
119500,21.00,22.00,22.50,22.75,26.25,357.65,0.01,1.89
120000,21.00,22.25,22.50,23.00,26.50,357.65,0.01,1.89
120500,21.00,22.25,22.50,23.00,26.25,357.95,0.01,2.15
121000,21.00,22.25,22.75,23.25,26.25,357.95,0.01,2.15
121500,21.25,22.25,22.75,23.25,26.25,357.34,0.01,2.27
122000,21.00,22.50,22.75,23.50,26.25,357.34,0.01,2.27
122500,21.00,22.50,22.75,23.50,26.00,357.21,0.01,2.19
123000,21.25,22.50,23.00,23.50,26.00,357.21,0.01,2.19
123500,21.25,22.50,23.00,23.50,26.00,358.35,0.01,2.15
124000,21.25,22.50,23.00,23.50,25.75,358.35,0.01,2.15
124500,21.25,22.75,23.00,23.75,25.75,357.83,0.01,2.02
125000,21.25,22.75,23.00,23.75,25.75,357.83,0.01,2.02
125500,21.25,22.75,23.00,23.75,25.50,358.52,0.01,2.20
126000,21.25,22.75,23.00,23.75,25.50,358.52,0.01,2.20
126500,21.25,22.75,23.00,23.75,25.25,358.33,0.01,2.07
127000,21.25,22.75,23.00,23.75,25.25,358.33,0.01,2.07
127500,21.25,23.00,23.00,23.50,25.00,358.18,0.01,2.03
128000,21.25,23.00,23.00,23.50,25.00,358.18,0.01,2.03
128500,21.25,22.75,23.00,23.50,25.00,358.37,0.01,2.03
129000,21.25,23.00,23.00,23.50,24.75,358.37,0.01,2.03
129500,21.25,23.00,23.00,23.50,24.75,358.23,0.01,2.19
130000,21.25,23.00,23.00,23.50,24.50,358.23,0.01,2.19
130500,21.25,23.00,23.00,23.50,24.50,357.83,0.01,1.98
131000,21.25,23.00,23.00,23.50,24.25,357.83,0.01,1.98
131500,21.25,23.00,23.00,23.25,24.25,359.01,0.01,2.47
132000,21.25,23.00,23.00,23.25,24.25,359.01,0.01,2.47
132500,21.25,23.00,23.00,23.25,24.25,358.40,0.01,1.84
133000,21.25,23.00,23.00,23.25,24.25,358.40,0.01,1.84
133500,21.00,23.00,23.00,23.25,24.00,358.12,0.01,2.15
134000,21.00,23.00,23.00,23.25,24.00,358.12,0.01,2.15
134500,21.00,23.00,23.00,23.00,23.75,357.79,0.01,2.27
135000,21.00,23.00,22.75,23.00,23.75,357.79,0.01,2.27
135500,21.00,23.00,22.75,23.00,23.75,357.71,0.01,1.84
136000,21.00,23.00,22.75,23.00,23.75,357.71,0.01,1.84
136500,21.00,23.00,22.75,23.00,23.75,357.17,0.01,1.84
137000,21.00,23.00,23.00,23.00,23.50,357.17,0.01,1.84
137500,21.00,23.00,22.75,23.00,23.50,357.07,0.01,2.06
138000,21.00,23.00,22.75,23.00,23.50,357.07,0.01,2.06
138500,21.00,23.00,22.75,23.00,23.50,357.00,0.01,1.79
139000,21.00,23.00,22.75,23.00,23.25,357.00,0.01,1.79
139500,21.00,22.75,22.75,22.75,23.25,357.50,0.01,1.84
140000,21.00,22.75,22.75,22.75,23.25,357.50,0.01,1.84
140500,21.00,22.75,22.75,22.75,23.25,358.09,0.01,2.31
141000,21.00,22.75,22.50,22.75,23.25,358.09,0.01,2.31
141500,21.00,22.75,22.75,22.75,23.00,357.45,0.01,1.93
142000,21.00,22.75,22.75,22.75,23.00,357.45,0.01,1.93
142500,21.00,22.75,22.50,22.75,23.00,358.66,0.01,1.94
143000,21.00,22.75,22.75,22.75,23.00,358.66,0.01,1.94
143500,21.00,22.75,22.50,22.75,23.00,358.46,0.01,2.32
144000,21.00,22.75,22.50,22.75,23.00,358.46,0.01,2.32
144500,21.00,22.75,22.50,22.50,23.00,358.54,0.01,2.16
145000,21.00,22.75,22.50,22.75,22.75,358.54,0.01,2.16
145500,21.00,22.75,22.50,22.50,22.75,357.26,0.01,2.06
146000,21.00,22.50,22.50,22.50,22.75,357.26,0.01,2.06
146500,21.00,22.75,22.50,22.50,22.75,359.71,0.01,2.20
147000,21.00,22.50,22.50,22.50,22.75,359.71,0.01,2.20
147500,21.00,22.50,22.50,22.50,22.75,357.48,0.01,2.19
148000,21.00,22.75,22.50,22.50,22.75,357.48,0.01,2.19
148500,21.00,22.75,22.50,22.50,22.75,357.36,0.01,2.23
149000,20.75,22.75,22.50,22.50,22.75,357.36,0.01,2.23
149500,21.00,22.75,22.50,22.50,22.75,359.21,0.01,2.16
150000,21.00,22.50,22.50,22.50,22.75,359.21,0.01,2.16
150500,20.75,22.50,22.50,22.50,22.50,358.57,0.01,1.94
151000,20.75,22.50,22.50,22.75,23.25,358.57,0.01,1.94
151500,20.75,22.50,22.50,22.50,22.75,357.78,0.01,1.98
152000,20.75,22.50,22.50,22.25,22.75,357.78,0.01,1.98
152500,21.00,22.50,22.50,21.75,23.50,357.21,0.01,2.49
153000,21.00,22.50,22.50,22.50,25.50,357.21,0.01,2.49
153500,21.00,22.75,22.75,22.50,27.50,357.40,0.01,1.98
154000,21.25,23.25,23.00,22.75,31.50,357.40,0.01,1.98
154500,21.75,23.50,23.00,23.50,32.25,358.00,0.01,2.50
155000,22.00,23.50,23.50,24.25,35.25,358.00,0.01,2.50
155500,22.50,23.75,24.00,25.00,37.50,358.16,0.01,1.98
156000,22.75,24.25,24.50,26.50,40.25,358.16,0.01,1.98
156500,23.25,25.00,25.25,27.25,43.00,357.16,0.01,2.42
157000,23.50,25.50,26.00,28.75,46.25,357.16,0.01,2.42
157500,24.25,26.00,26.75,30.00,48.50,357.99,0.01,1.89
158000,25.00,26.75,27.75,31.25,51.25,357.99,0.01,1.89
158500,25.50,27.50,28.75,32.75,56.75,357.53,0.01,2.31
159000,26.25,28.25,30.00,34.25,61.75,357.53,0.01,2.31
159500,27.25,29.50,31.00,36.00,64.75,358.53,0.01,2.24
160000,28.00,30.50,32.25,38.00,68.25,358.53,0.01,2.24
160500,28.75,31.75,33.50,39.75,72.00,358.00,0.01,2.07
161000,29.75,32.50,35.00,41.25,75.00,358.00,0.01,2.07
161500,30.50,33.75,36.50,43.50,77.50,357.51,0.01,1.98
162000,31.25,35.00,37.50,45.50,79.00,357.51,0.01,1.98
162500,32.00,36.00,38.75,47.00,81.00,356.79,0.01,2.27
163000,32.50,37.00,40.00,49.25,80.75,356.79,0.01,2.27
163500,33.25,38.00,41.00,50.75,81.00,357.11,0.01,1.88
164000,33.75,39.00,41.75,52.75,82.75,357.11,0.01,1.88
164500,34.50,40.00,42.50,53.75,85.75,356.77,0.01,2.42
165000,35.00,41.00,43.50,55.25,86.75,356.77,0.01,2.42
165500,35.75,42.00,44.50,56.75,88.50,358.10,0.01,2.11
166000,36.25,43.00,45.50,58.00,91.25,358.10,0.01,2.11
166500,37.25,44.25,46.50,60.25,95.75,358.07,0.01,1.79
167000,38.00,45.25,47.75,61.75,98.25,358.07,0.01,1.79
167500,39.00,46.75,48.50,64.00,100.25,358.10,0.01,2.23
168000,39.75,48.00,50.00,66.00,104.25,358.10,0.01,2.23
168500,40.75,49.75,51.50,68.00,107.75,357.96,0.01,2.27
169000,42.00,50.75,52.75,70.50,110.00,357.96,0.01,2.27
169500,42.75,52.50,54.00,73.00,112.50,358.25,0.01,2.15
170000,43.50,54.00,55.50,75.00,114.00,358.25,0.01,2.15
170500,44.50,55.25,56.75,77.50,115.00,357.57,0.01,2.27
171000,45.00,56.50,57.75,79.75,115.25,357.57,0.01,2.27
171500,45.50,57.75,59.00,81.25,115.25,356.99,0.01,2.02
172000,46.00,58.75,60.00,83.00,114.75,356.99,0.01,2.02
172500,46.75,59.75,61.00,84.25,113.75,356.72,0.01,2.06
173000,47.00,60.50,62.00,85.50,112.75,356.72,0.01,2.06
173500,47.25,61.50,62.75,86.00,111.25,357.54,0.01,1.98
174000,47.50,62.00,63.25,86.75,109.75,357.54,0.01,1.98
174500,47.75,62.75,64.00,87.00,108.25,357.15,0.01,2.06
175000,47.75,63.25,64.25,87.25,106.25,357.15,0.01,2.06
175500,47.75,63.75,64.50,87.00,104.50,356.81,0.01,1.93
176000,48.00,64.00,64.75,86.75,102.50,356.81,0.01,1.93
176500,47.75,64.50,64.75,86.50,100.75,357.98,0.01,2.11
177000,47.75,64.75,64.75,86.25,99.00,357.98,0.01,2.11
177500,47.75,64.75,64.75,85.50,97.00,357.99,0.01,1.89
178000,47.50,65.00,64.50,85.00,95.00,357.99,0.01,1.89
178500,47.25,65.25,64.50,84.25,93.25,358.54,0.01,2.11
179000,47.00,65.25,64.25,83.50,91.50,358.54,0.01,2.11
179500,47.00,65.25,64.00,82.75,89.75,357.68,0.01,2.35
180000,46.75,65.50,63.75,82.00,88.25,357.68,0.01,2.35
180500,46.50,65.50,63.50,81.25,86.50,357.38,0.01,2.19
181000,46.25,65.25,63.25,80.50,85.00,357.38,0.01,2.19
181500,46.00,65.25,63.00,79.50,83.25,357.75,0.01,2.15
182000,45.75,65.00,62.50,78.75,82.00,357.75,0.01,2.15
182500,45.50,65.00,62.25,78.00,80.50,358.58,0.01,1.98
183000,45.25,64.75,62.00,77.25,79.00,358.58,0.01,1.98
183500,45.00,64.50,61.50,76.50,77.75,358.42,0.01,2.03
184000,44.75,64.50,61.25,75.50,76.50,358.42,0.01,2.03
184500,44.50,64.25,61.00,75.00,75.25,356.50,0.01,2.38
185000,44.25,64.00,60.50,74.25,74.25,356.50,0.01,2.38
185500,44.00,64.00,60.25,73.50,73.25,357.15,0.01,1.93
186000,43.75,63.75,60.00,72.75,72.00,357.15,0.01,1.93
186500,43.50,63.50,59.50,72.00,71.00,357.05,0.01,1.97
187000,43.25,63.25,59.25,71.50,69.75,357.05,0.01,1.97
187500,43.00,63.00,58.75,70.75,69.00,356.68,0.01,1.93
188000,42.75,62.75,58.50,70.25,68.00,356.68,0.01,1.93
188500,42.50,62.50,58.25,69.75,67.00,356.91,0.01,2.27
189000,42.25,62.25,57.75,69.25,66.25,356.91,0.01,2.27
189500,42.00,62.00,57.50,68.50,65.50,357.71,0.01,1.89
190000,41.75,61.75,57.25,68.00,64.50,357.71,0.01,1.89
190500,41.50,61.50,57.00,67.50,63.75,358.30,0.01,1.89
191000,41.25,61.25,56.75,67.00,63.00,358.30,0.01,1.89
191500,41.00,61.00,56.25,66.50,62.50,357.86,0.01,1.84
192000,40.50,60.50,56.00,66.00,61.75,357.86,0.01,1.84
192500,40.50,60.25,55.75,65.50,61.00,357.82,0.01,2.02
193000,40.25,60.00,55.50,65.00,60.25,357.82,0.01,2.02
193500,40.00,59.75,55.25,64.50,59.75,357.50,0.01,2.02
194000,39.75,59.50,55.00,64.25,59.00,357.50,0.01,2.02
194500,39.75,59.25,54.75,63.50,58.50,357.40,0.01,2.06
195000,39.50,59.00,54.25,63.25,58.00,357.40,0.01,2.06
195500,39.25,58.75,54.00,62.75,57.25,357.32,0.01,2.11
196000,39.00,58.50,53.75,62.25,56.75,357.32,0.01,2.11
196500,39.00,58.00,53.50,62.00,56.25,358.09,0.01,1.94
197000,38.75,57.75,53.25,61.75,55.75,358.09,0.01,1.94
197500,38.50,57.50,53.00,61.25,55.25,358.38,0.01,2.43
198000,38.25,57.25,52.75,61.00,54.75,358.38,0.01,2.43
198500,38.25,57.00,52.50,60.50,54.50,358.47,0.01,2.16
199000,37.75,56.75,52.25,60.25,54.00,358.47,0.01,2.16
199500,37.75,56.50,52.00,59.75,53.50,358.04,0.01,2.15
200000,37.50,56.25,51.75,59.50,53.00,358.04,0.01,2.15
200500,37.25,56.00,51.50,59.25,52.75,358.20,0.01,2.11
201000,37.25,55.75,51.50,59.00,52.25,358.20,0.01,2.11
201500,37.00,55.50,51.25,58.75,52.00,357.29,0.00,1.74
202000,37.00,55.25,51.00,58.25,51.50,357.29,0.00,1.74
202500,36.75,55.00,50.75,58.00,51.25,357.36,0.01,1.93
203000,36.50,54.75,50.50,57.75,51.00,357.36,0.01,1.93
203500,36.50,54.50,50.50,57.50,50.50,356.81,0.01,2.06
204000,36.25,54.25,50.25,57.25,50.25,356.81,0.01,2.06
204500,36.25,54.00,50.00,57.00,50.00,357.25,0.01,1.93
205000,36.00,53.75,49.75,56.75,49.50,357.25,0.01,1.93
205500,35.75,53.50,49.75,56.50,49.25,357.37,0.01,2.27
206000,35.75,53.25,49.50,56.25,49.25,357.37,0.01,2.27
206500,35.50,53.00,49.25,56.00,48.75,358.08,0.01,2.15
207000,35.50,53.00,49.25,55.75,48.50,358.08,0.01,2.15
207500,35.50,52.75,49.00,55.75,48.25,357.76,0.01,2.02
208000,35.25,52.50,49.00,55.50,48.00,357.76,0.01,2.02
208500,35.00,52.25,48.75,55.25,47.75,357.63,0.01,2.31
209000,35.00,52.00,48.50,55.00,47.50,357.63,0.01,2.31
209500,35.00,51.75,48.50,54.75,47.25,358.21,0.01,1.84
210000,34.75,51.50,48.25,54.50,47.00,358.21,0.01,1.84
210500,34.50,51.25,48.00,54.50,46.75,357.15,0.01,2.34
211000,34.50,51.25,48.00,54.25,46.50,357.15,0.01,2.34
211500,34.50,50.75,47.75,54.00,46.50,357.35,0.01,1.84
212000,34.25,50.75,47.75,54.00,46.25,357.35,0.01,1.84
212500,34.25,50.50,47.50,53.75,46.00,357.96,0.01,1.84
213000,34.00,50.25,47.25,53.75,45.75,357.96,0.01,1.84
213500,34.00,50.00,47.25,53.50,45.75,358.69,0.01,2.03
214000,33.75,50.00,47.00,53.50,45.50,358.69,0.01,2.03
214500,33.50,49.75,46.75,53.25,45.25,357.79,0.00,1.69
215000,33.50,49.50,46.75,53.00,45.25,357.79,0.00,1.69
215500,33.50,49.25,46.75,52.75,45.00,357.67,0.01,1.79
216000,33.50,49.25,46.50,52.75,44.75,357.67,0.01,1.79
216500,33.25,49.00,46.50,52.50,44.50,358.13,0.01,2.07
217000,33.25,48.75,46.25,52.50,44.50,358.13,0.01,2.07
217500,33.00,48.75,46.25,52.25,44.25,357.97,0.01,2.31
218000,33.00,48.50,46.00,52.25,44.00,357.97,0.01,2.31
218500,33.00,48.25,46.00,52.00,44.00,358.02,0.00,1.74
219000,32.75,48.25,46.00,51.75,43.75,358.02,0.00,1.74
219500,32.75,48.00,45.75,51.75,43.75,357.35,0.01,2.06
220000,32.75,47.75,45.75,51.75,43.50,357.35,0.01,2.06
220500,32.75,47.50,45.50,51.50,43.50,356.89,0.00,1.57
221000,32.50,47.50,45.50,51.50,43.25,356.89,0.00,1.57
221500,32.50,47.25,45.50,51.25,43.25,359.25,0.01,2.28
222000,32.50,47.25,45.25,51.25,43.00,359.25,0.01,2.28
222500,32.50,47.00,45.25,51.25,43.00,357.76,0.01,2.19
223000,32.25,47.00,45.00,51.00,43.00,357.76,0.01,2.19
223500,32.25,46.75,45.00,51.00,0.00,357.62,0.01,2.02
224000,32.25,46.50,45.00,51.00,0.00,357.62,0.01,2.02
224500,32.00,46.50,44.75,50.75,0.00,358.30,0.01,2.11
225000,32.00,46.25,44.75,50.50,0.00,358.30,0.01,2.11
225500,31.75,46.25,44.50,50.50,0.00,358.07,0.01,2.11
226000,31.75,46.00,44.50,50.50,0.00,358.07,0.01,2.11
226500,31.75,45.75,44.50,50.50,0.00,358.30,0.01,2.28
227000,31.75,45.75,44.25,50.25,0.00,358.30,0.01,2.28
227500,31.50,45.75,44.25,50.25,0.00,357.42,0.01,3.50
228000,31.50,45.50,44.25,50.00,0.00,357.42,0.01,3.50
228500,31.50,45.25,44.00,50.00,0.00,357.81,0.01,3.82
229000,31.50,45.25,44.00,50.00,0.00,357.81,0.01,3.82
229500,31.25,45.00,44.00,49.75,0.00,357.04,0.01,3.93
230000,31.25,45.00,43.75,49.75,0.00,357.04,0.01,3.93
230500,31.25,44.75,43.75,49.50,0.00,357.93,0.01,3.21
231000,31.25,44.75,43.75,49.50,0.00,357.93,0.01,3.21
231500,31.25,44.50,43.75,49.50,0.00,357.79,0.01,3.24
232000,31.00,44.25,43.50,49.25,0.00,357.79,0.01,3.24
232500,31.00,44.25,43.50,49.25,0.00,358.16,0.01,2.31
233000,31.00,44.25,43.25,49.25,0.00,358.16,0.01,2.31
233500,31.00,44.00,43.25,49.25,0.00,358.17,0.01,2.19
234000,30.75,44.00,43.25,49.00,0.00,358.17,0.01,2.19
234500,30.75,44.00,43.25,49.00,0.00,357.22,0.01,2.49
235000,30.75,43.75,43.25,49.00,0.00,357.22,0.01,2.49
235500,30.50,43.75,43.00,48.75,0.00,356.53,0.01,2.38
236000,30.50,43.50,43.00,48.75,0.00,356.53,0.01,2.38
236500,30.50,43.50,43.00,48.75,0.00,358.31,0.01,2.57
237000,30.50,43.25,43.00,48.50,0.00,358.31,0.01,2.57
237500,30.50,43.25,43.00,48.50,0.00,357.32,0.01,2.46
238000,30.50,43.25,43.00,48.50,0.00,357.32,0.01,2.46
238500,30.50,43.00,42.75,48.25,0.00,356.99,0.01,2.19
239000,30.50,43.00,42.75,48.25,0.00,356.99,0.01,2.19
239500,30.25,42.75,42.75,48.25,0.00,356.61,0.01,2.19
240000,30.25,42.75,42.75,48.25,0.00,356.61,0.01,2.19
240500,30.25,42.75,42.75,48.00,0.00,357.17,0.01,2.15
241000,30.25,42.50,42.50,48.00,0.00,357.17,0.01,2.15
241500,30.00,42.50,42.50,48.00,0.00,357.10,0.01,2.23
242000,30.25,42.50,42.50,48.00,0.00,357.10,0.01,2.23
242500,30.00,42.25,42.50,48.00,0.00,357.88,0.01,2.35
243000,30.00,42.25,42.50,47.75,0.00,357.88,0.01,2.35
243500,29.75,42.00,42.25,47.75,0.00,357.07,0.01,2.27
244000,30.00,42.00,42.25,47.75,0.00,357.07,0.01,2.27
244500,29.75,42.00,42.25,47.50,0.00,356.98,0.01,2.85
245000,29.75,41.75,42.25,47.50,0.00,356.98,0.01,2.85
245500,29.75,41.75,42.00,47.50,0.00,356.70,0.01,2.27
246000,29.75,41.75,42.00,47.50,0.00,356.70,0.01,2.27
246500,29.75,41.50,42.00,47.50,0.00,356.91,0.01,2.34
247000,29.75,41.50,42.00,47.25,0.00,356.91,0.01,2.34
247500,29.75,41.50,42.00,47.25,0.00,357.37,0.01,2.42
248000,29.75,41.25,41.75,47.25,0.00,357.37,0.01,2.42
248500,29.75,41.25,41.75,47.25,0.00,357.49,0.01,1.89
249000,29.50,41.25,41.75,47.25,0.00,357.49,0.01,1.89
249500,29.50,41.25,41.75,47.00,0.00,357.84,0.01,2.11
250000,29.50,41.00,41.75,47.00,0.00,357.84,0.01,2.11
250500,29.50,41.00,41.75,47.00,0.00,356.82,0.01,2.10
251000,29.50,41.00,41.50,47.00,0.00,356.82,0.01,2.10
251500,29.50,40.75,41.50,47.00,0.00,357.69,0.01,1.79
252000,29.25,40.75,41.50,47.00,0.00,357.69,0.01,1.79
252500,29.25,40.75,41.50,46.75,0.00,357.41,0.01,2.23
253000,29.25,40.50,41.50,46.75,0.00,357.41,0.01,2.23
253500,29.25,40.50,41.50,46.75,0.00,357.32,0.01,2.19
254000,29.25,40.50,41.25,46.50,0.00,357.32,0.01,2.19
254500,29.00,40.50,41.50,46.75,0.00,357.59,0.01,2.27
255000,29.00,40.25,41.25,46.50,0.00,357.59,0.01,2.27
255500,29.00,40.25,41.25,46.50,0.00,356.27,0.01,1.97
256000,29.25,40.25,41.25,46.50,0.00,356.27,0.01,1.97
256500,29.25,40.00,41.25,46.50,0.00,356.41,0.01,2.14
257000,29.00,40.00,41.25,46.50,0.00,356.41,0.01,2.14
257500,29.00,40.00,41.25,46.50,0.00,356.71,0.01,2.06
258000,29.00,40.00,41.00,46.25,0.00,356.71,0.01,2.06
258500,29.00,39.75,41.00,46.25,0.00,356.61,0.01,2.30
259000,29.00,39.75,41.00,46.25,0.00,356.61,0.01,2.30
259500,28.75,39.75,41.00,46.25,0.00,357.82,0.01,2.23
260000,28.75,39.75,41.00,46.25,0.00,357.82,0.01,2.23
260500,28.75,39.50,41.00,46.25,0.00,357.17,0.01,1.93
261000,28.75,39.50,41.00,46.25,0.00,357.17,0.01,1.93
261500,28.75,39.50,41.00,46.00,0.00,357.14,0.01,1.88
262000,28.75,39.50,40.75,46.00,0.00,357.14,0.01,1.88
262500,28.75,39.25,40.75,46.00,0.00,356.48,0.01,1.78
263000,28.75,39.25,40.75,46.00,0.00,356.48,0.01,1.78
263500,28.75,39.25,40.75,46.00,0.00,357.19,0.01,1.98
264000,28.50,39.25,40.75,46.00,0.00,357.19,0.01,1.98
264500,28.50,39.25,40.75,45.75,0.00,357.53,0.01,2.38
265000,28.50,39.25,40.50,45.25,0.00,357.53,0.01,2.38
265500,28.50,39.00,40.75,45.50,0.00,356.70,0.19,68.03
266000,28.50,39.00,40.75,46.00,0.00,356.70,0.19,68.03
266500,28.50,39.00,40.75,45.75,0.00,355.75,0.32,115.03
267000,28.75,39.00,40.75,45.50,0.00,355.75,0.32,115.03
267500,28.75,39.00,40.75,45.75,0.00,355.60,0.46,164.27
268000,29.00,39.25,41.00,46.25,0.00,355.60,0.46,164.27
268500,29.50,39.50,41.50,47.25,0.00,355.86,0.58,206.01
269000,29.75,40.00,42.00,48.25,0.00,355.86,0.58,206.01
269500,30.50,40.25,42.50,49.50,0.00,355.69,0.63,223.31
270000,31.00,41.00,43.25,50.75,0.00,355.69,0.63,223.31
270500,31.75,41.75,44.25,52.25,0.00,356.18,0.67,237.25
271000,32.75,42.75,45.50,54.00,0.00,356.18,0.67,237.25
271500,33.50,43.75,46.50,56.00,0.00,355.56,0.73,258.70
272000,34.75,44.75,47.75,58.00,0.00,355.56,0.73,258.70
272500,35.75,46.00,49.25,60.00,0.00,355.96,0.82,291.60
273000,36.75,47.50,51.00,61.75,0.00,355.96,0.82,291.60
273500,37.75,48.75,52.75,64.25,0.00,355.61,0.87,310.49
274000,39.25,50.25,54.25,67.25,0.00,355.61,0.87,310.49
274500,40.25,52.00,56.00,69.75,0.00,355.97,0.88,314.43
275000,41.50,53.75,57.75,72.75,0.00,355.97,0.88,314.43
275500,42.75,55.00,59.75,75.50,0.00,355.75,0.89,317.48
276000,44.00,57.00,61.50,78.50,0.00,355.75,0.89,317.48
276500,45.25,58.75,63.50,81.25,0.00,355.78,0.90,319.95
277000,46.50,60.75,65.50,85.00,0.00,355.78,0.90,319.95
277500,47.75,62.50,67.25,88.50,0.00,356.13,0.93,331.59
278000,49.25,64.50,69.25,91.25,0.00,356.13,0.93,331.59
278500,50.25,66.25,71.25,94.75,0.00,354.91,0.99,352.32
279000,51.50,68.25,73.50,97.75,0.00,354.91,0.99,352.32
279500,52.25,70.25,75.25,101.00,0.00,354.65,1.01,358.24
280000,53.50,72.25,77.25,104.00,0.00,354.65,1.01,358.24
280500,54.50,74.25,79.25,107.50,0.00,355.45,0.92,326.15
281000,56.00,76.50,81.25,111.00,0.00,355.45,0.92,326.15
281500,57.00,78.25,83.00,114.25,0.00,355.14,0.90,319.17
282000,58.00,80.50,85.00,117.00,0.00,355.14,0.90,319.17
282500,59.25,82.50,87.00,120.00,0.00,355.40,0.99,350.69
283000,60.50,84.75,88.50,123.00,0.00,355.40,0.99,350.69
283500,61.75,86.50,90.50,125.75,0.00,355.82,1.01,360.78
284000,62.75,88.75,92.50,128.50,0.00,355.82,1.01,360.78
284500,64.00,91.00,94.25,131.75,0.00,355.25,0.99,352.69
285000,65.00,93.00,96.00,134.75,0.00,355.25,0.99,352.69
285500,66.25,95.00,97.75,137.00,0.00,356.02,0.97,346.12
286000,67.25,97.00,99.75,140.00,0.00,356.02,0.97,346.12
286500,68.00,99.00,101.50,142.75,0.00,355.95,0.90,320.43
287000,69.00,101.00,103.00,145.00,0.00,355.95,0.90,320.43
287500,70.25,103.00,104.75,147.75,0.00,355.18,0.84,299.45
288000,71.00,105.00,106.50,150.25,0.00,355.18,0.84,299.45
288500,72.00,107.00,107.75,152.75,0.00,355.38,0.68,239.95
289000,73.00,109.00,109.50,154.75,0.00,355.38,0.68,239.95
289500,73.75,110.75,111.25,157.25,0.00,355.76,0.52,184.78
290000,74.75,112.50,112.75,159.75,0.00,355.76,0.52,184.78
290500,75.75,114.50,114.25,162.00,0.00,354.11,0.35,123.35
291000,76.75,116.25,115.75,164.25,0.00,354.11,0.35,123.35
291500,77.50,118.00,117.50,166.50,0.00,355.94,0.23,82.38
292000,78.25,119.75,119.00,168.75,0.00,355.94,0.23,82.38
292500,79.50,121.50,120.25,170.75,0.00,355.63,0.07,26.24
293000,80.25,123.50,121.75,173.00,0.00,355.63,0.07,26.24
293500,80.75,124.75,123.25,175.00,0.00,355.98,0.19,67.51
294000,81.50,126.75,124.75,177.00,0.00,355.98,0.19,67.51
294500,82.25,128.50,126.00,178.75,0.00,355.28,0.33,117.49
295000,83.25,130.25,127.50,180.75,0.00,355.28,0.33,117.49
295500,84.25,131.75,129.00,182.75,0.00,355.36,0.53,189.75
296000,85.00,133.50,130.00,184.50,0.00,355.36,0.53,189.75
296500,85.50,135.00,131.50,186.25,0.00,354.06,0.46,164.18
297000,86.75,136.75,132.75,188.00,0.00,354.06,0.46,164.18
297500,87.50,138.00,134.00,190.00,0.00,354.79,0.56,198.44
298000,88.00,139.75,135.00,191.50,0.00,354.79,0.56,198.44
298500,89.00,141.25,136.25,193.25,0.00,356.03,0.54,191.27
299000,89.75,143.00,137.50,195.00,0.00,356.03,0.54,191.27
299500,90.25,144.25,138.75,196.75,0.00,355.12,0.42,149.09
300000,90.75,145.75,139.75,198.50,0.00,355.12,0.42,149.09
300500,91.50,147.25,141.00,200.25,0.00,355.30,0.27,95.02
301000,92.25,148.75,142.00,202.00,0.00,355.30,0.27,95.02
301500,93.00,150.00,143.00,203.50,0.00,355.38,0.26,90.96
302000,93.50,151.50,144.25,205.25,0.00,355.38,0.26,90.96
302500,94.25,152.75,145.25,207.00,0.00,356.14,0.27,95.30
303000,95.00,154.25,146.50,208.75,0.00,356.14,0.27,95.30
303500,95.75,155.50,147.50,210.00,0.00,355.63,0.49,173.67
304000,96.25,157.00,148.50,211.75,0.00,355.63,0.49,173.67
304500,96.75,158.25,149.50,213.25,0.00,355.04,0.68,239.71
305000,97.25,159.75,150.75,214.75,0.00,355.04,0.68,239.71
305500,97.75,160.75,151.50,216.00,0.00,355.60,0.72,255.12
306000,98.50,162.00,152.75,217.50,0.00,355.60,0.72,255.12
306500,99.00,163.25,153.75,218.75,0.00,355.92,0.65,229.92
307000,99.75,164.75,154.50,220.00,0.00,355.92,0.65,229.92
307500,100.00,165.75,155.75,221.25,0.00,355.91,0.61,217.07
308000,100.75,167.00,156.50,222.50,0.00,355.91,0.61,217.07
308500,101.50,168.25,157.75,223.75,0.00,355.76,0.70,249.48
309000,102.25,169.50,158.50,224.75,0.00,355.76,0.70,249.48
309500,102.50,170.50,159.50,226.00,0.00,355.66,0.64,227.74
310000,103.00,171.50,160.50,227.00,0.00,355.66,0.64,227.74
310500,103.75,172.75,161.50,228.00,0.00,355.86,0.48,169.82
311000,104.25,173.75,162.50,229.00,0.00,355.86,0.48,169.82
311500,104.50,174.75,163.50,230.00,0.00,355.96,0.40,141.95
312000,105.00,176.00,164.50,231.00,0.00,355.96,0.40,141.95
312500,105.50,177.25,165.25,232.00,0.00,356.33,0.39,139.93
313000,106.00,178.50,166.25,233.25,0.00,356.33,0.39,139.93
313500,105.25,179.25,167.00,234.25,0.00,355.39,0.37,131.96
314000,107.00,180.50,168.00,235.50,0.00,355.39,0.37,131.96
314500,107.50,181.75,168.75,236.25,0.00,355.56,0.36,127.61
315000,107.75,182.75,169.75,237.50,0.00,355.56,0.36,127.61
315500,108.50,183.75,170.50,238.50,0.00,355.31,0.41,145.01
316000,108.75,184.75,171.25,239.50,0.00,355.31,0.41,145.01
316500,109.25,185.75,172.25,240.75,0.00,355.20,0.47,166.47
317000,109.50,186.75,173.00,241.75,0.00,355.20,0.47,166.47
317500,109.75,187.75,174.00,242.75,0.00,355.76,0.48,169.75
318000,110.50,188.75,174.50,243.75,0.00,355.76,0.48,169.75
318500,111.25,189.75,175.50,245.00,0.00,354.96,0.39,140.03
319000,111.75,190.75,176.25,246.00,0.00,354.96,0.39,140.03
319500,112.00,191.50,177.00,247.00,0.00,356.00,0.36,127.70
320000,112.50,192.25,177.75,248.00,0.00,356.00,0.36,127.70
320500,113.00,193.25,178.50,249.25,0.00,355.41,0.30,104.98
321000,113.00,194.00,179.25,250.25,0.00,355.41,0.30,104.98
321500,113.75,195.00,179.75,251.25,0.00,356.28,0.21,75.46
322000,114.00,195.75,180.50,252.50,0.00,356.28,0.21,75.46
322500,114.50,196.75,181.25,253.50,0.00,354.40,0.10,33.96
323000,114.75,197.50,181.75,254.50,0.00,354.40,0.10,33.96
323500,115.00,198.25,182.50,255.50,0.00,356.02,0.03,10.54
324000,114.25,199.00,182.75,256.25,0.00,356.02,0.03,10.54
324500,116.00,200.00,183.75,257.75,0.00,354.97,0.02,8.12
325000,116.50,201.00,184.25,258.75,0.00,354.97,0.02,8.12
325500,116.75,201.75,184.75,259.75,0.00,355.00,0.04,15.53
326000,116.75,202.50,185.25,260.75,0.00,355.00,0.04,15.53
326500,117.00,203.50,186.00,261.75,0.00,355.87,0.08,28.17
327000,117.50,204.25,186.25,262.75,0.00,355.87,0.08,28.17
327500,117.75,205.00,186.75,263.75,0.00,355.69,0.13,46.38
328000,118.25,205.75,187.25,264.75,0.00,355.69,0.13,46.38
328500,118.25,206.50,187.75,265.75,0.00,355.84,0.22,78.38
329000,118.50,207.25,188.00,266.75,0.00,355.84,0.22,78.38
329500,119.25,208.00,188.75,267.75,0.00,355.96,0.31,110.77
330000,119.75,208.75,189.25,268.50,0.00,355.96,0.31,110.77
330500,120.00,209.75,189.50,269.50,0.00,354.44,0.38,135.96
331000,120.25,210.50,190.00,270.50,0.00,354.44,0.38,135.96
331500,120.25,211.25,190.25,271.25,0.00,353.04,0.43,152.87
332000,120.75,211.75,190.75,272.50,0.00,353.04,0.43,152.87
332500,121.00,212.50,191.00,273.00,0.00,354.46,0.44,155.26
333000,121.25,213.50,191.50,274.25,0.00,354.46,0.44,155.26
333500,121.50,214.00,191.75,275.00,0.00,355.86,0.46,163.59
334000,122.00,214.75,192.25,275.75,0.00,355.86,0.46,163.59
334500,122.50,215.50,192.50,276.75,0.00,355.77,0.46,165.26
335000,122.75,216.25,193.00,277.75,0.00,355.77,0.46,165.26
335500,123.00,217.00,193.25,278.50,0.00,355.68,0.47,167.05
336000,123.25,217.50,193.50,279.50,0.00,355.68,0.47,167.05
336500,123.25,218.25,193.75,280.25,0.00,355.27,0.48,171.09
337000,123.50,219.25,194.25,281.50,0.00,355.27,0.48,171.09
337500,123.75,219.75,194.50,282.25,0.00,354.29,0.47,167.34
338000,124.00,220.50,194.75,283.00,0.00,354.29,0.47,167.34
338500,124.25,221.00,195.25,284.00,0.00,355.08,0.47,166.79
339000,124.50,221.75,195.50,284.75,0.00,355.08,0.47,166.79
339500,124.50,222.25,195.75,285.50,0.00,355.50,0.45,158.88
340000,124.75,223.00,196.00,286.25,0.00,355.50,0.45,158.88
340500,125.00,223.75,196.25,287.25,0.00,356.16,0.44,155.17
341000,125.25,224.25,196.50,288.00,0.00,356.16,0.44,155.17
341500,125.50,225.00,196.75,288.75,0.00,355.40,0.42,150.38
342000,125.75,225.75,197.00,289.75,0.00,355.40,0.42,150.38
342500,125.75,226.25,197.25,290.50,0.00,355.99,0.44,155.97
343000,126.00,226.75,197.50,291.00,0.00,355.99,0.44,155.97
343500,126.25,227.50,197.75,292.25,0.00,355.50,0.46,163.46
344000,126.50,228.00,198.00,293.00,0.00,355.50,0.46,163.46
344500,126.75,228.75,198.25,293.75,0.00,354.86,0.47,168.46
345000,127.00,229.25,198.50,294.50,0.00,354.86,0.47,168.46
345500,127.25,229.75,198.75,295.25,0.00,355.13,0.48,170.15
346000,127.50,230.50,198.75,296.25,0.00,355.13,0.48,170.15
346500,127.50,231.50,199.25,297.00,0.00,355.00,0.49,174.82
347000,128.00,232.00,199.25,297.75,0.00,355.00,0.49,174.82
347500,128.25,232.50,199.25,298.50,0.00,354.39,0.50,177.24
348000,128.50,233.00,199.50,299.25,0.00,354.39,0.50,177.24
348500,128.75,233.50,199.50,299.75,0.00,355.55,0.51,182.17
349000,129.00,234.25,199.50,300.75,0.00,355.55,0.51,182.17
349500,129.50,234.50,199.50,301.50,0.00,355.41,0.53,188.90
350000,129.75,235.00,199.50,302.50,0.00,355.41,0.53,188.90
350500,129.75,235.50,199.50,303.00,0.00,355.42,0.56,199.40
351000,130.00,236.00,199.50,304.00,0.00,355.42,0.56,199.40
351500,130.50,236.50,199.50,304.50,0.00,355.64,0.58,207.28
352000,130.50,237.00,199.50,305.25,0.00,355.64,0.58,207.28
352500,131.00,237.25,199.50,306.00,0.00,355.75,0.61,218.24
353000,131.00,237.75,199.75,306.75,0.00,355.75,0.61,218.24
353500,131.25,238.25,199.75,307.50,0.00,354.99,0.64,226.91
354000,131.50,238.50,200.00,308.25,0.00,354.99,0.64,226.91
354500,131.75,239.00,200.00,309.25,0.00,355.20,0.66,234.69
355000,132.00,239.50,200.00,309.75,0.00,355.20,0.66,234.69
355500,132.00,239.75,200.25,310.75,0.00,353.82,0.67,235.81
356000,132.50,240.25,200.25,311.25,0.00,353.82,0.67,235.81
356500,132.50,240.50,200.50,312.00,0.00,353.02,0.31,108.78
357000,132.50,241.00,200.50,312.75,0.00,353.02,0.31,108.78
357500,132.75,241.00,200.50,313.25,0.00,354.38,0.01,2.13
358000,132.50,241.00,200.50,313.50,0.00,354.38,0.01,2.13
358500,132.25,241.00,200.25,313.75,0.00,353.82,0.65,228.84
359000,132.50,241.00,199.75,313.50,0.00,353.82,0.65,228.84
359500,132.25,240.75,199.25,313.25,0.00,354.80,0.66,232.49
360000,132.25,240.50,198.75,312.75,0.00,354.80,0.66,232.49
360500,132.25,240.25,198.25,312.00,0.00,355.46,0.68,241.93
361000,132.00,240.00,197.75,311.50,0.00,355.46,0.68,241.93
361500,132.00,239.75,197.25,311.25,0.00,355.20,0.70,247.35
362000,132.00,239.50,197.00,311.00,0.00,355.20,0.70,247.35
362500,132.00,239.50,196.50,310.75,0.00,354.40,0.70,247.73
363000,132.00,239.50,196.25,310.75,0.00,354.40,0.70,247.73
363500,132.00,239.50,196.00,311.00,0.00,354.81,0.72,254.10
364000,132.00,239.50,196.00,311.25,0.00,354.81,0.72,254.10
364500,132.25,239.50,195.75,311.50,0.00,355.29,0.72,254.92
365000,132.50,239.75,195.75,312.00,0.00,355.29,0.72,254.92
365500,132.75,240.00,195.75,312.50,0.00,354.90,0.73,260.75
366000,132.75,240.25,196.00,313.25,0.00,354.90,0.73,260.75
366500,133.00,240.50,196.00,314.00,0.00,355.01,0.75,265.48
367000,133.25,240.75,196.25,314.50,0.00,355.01,0.75,265.48
367500,133.50,241.00,196.50,315.50,0.00,355.80,0.74,262.46
368000,133.50,241.25,196.75,316.25,0.00,355.80,0.74,262.46
368500,133.75,241.50,196.75,317.25,0.00,355.37,0.77,274.31
369000,133.75,241.75,197.00,318.00,0.00,355.37,0.77,274.31
369500,134.00,242.25,197.25,319.00,0.00,353.44,0.79,277.70
370000,134.25,242.50,197.75,320.00,0.00,353.44,0.79,277.70
370500,134.25,242.75,197.75,320.75,0.00,354.74,0.79,280.22
371000,134.25,243.25,198.25,321.75,0.00,354.74,0.79,280.22
371500,134.50,243.50,198.25,322.75,0.00,354.91,0.78,276.93
372000,134.75,243.75,198.75,323.50,0.00,354.91,0.78,276.93
372500,134.75,244.25,199.00,324.50,0.00,355.56,0.78,275.63
373000,134.75,244.50,199.50,325.25,0.00,355.56,0.78,275.63
373500,135.00,245.00,200.00,326.25,0.00,355.56,0.80,282.92
374000,135.25,245.25,200.25,327.00,0.00,355.56,0.80,282.92
374500,135.25,245.50,200.75,328.00,0.00,355.04,0.79,280.92
375000,135.50,246.00,201.25,329.00,0.00,355.04,0.79,280.92
375500,135.75,246.25,201.50,329.75,0.00,355.92,0.79,282.40
376000,136.00,246.75,202.00,330.50,0.00,355.92,0.79,282.40
376500,136.00,246.75,202.50,331.50,0.00,354.75,0.79,281.30
377000,136.25,247.25,202.75,332.25,0.00,354.75,0.79,281.30
377500,136.25,247.50,203.25,333.00,0.00,354.23,0.78,276.49
378000,136.75,248.00,203.75,333.75,0.00,354.23,0.78,276.49
378500,137.00,248.50,204.25,334.75,0.00,354.33,0.80,285.12
379000,137.00,248.75,204.75,335.75,0.00,354.33,0.80,285.12
379500,137.25,249.25,205.25,336.25,0.00,354.15,0.84,295.74
380000,137.50,249.50,205.75,337.25,0.00,354.15,0.84,295.74
380500,137.75,249.75,206.00,338.00,0.00,356.04,0.73,261.53
381000,138.00,250.00,206.75,338.75,0.00,356.04,0.73,261.53
381500,138.00,250.25,207.25,339.25,0.00,355.42,0.70,250.32
382000,138.25,250.75,207.75,340.25,0.00,355.42,0.70,250.32
382500,138.25,251.00,208.00,341.00,0.00,355.29,0.67,238.88
383000,138.50,251.50,208.50,341.75,0.00,355.29,0.67,238.88
383500,138.75,251.75,209.00,342.50,0.00,354.45,0.65,230.57
384000,139.00,252.00,209.50,343.25,0.00,354.45,0.65,230.57
384500,139.00,252.25,209.75,344.00,0.00,354.09,0.62,219.90
385000,139.25,252.50,210.50,344.75,0.00,354.09,0.62,219.90
385500,139.50,252.75,210.75,345.50,0.00,353.85,0.60,213.56
386000,139.75,253.25,211.25,346.25,0.00,353.85,0.60,213.56
386500,139.75,253.50,211.75,346.75,0.00,355.47,0.60,213.59
387000,140.00,253.75,212.00,347.50,0.00,355.47,0.60,213.59
387500,140.25,254.00,212.50,348.25,0.00,353.55,0.62,218.50
388000,140.50,254.50,213.00,349.00,0.00,353.55,0.62,218.50
388500,140.75,254.75,213.25,349.75,0.00,353.03,0.63,223.65
389000,141.00,255.00,213.75,350.50,0.00,353.03,0.63,223.65
389500,141.00,255.25,214.25,351.25,0.00,355.18,0.68,241.67
390000,141.25,255.50,214.50,351.75,0.00,355.18,0.68,241.67
390500,141.25,255.75,215.00,352.50,0.00,356.38,0.70,248.18
391000,141.50,256.00,215.50,353.25,0.00,356.38,0.70,248.18
391500,141.75,256.25,215.75,354.00,0.00,355.76,0.71,251.06
392000,142.00,256.50,216.00,354.50,0.00,355.76,0.71,251.06
392500,142.00,256.75,216.50,355.25,0.00,355.19,0.72,254.75
393000,142.25,257.00,217.00,356.00,0.00,355.19,0.72,254.75
393500,142.50,257.50,217.25,356.75,0.00,355.45,0.75,268.29
394000,142.50,257.75,217.75,357.25,0.00,355.45,0.75,268.29
394500,142.75,258.00,218.00,358.00,0.00,353.62,0.75,265.23
395000,143.00,258.25,218.25,358.50,0.00,353.62,0.75,265.23
395500,143.00,258.50,218.75,359.25,0.00,354.08,0.80,281.97
396000,143.25,258.75,219.00,360.00,0.00,354.08,0.80,281.97
396500,143.50,259.00,219.50,360.50,0.00,354.55,0.82,290.51
397000,143.75,259.25,219.75,361.25,0.00,354.55,0.82,290.51
397500,143.75,259.50,220.00,362.00,0.00,354.03,0.83,294.00
398000,143.75,259.75,220.50,362.50,0.00,354.03,0.83,294.00
398500,144.00,260.00,220.75,363.25,0.00,355.06,0.87,309.11
399000,144.00,260.25,221.00,363.75,0.00,355.06,0.87,309.11
399500,144.25,260.50,221.50,364.25,0.00,355.15,0.91,324.48
400000,144.50,260.75,221.75,365.00,0.00,355.15,0.91,324.48
400500,144.50,261.00,222.00,365.75,0.00,355.95,0.95,337.43
401000,144.75,261.50,222.25,366.25,0.00,355.95,0.95,337.43
401500,145.00,261.75,222.75,367.00,0.00,354.23,2.60,920.24
402000,145.00,261.75,223.00,367.50,0.00,354.23,2.60,920.24
402500,145.25,262.00,223.25,368.25,0.00,354.17,3.59,1272.64
403000,145.50,262.25,223.50,368.75,0.00,354.17,3.59,1272.64
403500,145.50,262.50,224.00,369.25,0.00,354.93,3.58,1271.21
404000,145.75,262.75,224.25,370.00,0.00,354.93,3.58,1271.21
404500,145.75,263.00,224.50,370.50,0.00,355.68,3.55,1263.08
405000,146.00,263.25,224.75,371.25,0.00,355.68,3.55,1263.08
405500,146.25,263.50,225.25,372.00,0.00,355.38,3.42,1215.15
406000,146.25,263.75,225.25,372.50,0.00,355.38,3.42,1215.15
406500,146.50,264.00,225.75,373.00,0.00,353.98,2.81,996.19
407000,146.50,264.25,226.00,373.75,0.00,353.98,2.81,996.19
407500,146.75,264.50,226.25,374.25,0.00,354.16,2.35,833.06
408000,146.75,264.75,226.50,375.00,0.00,354.16,2.35,833.06
408500,147.00,265.00,226.75,375.50,0.00,354.69,1.85,656.04
409000,147.00,265.25,227.00,376.00,0.00,354.69,1.85,656.04
409500,147.25,265.50,227.25,376.75,0.00,355.20,2.11,748.04
410000,147.25,265.75,227.50,377.25,0.00,355.20,2.11,748.04
410500,147.50,266.00,228.00,378.00,0.00,355.28,3.10,1101.66
411000,147.75,266.00,228.25,378.75,0.00,355.28,3.10,1101.66
411500,147.75,266.25,228.25,379.25,0.00,354.45,3.00,1064.34
412000,147.75,266.50,228.50,379.75,0.00,354.45,3.00,1064.34
412500,148.00,266.75,228.75,380.50,0.00,354.32,2.91,1031.21
413000,148.00,267.00,229.00,381.00,0.00,354.32,2.91,1031.21
413500,148.25,267.25,229.50,381.50,0.00,354.40,2.86,1014.45
414000,148.25,267.50,229.75,382.25,0.00,354.40,2.86,1014.45
414500,148.50,267.75,229.75,382.75,0.00,355.41,2.80,995.80
415000,148.75,268.00,230.25,383.50,0.00,355.41,2.80,995.80
415500,148.75,268.25,230.50,384.00,0.00,355.15,2.68,952.16
416000,148.75,268.25,230.75,384.50,0.00,355.15,2.68,952.16
416500,149.00,268.50,231.00,385.00,0.00,355.42,2.43,862.78
417000,149.00,268.75,231.25,385.75,0.00,355.42,2.43,862.78
417500,149.00,269.00,231.50,386.25,0.00,355.65,1.90,674.41
418000,149.25,269.25,232.00,386.75,0.00,355.65,1.90,674.41
418500,149.50,269.25,232.25,387.25,0.00,356.72,1.69,601.11
419000,149.50,269.50,232.50,387.75,0.00,356.72,1.69,601.11
419500,149.50,269.75,233.00,388.50,0.00,353.60,1.25,442.05
420000,149.75,270.00,233.25,389.00,0.00,353.60,1.25,442.05
420500,149.75,270.25,233.50,389.50,0.00,356.20,1.02,364.81
421000,150.00,270.25,234.00,390.25,0.00,356.20,1.02,364.81
421500,150.00,270.25,234.25,390.75,0.00,355.20,0.95,338.21
422000,150.00,270.50,234.50,391.25,0.00,355.20,0.95,338.21
422500,150.25,271.00,235.00,391.75,0.00,354.99,0.68,240.71
423000,150.25,271.00,235.25,392.25,0.00,354.99,0.68,240.71
423500,150.50,271.25,235.75,393.00,0.00,354.30,0.06,20.91
424000,150.50,271.25,236.25,393.50,0.00,354.30,0.06,20.91
424500,150.50,271.50,236.50,394.00,0.00,354.82,0.02,6.22
425000,150.75,271.75,236.75,394.75,0.00,354.82,0.02,6.22
425500,150.75,272.00,237.25,395.25,0.00,354.20,0.01,4.80
426000,150.75,272.00,237.75,395.75,0.00,354.20,0.01,4.80
426500,150.75,272.25,238.25,396.25,0.00,355.76,0.01,3.91
427000,151.00,272.50,238.75,397.00,0.00,355.76,0.01,3.91
427500,151.00,272.75,239.25,397.50,0.00,354.89,0.01,3.86
428000,151.25,272.75,239.50,398.00,0.00,354.89,0.01,3.86
428500,151.25,273.00,240.00,398.50,0.00,354.54,0.01,2.93
429000,151.25,273.25,240.50,399.25,0.00,354.54,0.01,2.93
429500,151.50,273.50,241.00,399.75,0.00,355.77,0.01,3.00
430000,151.50,273.50,241.50,400.25,0.00,355.77,0.01,3.00
430500,151.75,273.75,242.00,400.75,0.00,355.38,0.01,3.46
431000,151.75,274.00,242.50,401.25,0.00,355.38,0.01,3.46
431500,152.00,274.25,243.00,402.00,0.00,355.22,0.01,2.81
432000,152.00,274.25,243.50,402.50,0.00,355.22,0.01,2.81
432500,152.00,274.50,244.25,403.00,0.00,355.73,0.01,2.65
433000,152.25,274.75,244.75,403.75,0.00,355.73,0.01,2.65
433500,152.25,274.75,245.25,404.25,0.00,355.26,0.01,2.41
434000,152.50,275.00,245.75,404.75,0.00,355.26,0.01,2.41
434500,152.50,275.00,246.50,405.50,0.00,355.22,0.01,2.05
435000,152.50,275.25,247.00,406.00,0.00,355.22,0.01,2.05
435500,152.75,275.50,247.50,406.50,0.00,354.25,0.01,2.58
436000,152.75,275.75,248.25,407.00,0.00,354.25,0.01,2.58
436500,153.00,275.75,248.75,407.75,0.00,354.30,0.01,2.54
437000,153.00,276.00,249.50,408.00,0.00,354.30,0.01,2.54
437500,153.25,276.25,250.00,408.75,0.00,355.73,0.01,2.75
438000,153.25,276.25,250.75,409.25,0.00,355.73,0.01,2.75
438500,153.25,276.50,251.50,409.75,0.00,354.91,0.01,2.21
439000,153.50,276.50,252.00,410.50,0.00,354.91,0.01,2.21
439500,153.50,276.75,252.50,411.00,0.00,355.85,0.01,2.41
440000,153.50,277.00,253.25,411.50,0.00,355.85,0.01,2.41
440500,153.75,277.00,254.00,412.00,0.00,354.71,0.01,2.65
441000,153.75,277.25,254.50,412.50,0.00,354.71,0.01,2.65
441500,153.75,277.50,255.25,413.25,0.00,354.68,0.01,2.54
442000,153.75,277.50,255.75,413.75,0.00,354.68,0.01,2.54
442500,153.75,277.75,256.50,414.25,0.00,354.86,0.01,2.48
443000,153.75,277.75,257.25,414.75,0.00,354.86,0.01,2.48
443500,154.00,278.25,257.75,415.25,0.00,355.63,0.01,2.33
444000,154.00,278.25,258.25,416.00,0.00,355.63,0.01,2.33
444500,154.25,278.25,259.00,416.50,0.00,355.94,0.01,2.52
445000,153.75,278.25,259.50,416.75,0.00,355.94,0.01,2.52
445500,154.25,278.75,260.25,417.75,0.00,355.37,0.01,2.51
446000,154.25,278.75,261.00,418.00,0.00,355.37,0.01,2.51
446500,154.50,279.00,261.75,418.50,0.00,355.97,0.01,2.48
447000,154.50,279.00,262.50,419.25,0.00,355.97,0.01,2.48
447500,154.50,279.25,263.00,419.75,0.00,354.58,0.01,2.58
448000,154.50,279.50,263.75,420.25,0.00,354.58,0.01,2.58
448500,154.75,279.50,264.50,420.75,0.00,356.25,0.01,2.38
449000,154.75,279.75,265.00,421.50,0.00,356.25,0.01,2.38
449500,154.75,279.75,265.50,422.00,0.00,355.66,0.01,2.41
450000,154.75,280.00,266.25,422.50,0.00,355.66,0.01,2.41
450500,154.75,280.25,267.00,423.00,0.00,355.38,0.01,2.62
451000,154.75,280.25,267.50,423.50,0.00,355.38,0.01,2.62
451500,155.00,280.50,268.25,424.00,0.00,355.79,0.01,2.45
452000,155.00,280.50,268.75,424.50,0.00,355.79,0.01,2.45
452500,155.00,280.75,269.50,425.25,0.00,356.26,0.01,2.85
453000,155.00,280.75,270.25,425.75,0.00,356.26,0.01,2.85
453500,155.00,281.00,270.75,426.25,0.00,355.84,0.01,3.59
454000,155.00,281.00,271.50,426.75,0.00,355.84,0.01,3.59
454500,155.00,281.25,272.00,427.25,0.00,355.44,0.03,9.59
455000,155.00,281.50,272.75,427.75,0.00,355.44,0.03,9.59
455500,155.25,281.50,273.50,428.50,0.00,356.04,0.02,6.97
456000,155.25,281.75,274.00,429.00,0.00,356.04,0.02,6.97
456500,155.25,281.75,274.75,429.50,0.00,355.63,0.01,2.81
457000,155.25,282.00,275.50,430.00,0.00,355.63,0.01,2.81
457500,155.25,282.25,276.00,430.50,0.00,355.32,0.01,2.41
458000,155.25,282.25,276.75,431.00,0.00,355.32,0.01,2.41
458500,155.25,282.50,277.50,431.75,0.00,356.43,0.01,2.79
459000,155.50,282.75,278.25,432.25,0.00,356.43,0.01,2.79
459500,155.25,282.75,278.75,432.75,0.00,356.00,0.01,2.48
460000,155.50,283.00,279.50,433.50,0.00,356.00,0.01,2.48
460500,155.25,283.00,280.25,433.75,0.00,356.51,0.01,2.30
461000,155.50,283.25,280.75,434.25,0.00,356.51,0.01,2.30
461500,155.50,283.50,281.25,434.75,0.00,356.96,0.01,2.19
462000,155.50,283.50,282.00,435.50,0.00,356.96,0.01,2.19
462500,155.50,283.75,282.75,436.00,0.00,356.45,0.01,2.62
463000,155.50,284.00,283.50,436.50,0.00,356.45,0.01,2.62
463500,155.50,284.00,284.00,437.00,0.00,355.64,0.01,2.69
464000,155.75,284.25,284.75,437.75,0.00,355.64,0.01,2.69
464500,155.75,284.50,285.50,438.25,0.00,356.38,0.01,2.45
465000,155.50,284.50,286.25,438.75,0.00,356.38,0.01,2.45
465500,155.75,284.75,286.75,439.25,0.00,355.93,0.01,2.52
466000,155.75,284.75,287.50,439.75,0.00,355.93,0.01,2.52
466500,155.75,285.00,288.25,440.25,0.00,356.52,0.01,2.94
467000,155.75,285.25,288.75,441.00,0.00,356.52,0.01,2.94
467500,155.75,285.25,289.50,441.50,0.00,356.71,0.01,2.45
468000,155.75,285.50,290.25,442.00,0.00,356.71,0.01,2.45
468500,155.75,285.50,290.75,442.50,0.00,356.40,0.01,2.38
469000,155.75,285.75,291.50,443.00,0.00,356.40,0.01,2.38
469500,155.75,286.00,292.00,443.50,0.00,355.47,0.01,2.52
470000,156.00,286.00,292.75,444.00,0.00,355.47,0.01,2.52
470500,156.00,286.25,293.50,444.75,0.00,355.95,0.01,2.22
471000,156.00,286.25,294.00,445.25,0.00,355.95,0.01,2.22
471500,156.00,286.50,295.00,445.75,0.00,355.87,0.01,2.48
472000,156.00,286.75,295.50,446.25,0.00,355.87,0.01,2.48
472500,156.00,286.75,296.25,446.75,0.00,356.39,0.01,2.76
473000,156.00,287.00,296.75,447.50,0.00,356.39,0.01,2.76
473500,156.00,287.00,297.50,448.00,0.00,355.14,0.01,2.58
474000,156.00,287.25,298.25,448.50,0.00,355.14,0.01,2.58
474500,156.00,287.50,299.00,449.00,0.00,355.67,0.01,2.69
475000,156.00,287.50,299.50,449.50,0.00,355.67,0.01,2.69
475500,156.00,287.75,300.50,450.00,0.00,356.32,0.01,2.45
476000,156.25,288.00,301.00,450.50,0.00,356.32,0.01,2.45
476500,156.25,288.00,301.75,451.25,0.00,355.96,0.01,2.41
477000,156.25,288.25,302.25,451.75,0.00,355.96,0.01,2.41
477500,156.25,288.25,303.00,452.25,0.00,356.52,0.01,2.42
478000,156.25,288.50,303.50,453.00,0.00,356.52,0.01,2.42
478500,156.25,288.75,304.25,453.50,0.00,356.32,0.01,2.38
479000,156.25,288.75,305.00,453.75,0.00,356.32,0.01,2.38
479500,156.25,289.00,305.75,454.50,0.00,356.02,0.01,2.48
480000,156.25,289.00,306.50,455.00,0.00,356.02,0.01,2.48
480500,156.25,289.25,307.00,455.50,0.00,356.19,0.01,2.88
481000,156.50,289.50,307.75,456.00,0.00,356.19,0.01,2.88
481500,156.50,289.50,308.25,456.75,0.00,355.10,0.01,2.44
482000,156.25,289.75,309.00,457.25,0.00,355.10,0.01,2.44
482500,156.50,290.00,309.75,457.50,0.00,356.15,0.01,2.55
483000,156.50,290.00,310.25,458.25,0.00,356.15,0.01,2.55
483500,156.50,290.25,311.00,458.75,0.00,357.42,0.01,2.67
484000,156.50,290.50,311.75,459.25,0.00,357.42,0.01,2.67
484500,156.50,290.50,312.50,460.00,0.00,356.81,0.01,2.15
485000,156.50,290.50,313.00,460.25,0.00,356.81,0.01,2.15
485500,156.50,290.75,313.75,461.00,0.00,357.08,0.01,2.76
486000,156.50,291.00,314.50,461.50,0.00,357.08,0.01,2.76
486500,156.50,291.00,315.25,462.00,0.00,356.36,0.01,2.72
487000,156.50,291.25,315.75,462.50,0.00,356.36,0.01,2.72
487500,156.75,291.25,316.50,463.00,0.00,355.76,0.01,2.45
488000,156.75,291.25,317.00,463.75,0.00,355.76,0.01,2.45
488500,156.75,291.50,317.75,464.25,0.00,356.07,0.01,2.38
489000,156.75,291.75,318.50,464.75,0.00,356.07,0.01,2.38
489500,156.75,291.75,319.00,465.25,0.00,356.15,0.01,2.30
490000,156.75,292.00,319.75,465.75,0.00,356.15,0.01,2.30
490500,156.75,292.00,320.50,466.25,0.00,355.81,0.01,2.22
491000,156.75,292.25,321.00,467.00,0.00,355.81,0.01,2.22
491500,156.75,292.25,321.75,467.25,0.00,356.31,0.01,2.69
492000,157.00,292.50,322.50,468.00,0.00,356.31,0.01,2.69
492500,156.75,292.50,323.00,468.50,0.00,356.77,0.01,2.49
493000,157.00,292.75,323.75,469.00,0.00,356.77,0.01,2.49
493500,157.00,292.75,324.50,469.50,0.00,356.89,0.01,2.69
494000,157.00,293.00,325.25,470.00,0.00,356.89,0.01,2.69
494500,157.00,293.25,325.75,470.50,0.00,356.16,0.01,2.75
495000,156.00,293.00,326.00,471.00,0.00,356.16,0.01,2.75
495500,157.00,293.50,327.00,471.50,0.00,356.14,0.01,2.41
496000,157.00,293.75,327.75,472.25,0.00,356.14,0.01,2.41
496500,157.00,294.25,328.50,472.75,0.00,356.64,0.01,2.49
497000,157.00,294.25,329.00,473.25,0.00,356.64,0.01,2.49
497500,157.00,294.75,329.75,474.00,0.00,356.53,0.01,2.42
498000,157.25,295.00,330.50,474.50,0.00,356.53,0.01,2.42
498500,157.25,295.25,331.25,475.00,0.00,356.93,0.01,2.70
499000,157.25,295.50,332.00,475.50,0.00,356.93,0.01,2.70
499500,157.25,295.75,332.50,476.00,0.00,357.86,0.01,2.19
500000,157.25,296.25,333.25,476.75,0.00,357.86,0.01,2.19
500500,157.25,296.50,333.75,477.25,0.00,358.12,0.01,2.31
501000,157.25,296.75,334.50,477.75,0.00,358.12,0.01,2.31
501500,157.25,297.25,335.25,478.25,0.00,358.67,0.01,2.67
502000,157.00,297.50,336.00,479.00,0.00,358.67,0.01,2.67
502500,157.25,298.00,336.50,479.50,0.00,358.86,0.01,2.61
503000,157.25,298.25,337.25,480.00,0.00,358.86,0.01,2.61
503500,157.50,298.75,338.00,480.50,0.00,358.38,0.01,2.93
504000,157.50,299.00,338.50,481.00,0.00,358.38,0.01,2.93
504500,157.50,299.50,339.25,481.75,0.00,358.20,0.01,2.43
505000,157.50,299.75,340.25,482.50,0.00,358.20,0.01,2.43
505500,157.50,300.25,340.75,483.00,0.00,357.41,0.01,2.92
506000,157.50,300.50,341.25,483.50,0.00,357.41,0.01,2.92
506500,157.75,301.00,342.00,484.00,0.00,358.85,0.01,2.68
507000,157.75,301.50,342.75,484.75,0.00,358.85,0.01,2.68
507500,157.25,302.00,343.50,485.00,0.00,358.16,0.01,2.57
508000,157.75,302.25,344.00,485.75,0.00,358.16,0.01,2.57
508500,157.50,302.75,344.75,486.25,0.00,358.47,0.01,2.80
509000,157.75,303.25,345.25,486.75,0.00,358.47,0.01,2.80
509500,157.75,303.75,346.00,487.25,0.00,358.67,0.01,2.50
510000,157.75,304.00,346.75,488.00,0.00,358.67,0.01,2.50
510500,157.75,304.75,347.50,488.50,0.00,357.51,0.01,2.60
511000,157.75,305.25,348.00,489.25,0.00,357.51,0.01,2.60
511500,157.75,305.75,348.75,489.75,0.00,358.24,0.01,2.99
512000,157.75,306.00,349.50,490.25,0.00,358.24,0.01,2.99
512500,158.00,306.50,350.25,490.75,0.00,358.61,0.01,2.57
513000,158.00,307.00,350.75,491.25,0.00,358.61,0.01,2.57
513500,158.00,307.75,351.50,492.00,0.00,357.70,0.01,2.27
514000,158.00,308.25,352.25,492.50,0.00,357.70,0.01,2.27
514500,158.00,308.50,352.75,493.25,0.00,357.29,0.01,2.63
515000,158.00,309.00,353.50,493.75,0.00,357.29,0.01,2.63
515500,158.00,309.50,354.25,494.00,0.00,358.51,0.01,2.64
516000,158.00,310.00,354.75,494.75,0.00,358.51,0.01,2.64
516500,158.00,310.50,355.75,495.25,0.00,358.50,0.01,2.64
517000,158.25,311.25,356.25,495.75,0.00,358.50,0.01,2.64
517500,158.25,311.75,357.00,496.50,0.00,358.46,0.01,2.54
518000,158.25,312.25,357.75,497.00,0.00,358.46,0.01,2.54
518500,158.50,312.75,358.25,497.50,0.00,358.61,0.01,2.43
519000,158.50,313.25,359.00,498.00,0.00,358.61,0.01,2.43
519500,158.50,313.75,359.75,498.75,0.00,358.83,0.01,2.50
520000,158.50,314.25,360.25,499.25,0.00,358.83,0.01,2.50
520500,158.50,314.75,361.00,499.75,0.00,358.62,0.01,2.64
521000,158.75,315.25,361.75,500.50,0.00,358.62,0.01,2.64
521500,158.75,315.75,362.75,501.00,0.00,357.85,0.01,2.67
522000,158.75,316.25,364.00,501.50,0.00,357.85,0.01,2.67
522500,158.75,316.75,364.75,502.25,0.00,357.33,0.01,2.63
523000,159.00,317.25,365.50,502.75,0.00,357.33,0.01,2.63
523500,159.00,318.00,366.25,503.25,0.00,358.78,0.01,2.07
524000,159.00,318.25,367.00,503.75,0.00,358.78,0.01,2.07
524500,159.00,319.00,367.50,504.25,0.00,356.99,0.01,2.49
525000,159.25,319.50,368.25,505.00,0.00,356.99,0.01,2.49
525500,159.25,320.00,368.75,505.50,0.00,358.40,0.01,2.64
526000,159.25,320.50,369.50,506.00,0.00,358.40,0.01,2.64
526500,159.50,321.00,370.25,506.50,0.00,359.13,0.01,2.51
527000,159.50,321.50,371.00,507.25,0.00,359.13,0.01,2.51
527500,159.50,322.00,371.75,507.75,0.00,359.05,0.01,2.32
528000,159.75,322.50,372.50,508.25,0.00,359.05,0.01,2.32
528500,159.75,323.00,373.50,508.75,0.00,358.63,0.01,2.35
529000,159.75,323.50,374.50,509.50,0.00,358.63,0.01,2.35
529500,159.75,324.25,375.00,510.00,0.00,359.08,0.01,2.68
530000,160.00,324.50,375.75,510.50,0.00,359.08,0.01,2.68
530500,160.00,325.25,376.50,511.00,0.00,357.91,0.01,2.42
531000,160.00,325.75,377.00,511.50,0.00,357.91,0.01,2.42
531500,160.25,326.25,378.00,512.25,0.00,359.45,0.01,2.20
532000,160.25,326.75,378.50,512.75,0.00,359.45,0.01,2.20
532500,160.25,327.25,379.25,513.25,0.00,359.00,0.01,2.39
533000,160.50,327.75,379.75,514.00,0.00,359.00,0.01,2.39
533500,160.50,328.25,380.25,514.50,0.00,359.12,0.01,2.78
534000,160.50,328.75,380.75,515.00,0.00,359.12,0.01,2.78
534500,160.50,329.50,381.75,515.50,0.00,358.76,0.01,2.12
535000,160.75,329.75,382.00,516.25,0.00,358.76,0.01,2.12
535500,160.75,330.50,382.75,516.75,0.00,358.52,0.01,2.71
536000,160.75,330.75,383.00,517.25,0.00,358.52,0.01,2.71
536500,161.00,331.50,383.50,517.75,0.00,357.92,0.01,2.53
537000,161.00,332.00,384.00,518.50,0.00,357.92,0.01,2.53
537500,161.00,332.50,385.00,519.00,0.00,358.01,0.01,2.50
538000,161.00,333.00,385.25,519.75,0.00,358.01,0.01,2.50
538500,161.25,333.50,386.00,520.00,0.00,358.66,0.01,2.24
539000,161.25,334.00,386.50,520.75,0.00,358.66,0.01,2.24
539500,161.25,334.50,387.50,521.25,0.00,357.59,0.01,2.53
540000,161.50,335.00,387.75,521.75,0.00,357.59,0.01,2.53
540500,161.50,335.50,388.50,522.50,0.00,359.00,0.01,2.50
541000,161.50,336.00,389.25,523.00,0.00,359.00,0.01,2.50
541500,161.75,336.75,389.75,523.50,0.00,358.45,0.01,2.32
542000,161.75,337.00,390.25,524.00,0.00,358.45,0.01,2.32
542500,161.75,337.50,391.00,524.75,0.00,358.58,0.01,2.43
543000,162.00,338.00,391.75,525.25,0.00,358.58,0.01,2.43
543500,162.00,338.75,392.50,525.75,0.00,359.18,0.01,2.87
544000,162.00,339.00,393.00,526.25,0.00,359.18,0.01,2.87
544500,162.25,339.50,393.50,527.00,0.00,359.05,0.01,2.74
545000,162.25,340.00,394.25,527.50,0.00,359.05,0.01,2.74
545500,162.50,340.50,395.00,528.00,0.00,358.73,0.01,2.77
546000,162.50,341.00,395.50,528.50,0.00,358.73,0.01,2.77
546500,162.75,341.50,396.25,529.25,0.00,358.47,0.01,2.96
547000,162.50,342.00,397.00,529.75,0.00,358.47,0.01,2.96
547500,162.75,342.25,398.00,530.25,0.00,358.57,0.01,2.74
548000,162.75,343.00,399.00,530.75,0.00,358.57,0.01,2.74
548500,163.00,343.50,399.25,531.50,0.00,357.36,0.01,2.83
549000,163.00,343.75,400.25,531.75,0.00,357.36,0.01,2.83
549500,163.25,344.25,400.50,532.50,0.00,358.24,0.01,2.74
550000,163.25,344.75,401.00,533.00,0.00,358.24,0.01,2.74
550500,163.25,345.25,401.75,533.75,0.00,359.21,0.01,3.00
551000,163.25,345.75,402.50,534.25,0.00,359.21,0.01,3.00
551500,163.50,346.25,403.00,534.75,0.00,360.07,0.01,2.65
552000,163.50,346.75,403.50,535.25,0.00,360.07,0.01,2.65
552500,163.75,347.25,404.25,535.75,0.00,359.32,0.01,2.58
553000,163.75,347.75,405.00,536.25,0.00,359.32,0.01,2.58
553500,163.75,348.25,405.50,536.75,0.00,358.16,0.01,3.48
554000,163.75,348.50,406.25,537.50,0.00,358.16,0.01,3.48
554500,164.00,349.00,406.75,538.00,0.00,358.75,0.01,3.17
555000,164.00,349.50,407.50,538.50,0.00,358.75,0.01,3.17
555500,164.25,350.25,408.25,539.00,0.00,358.67,0.01,3.19
556000,164.25,350.50,408.75,539.50,0.00,358.67,0.01,3.19
556500,164.50,351.00,409.50,540.00,0.00,359.19,0.01,3.28
557000,164.50,351.50,410.25,540.50,0.00,359.19,0.01,3.28
557500,164.75,352.00,411.00,541.25,0.00,358.55,0.01,5.26
558000,164.75,352.50,411.50,541.75,0.00,358.55,0.01,5.26
558500,164.75,353.00,412.25,542.25,0.00,358.85,0.01,4.92
559000,165.00,353.50,412.75,542.75,0.00,358.85,0.01,4.92
559500,165.00,354.00,413.50,543.25,0.00,358.81,0.02,5.83
560000,165.00,354.25,414.25,543.75,0.00,358.81,0.02,5.83
560500,165.25,354.75,414.75,544.50,0.00,358.47,0.01,5.23
561000,165.25,355.25,415.50,545.00,0.00,358.47,0.01,5.23
561500,165.25,355.75,416.25,545.50,0.00,358.59,0.02,7.72
562000,165.50,356.25,416.75,546.00,0.00,358.59,0.02,7.72
562500,165.50,356.75,417.50,546.50,0.00,357.85,0.04,14.68
563000,165.50,357.00,418.00,547.25,0.00,357.85,0.04,14.68
563500,165.75,357.50,418.75,547.75,0.00,358.62,0.04,12.91
564000,165.75,358.00,419.50,548.25,0.00,358.62,0.04,12.91
564500,165.75,358.50,420.25,548.75,0.00,358.26,0.06,20.44
565000,166.00,359.00,420.75,549.50,0.00,358.26,0.06,20.44
565500,166.00,359.50,421.50,549.75,0.00,358.92,0.09,31.37
566000,166.25,360.00,422.00,550.25,0.00,358.92,0.09,31.37
566500,166.25,360.50,423.00,551.00,0.00,359.10,0.08,28.31
567000,166.50,361.00,423.50,551.50,0.00,359.10,0.08,28.31
567500,166.50,361.50,424.25,552.00,0.00,359.43,0.11,41.07
568000,166.50,362.00,425.25,552.50,0.00,359.43,0.11,41.07
568500,166.50,362.50,426.00,553.00,0.00,357.60,0.16,56.12
569000,166.75,362.75,426.75,553.75,0.00,357.60,0.16,56.12
569500,167.00,363.50,427.25,554.25,0.00,358.00,0.15,54.78
570000,167.00,363.75,428.00,554.50,0.00,358.00,0.15,54.78
570500,167.00,364.25,429.00,555.25,0.00,358.95,0.20,71.93
571000,167.25,365.00,429.50,555.50,0.00,358.95,0.20,71.93
571500,167.25,365.25,430.50,556.25,0.00,357.55,0.20,70.38
572000,167.50,365.75,431.75,556.75,0.00,357.55,0.20,70.38
572500,167.50,366.25,432.50,557.25,0.00,358.31,0.22,78.39
573000,167.75,366.75,433.25,557.75,0.00,358.31,0.22,78.39
573500,167.75,367.25,434.00,558.50,0.00,358.96,0.25,89.69
574000,167.75,367.75,434.75,559.00,0.00,358.96,0.25,89.69
574500,168.00,368.25,435.25,559.50,0.00,359.04,0.26,93.77
575000,168.00,368.75,436.25,560.00,0.00,359.04,0.26,93.77
575500,168.00,369.25,437.25,560.50,0.00,358.89,0.30,108.40
576000,168.25,369.75,438.50,561.00,0.00,358.89,0.30,108.40
576500,168.25,370.25,439.50,561.75,0.00,359.63,0.34,121.07
577000,168.50,370.75,440.50,562.00,0.00,359.63,0.34,121.07
577500,168.50,371.25,441.25,562.75,0.00,358.85,0.42,149.77
578000,168.75,371.75,442.50,563.25,0.00,358.85,0.42,149.77
578500,168.75,372.25,443.50,563.75,0.00,357.26,0.40,141.57
579000,169.00,372.75,444.00,564.25,0.00,357.26,0.40,141.57
579500,169.00,373.25,444.75,565.00,0.00,357.43,0.43,154.50
580000,169.25,373.75,445.75,565.25,0.00,357.43,0.43,154.50
580500,169.25,374.25,446.00,566.00,0.00,358.44,0.46,163.86
581000,169.50,374.75,446.75,566.50,0.00,358.44,0.46,163.86
581500,169.50,375.25,447.50,567.00,0.00,358.75,0.47,167.92
582000,169.75,375.75,448.25,567.50,0.00,358.75,0.47,167.92
582500,170.00,376.25,449.00,568.00,0.00,358.87,0.49,175.43
583000,170.00,376.75,449.75,568.75,0.00,358.87,0.49,175.43
583500,170.00,377.25,450.50,569.00,0.00,358.99,0.49,175.54
584000,170.25,377.75,451.25,569.75,0.00,358.99,0.49,175.54
584500,170.25,378.25,451.50,570.25,0.00,359.38,0.55,197.75
585000,170.50,378.75,452.50,570.75,0.00,359.38,0.55,197.75
585500,170.75,379.25,453.00,571.25,0.00,359.13,0.59,210.47
586000,170.75,379.75,453.75,571.75,0.00,359.13,0.59,210.47
586500,171.00,380.25,454.50,572.25,0.00,358.88,0.60,215.74
587000,171.25,380.75,455.00,572.75,0.00,358.88,0.60,215.74
587500,171.25,381.25,455.75,573.50,0.00,358.51,0.66,237.07
588000,171.50,381.75,455.00,573.75,0.00,358.51,0.66,237.07
588500,171.50,382.25,455.75,574.50,0.00,359.33,0.67,241.84
589000,171.75,382.75,456.25,575.00,0.00,359.33,0.67,241.84
589500,171.75,383.25,456.50,575.50,0.00,358.61,0.67,240.57
590000,172.00,383.75,456.75,576.00,0.00,358.61,0.67,240.57
590500,172.00,384.25,457.25,576.50,0.00,357.84,0.72,256.65
591000,172.25,384.75,457.75,577.00,0.00,357.84,0.72,256.65
591500,172.50,385.25,457.75,577.50,0.00,356.99,0.74,263.63
592000,172.50,385.75,458.25,578.25,0.00,356.99,0.74,263.63
592500,172.75,386.25,459.00,578.75,0.00,358.32,0.75,268.29
593000,172.75,386.75,459.75,579.25,0.00,358.32,0.75,268.29
593500,173.00,387.25,460.25,579.75,0.00,359.03,0.77,277.22
594000,173.25,387.75,460.75,580.25,0.00,359.03,0.77,277.22
594500,173.25,388.25,461.25,581.00,0.00,357.67,0.80,286.93
595000,173.50,389.00,462.25,581.50,0.00,357.67,0.80,286.93
595500,173.50,389.50,463.00,582.00,0.00,358.49,0.82,295.70
596000,173.75,389.75,463.50,582.50,0.00,358.49,0.82,295.70
596500,174.00,390.50,464.00,583.00,0.00,358.60,0.83,296.60
597000,174.25,391.00,464.75,583.50,0.00,358.60,0.83,296.60
597500,174.25,391.50,465.50,584.00,0.00,358.05,0.85,304.61
598000,174.50,392.00,466.00,584.50,0.00,358.05,0.85,304.61
598500,174.75,392.50,467.00,585.00,0.00,358.86,0.86,308.15
599000,174.75,393.00,467.50,585.75,0.00,358.86,0.86,308.15
599500,175.00,393.50,468.25,586.00,0.00,359.10,0.86,310.42
600000,175.00,394.00,469.00,586.75,0.00,359.10,0.86,310.42
600500,175.25,394.50,469.50,587.25,0.00,358.63,0.87,311.87
601000,175.25,395.00,470.25,587.75,0.00,358.63,0.87,311.87
601500,175.50,395.50,471.00,588.25,0.00,358.00,0.88,316.70
602000,175.75,396.00,471.75,588.75,0.00,358.00,0.88,316.70
602500,175.75,396.50,472.25,589.25,0.00,359.27,0.90,323.97
603000,176.00,397.25,473.00,590.00,0.00,359.27,0.90,323.97
603500,176.25,397.75,473.75,590.25,0.00,359.95,0.92,329.50
604000,176.25,398.00,474.50,590.75,0.00,359.95,0.92,329.50
604500,176.50,398.75,475.00,591.50,0.00,359.28,0.92,331.64
605000,176.75,399.25,475.75,592.00,0.00,359.28,0.92,331.64
605500,176.75,399.75,476.50,592.50,0.00,359.13,0.92,331.03
606000,177.00,400.25,477.25,593.00,0.00,359.13,0.92,331.03
606500,177.25,400.75,477.75,593.50,0.00,360.26,0.92,333.06
607000,177.25,401.25,478.25,593.75,0.00,360.26,0.92,333.06
607500,177.50,401.75,479.00,594.50,0.00,359.27,0.94,337.54
608000,177.50,402.25,479.75,595.00,0.00,359.27,0.94,337.54
608500,177.75,402.75,480.50,595.50,0.00,359.46,0.97,348.05
609000,178.00,403.25,481.00,596.00,0.00,359.46,0.97,348.05
609500,178.00,403.75,481.75,596.50,0.00,359.16,1.01,362.81
610000,178.25,404.25,482.50,597.00,0.00,359.16,1.01,362.81
610500,178.25,404.75,483.25,597.50,0.00,359.14,1.03,369.37
611000,178.50,405.25,483.50,598.00,0.00,359.14,1.03,369.37
611500,178.75,405.50,484.25,598.50,0.00,359.33,1.06,379.89
612000,178.75,406.25,485.00,599.25,0.00,359.33,1.06,379.89
612500,179.00,406.75,485.75,599.50,0.00,359.07,1.07,384.50
613000,179.00,407.00,486.50,600.00,0.00,359.07,1.07,384.50
613500,179.25,407.75,487.00,600.75,0.00,359.05,1.07,385.92
614000,179.50,408.25,487.75,601.00,0.00,359.05,1.07,385.92
614500,179.50,408.50,488.25,601.75,0.00,359.68,1.07,385.57
615000,179.75,409.00,489.00,602.00,0.00,359.68,1.07,385.57
615500,180.00,409.75,489.50,602.75,0.00,359.16,1.08,388.94
616000,180.00,410.00,490.25,603.25,0.00,359.16,1.08,388.94
616500,180.25,410.50,490.75,603.75,0.00,358.25,1.09,391.01
617000,180.50,411.25,491.50,604.25,0.00,358.25,1.09,391.01
617500,180.50,411.75,492.00,605.00,0.00,358.94,1.10,394.66
618000,180.75,412.25,492.75,605.25,0.00,358.94,1.10,394.66
618500,181.00,412.50,493.50,605.75,0.00,359.22,1.11,397.01
619000,181.25,413.25,494.00,606.25,0.00,359.22,1.11,397.01
619500,181.25,413.75,494.75,606.75,0.00,359.93,1.11,398.38
620000,181.50,414.25,495.50,607.25,0.00,359.93,1.11,398.38
620500,181.75,414.75,496.00,607.75,0.00,358.97,1.11,398.36
621000,182.00,415.25,496.75,608.50,0.00,358.97,1.11,398.36
621500,182.00,415.75,497.25,609.00,0.00,358.65,1.10,395.68
622000,182.25,416.25,498.00,609.25,0.00,358.65,1.10,395.68
622500,182.25,416.75,498.75,609.75,0.00,359.57,1.11,398.66
623000,182.50,417.25,499.25,610.25,0.00,359.57,1.11,398.66
623500,182.75,417.75,500.00,611.00,0.00,359.43,1.11,398.19
624000,183.00,418.25,500.75,611.25,0.00,359.43,1.11,398.19
624500,183.25,418.75,501.50,612.00,0.00,358.90,1.12,402.96
625000,183.25,419.25,502.00,612.50,0.00,358.90,1.12,402.96
625500,183.50,419.75,503.00,613.00,0.00,359.65,1.13,407.25
626000,183.75,420.25,504.25,613.50,0.00,359.65,1.13,407.25
626500,183.75,420.75,505.00,614.00,0.00,360.01,1.15,412.22
627000,184.00,421.25,506.00,614.50,0.00,360.01,1.15,412.22
627500,184.25,421.75,507.25,615.00,0.00,359.62,1.14,411.05
628000,184.50,422.25,508.25,615.50,0.00,359.62,1.14,411.05
628500,184.50,422.75,509.00,616.00,0.00,358.95,1.14,410.75
629000,184.75,423.25,509.75,616.50,0.00,358.95,1.14,410.75
629500,185.00,423.75,509.50,617.00,0.00,359.35,1.15,413.13
630000,185.25,424.25,510.50,617.50,0.00,359.35,1.15,413.13
630500,185.25,424.75,511.00,618.25,0.00,358.82,1.15,412.06
631000,185.50,425.25,512.00,618.50,0.00,358.82,1.15,412.06
631500,185.75,426.00,512.75,619.25,0.00,360.00,1.16,416.90
632000,185.75,426.25,513.75,619.50,0.00,360.00,1.16,416.90
632500,186.00,426.75,515.00,620.00,0.00,358.91,1.16,417.80
633000,186.25,427.50,515.75,620.75,0.00,358.91,1.16,417.80
633500,186.50,428.00,516.50,621.25,0.00,357.20,1.18,420.27
634000,186.50,428.25,517.50,621.75,0.00,357.20,1.18,420.27
634500,186.75,428.75,517.75,622.25,0.00,356.57,1.18,419.11
635000,187.00,429.50,519.25,622.50,0.00,356.57,1.18,419.11
635500,187.25,430.00,519.25,623.25,0.00,355.72,1.17,416.39
636000,187.25,430.25,520.50,623.75,0.00,355.72,1.17,416.39
636500,187.50,431.00,521.00,624.25,0.00,357.05,1.17,416.60
637000,187.75,431.25,522.00,624.75,0.00,357.05,1.17,416.60
637500,188.00,431.75,522.00,625.25,0.00,358.01,1.17,420.38
638000,188.25,432.25,522.25,625.75,0.00,358.01,1.17,420.38
638500,188.25,432.75,523.50,626.25,0.00,357.03,1.17,417.94
639000,188.50,433.50,524.50,626.75,0.00,357.03,1.17,417.94
639500,188.75,434.00,525.25,627.25,0.00,357.20,1.18,422.96
640000,188.75,434.25,525.75,627.75,0.00,357.20,1.18,422.96
640500,189.00,434.75,526.25,628.25,0.00,356.97,1.19,426.08
641000,189.25,435.25,526.25,628.75,0.00,356.97,1.19,426.08
641500,189.50,436.00,527.00,629.25,0.00,355.78,1.18,420.71
642000,189.75,436.25,527.75,629.75,0.00,355.78,1.18,420.71
642500,189.75,436.75,528.25,630.25,0.00,357.58,1.18,423.10
643000,190.25,437.25,529.00,630.75,0.00,357.58,1.18,423.10
643500,190.25,437.75,529.75,631.25,0.00,358.12,1.19,425.25
644000,190.50,438.25,530.25,631.75,0.00,358.12,1.19,425.25
644500,190.75,438.75,530.00,632.25,0.00,357.73,1.19,426.03
645000,191.00,439.25,530.50,632.75,0.00,357.73,1.19,426.03
645500,191.00,439.75,530.50,633.25,0.00,357.64,1.19,425.72
646000,191.25,440.25,531.75,633.75,0.00,357.64,1.19,425.72
646500,191.50,440.75,531.50,634.25,0.00,358.12,1.19,425.98
647000,191.50,441.25,532.75,634.75,0.00,358.12,1.19,425.98
647500,191.75,441.75,533.50,635.25,0.00,357.92,1.20,427.81
648000,192.00,442.25,533.75,635.75,0.00,357.92,1.20,427.81
648500,192.00,442.75,534.50,636.25,0.00,356.65,1.19,423.65
649000,192.25,443.25,535.25,636.50,0.00,356.65,1.19,423.65
649500,192.50,443.75,536.00,637.25,0.00,357.12,1.18,422.90
650000,192.75,444.00,536.25,637.75,0.00,357.12,1.18,422.90
650500,193.00,444.50,536.25,638.25,0.00,357.20,1.19,426.04
651000,193.25,445.00,536.00,638.75,0.00,357.20,1.19,426.04
651500,193.25,445.75,537.25,639.25,0.00,357.99,1.19,426.81
652000,193.75,446.00,537.50,639.50,0.00,357.99,1.19,426.81
652500,193.75,446.50,538.50,640.00,0.00,358.52,1.19,427.69
653000,194.00,447.00,539.25,640.75,0.00,358.52,1.19,427.69
653500,194.25,447.50,540.25,641.00,0.00,357.88,1.19,426.74
654000,194.50,448.00,540.00,641.50,0.00,357.88,1.19,426.74
654500,194.75,448.50,541.00,642.25,0.00,358.23,1.19,426.92
655000,194.75,449.00,540.25,642.50,0.00,358.23,1.19,426.92
655500,195.00,449.25,541.25,643.00,0.00,358.01,1.19,425.90
656000,195.25,449.75,541.50,643.50,0.00,358.01,1.19,425.90
656500,195.50,450.25,542.25,644.00,0.00,357.60,1.19,425.82
657000,195.75,450.75,541.50,644.50,0.00,357.60,1.19,425.82
657500,196.00,451.25,542.75,645.00,0.00,356.91,1.20,426.90
658000,196.25,451.50,542.25,645.50,0.00,356.91,1.20,426.90
658500,196.50,452.00,542.75,646.00,0.00,357.67,1.21,431.51
659000,196.50,452.75,544.00,646.50,0.00,357.67,1.21,431.51
659500,196.75,453.00,544.75,647.00,0.00,358.26,1.21,431.96
660000,197.00,453.50,545.50,647.50,0.00,358.26,1.21,431.96
660500,197.25,454.00,545.50,648.00,0.00,357.07,1.19,425.21
661000,197.50,454.50,546.50,648.25,0.00,357.07,1.19,425.21
661500,197.75,455.00,547.00,649.00,0.00,357.17,1.19,424.38
662000,198.00,455.50,547.75,649.25,0.00,357.17,1.19,424.38
662500,198.25,455.75,548.75,649.75,0.00,356.48,1.20,428.68
663000,198.25,456.50,548.50,650.25,0.00,356.48,1.20,428.68
663500,198.50,457.00,549.25,650.75,0.00,356.37,1.22,433.20
664000,198.75,457.25,550.00,651.25,0.00,356.37,1.22,433.20
664500,199.00,457.75,549.75,651.75,0.00,357.32,1.21,433.27
665000,199.25,458.25,550.50,652.25,0.00,357.32,1.21,433.27
665500,199.50,458.75,551.25,652.75,0.00,358.39,1.22,437.66
666000,199.75,459.00,551.25,653.25,0.00,358.39,1.22,437.66
666500,200.00,459.50,552.00,653.75,0.00,356.77,1.21,431.54
667000,200.25,460.00,552.50,654.00,0.00,356.77,1.21,431.54
667500,200.75,460.50,552.50,654.75,0.00,356.80,1.21,432.93
668000,200.75,461.00,553.25,655.25,0.00,356.80,1.21,432.93
668500,201.25,461.25,554.00,655.50,0.00,356.77,1.21,433.28
669000,201.25,461.75,554.50,656.00,0.00,356.77,1.21,433.28
669500,201.75,462.25,555.00,656.50,0.00,357.84,1.21,434.22
670000,202.00,462.75,555.75,657.00,0.00,357.84,1.21,434.22
670500,202.25,463.25,556.50,657.50,0.00,358.10,1.21,434.40
671000,202.50,463.50,557.00,658.00,0.00,358.10,1.21,434.40
671500,202.75,464.00,557.50,658.50,0.00,357.01,1.21,432.26
672000,203.00,464.50,557.75,658.75,0.00,357.01,1.21,432.26
672500,203.25,464.75,558.50,659.25,0.00,357.09,1.21,431.25
673000,203.50,465.25,559.50,659.75,0.00,357.09,1.21,431.25
673500,203.75,465.75,559.75,660.25,0.00,355.72,1.21,430.58
674000,204.00,466.25,560.25,660.75,0.00,355.72,1.21,430.58
674500,204.50,466.75,561.25,661.25,0.00,356.35,1.19,425.26
675000,204.50,467.25,561.75,661.75,0.00,356.35,1.19,425.26
675500,204.75,467.50,562.25,662.00,0.00,357.93,1.20,428.44
676000,205.25,468.00,562.50,662.75,0.00,357.93,1.20,428.44
676500,205.25,468.50,563.00,663.25,0.00,357.25,1.19,425.97
677000,205.50,469.00,563.50,663.75,0.00,357.25,1.19,425.97
677500,206.00,469.50,564.00,664.25,0.00,358.71,1.19,425.93
678000,206.25,469.75,564.75,664.75,0.00,358.71,1.19,425.93
678500,206.50,470.25,565.75,665.00,0.00,358.50,1.20,429.61
679000,206.75,470.50,566.25,665.50,0.00,358.50,1.20,429.61
679500,207.00,471.00,567.00,666.00,0.00,358.05,1.20,430.75
680000,207.25,471.50,568.00,666.50,0.00,358.05,1.20,430.75
680500,207.25,472.00,569.00,667.00,0.00,356.95,1.21,431.25
681000,207.75,472.50,569.25,667.50,0.00,356.95,1.21,431.25
681500,208.00,473.00,569.75,667.75,0.00,356.81,1.21,432.45
682000,208.25,473.25,570.25,668.50,0.00,356.81,1.21,432.45
682500,208.50,473.75,570.50,668.75,0.00,358.26,1.20,431.66
683000,208.75,474.25,571.00,669.25,0.00,358.26,1.20,431.66
683500,209.00,474.50,571.50,669.75,0.00,358.22,1.20,429.11
684000,209.25,475.00,572.25,670.50,0.00,358.22,1.20,429.11
684500,209.50,475.50,572.50,670.75,0.00,358.28,1.20,429.35
685000,209.75,476.00,573.25,671.25,0.00,358.28,1.20,429.35
685500,210.00,476.25,573.75,671.75,0.00,358.33,1.20,430.31
686000,210.25,476.75,574.50,672.25,0.00,358.33,1.20,430.31
686500,210.50,477.25,575.00,672.50,0.00,358.66,1.20,430.13
687000,210.75,477.75,575.75,673.00,0.00,358.66,1.20,430.13
687500,211.00,478.00,576.25,673.50,0.00,356.79,1.21,430.66
688000,211.25,478.50,577.00,674.00,0.00,356.79,1.21,430.66
688500,211.50,479.00,577.50,674.50,0.00,356.99,1.22,434.87
689000,211.75,479.25,578.00,675.00,0.00,356.99,1.22,434.87
689500,212.00,479.75,578.50,675.50,0.00,356.77,1.21,433.41
690000,212.25,480.25,578.75,676.00,0.00,356.77,1.21,433.41
690500,212.50,480.75,578.75,676.25,0.00,357.41,1.22,436.44
691000,212.50,481.00,579.50,676.75,0.00,357.41,1.22,436.44
691500,212.75,481.50,580.25,677.25,0.00,356.51,1.21,432.01
692000,213.00,482.00,580.75,677.75,0.00,356.51,1.21,432.01
692500,213.25,482.25,581.25,678.25,0.00,356.10,1.21,430.02
693000,213.50,482.75,581.75,678.75,0.00,356.10,1.21,430.02
693500,214.00,483.25,582.50,679.25,0.00,357.73,1.21,433.60
694000,214.25,483.50,583.00,679.75,0.00,357.73,1.21,433.60
694500,214.25,484.00,583.25,680.00,0.00,357.47,1.21,432.86
695000,214.50,484.50,583.50,680.50,0.00,357.47,1.21,432.86
695500,214.75,484.75,584.00,681.00,0.00,358.00,1.21,431.99
696000,215.00,485.25,584.75,681.50,0.00,358.00,1.21,431.99
696500,215.25,485.75,585.50,682.00,0.00,358.10,1.21,433.24
697000,215.50,486.00,586.00,682.25,0.00,358.10,1.21,433.24
697500,215.75,486.50,586.50,683.00,0.00,358.49,1.21,435.37
698000,216.00,487.00,587.25,683.50,0.00,358.49,1.21,435.37
698500,216.25,487.25,587.75,684.00,0.00,358.62,1.22,436.51
699000,216.50,487.75,588.25,684.25,0.00,358.62,1.22,436.51
699500,216.75,488.25,589.00,684.75,0.00,357.19,1.22,436.75
700000,217.00,488.50,589.50,685.50,0.00,357.19,1.22,436.75
700500,217.25,489.00,589.75,685.75,0.00,357.82,1.22,438.19
701000,217.50,489.50,590.50,686.25,0.00,357.82,1.22,438.19
701500,217.75,489.75,591.00,686.75,0.00,358.07,1.24,442.58
702000,218.00,490.25,591.75,687.25,0.00,358.07,1.24,442.58
702500,218.25,490.75,592.25,687.75,0.00,356.76,1.23,439.96
703000,218.25,491.00,593.00,688.00,0.00,356.76,1.23,439.96
703500,218.50,491.50,593.75,688.75,0.00,357.92,1.22,437.77
704000,218.75,491.75,594.50,689.00,0.00,357.92,1.22,437.77
704500,219.00,492.25,595.00,689.50,0.00,358.13,1.21,433.60
705000,219.25,492.50,595.50,690.00,0.00,358.13,1.21,433.60
705500,219.50,493.25,596.25,690.25,0.00,358.99,1.20,432.32
706000,219.75,493.50,596.75,691.00,0.00,358.99,1.20,432.32
706500,220.00,493.75,597.25,691.50,0.00,356.77,1.21,431.24
707000,220.00,494.25,597.75,692.00,0.00,356.77,1.21,431.24
707500,220.25,494.75,598.25,692.25,0.00,358.54,1.21,432.32
708000,220.50,495.00,599.00,692.75,0.00,358.54,1.21,432.32
708500,220.50,495.50,599.50,693.25,0.00,357.85,1.20,429.42
709000,220.75,496.00,600.00,693.50,0.00,357.85,1.20,429.42
709500,221.00,496.50,600.50,694.00,0.00,357.74,1.20,428.08
710000,221.25,496.50,601.25,694.50,0.00,357.74,1.20,428.08
710500,221.50,497.00,601.75,695.00,0.00,358.86,1.20,431.21
711000,221.75,497.50,602.25,695.75,0.00,358.86,1.20,431.21
711500,221.75,498.00,602.75,696.00,0.00,358.36,1.21,433.39
712000,222.00,498.25,603.50,696.25,0.00,358.36,1.21,433.39
712500,222.25,498.75,604.00,696.75,0.00,357.72,1.21,433.27
713000,222.50,499.25,604.50,697.50,0.00,357.72,1.21,433.27
713500,222.50,499.50,605.00,697.75,0.00,357.77,1.22,434.90
714000,222.75,499.75,605.75,698.25,0.00,357.77,1.22,434.90
714500,223.00,500.25,606.25,698.75,0.00,358.06,1.21,434.43
715000,223.25,500.75,606.75,699.00,0.00,358.06,1.21,434.43
715500,223.50,501.00,607.25,699.50,0.00,358.36,1.22,436.40
716000,223.75,501.50,607.75,700.00,0.00,358.36,1.22,436.40
716500,223.75,501.75,608.25,700.50,0.00,358.53,1.21,435.61
717000,224.00,502.25,608.50,701.00,0.00,358.53,1.21,435.61
717500,224.25,502.50,609.00,701.50,0.00,356.16,1.22,432.98
718000,224.50,503.00,609.75,702.00,0.00,356.16,1.22,432.98
718500,224.50,503.25,610.25,702.25,0.00,358.24,1.22,436.08
719000,224.75,503.75,610.75,702.75,0.00,358.24,1.22,436.08
719500,225.00,504.25,611.25,703.25,0.00,358.06,1.21,434.81
720000,225.25,504.50,611.75,703.50,0.00,358.06,1.21,434.81
720500,225.25,505.00,612.25,704.00,0.00,357.70,1.22,435.72
721000,225.50,505.50,612.75,704.50,0.00,357.70,1.22,435.72
721500,225.75,505.75,613.25,705.00,0.00,357.47,1.21,432.93
722000,226.00,506.00,613.75,705.25,0.00,357.47,1.21,432.93
722500,226.25,506.50,614.25,705.75,0.00,357.98,1.21,433.69
723000,226.50,507.00,614.50,706.25,0.00,357.98,1.21,433.69
723500,226.75,507.50,615.25,706.75,0.00,357.68,1.22,434.75
724000,226.75,507.75,616.00,707.25,0.00,357.68,1.22,434.75
724500,227.00,508.25,616.50,707.50,0.00,357.81,1.21,433.99
725000,227.25,508.50,617.25,708.00,0.00,357.81,1.21,433.99
725500,227.50,509.00,617.75,708.50,0.00,358.29,1.22,437.20
726000,227.75,509.50,618.50,709.00,0.00,358.29,1.22,437.20
726500,228.00,509.75,619.25,709.25,0.00,357.79,1.21,434.14
727000,228.25,510.25,619.75,709.75,0.00,357.79,1.21,434.14
727500,228.50,510.75,620.25,710.25,0.00,358.14,1.22,436.13
728000,228.75,511.00,620.75,710.75,0.00,358.14,1.22,436.13
728500,229.00,511.25,621.25,711.00,0.00,358.73,1.22,436.20
729000,229.25,511.75,621.75,711.50,0.00,358.73,1.22,436.20
729500,229.25,512.25,622.50,712.00,0.00,358.56,1.22,435.77
730000,229.50,512.50,623.00,712.50,0.00,358.56,1.22,435.77
730500,230.00,513.00,623.50,712.75,0.00,358.05,1.22,435.38
731000,230.00,513.25,624.00,713.25,0.00,358.05,1.22,435.38
731500,230.25,513.75,624.50,713.75,0.00,356.07,1.23,439.55
732000,230.50,514.25,625.00,714.00,0.00,356.07,1.23,439.55
732500,230.75,514.50,625.50,714.50,0.00,357.59,1.23,440.64
733000,231.00,515.00,626.25,715.00,0.00,357.59,1.23,440.64
733500,231.25,515.25,626.75,715.25,0.00,357.21,1.23,440.89
734000,231.50,515.75,627.25,715.75,0.00,357.21,1.23,440.89
734500,231.75,516.00,627.75,716.25,0.00,358.09,1.24,443.10
735000,232.00,516.50,628.25,716.50,0.00,358.09,1.24,443.10
735500,232.00,517.00,628.75,717.25,0.00,358.07,1.24,443.03
736000,232.50,517.25,629.25,717.25,0.00,358.07,1.24,443.03
736500,232.50,517.50,630.00,718.00,0.00,357.37,1.24,441.79
737000,232.75,518.00,630.50,718.25,0.00,357.37,1.24,441.79
737500,233.00,518.50,631.00,718.75,0.00,358.49,1.24,444.45
738000,233.50,518.75,631.50,719.25,0.00,358.49,1.24,444.45
738500,233.50,519.25,632.00,719.50,0.00,359.10,1.24,444.53
739000,233.75,519.75,632.50,720.00,0.00,359.10,1.24,444.53
739500,234.00,520.00,633.00,720.50,0.00,358.95,1.24,444.05
740000,234.25,520.50,633.50,721.00,0.00,358.95,1.24,444.05
740500,234.50,520.75,634.00,721.25,0.00,358.10,1.23,442.08
741000,234.75,521.25,634.50,721.50,0.00,358.10,1.23,442.08
741500,235.00,521.50,635.00,722.00,0.00,358.02,1.24,442.86
742000,235.25,522.00,635.25,722.75,0.00,358.02,1.24,442.86
742500,235.50,522.25,636.00,723.00,0.00,357.99,1.23,440.92
743000,235.75,522.75,636.25,723.25,0.00,357.99,1.23,440.92
743500,236.00,523.00,637.00,724.00,0.00,358.30,1.21,435.28
744000,236.25,523.25,637.25,724.25,0.00,358.30,1.21,435.28
744500,236.50,523.75,637.75,724.75,0.00,357.37,1.22,436.73
745000,236.75,524.25,638.50,725.00,0.00,357.37,1.22,436.73
745500,237.00,524.50,638.75,725.50,0.00,357.46,1.22,435.01
746000,237.25,524.75,639.25,726.00,0.00,357.46,1.22,435.01
746500,237.25,525.25,639.75,726.25,0.00,358.73,1.22,437.37
747000,237.75,525.50,640.25,726.75,0.00,358.73,1.22,437.37
747500,237.75,526.00,640.50,727.00,0.00,358.27,1.23,439.94
748000,238.00,526.25,641.25,727.50,0.00,358.27,1.23,439.94
748500,238.25,526.75,641.75,727.75,0.00,356.66,1.23,437.55
749000,238.50,527.00,642.25,728.25,0.00,356.66,1.23,437.55
749500,238.75,527.50,642.50,728.50,0.00,355.43,1.22,434.46
750000,239.00,528.00,643.00,729.00,0.00,355.43,1.22,434.46
750500,239.00,528.25,643.50,729.25,0.00,357.75,1.23,439.41
751000,239.25,528.75,644.00,729.75,0.00,357.75,1.23,439.41
751500,239.50,529.25,644.50,730.00,0.00,358.14,1.23,441.34
752000,239.75,529.50,645.00,730.50,0.00,358.14,1.23,441.34
752500,240.00,529.75,645.50,730.75,0.00,358.14,1.22,438.34
753000,240.25,530.25,645.75,731.00,0.00,358.14,1.22,438.34
753500,240.50,530.50,646.50,731.50,0.00,357.83,1.22,437.97
754000,240.50,531.00,647.00,732.00,0.00,357.83,1.22,437.97
754500,240.75,531.25,647.25,732.00,0.00,357.24,1.22,435.20
755000,241.00,531.75,647.75,732.75,0.00,357.24,1.22,435.20
755500,241.25,532.00,648.25,733.00,0.00,356.81,1.21,433.53
756000,241.50,532.50,648.75,733.25,0.00,356.81,1.21,433.53
756500,241.75,532.75,649.25,733.50,0.00,357.61,1.21,433.30
757000,242.00,533.25,649.75,734.00,0.00,357.61,1.21,433.30
757500,242.25,533.50,650.25,734.50,0.00,358.49,1.21,433.74
758000,242.25,534.00,650.75,734.75,0.00,358.49,1.21,433.74
758500,242.75,534.25,651.00,735.00,0.00,358.27,1.20,431.40
759000,242.75,534.75,651.50,735.50,0.00,358.27,1.20,431.40
759500,243.00,535.00,652.00,736.00,0.00,358.23,1.21,432.46
760000,243.25,535.50,652.50,736.25,0.00,358.23,1.21,432.46
760500,243.50,535.75,653.00,736.75,0.00,357.69,1.22,436.18
761000,243.75,536.25,653.50,737.25,0.00,357.69,1.22,436.18
761500,243.75,536.50,654.00,737.50,0.00,358.38,1.22,436.41
762000,244.00,537.00,654.50,738.00,0.00,358.38,1.22,436.41
762500,244.25,537.25,654.75,738.25,0.00,357.71,1.22,434.68
763000,244.75,537.75,655.25,738.75,0.00,357.71,1.22,434.68
763500,244.75,538.00,655.75,739.00,0.00,356.31,1.22,434.22
764000,245.00,538.50,656.25,739.50,0.00,356.31,1.22,434.22
764500,245.25,538.75,656.50,739.75,0.00,357.79,1.23,441.12
765000,245.50,539.25,657.00,740.25,0.00,357.79,1.23,441.12
765500,245.75,539.75,657.75,740.50,0.00,357.62,1.22,437.68
766000,246.00,539.75,658.00,741.00,0.00,357.62,1.22,437.68
766500,246.25,540.25,658.50,741.25,0.00,358.54,1.22,437.75
767000,246.50,540.50,659.00,741.75,0.00,358.54,1.22,437.75
767500,246.75,541.00,659.25,742.25,0.00,358.68,1.22,435.93
768000,247.00,541.25,659.75,742.50,0.00,358.68,1.22,435.93
768500,247.25,541.75,660.25,743.00,0.00,359.13,1.21,435.86
769000,247.50,542.00,660.75,743.25,0.00,359.13,1.21,435.86
769500,247.75,542.50,661.00,743.50,0.00,357.66,1.22,435.13
770000,248.00,542.75,661.50,744.00,0.00,357.66,1.22,435.13
770500,247.75,543.00,661.75,744.50,0.00,357.84,1.22,435.41
771000,248.50,543.50,662.50,744.75,0.00,357.84,1.22,435.41
771500,248.75,544.00,662.75,745.25,0.00,357.65,1.22,436.31
772000,248.75,544.25,663.25,745.75,0.00,357.65,1.22,436.31
772500,249.00,544.75,663.75,746.00,0.00,357.81,1.23,438.60
773000,249.50,545.00,664.25,746.50,0.00,357.81,1.23,438.60
773500,249.50,545.50,664.50,746.75,0.00,357.69,1.23,438.65
774000,249.75,545.75,665.25,747.50,0.00,357.69,1.23,438.65
774500,250.00,546.25,665.50,747.50,0.00,357.72,1.22,438.06
775000,250.25,546.75,666.00,748.00,0.00,357.72,1.22,438.06
775500,250.50,547.00,666.50,748.25,0.00,357.75,1.22,437.82
776000,250.75,547.50,667.00,748.75,0.00,357.75,1.22,437.82
776500,251.00,547.75,667.50,749.00,0.00,357.93,1.22,437.57
777000,251.25,548.25,668.00,749.50,0.00,357.93,1.22,437.57
777500,251.50,548.50,668.25,750.00,0.00,358.05,1.21,431.59
778000,251.75,549.00,668.75,750.25,0.00,358.05,1.21,431.59
778500,252.00,549.25,669.25,750.50,0.00,357.29,1.21,432.56
779000,252.25,549.75,669.50,751.00,0.00,357.29,1.21,432.56
779500,252.50,550.00,670.00,751.75,0.00,357.75,1.21,431.22
780000,252.75,550.50,670.50,751.75,0.00,357.75,1.21,431.22
780500,253.25,550.75,671.00,752.50,0.00,357.19,1.21,432.28
781000,253.25,551.00,671.50,752.75,0.00,357.19,1.21,432.28
781500,253.50,551.50,671.75,753.00,0.00,358.55,1.20,431.99
782000,253.75,551.75,672.25,753.25,0.00,358.55,1.20,431.99
782500,254.00,552.25,672.75,754.00,0.00,357.92,1.22,434.96
783000,254.25,552.75,673.00,754.25,0.00,357.92,1.22,434.96
783500,254.50,553.25,673.50,754.75,0.00,356.57,1.22,436.75
784000,254.75,553.50,674.00,755.00,0.00,356.57,1.22,436.75
784500,255.00,553.75,674.50,755.50,0.00,358.33,1.22,438.69
785000,255.25,554.25,674.75,755.75,0.00,358.33,1.22,438.69
785500,255.50,554.50,675.25,756.00,0.00,356.92,1.22,433.74
786000,255.75,555.00,675.75,756.50,0.00,356.92,1.22,433.74
786500,255.00,555.25,676.00,756.50,0.00,357.72,1.22,435.50
787000,256.25,555.75,676.50,757.25,0.00,357.72,1.22,435.50
787500,256.50,556.00,677.00,757.75,0.00,357.59,1.21,431.98
788000,256.50,556.50,677.25,758.00,0.00,357.59,1.21,431.98
788500,257.00,556.75,677.75,758.75,0.00,358.08,1.20,431.09
789000,257.25,557.25,678.25,759.00,0.00,358.08,1.20,431.09
789500,257.50,557.50,678.75,759.00,0.00,357.70,1.21,432.44
790000,257.75,558.00,679.00,759.50,0.00,357.70,1.21,432.44
790500,258.00,558.25,679.50,760.25,0.00,357.16,1.21,430.54
791000,258.25,558.75,680.00,760.50,0.00,357.16,1.21,430.54
791500,258.50,559.00,680.50,761.00,0.00,357.50,1.21,433.24
792000,258.75,559.25,680.75,761.25,0.00,357.50,1.21,433.24
792500,259.00,559.75,681.25,761.50,0.00,358.61,1.23,439.48
793000,259.25,560.00,681.75,762.00,0.00,358.61,1.23,439.48
793500,259.50,560.50,682.25,762.25,0.00,357.63,1.22,434.68
794000,259.75,561.00,682.50,762.75,0.00,357.63,1.22,434.68
794500,260.00,561.25,683.00,763.25,0.00,357.48,1.22,435.31
795000,260.25,561.75,683.50,763.50,0.00,357.48,1.22,435.31
795500,260.50,562.00,684.00,764.00,0.00,353.25,1.21,425.71
796000,260.75,562.50,684.25,764.50,0.00,353.25,1.21,425.71
796500,261.00,562.75,684.75,764.75,0.00,362.01,1.21,439.03
797000,261.00,563.25,685.25,765.00,0.00,362.01,1.21,439.03
797500,261.25,563.50,685.50,765.50,0.00,359.77,1.21,436.84
798000,261.75,563.75,686.00,766.00,0.00,359.77,1.21,436.84
798500,262.00,564.25,686.50,766.25,0.00,358.08,1.21,433.37
799000,262.00,564.75,686.75,766.50,0.00,358.08,1.21,433.37
799500,262.50,565.00,687.25,767.00,0.00,358.07,1.22,437.01
800000,262.75,565.25,687.75,767.25,0.00,358.07,1.22,437.01
800500,263.00,565.75,688.00,767.50,0.00,358.43,1.22,438.28
801000,263.25,566.00,688.50,768.25,0.00,358.43,1.22,438.28
801500,263.50,566.50,689.00,768.50,0.00,358.40,1.22,438.50
802000,263.50,566.75,689.50,769.00,0.00,358.40,1.22,438.50
802500,263.75,567.00,689.75,769.25,0.00,353.32,1.21,429.08
803000,264.00,567.50,690.25,769.75,0.00,353.32,1.21,429.08
803500,264.25,568.00,690.75,770.00,0.00,361.91,1.21,438.63
804000,264.50,568.25,691.25,770.25,0.00,361.91,1.21,438.63
804500,264.75,568.50,691.50,770.75,0.00,358.30,1.21,434.29
805000,265.00,569.00,692.00,771.00,0.00,358.30,1.21,434.29
805500,265.25,569.25,692.50,771.50,0.00,358.39,1.21,432.74
806000,265.50,569.50,693.00,771.75,0.00,358.39,1.21,432.74
806500,265.75,570.00,693.25,772.00,0.00,357.31,1.22,434.67
807000,266.00,570.50,693.50,772.75,0.00,357.31,1.22,434.67
807500,266.25,570.75,694.00,773.00,0.00,357.78,1.22,435.53
808000,266.50,571.00,694.50,773.50,0.00,357.78,1.22,435.53
808500,266.75,571.25,695.00,773.75,0.00,358.41,1.22,435.89
809000,267.00,571.75,695.50,774.00,0.00,358.41,1.22,435.89
809500,267.25,572.25,696.00,774.50,0.00,357.73,1.21,432.72
810000,267.50,572.50,696.25,774.75,0.00,357.73,1.21,432.72
810500,267.75,572.75,696.75,775.50,0.00,357.83,1.20,430.43
811000,268.00,573.25,697.25,775.75,0.00,357.83,1.20,430.43
811500,268.25,573.50,697.50,776.25,0.00,358.34,1.21,432.01
812000,268.25,574.00,698.00,777.00,0.00,358.34,1.21,432.01
812500,268.50,574.25,698.50,777.50,0.00,358.21,1.21,432.87
813000,268.75,574.75,699.00,777.75,0.00,358.21,1.21,432.87
813500,269.00,575.00,699.25,778.25,0.00,357.83,1.22,437.16
814000,269.25,575.25,699.75,778.75,0.00,357.83,1.22,437.16
814500,269.50,575.75,700.25,779.50,0.00,358.04,1.21,433.63
815000,269.75,576.25,700.50,NaN,0.00,358.04,1.21,433.63
815500,270.00,576.50,700.75,NaN,0.00,346.00,1.22,420.60
816000,270.25,576.75,701.25,NaN,0.00,346.00,1.22,420.60
816500,270.50,577.25,701.75,NaN,0.00,355.22,1.20,425.91
817000,270.75,577.75,702.25,NaN,0.00,355.22,1.20,425.91
817500,271.00,578.00,702.50,NaN,0.00,355.88,1.20,426.77
818000,271.25,578.25,703.00,NaN,0.00,355.88,1.20,426.77
818500,271.50,578.50,703.25,NaN,0.00,356.53,1.20,428.60
819000,271.75,579.00,703.75,NaN,0.00,356.53,1.20,428.60
819500,272.00,579.50,704.25,NaN,0.00,356.35,1.19,422.45
820000,272.00,579.75,704.75,NaN,0.00,356.35,1.19,422.45
820500,272.50,580.00,705.00,NaN,0.00,356.33,1.18,420.07
821000,272.50,580.50,705.50,NaN,0.00,356.33,1.18,420.07
821500,273.00,580.75,705.75,NaN,0.00,357.23,1.17,418.55
822000,273.00,581.00,706.00,NaN,0.00,357.23,1.17,418.55
822500,273.25,581.50,706.50,NaN,0.00,357.41,1.16,414.20
823000,273.50,582.00,707.00,NaN,0.00,357.41,1.16,414.20
823500,273.75,582.25,707.50,NaN,0.00,356.94,1.14,405.91
824000,274.00,582.75,708.00,NaN,0.00,356.94,1.14,405.91
824500,274.25,583.00,708.25,NaN,0.00,358.02,1.13,403.33
825000,274.50,583.25,708.75,NaN,0.00,358.02,1.13,403.33
825500,274.75,583.75,709.00,NaN,0.00,357.24,1.13,403.87
826000,275.00,584.00,709.50,NaN,0.00,357.24,1.13,403.87
826500,275.25,584.25,709.75,NaN,0.00,355.41,1.12,399.35
827000,275.50,584.75,710.25,NaN,0.00,355.41,1.12,399.35
827500,275.75,585.25,710.75,NaN,0.00,356.42,1.12,399.26
828000,276.00,585.50,711.25,NaN,0.00,356.42,1.12,399.26
828500,276.25,585.75,711.50,NaN,0.00,357.58,1.12,400.11
829000,276.50,586.25,711.75,NaN,0.00,357.58,1.12,400.11
829500,276.75,586.50,712.50,NaN,0.00,357.90,1.12,399.23
830000,277.00,587.00,712.75,NaN,0.00,357.90,1.12,399.23
830500,277.25,587.25,713.25,NaN,0.00,357.69,1.10,394.75
831000,277.50,587.75,713.50,NaN,0.00,357.69,1.10,394.75
831500,277.75,588.00,714.00,NaN,0.00,359.03,1.08,388.46
832000,278.00,588.25,714.25,NaN,0.00,359.03,1.08,388.46
832500,278.25,588.75,714.75,NaN,0.00,358.06,1.07,384.81
833000,278.50,589.00,715.25,NaN,0.00,358.06,1.07,384.81
833500,278.75,589.50,715.50,NaN,0.00,357.50,1.06,379.52
834000,278.75,589.75,716.00,NaN,0.00,357.50,1.06,379.52
834500,279.25,590.00,716.25,NaN,0.00,355.95,1.01,361.09
835000,279.50,590.50,716.75,NaN,0.00,355.95,1.01,361.09
835500,279.75,590.75,717.00,NaN,0.00,357.62,1.01,360.08
836000,279.75,591.00,717.50,NaN,0.00,357.62,1.01,360.08
836500,280.25,591.50,718.00,NaN,0.00,356.95,0.98,351.41
837000,280.50,592.00,718.50,NaN,0.00,356.95,0.98,351.41
837500,280.50,592.25,718.75,NaN,0.00,356.60,0.96,343.42
838000,280.75,592.50,719.25,NaN,0.00,356.60,0.96,343.42
838500,281.25,593.00,719.50,NaN,0.00,358.12,0.94,335.61
839000,281.25,593.25,720.00,NaN,0.00,358.12,0.94,335.61
839500,281.75,593.75,720.25,NaN,0.00,357.88,0.91,325.44
840000,282.00,594.00,720.75,NaN,0.00,357.88,0.91,325.44
840500,282.00,594.25,721.25,NaN,0.00,358.73,0.89,318.26
841000,282.50,594.75,721.75,NaN,0.00,358.73,0.89,318.26
841500,282.75,595.00,722.00,NaN,0.00,358.56,0.87,311.78
842000,283.00,595.50,722.25,NaN,0.00,358.56,0.87,311.78
842500,283.00,595.75,722.75,NaN,0.00,356.76,0.84,299.58
843000,283.50,596.25,723.25,NaN,0.00,356.76,0.84,299.58
843500,283.75,596.50,723.50,NaN,0.00,356.05,0.84,297.98
844000,284.00,596.75,724.00,NaN,0.00,356.05,0.84,297.98
844500,284.00,597.00,724.50,NaN,0.00,356.35,0.82,293.03
845000,284.50,597.50,725.00,NaN,0.00,356.35,0.82,293.03
845500,284.75,598.00,725.25,NaN,0.00,357.45,0.80,285.51
846000,285.00,598.25,725.50,NaN,0.00,357.45,0.80,285.51
846500,285.25,598.75,726.00,NaN,0.00,358.72,0.79,284.88
847000,285.50,599.00,726.50,NaN,0.00,358.72,0.79,284.88
847500,285.75,599.25,727.00,NaN,0.00,357.94,0.79,283.38
848000,286.00,599.75,727.25,NaN,0.00,357.94,0.79,283.38
848500,286.25,600.00,727.75,NaN,0.00,356.54,0.78,279.68
849000,286.50,600.50,728.25,NaN,0.00,356.54,0.78,279.68
849500,286.75,600.75,728.50,NaN,0.00,357.76,0.78,277.74
850000,287.00,601.00,728.75,NaN,0.00,357.76,0.78,277.74
850500,287.25,601.50,729.25,NaN,0.00,356.93,0.77,275.88
851000,287.50,601.75,729.75,NaN,0.00,356.93,0.77,275.88
851500,287.75,602.25,730.25,NaN,0.00,355.95,0.76,272.28
852000,288.00,602.50,730.50,NaN,0.00,355.95,0.76,272.28
852500,288.25,602.75,731.00,NaN,0.00,355.87,0.76,271.72
853000,288.50,603.25,731.25,NaN,0.00,355.87,0.76,271.72
853500,288.75,603.75,731.75,NaN,0.00,357.76,0.76,273.05
854000,289.00,604.00,732.00,NaN,0.00,357.76,0.76,273.05
854500,289.25,604.25,732.50,NaN,0.00,358.65,0.76,273.30
855000,289.50,604.75,733.00,NaN,0.00,358.65,0.76,273.30
855500,289.75,605.00,733.25,NaN,0.00,357.97,0.76,273.10
856000,290.00,605.50,733.75,NaN,0.00,357.97,0.76,273.10
856500,290.25,605.75,734.00,NaN,0.00,358.67,0.76,273.72
857000,290.50,606.00,734.50,NaN,0.00,358.67,0.76,273.72
857500,290.75,606.50,734.75,NaN,0.00,357.33,0.76,271.75
858000,291.00,606.75,735.25,NaN,0.00,357.33,0.76,271.75
858500,291.25,607.25,735.75,NaN,0.00,356.12,0.75,268.38
859000,291.50,607.50,736.00,NaN,0.00,356.12,0.75,268.38
859500,291.75,607.75,736.50,NaN,0.00,356.01,0.74,262.72
860000,292.00,608.25,736.75,NaN,0.00,356.01,0.74,262.72
860500,292.25,608.50,737.25,NaN,0.00,357.75,0.75,267.49
861000,292.50,609.00,737.50,NaN,0.00,357.75,0.75,267.49
861500,292.75,609.25,738.00,NaN,0.00,353.74,0.74,261.27
862000,293.00,609.50,738.50,NaN,0.00,353.74,0.74,261.27
862500,293.25,610.00,739.00,NaN,0.00,361.44,0.74,268.79
863000,293.50,610.25,739.25,NaN,0.00,361.44,0.74,268.79
863500,293.75,610.75,739.75,NaN,0.00,359.02,0.73,263.35
864000,294.00,611.00,740.00,NaN,0.00,359.02,0.73,263.35
864500,294.25,611.25,740.50,NaN,0.00,348.77,0.74,256.91
865000,294.50,611.75,740.75,NaN,0.00,348.77,0.74,256.91
865500,294.75,612.25,741.25,NaN,0.00,361.30,0.73,265.39
866000,295.00,612.50,741.50,NaN,0.00,361.30,0.73,265.39
866500,295.25,613.00,NaN,NaN,0.00,358.84,0.74,264.03
867000,295.50,613.25,742.50,NaN,0.00,358.84,0.74,264.03
867500,295.75,613.50,NaN,NaN,0.00,361.93,0.73,265.30
868000,296.00,613.75,NaN,NaN,0.00,361.93,0.73,265.30
868503,296.25,614.25,NaN,NaN,0.00,344.51,0.73,253.00
869200,296.75,614.75,NaN,NaN,0.00,389.02,0.73,284.41
869700,296.75,615.25,744.75,NaN,0.00,389.02,0.73,284.41
870202,296.50,615.25,NaN,NaN,0.00,362.40,0.72,261.17
870702,297.50,615.75,NaN,NaN,0.00,362.40,0.72,261.17
871206,297.75,616.25,NaN,NaN,0.00,358.18,0.73,259.70
871706,298.00,616.50,NaN,NaN,0.00,358.18,0.73,259.70
872209,298.25,616.75,NaN,NaN,0.00,357.36,0.72,257.12
872709,298.50,617.25,NaN,NaN,0.00,357.36,0.72,257.12
873214,298.75,617.50,NaN,NaN,0.00,357.29,0.72,256.24
873714,299.00,618.00,NaN,NaN,0.00,357.29,0.72,256.24
874217,299.25,618.25,NaN,NaN,0.00,356.86,0.72,257.27
874717,299.50,618.75,NaN,NaN,0.00,356.86,0.72,257.27
875223,299.75,619.00,NaN,NaN,0.00,356.36,0.71,253.64
875723,300.00,619.25,NaN,NaN,0.00,356.36,0.71,253.64
876226,300.25,619.75,NaN,NaN,0.00,355.97,0.71,253.14
876726,300.50,620.00,NaN,NaN,0.00,355.97,0.71,253.14
877229,300.75,620.50,NaN,NaN,0.00,356.28,0.71,254.25
877729,301.00,620.75,NaN,NaN,0.00,356.28,0.71,254.25
878232,301.25,621.00,NaN,NaN,0.00,356.15,0.71,252.69
878732,301.50,621.50,NaN,NaN,0.00,356.15,0.71,252.69
879235,301.75,621.75,NaN,NaN,0.00,356.23,0.70,250.59
879735,302.00,622.25,NaN,NaN,0.00,356.23,0.70,250.59
880238,302.25,622.50,NaN,NaN,0.00,356.46,0.71,252.69
880738,302.50,622.75,NaN,NaN,0.00,356.46,0.71,252.69
881241,302.75,623.25,NaN,NaN,0.00,356.56,0.70,250.98
881741,303.00,623.50,NaN,NaN,0.00,356.56,0.70,250.98
882244,303.25,624.00,NaN,NaN,0.00,356.73,0.71,251.73
882744,303.50,624.25,NaN,NaN,0.00,356.73,0.71,251.73
883247,303.75,624.50,NaN,NaN,0.00,356.37,0.70,249.80
883747,304.00,624.75,NaN,NaN,0.00,356.37,0.70,249.80
884250,304.50,625.25,NaN,NaN,0.00,356.74,0.70,251.10
884750,304.75,625.50,NaN,NaN,0.00,356.74,0.70,251.10
885253,305.00,626.00,NaN,NaN,0.00,357.24,0.70,248.82
885753,305.25,626.50,NaN,NaN,0.00,357.24,0.70,248.82
886256,305.50,626.75,NaN,NaN,0.00,355.95,0.70,248.84
886756,305.50,627.25,NaN,NaN,0.00,355.95,0.70,248.84
887259,306.00,627.25,NaN,NaN,0.00,356.45,0.70,248.46
887759,306.00,627.75,NaN,NaN,0.00,356.45,0.70,248.46
888262,306.50,628.00,NaN,NaN,0.00,355.94,0.69,246.71
888762,306.75,628.50,NaN,NaN,0.00,355.94,0.69,246.71
889265,307.00,628.75,NaN,NaN,0.00,355.82,0.69,246.05
889765,307.25,629.00,NaN,NaN,0.00,355.82,0.69,246.05
890268,307.50,629.50,NaN,NaN,0.00,356.57,0.69,245.64
890768,307.75,629.75,NaN,NaN,0.00,356.57,0.69,245.64
891273,308.00,630.25,NaN,NaN,0.00,357.45,0.69,245.07
891773,308.25,630.50,NaN,NaN,0.00,357.45,0.69,245.07
892278,308.50,631.00,NaN,NaN,0.00,357.75,0.68,244.45
892778,308.75,631.25,NaN,NaN,0.00,357.75,0.68,244.45
893284,309.25,631.50,NaN,NaN,0.00,358.65,0.69,245.89
893784,309.25,632.00,NaN,NaN,0.00,358.65,0.69,245.89
894289,309.75,632.25,NaN,NaN,0.00,358.25,0.68,244.90
894789,310.00,632.75,NaN,NaN,0.00,358.25,0.68,244.90
895292,310.25,633.00,NaN,NaN,0.00,357.41,0.69,245.85
895792,310.50,633.50,NaN,NaN,0.00,357.41,0.69,245.85
896297,310.75,633.75,NaN,NaN,0.00,357.90,0.69,245.66
896797,311.00,634.00,NaN,NaN,0.00,357.90,0.69,245.66
897300,311.00,634.50,NaN,NaN,0.00,357.77,0.68,241.96
897800,311.25,634.75,NaN,NaN,0.00,357.77,0.68,241.96
898306,311.75,635.25,NaN,NaN,0.00,358.26,0.67,241.25
898806,312.00,635.50,NaN,NaN,0.00,358.26,0.67,241.25
899309,312.25,636.00,NaN,NaN,0.00,357.41,0.67,240.82
899809,312.50,636.25,NaN,NaN,0.00,357.41,0.67,240.82
900314,312.75,636.50,NaN,NaN,0.00,357.46,0.67,240.64
900814,313.00,636.75,NaN,NaN,0.00,357.46,0.67,240.64
901317,313.25,637.25,NaN,NaN,0.00,355.72,0.67,238.16
901817,313.50,637.50,NaN,NaN,0.00,355.72,0.67,238.16
902320,314.00,638.00,NaN,NaN,0.00,355.74,0.67,237.84
902820,314.00,638.25,NaN,NaN,0.00,355.74,0.67,237.84
903323,314.50,638.50,NaN,NaN,0.00,356.11,0.66,236.44
903823,314.50,639.00,NaN,NaN,0.00,356.11,0.66,236.44
904326,315.00,639.25,NaN,NaN,0.00,356.42,0.66,234.60
904826,315.00,639.50,NaN,NaN,0.00,356.42,0.66,234.60
905329,315.50,640.00,NaN,NaN,0.00,357.25,0.66,235.71
905829,315.75,640.50,NaN,NaN,0.00,357.25,0.66,235.71
906332,316.00,640.75,NaN,NaN,0.00,356.95,0.66,234.13
906832,316.25,641.00,NaN,NaN,0.00,356.95,0.66,234.13
907338,316.50,641.50,NaN,NaN,0.00,356.46,0.65,232.63
907838,316.75,641.75,NaN,NaN,0.00,356.46,0.65,232.63
908343,317.00,642.25,NaN,NaN,0.00,357.14,0.65,230.60
908843,317.25,642.50,NaN,NaN,0.00,357.14,0.65,230.60
909348,317.50,642.75,NaN,NaN,0.00,357.71,0.64,229.97
909848,317.75,643.00,NaN,NaN,0.00,357.71,0.64,229.97
910351,318.00,643.50,NaN,NaN,0.00,356.71,0.64,227.19
910851,318.50,643.75,NaN,NaN,0.00,356.71,0.64,227.19
911356,318.75,644.25,NaN,NaN,0.00,356.85,0.64,227.73
911856,319.00,644.50,NaN,NaN,0.00,356.85,0.64,227.73
912359,319.25,645.00,NaN,NaN,0.00,355.80,0.64,226.17
912859,319.50,645.25,NaN,NaN,0.00,355.80,0.64,226.17
913364,319.75,645.50,NaN,NaN,0.00,357.76,0.63,224.01
913864,320.00,645.75,NaN,NaN,0.00,357.76,0.63,224.01
914367,320.25,646.25,NaN,NaN,0.00,356.94,0.63,224.66
914867,320.50,646.50,NaN,NaN,0.00,356.94,0.63,224.66
915373,320.75,647.00,NaN,NaN,0.00,357.88,0.63,224.52
915873,321.00,647.25,NaN,NaN,0.00,357.88,0.63,224.52
916376,321.25,647.75,NaN,NaN,0.00,356.44,0.63,223.10
916876,321.50,648.00,NaN,NaN,0.00,356.44,0.63,223.10
917379,322.00,648.25,NaN,NaN,0.00,356.38,0.63,223.50
917879,322.25,648.50,NaN,NaN,0.00,356.38,0.63,223.50
918382,322.25,649.00,NaN,NaN,0.00,356.48,0.62,222.22
918882,322.75,649.25,NaN,NaN,0.00,356.48,0.62,222.22
919385,323.00,649.50,NaN,NaN,0.00,356.08,0.62,222.05
919885,323.25,650.00,NaN,NaN,0.00,356.08,0.62,222.05
920388,323.50,650.50,NaN,NaN,0.00,356.01,0.62,220.44
920888,323.50,650.75,NaN,NaN,0.00,356.01,0.62,220.44
921391,324.00,651.00,NaN,NaN,0.00,355.97,0.62,220.22
921891,324.25,651.50,NaN,NaN,0.00,355.97,0.62,220.22
922394,324.50,651.75,NaN,NaN,0.00,355.93,0.61,216.47
922894,325.00,652.00,NaN,NaN,0.00,355.93,0.61,216.47
923397,325.25,652.50,NaN,NaN,0.00,356.23,0.61,215.92
923897,325.50,652.75,NaN,NaN,0.00,356.23,0.61,215.92
924400,325.75,653.25,NaN,NaN,0.00,355.85,0.61,215.37
924900,326.00,653.50,NaN,NaN,0.00,355.85,0.61,215.37
925403,326.00,653.75,NaN,NaN,0.00,356.88,0.60,214.32
925903,326.50,654.25,NaN,NaN,0.00,356.88,0.60,214.32
926406,326.75,654.50,NaN,NaN,0.00,356.25,0.59,211.95
926906,327.00,655.00,NaN,NaN,0.00,356.25,0.59,211.95
927409,327.25,655.25,NaN,NaN,0.00,355.05,0.60,211.38
927909,327.50,655.50,NaN,NaN,0.00,355.05,0.60,211.38
928412,327.75,655.75,NaN,NaN,0.00,355.61,0.60,211.83
928912,328.00,656.25,NaN,NaN,0.00,355.61,0.60,211.83
929415,328.25,656.50,NaN,NaN,0.00,355.42,0.59,208.99
929915,328.50,657.00,NaN,NaN,0.00,355.42,0.59,208.99
930420,328.75,657.25,NaN,NaN,0.00,357.40,0.59,210.08
930920,329.00,657.50,NaN,NaN,0.00,357.40,0.59,210.08
931423,329.25,658.00,NaN,NaN,0.00,356.30,0.59,209.14
931923,329.50,658.25,NaN,NaN,0.00,356.30,0.59,209.14
932428,329.75,658.50,NaN,NaN,0.00,357.94,0.59,211.68
932928,330.00,659.00,NaN,NaN,0.00,357.94,0.59,211.68
933431,330.50,659.25,NaN,NaN,0.00,357.00,0.59,209.66
933931,330.50,659.75,NaN,NaN,0.00,357.00,0.59,209.66
934435,331.00,660.00,NaN,NaN,0.00,358.02,0.58,208.78
934935,331.25,660.50,NaN,NaN,0.00,358.02,0.58,208.78
935438,331.50,660.75,NaN,NaN,0.00,356.91,0.58,207.24
935938,331.75,661.00,NaN,NaN,0.00,356.91,0.58,207.24
936443,332.00,661.25,NaN,NaN,0.00,357.25,0.36,128.26
936943,332.25,661.75,NaN,NaN,0.00,357.25,0.36,128.26
937448,332.50,662.00,NaN,NaN,0.00,359.24,0.34,123.41
937948,332.75,662.50,NaN,NaN,0.00,359.24,0.34,123.41
938452,333.00,662.75,NaN,NaN,0.00,358.29,0.34,120.97
938952,333.25,663.25,NaN,NaN,0.00,358.29,0.34,120.97
939458,333.50,663.50,NaN,NaN,0.00,357.50,0.01,3.45
939958,334.00,664.00,NaN,NaN,0.00,357.50,0.01,3.45
940513,334.25,664.25,NaN,NaN,0.00,353.79,0.01,3.64
941014,334.50,664.50,NaN,NaN,0.00,353.79,0.01,3.64
941518,334.50,665.00,NaN,NaN,0.00,357.71,0.01,3.10
942018,335.00,665.25,NaN,NaN,0.00,357.71,0.01,3.10
942521,335.25,665.50,NaN,NaN,0.00,355.91,0.01,3.25
943021,335.25,666.00,NaN,NaN,0.00,355.91,0.01,3.25
943525,335.50,666.25,NaN,NaN,0.00,357.00,0.01,3.23
944025,336.00,666.75,NaN,NaN,0.00,357.00,0.01,3.23
944528,336.25,667.00,NaN,NaN,0.00,357.55,0.01,3.20
945028,336.50,667.25,NaN,NaN,0.00,357.55,0.01,3.20
945532,336.75,667.50,NaN,NaN,0.00,357.34,0.01,3.55
946032,336.75,668.00,NaN,NaN,0.00,357.34,0.01,3.55
946535,337.25,668.25,NaN,NaN,0.00,356.92,0.01,3.25
947035,337.50,668.50,NaN,NaN,0.00,356.92,0.01,3.25
947539,337.75,669.00,NaN,NaN,0.00,357.20,0.01,3.26
948039,338.00,669.25,NaN,NaN,0.00,357.20,0.01,3.26
948544,338.25,669.50,NaN,NaN,0.00,357.33,0.01,3.58
949044,338.50,669.75,NaN,NaN,0.00,357.33,0.01,3.58
949547,338.75,670.25,NaN,NaN,0.00,356.69,0.01,3.54
950047,339.00,670.50,NaN,NaN,0.00,356.69,0.01,3.54
950550,339.25,670.75,NaN,NaN,0.00,355.39,0.01,3.73
951050,339.50,671.00,NaN,NaN,0.00,355.39,0.01,3.73
951553,339.75,671.50,NaN,NaN,0.00,356.31,0.01,3.54
952053,340.25,671.75,NaN,NaN,0.00,356.31,0.01,3.54
952556,340.50,672.00,NaN,NaN,0.00,355.13,0.01,4.09
953056,340.75,672.50,NaN,NaN,0.00,355.13,0.01,4.09
953559,341.00,672.75,NaN,NaN,0.00,355.96,0.01,3.85
954059,341.25,673.00,NaN,NaN,0.00,355.96,0.01,3.85
954562,341.50,673.50,NaN,NaN,0.00,355.95,0.01,3.41
955062,341.75,673.75,NaN,NaN,0.00,355.95,0.01,3.41
955565,342.00,674.00,NaN,NaN,0.00,355.86,0.01,3.58
956065,342.25,674.25,NaN,NaN,0.00,355.86,0.01,3.58
956568,342.50,674.50,NaN,NaN,0.00,356.48,0.01,3.57
957068,342.75,674.75,NaN,NaN,0.00,356.48,0.01,3.57
957571,343.00,675.25,NaN,NaN,0.00,356.82,0.01,3.47
958071,343.25,675.50,NaN,NaN,0.00,356.82,0.01,3.47
958574,343.50,675.75,NaN,NaN,0.00,356.43,0.02,5.82
959074,343.75,676.25,NaN,NaN,0.00,356.43,0.02,5.82
959577,344.00,676.25,NaN,NaN,0.00,356.72,0.01,3.93
960077,344.25,676.75,NaN,NaN,0.00,356.72,0.01,3.93
960580,344.75,677.00,NaN,NaN,0.00,357.02,0.01,3.36
961080,345.00,677.25,NaN,NaN,0.00,357.02,0.01,3.36
961583,345.00,677.75,NaN,NaN,0.00,356.01,0.01,3.96
962083,345.50,678.00,NaN,NaN,0.00,356.01,0.01,3.96
962588,345.75,678.25,NaN,NaN,0.00,357.36,0.01,4.06
963088,345.75,678.50,NaN,NaN,0.00,357.36,0.01,4.06
963591,346.25,678.75,NaN,NaN,0.00,356.50,0.01,4.12
964091,346.50,679.25,NaN,NaN,0.00,356.50,0.01,4.12
964596,346.75,679.50,NaN,NaN,0.00,357.03,0.01,3.42
965096,347.00,679.75,NaN,NaN,0.00,357.03,0.01,3.42
965599,347.25,680.25,NaN,NaN,0.00,357.20,0.01,3.39
966099,347.50,680.50,NaN,NaN,0.00,357.20,0.01,3.39
966604,347.75,680.75,NaN,NaN,0.00,357.47,0.01,4.04
967104,348.00,681.00,NaN,NaN,0.00,357.47,0.01,4.04
967607,348.25,681.50,0.00,NaN,0.00,356.86,0.01,4.24
968107,348.50,681.75,0.00,NaN,0.00,356.86,0.01,4.24
968607,348.75,682.00,0.00,NaN,0.00,358.95,0.04,15.79
969107,349.00,682.25,NaN,NaN,0.00,358.95,0.04,15.79
969610,349.25,682.75,NaN,NaN,0.00,357.12,0.06,20.77
970110,349.50,682.75,0.00,NaN,0.00,357.12,0.06,20.77
970611,349.75,683.25,NaN,NaN,0.00,358.31,0.06,20.99
971111,350.25,683.50,NaN,NaN,0.00,358.31,0.06,20.99
971614,350.50,684.00,NaN,NaN,0.00,356.93,0.06,20.13
972114,350.75,684.25,NaN,NaN,0.00,356.93,0.06,20.13
972619,351.00,684.50,NaN,NaN,0.00,358.42,0.06,20.31
973119,351.00,684.75,0.00,NaN,0.00,358.42,0.06,20.31
973620,351.25,685.00,0.00,NaN,0.00,359.55,0.25,91.22
974120,351.50,685.50,0.00,NaN,0.00,359.55,0.25,91.22
974620,352.00,685.75,0.00,NaN,0.00,359.20,0.31,111.35
975120,352.25,686.00,NaN,NaN,0.00,359.20,0.31,111.35
975623,352.50,686.25,0.00,NaN,0.00,357.59,0.30,106.74
976123,352.75,686.75,0.00,NaN,0.00,357.59,0.30,106.74
976625,353.00,687.00,0.00,NaN,0.00,357.51,0.31,109.57
977125,353.25,687.25,0.00,NaN,0.00,357.51,0.31,109.57
977625,353.50,687.50,0.00,NaN,0.00,358.69,0.32,114.22
978125,353.75,687.75,0.00,NaN,0.00,358.69,0.32,114.22
978625,354.00,688.00,0.00,0.00,0.00,359.02,0.06,23.01
979125,354.25,688.25,0.00,0.00,0.00,359.02,0.06,23.01
979625,354.50,688.75,0.00,0.00,0.00,358.17,0.06,21.69
980125,354.75,689.00,0.00,0.00,0.00,358.17,0.06,21.69
980625,355.00,689.25,0.00,NaN,0.00,358.42,0.06,22.55
981125,355.25,689.50,0.00,NaN,0.00,358.42,0.06,22.55
981625,355.50,690.00,0.00,NaN,0.00,358.72,0.06,22.05
982125,355.75,690.00,0.00,NaN,0.00,358.72,0.06,22.05
982625,356.00,690.50,0.00,NaN,0.00,358.46,0.06,21.81
983126,356.25,690.75,0.00,NaN,0.00,358.46,0.06,21.81
983626,356.50,691.00,0.00,NaN,0.00,358.63,0.06,21.90
984126,356.75,691.25,0.00,NaN,0.00,358.63,0.06,21.90
984626,357.00,691.75,0.00,NaN,0.00,358.96,0.06,21.62
985126,357.25,692.00,0.00,NaN,0.00,358.96,0.06,21.62
985626,357.50,692.25,0.00,NaN,0.00,358.75,0.06,21.43
986126,357.50,692.50,0.00,NaN,0.00,358.75,0.06,21.43
986626,358.00,693.00,0.00,NaN,0.00,358.52,0.06,21.88
987126,358.50,693.25,0.00,NaN,0.00,358.52,0.06,21.88
987626,358.50,693.50,0.00,0.00,0.00,359.47,0.06,21.75
988126,359.00,693.75,0.00,0.00,0.00,359.47,0.06,21.75
988626,359.25,694.00,0.00,0.00,0.00,359.88,0.06,22.33
989126,359.25,694.25,0.00,NaN,0.00,359.88,0.06,22.33
989626,359.75,694.50,0.00,0.00,0.00,359.74,0.06,22.45
990126,360.00,695.00,0.00,0.00,0.00,359.74,0.06,22.45
990626,360.25,695.25,0.00,NaN,0.00,358.64,0.06,21.95
991126,360.50,695.50,0.00,NaN,0.00,358.64,0.06,21.95
991626,360.75,696.00,0.00,NaN,0.00,359.40,0.06,22.36
992126,361.00,696.25,0.00,NaN,0.00,359.40,0.06,22.36
992626,361.25,696.50,0.00,NaN,0.00,359.16,0.06,22.22
993126,361.50,696.75,0.00,NaN,0.00,359.16,0.06,22.22
993626,361.75,697.00,0.00,NaN,0.00,358.62,0.06,22.09
994126,362.00,697.25,0.00,NaN,0.00,358.62,0.06,22.09
994626,362.25,697.75,0.00,NaN,0.00,359.61,0.06,21.37
995126,362.50,698.00,0.00,NaN,0.00,359.61,0.06,21.37
995627,362.75,698.25,0.00,NaN,0.00,358.72,0.06,21.89
996127,363.25,698.50,0.00,NaN,0.00,358.72,0.06,21.89
996627,363.25,699.00,0.00,NaN,0.00,358.42,0.06,21.97
997127,363.50,699.25,0.00,NaN,0.00,358.42,0.06,21.97
997627,364.00,699.50,0.00,NaN,0.00,359.07,0.06,22.01
998127,364.25,700.00,0.00,NaN,0.00,359.07,0.06,22.01
998627,364.50,700.25,0.00,NaN,0.00,358.28,0.06,21.63
999127,364.75,700.50,0.00,NaN,0.00,358.28,0.06,21.63
999627,365.00,700.75,0.00,NaN,0.00,359.22,0.06,22.34
1000127,365.25,701.25,0.00,NaN,0.00,359.22,0.06,22.34
1000627,365.50,701.25,0.00,NaN,0.00,358.70,0.06,22.19
1001127,365.75,701.75,0.00,NaN,0.00,358.70,0.06,22.19
1001627,366.00,702.00,0.00,NaN,0.00,359.29,0.06,21.76
1002127,366.25,702.25,0.00,NaN,0.00,359.29,0.06,21.76
1002627,366.50,702.75,0.00,NaN,0.00,358.81,0.06,21.61
1003127,366.75,703.00,0.00,NaN,0.00,358.81,0.06,21.61
1003627,366.25,703.00,0.00,NaN,0.00,358.99,0.06,21.87
1004127,367.50,703.50,0.00,NaN,0.00,358.99,0.06,21.87
1004627,367.75,704.00,0.00,NaN,0.00,359.28,0.06,22.19
1005127,368.00,704.25,0.00,NaN,0.00,359.28,0.06,22.19
1005627,368.25,704.50,0.00,NaN,0.00,358.20,0.06,22.51
1006127,368.50,705.00,0.00,NaN,0.00,358.20,0.06,22.51
1006627,368.75,705.25,0.00,NaN,0.00,358.58,0.06,22.30
1007127,369.00,705.00,0.00,NaN,0.00,358.58,0.06,22.30
1007627,369.25,705.75,0.00,NaN,0.00,359.29,0.06,22.10
1008128,369.50,706.25,0.00,NaN,0.00,359.29,0.06,22.10
1008628,369.75,706.50,0.00,NaN,0.00,359.69,0.06,22.34
1009128,370.25,707.00,0.00,NaN,0.00,359.69,0.06,22.34
1009628,370.50,707.00,0.00,NaN,0.00,358.83,0.06,21.85
1010128,370.75,707.50,0.00,NaN,0.00,358.83,0.06,21.85
1010628,371.00,707.75,0.00,NaN,0.00,358.66,0.06,21.88
1011128,371.25,708.00,0.00,NaN,0.00,358.66,0.06,21.88
1011628,371.75,708.25,0.00,NaN,0.00,358.64,0.06,22.43
1012128,372.00,708.75,0.00,NaN,0.00,358.64,0.06,22.43
1012628,372.25,709.00,0.00,NaN,0.00,358.03,0.06,22.10
1013128,372.75,709.25,0.00,NaN,0.00,358.03,0.06,22.10
1013628,373.00,709.75,0.00,NaN,0.00,359.03,0.06,22.18
1014128,373.25,710.00,0.00,NaN,0.00,359.03,0.06,22.18
1014628,373.50,710.25,0.00,NaN,0.00,359.42,0.06,22.05
1015128,373.75,710.75,0.00,NaN,0.00,359.42,0.06,22.05
1015628,374.00,711.00,0.00,NaN,0.00,359.28,0.06,21.98
1016128,374.50,711.25,0.00,NaN,0.00,359.28,0.06,21.98
1016628,374.50,711.75,0.00,NaN,0.00,359.23,0.06,22.66
1017128,374.75,712.00,0.00,NaN,0.00,359.23,0.06,22.66
1017628,375.25,712.25,0.00,NaN,0.00,359.58,0.06,22.33
1018128,375.50,712.50,0.00,NaN,0.00,359.58,0.06,22.33
1018628,375.75,713.00,0.00,NaN,0.00,358.78,0.06,21.70
1019128,376.00,713.25,0.00,NaN,0.00,358.78,0.06,21.70
1019628,376.25,713.50,0.00,NaN,0.00,359.60,0.06,22.53
1020128,376.50,714.00,0.00,NaN,0.00,359.60,0.06,22.53
1020628,376.75,714.25,0.00,NaN,0.00,359.16,0.06,22.04
1021128,377.25,714.50,0.00,NaN,0.00,359.16,0.06,22.04
1021628,377.50,714.75,0.00,NaN,0.00,359.36,0.06,21.86
1022128,377.75,715.25,0.00,NaN,0.00,359.36,0.06,21.86
1022628,378.00,715.50,0.00,NaN,0.00,358.40,0.06,21.69
1023128,378.25,715.75,0.00,NaN,0.00,358.40,0.06,21.69
1023628,378.50,716.00,0.00,NaN,0.00,358.95,0.06,22.05
1024128,378.75,716.50,0.00,NaN,0.00,358.95,0.06,22.05
1024628,379.00,716.75,0.00,NaN,0.00,359.29,0.06,22.21
1025128,379.50,717.25,0.00,NaN,0.00,359.29,0.06,22.21
1025628,379.75,717.50,0.00,NaN,0.00,359.83,0.06,21.73
1026128,379.75,717.75,0.00,NaN,0.00,359.83,0.06,21.73
1026628,380.25,718.00,0.00,NaN,0.00,359.20,0.06,22.50
1027128,380.50,718.50,0.00,NaN,0.00,359.20,0.06,22.50
1027628,380.75,718.75,0.00,NaN,0.00,358.65,0.06,21.85
1028128,381.00,719.25,0.00,NaN,0.00,358.65,0.06,21.85
1028628,381.25,719.25,0.00,NaN,0.00,358.61,0.06,21.56
1029128,381.50,719.75,0.00,NaN,0.00,358.61,0.06,21.56
1029628,381.75,720.00,0.00,NaN,0.00,358.74,0.06,21.90
1030128,382.00,720.25,0.00,NaN,0.00,358.74,0.06,21.90
1030628,382.50,720.75,0.00,NaN,0.00,359.53,0.06,22.45
1031128,382.50,721.00,0.00,NaN,0.00,359.53,0.06,22.45
1031628,382.75,721.00,0.00,NaN,0.00,359.51,0.06,21.92
1032128,383.00,721.50,0.00,NaN,0.00,359.51,0.06,21.92
1032628,383.25,721.75,0.00,NaN,0.00,359.72,0.06,22.18
1033128,383.50,722.25,0.00,NaN,0.00,359.72,0.06,22.18
1033628,384.00,722.50,0.00,NaN,0.00,359.65,0.06,22.20
1034128,384.25,722.75,0.00,NaN,0.00,359.65,0.06,22.20
1034628,384.50,723.00,0.00,NaN,0.00,358.63,0.06,21.87
1035128,384.75,723.50,0.00,NaN,0.00,358.63,0.06,21.87
1035628,385.00,723.75,0.00,NaN,0.00,359.50,0.06,22.37
1036128,385.25,724.00,0.00,NaN,0.00,359.50,0.06,22.37
1036628,385.50,724.25,0.00,NaN,0.00,358.73,0.06,22.06
1037128,385.75,724.50,0.00,NaN,0.00,358.73,0.06,22.06
1037628,386.00,725.00,0.00,NaN,0.00,358.26,0.06,21.20
1038128,386.25,725.25,0.00,NaN,0.00,358.26,0.06,21.20
1038628,386.50,725.50,0.00,NaN,0.00,358.76,0.06,22.49
1039128,386.75,725.75,0.00,NaN,0.00,358.76,0.06,22.49
1039628,387.00,726.25,0.00,NaN,0.00,359.18,0.06,21.98
1040128,387.25,726.50,0.00,NaN,0.00,359.18,0.06,21.98
1040628,387.50,726.75,0.00,NaN,0.00,358.95,0.06,22.04
1041128,388.00,727.00,0.00,NaN,0.00,358.95,0.06,22.04
1041628,388.00,727.25,0.00,NaN,0.00,358.68,0.06,22.36
1042128,388.25,727.50,0.00,NaN,0.00,358.68,0.06,22.36
1042628,388.50,727.75,0.00,NaN,0.00,359.38,0.06,22.13
1043128,389.00,728.25,0.00,NaN,0.00,359.38,0.06,22.13
1043628,389.25,728.50,0.00,NaN,0.00,359.45,0.06,22.68
1044128,389.50,728.75,0.00,NaN,0.00,359.45,0.06,22.68
1044628,390.00,729.00,0.00,NaN,0.00,359.78,0.06,22.02
1045128,390.25,729.25,0.00,NaN,0.00,359.78,0.06,22.02
1045628,390.25,729.75,0.00,NaN,0.00,358.46,0.06,22.03
1046128,390.75,730.00,0.00,NaN,0.00,358.46,0.06,22.03
1046628,391.00,730.25,0.00,NaN,0.00,358.41,0.06,22.07
1047128,391.25,730.50,0.00,NaN,0.00,358.41,0.06,22.07
1047628,391.50,730.75,0.00,NaN,0.00,359.90,0.06,22.04
1048128,391.75,731.25,0.00,NaN,0.00,359.90,0.06,22.04
1048628,392.00,731.50,0.00,NaN,0.00,359.24,0.06,21.94
1049128,392.25,731.75,0.00,NaN,0.00,359.24,0.06,21.94
1049628,392.50,732.00,0.00,NaN,0.00,358.72,0.06,21.69
1050128,393.00,732.25,0.00,NaN,0.00,358.72,0.06,21.69
1050628,393.25,732.75,0.00,NaN,0.00,358.50,0.06,21.89
1051128,393.50,733.00,0.00,NaN,0.00,358.50,0.06,21.89
1051628,393.75,733.25,0.00,NaN,0.00,358.97,0.06,21.96
1052128,394.25,733.50,0.00,NaN,0.00,358.97,0.06,21.96
1052628,394.25,734.00,0.00,NaN,0.00,360.11,0.06,21.93
1053128,394.50,734.25,0.00,NaN,0.00,360.11,0.06,21.93
1053628,395.00,734.50,0.00,NaN,0.00,358.94,0.06,22.03
1054128,395.25,734.75,0.00,NaN,0.00,358.94,0.06,22.03
1054628,395.75,735.25,0.00,NaN,0.00,358.83,0.06,22.04
1055128,395.75,735.50,0.00,NaN,0.00,358.83,0.06,22.04
1055628,396.25,735.75,0.00,NaN,0.00,358.71,0.06,22.07
1056128,396.50,736.00,0.00,NaN,0.00,358.71,0.06,22.07
1056628,396.75,736.25,0.00,NaN,0.00,358.42,0.06,22.16
1057128,397.00,736.50,0.00,NaN,0.00,358.42,0.06,22.16
1057628,397.50,737.00,0.00,NaN,0.00,358.70,0.06,21.46
1058128,397.75,737.25,0.00,NaN,0.00,358.70,0.06,21.46
1058628,398.00,NaN,0.00,NaN,0.00,358.48,0.06,22.09
1059128,398.50,737.75,0.00,NaN,0.00,358.48,0.06,22.09
1059628,398.75,738.25,0.00,NaN,0.00,358.94,0.06,21.86
1060128,399.00,NaN,0.00,NaN,0.00,358.94,0.06,21.86
1060631,399.25,NaN,0.00,NaN,0.00,357.37,0.06,21.70
1061131,399.50,739.00,0.00,NaN,0.00,357.37,0.06,21.70
1061633,400.00,NaN,0.00,NaN,0.00,358.40,0.06,21.70
1062133,400.25,NaN,0.00,NaN,0.00,358.40,0.06,21.70
1062636,400.50,739.75,0.00,NaN,0.00,357.31,0.06,22.01
1063136,400.75,NaN,0.00,NaN,0.00,357.31,0.06,22.01
1063639,401.25,NaN,0.00,NaN,0.00,357.25,0.06,22.13
1064139,401.50,NaN,0.00,NaN,0.00,357.25,0.06,22.13
1064642,401.75,NaN,0.00,NaN,0.00,357.06,0.06,22.14
1065142,402.00,NaN,0.00,NaN,0.00,357.06,0.06,22.14
1065645,402.50,NaN,0.00,NaN,0.00,356.14,0.06,22.01
1066145,402.75,NaN,0.00,NaN,0.00,356.14,0.06,22.01
1066648,403.00,NaN,0.00,NaN,0.00,357.01,0.06,21.86
1067148,403.25,NaN,0.00,NaN,0.00,357.01,0.06,21.86
1067651,403.75,NaN,0.00,NaN,0.00,356.77,0.06,21.80
1068151,404.00,NaN,0.00,NaN,0.00,356.77,0.06,21.80
1068656,404.50,NaN,0.00,NaN,0.00,357.41,0.06,21.96
1069156,404.75,NaN,0.00,NaN,0.00,357.41,0.06,21.96
1069659,405.00,NaN,0.00,NaN,0.00,357.38,0.06,22.34
1070159,405.25,NaN,0.00,NaN,0.00,357.38,0.06,22.34
1070662,405.75,NaN,0.00,NaN,0.00,356.46,0.06,21.66
1071162,406.00,NaN,0.00,NaN,0.00,356.46,0.06,21.66
1071665,406.25,NaN,0.00,NaN,0.00,356.56,0.06,21.65
1072165,406.50,NaN,0.00,NaN,0.00,356.56,0.06,21.65
1072668,406.75,NaN,0.00,NaN,0.00,356.76,0.06,22.60
1073168,407.25,NaN,0.00,NaN,0.00,356.76,0.06,22.60
1073673,407.50,NaN,0.00,NaN,0.00,358.36,0.06,21.84
1074173,407.75,NaN,0.00,NaN,0.00,358.36,0.06,21.84
1074678,408.00,NaN,0.00,NaN,0.00,358.59,0.06,22.08
1075178,408.25,NaN,0.00,NaN,0.00,358.59,0.06,22.08
1075681,408.50,NaN,0.00,NaN,0.00,357.83,0.06,21.78
1076182,409.00,NaN,0.00,NaN,0.00,357.83,0.06,21.78
1076686,409.25,NaN,0.00,NaN,0.00,357.29,0.06,21.96
1077186,409.50,NaN,0.00,NaN,0.00,357.29,0.06,21.96
1077689,409.75,NaN,0.00,NaN,0.00,356.90,0.06,21.85
1078189,410.00,NaN,0.00,NaN,0.00,356.90,0.06,21.85
1078693,410.25,NaN,0.00,NaN,0.00,358.39,0.06,22.44
1079193,410.75,NaN,0.00,NaN,0.00,358.39,0.06,22.44
1079696,411.00,NaN,0.00,NaN,0.00,356.62,0.06,21.97
1080196,411.25,NaN,0.00,NaN,0.00,356.62,0.06,21.97
1080701,411.50,NaN,0.00,NaN,0.00,357.92,0.06,21.87
1081201,411.75,NaN,0.00,NaN,0.00,357.92,0.06,21.87
1081704,412.25,NaN,0.00,NaN,0.00,356.70,0.06,22.24
1082204,412.25,NaN,0.00,NaN,0.00,356.70,0.06,22.24
1082708,412.75,NaN,0.00,NaN,0.00,357.95,0.08,27.96
1083208,413.00,NaN,0.00,NaN,0.00,357.95,0.08,27.96
1083713,413.50,NaN,0.00,NaN,0.00,358.35,0.09,33.78
1084213,413.75,NaN,0.00,NaN,0.00,358.35,0.09,33.78
1084716,414.00,NaN,0.00,NaN,0.00,357.80,0.10,34.70
1085216,414.50,NaN,0.00,NaN,0.00,357.80,0.10,34.70
1085719,415.00,NaN,0.00,NaN,0.00,357.00,0.10,35.75
1086219,415.50,NaN,0.00,NaN,0.00,357.00,0.10,35.75
1086722,415.75,NaN,0.00,NaN,0.00,356.29,0.11,37.77
1087222,416.00,NaN,0.00,NaN,0.00,356.29,0.11,37.77
1087725,416.25,NaN,0.00,NaN,0.00,357.25,0.10,37.26
1088225,416.50,NaN,0.00,NaN,0.00,357.25,0.10,37.26
1088728,417.00,NaN,0.00,NaN,0.00,356.43,0.10,36.94
1089228,417.25,NaN,0.00,NaN,0.00,356.43,0.10,36.94
1089731,417.50,NaN,0.00,NaN,0.00,355.69,0.10,37.15
1090231,418.00,NaN,0.00,NaN,0.00,355.69,0.10,37.15
1090734,418.25,NaN,0.00,NaN,0.00,355.89,0.10,37.06
1091234,418.50,NaN,0.00,NaN,0.00,355.89,0.10,37.06
1091737,418.75,NaN,0.00,NaN,0.00,356.45,0.10,36.91
1092237,419.00,NaN,0.00,NaN,0.00,356.45,0.10,36.91
1092740,419.50,NaN,0.00,NaN,0.00,356.92,0.10,36.99
1093240,419.75,NaN,0.00,NaN,0.00,356.92,0.10,36.99
1093743,420.00,NaN,0.00,NaN,0.00,356.34,0.10,37.18
1094243,420.50,NaN,0.00,NaN,0.00,356.34,0.10,37.18
1094746,420.75,NaN,0.00,NaN,0.00,356.89,0.10,36.70
1095246,421.00,NaN,0.00,NaN,0.00,356.89,0.10,36.70
1095749,421.50,NaN,0.00,NaN,0.00,355.95,0.10,36.69
1096249,421.75,NaN,0.00,NaN,0.00,355.95,0.10,36.69
1096752,422.25,NaN,0.00,NaN,0.00,357.29,0.10,36.66
1097252,422.50,NaN,0.00,NaN,0.00,357.29,0.10,36.66
1097755,422.75,NaN,0.00,NaN,0.00,357.17,0.10,37.13
1098255,423.00,NaN,0.00,NaN,0.00,357.17,0.10,37.13
1098758,423.25,NaN,0.00,NaN,0.00,357.57,0.10,36.91
1099258,423.75,NaN,0.00,NaN,0.00,357.57,0.10,36.91
1099761,424.00,NaN,0.00,NaN,0.00,356.95,0.10,37.26
1100261,424.50,NaN,0.00,NaN,0.00,356.95,0.10,37.26
1100764,424.75,NaN,0.00,NaN,0.00,357.48,0.11,37.57
1101264,425.25,NaN,0.00,NaN,0.00,357.48,0.11,37.57
1101769,425.50,NaN,0.00,NaN,0.00,358.22,0.11,37.62
1102269,425.75,NaN,0.00,NaN,0.00,358.22,0.11,37.62
1102772,426.00,NaN,0.00,NaN,0.00,356.81,0.10,37.11
1103272,426.25,NaN,0.00,NaN,0.00,356.81,0.10,37.11
1103777,426.75,NaN,0.00,NaN,0.00,357.56,0.10,36.60
1104277,427.00,NaN,0.00,NaN,0.00,357.56,0.10,36.60
1104780,427.50,NaN,0.00,NaN,0.00,357.37,0.10,36.78
1105280,427.75,NaN,0.00,NaN,0.00,357.37,0.10,36.78
1105784,428.00,NaN,0.00,NaN,0.00,358.51,0.10,37.15
1106284,428.25,NaN,0.00,NaN,0.00,358.51,0.10,37.15
1106787,428.50,NaN,0.00,NaN,0.00,357.31,0.10,37.51
1107287,429.00,NaN,0.00,NaN,0.00,357.31,0.10,37.51
1107791,429.50,NaN,0.00,NaN,0.00,358.06,0.10,37.41
1108291,429.75,NaN,0.00,NaN,0.00,358.06,0.10,37.41
1108796,430.25,NaN,0.00,NaN,0.00,358.17,0.10,37.28
1109296,430.75,NaN,0.00,NaN,0.00,358.17,0.10,37.28
1109800,431.00,NaN,0.00,NaN,0.00,357.67,0.10,36.75
1110300,431.50,NaN,0.00,NaN,0.00,357.67,0.10,36.75
1110803,432.00,NaN,0.00,NaN,0.00,357.01,0.10,37.17
1111303,432.50,NaN,0.00,NaN,0.00,357.01,0.10,37.17
1111808,433.00,NaN,0.00,NaN,0.00,357.72,0.10,36.60
1112308,433.25,NaN,0.00,NaN,0.00,357.72,0.10,36.60
1112811,433.75,NaN,0.00,NaN,0.00,357.33,0.10,37.33
1113311,434.25,NaN,0.00,NaN,0.00,357.33,0.10,37.33
1113814,434.75,NaN,0.00,NaN,0.00,356.63,0.10,37.13
1114314,435.25,NaN,0.00,NaN,0.00,356.63,0.10,37.13
1114817,435.75,NaN,0.00,NaN,0.00,356.67,0.10,37.22
1115317,436.25,NaN,0.00,NaN,0.00,356.67,0.10,37.22
1115820,436.50,NaN,0.00,NaN,0.00,356.50,0.11,37.52
1116320,436.75,NaN,0.00,NaN,0.00,356.50,0.11,37.52
1116823,437.00,NaN,0.00,NaN,0.00,357.02,0.10,37.03
1117323,437.50,NaN,0.00,NaN,0.00,357.02,0.10,37.03
1117826,437.75,NaN,0.00,NaN,0.00,358.00,0.10,37.34
1118326,437.75,NaN,0.00,NaN,0.00,358.00,0.10,37.34
1118829,438.25,NaN,0.00,NaN,0.00,356.87,0.10,37.30
1119329,438.50,NaN,0.00,NaN,0.00,356.87,0.10,37.30
1119832,438.75,NaN,0.00,NaN,0.00,355.91,0.11,37.58
1120332,439.00,NaN,0.00,NaN,0.00,355.91,0.11,37.58
1120835,439.25,NaN,0.00,NaN,0.00,356.83,0.10,37.26
1121335,439.50,NaN,0.00,NaN,0.00,356.83,0.10,37.26
1121838,439.75,NaN,0.00,NaN,0.00,356.71,0.10,36.87
1122338,440.00,NaN,0.00,NaN,0.00,356.71,0.10,36.87
1122841,440.25,NaN,0.00,NaN,0.00,356.14,0.10,36.88
1123341,440.50,NaN,0.00,NaN,0.00,356.14,0.10,36.88
1123846,440.50,NaN,0.00,NaN,0.00,357.43,0.10,36.57
1124346,440.75,NaN,0.00,NaN,0.00,357.43,0.10,36.57
1124849,440.75,NaN,0.00,NaN,0.00,357.62,0.10,36.96
1125349,441.25,NaN,0.00,NaN,0.00,357.62,0.10,36.96
1125852,441.25,NaN,0.00,NaN,0.00,357.07,0.10,36.93
1126352,441.75,NaN,0.00,NaN,0.00,357.07,0.10,36.93
1126857,442.00,NaN,0.00,NaN,0.00,357.63,0.10,36.99
1127357,442.25,NaN,0.00,NaN,0.00,357.63,0.10,36.99
1127860,442.50,NaN,0.00,NaN,0.00,357.75,0.10,36.72
1128360,442.50,NaN,0.00,NaN,0.00,357.75,0.10,36.72
1128866,442.75,NaN,0.00,NaN,0.00,357.50,0.10,37.19
1129366,443.00,NaN,0.00,NaN,0.00,357.50,0.10,37.19
1129869,443.50,NaN,0.00,NaN,0.00,357.36,0.10,36.81
1130369,443.50,NaN,0.00,NaN,0.00,357.36,0.10,36.81
1130874,444.00,NaN,0.00,NaN,0.00,357.45,0.10,37.45
1131374,444.25,NaN,0.00,NaN,0.00,357.45,0.10,37.45
1131877,444.75,NaN,0.00,NaN,0.00,357.44,0.10,37.07
1132377,445.00,NaN,0.00,NaN,0.00,357.44,0.10,37.07
1132881,445.00,NaN,0.00,NaN,0.00,357.68,0.11,37.72
1133381,445.25,NaN,0.00,NaN,0.00,357.68,0.11,37.72
1133884,445.50,NaN,0.00,NaN,0.00,356.54,0.10,37.06
1134384,445.75,NaN,0.00,NaN,0.00,356.54,0.10,37.06
1134888,446.25,NaN,0.00,NaN,0.00,357.41,0.10,37.05
1135388,446.25,NaN,0.00,NaN,0.00,357.41,0.10,37.05
1135891,446.50,NaN,0.00,NaN,0.00,357.64,0.10,37.41
1136391,447.00,NaN,0.00,NaN,0.00,357.64,0.10,37.41
1136897,447.25,NaN,0.00,NaN,0.00,358.08,0.10,37.30
1137397,447.50,NaN,0.00,NaN,0.00,358.08,0.10,37.30
1137900,447.75,NaN,0.00,NaN,0.00,357.44,0.10,37.24
1138400,448.25,NaN,0.00,NaN,0.00,357.44,0.10,37.24
1138903,448.50,NaN,0.00,NaN,0.00,356.79,0.10,37.24
1139403,448.75,NaN,0.00,NaN,0.00,356.79,0.10,37.24
1139906,449.00,NaN,0.00,NaN,0.00,357.02,0.10,37.26
1140406,449.25,NaN,0.00,NaN,0.00,357.02,0.10,37.26
1140909,449.50,NaN,0.00,NaN,0.00,357.39,0.10,37.06
1141409,449.75,NaN,0.00,NaN,0.00,357.39,0.10,37.06
1141912,450.00,NaN,0.00,NaN,0.00,356.60,0.10,37.13
1142412,450.25,NaN,0.00,NaN,0.00,356.60,0.10,37.13
1142915,450.50,NaN,0.00,NaN,0.00,356.91,0.10,37.09
1143415,451.00,NaN,0.00,NaN,0.00,356.91,0.10,37.09
1143918,451.25,NaN,0.00,NaN,0.00,357.03,0.10,37.36
1144418,451.50,NaN,0.00,NaN,0.00,357.03,0.10,37.36
1144921,451.75,NaN,0.00,NaN,0.00,357.01,0.10,37.05
1145421,452.25,NaN,0.00,NaN,0.00,357.01,0.10,37.05
1145924,452.50,NaN,0.00,NaN,0.00,356.59,0.10,37.34
1146424,452.75,NaN,0.00,NaN,0.00,356.59,0.10,37.34
1146927,453.00,NaN,0.00,NaN,0.00,356.31,0.10,37.26
1147427,453.50,NaN,0.00,NaN,0.00,356.31,0.10,37.26
1147930,453.75,NaN,0.00,NaN,0.00,356.83,0.10,36.86
1148430,454.00,NaN,0.00,NaN,0.00,356.83,0.10,36.86
1148933,454.25,NaN,0.00,NaN,0.00,356.25,0.10,36.52
1149433,454.50,NaN,0.00,NaN,0.00,356.25,0.10,36.52
1149936,454.75,NaN,0.00,NaN,0.00,356.10,0.10,36.74
1150436,455.25,NaN,0.00,NaN,0.00,356.10,0.10,36.74
1150939,455.50,NaN,0.00,NaN,0.00,357.06,0.11,37.62
1151439,455.75,NaN,0.00,NaN,0.00,357.06,0.11,37.62
1151942,456.00,NaN,0.00,NaN,0.00,357.16,0.10,36.72
1152442,456.50,NaN,0.00,NaN,0.00,357.16,0.10,36.72
1152945,456.75,NaN,0.00,NaN,0.00,357.06,0.10,36.71
1153445,456.75,NaN,0.00,NaN,0.00,357.06,0.10,36.71
1153948,457.25,NaN,0.00,NaN,0.00,355.96,0.10,36.79
1154448,457.50,NaN,0.00,NaN,0.00,355.96,0.10,36.79
1154951,457.75,NaN,0.00,NaN,0.00,356.43,0.10,36.88
1155451,458.00,NaN,0.00,NaN,0.00,356.43,0.10,36.88
1155957,458.25,NaN,0.00,NaN,0.00,357.51,0.10,36.89
1156457,458.75,NaN,0.00,NaN,0.00,357.51,0.10,36.89
1156960,459.00,NaN,0.00,NaN,0.00,356.44,0.05,17.22
1157460,459.50,NaN,0.00,NaN,0.00,356.44,0.05,17.22
1157966,460.25,NaN,0.00,NaN,0.00,357.73,0.01,2.07
1158466,460.50,NaN,0.00,NaN,0.00,357.73,0.01,2.07
1158971,461.25,NaN,0.00,NaN,0.00,357.79,0.01,2.19
1159471,461.50,NaN,0.00,NaN,0.00,357.79,0.01,2.19
1159975,461.50,NaN,0.00,NaN,0.00,357.95,0.01,2.02
1160475,462.00,NaN,0.00,NaN,0.00,357.95,0.01,2.02
1160978,462.00,NaN,0.00,NaN,0.00,357.70,0.01,2.12
1161478,462.00,NaN,0.00,NaN,0.00,357.70,0.01,2.12
1161982,462.00,NaN,0.00,NaN,0.00,358.51,0.01,2.20
1162482,461.75,NaN,0.00,NaN,0.00,358.51,0.01,2.20
1162985,461.75,NaN,0.00,NaN,0.00,357.58,0.01,2.29
1163485,461.25,NaN,0.00,NaN,0.00,357.58,0.01,2.29
1163990,461.00,NaN,0.00,NaN,0.00,357.47,0.01,2.02
1164490,460.50,NaN,0.00,NaN,0.00,357.47,0.01,2.02
1164993,460.25,NaN,0.00,NaN,0.00,357.30,0.01,1.99
1165493,459.75,NaN,0.00,NaN,0.00,357.30,0.01,1.99
1165996,459.50,NaN,0.00,NaN,0.00,357.54,0.01,2.40
1166496,459.25,NaN,0.00,NaN,0.00,357.54,0.01,2.40
1166999,459.00,NaN,0.00,NaN,0.00,356.77,0.01,2.16
1167499,458.50,NaN,0.00,NaN,0.00,356.77,0.01,2.16
1168002,458.00,NaN,0.00,NaN,0.00,356.60,0.01,2.16
1168502,457.75,NaN,0.00,NaN,0.00,356.60,0.01,2.16
1169005,457.25,NaN,0.00,NaN,0.00,356.55,0.01,2.12
1169505,457.00,NaN,0.00,NaN,0.00,356.55,0.01,2.12
1170008,456.75,NaN,0.00,NaN,0.00,356.87,0.01,2.08
1170508,456.50,NaN,0.00,NaN,0.00,356.87,0.01,2.08
1171011,456.25,NaN,0.00,NaN,0.00,355.81,0.01,2.11
1171511,455.75,NaN,0.00,NaN,0.00,355.81,0.01,2.11
1172014,455.50,NaN,0.00,NaN,0.00,357.05,0.01,2.32
1172514,455.00,NaN,0.00,NaN,0.00,357.05,0.01,2.32
1173017,454.50,NaN,0.00,NaN,0.00,356.05,0.01,2.11
1173517,454.00,NaN,0.00,NaN,0.00,356.05,0.01,2.11
1174022,454.00,NaN,0.00,NaN,0.00,358.02,0.01,2.11
1174522,453.75,NaN,0.00,NaN,0.00,358.02,0.01,2.11
1175025,453.25,NaN,0.00,NaN,0.00,356.85,0.01,2.12
1175525,453.00,NaN,0.00,NaN,0.00,356.85,0.01,2.12
1176028,453.00,NaN,0.00,NaN,0.00,356.61,0.01,2.61
1176528,452.50,NaN,0.00,NaN,0.00,356.61,0.01,2.61
1177033,452.25,NaN,0.00,NaN,0.00,357.68,0.01,2.31
1177533,452.00,NaN,0.00,NaN,0.00,357.68,0.01,2.31
1178036,451.50,NaN,0.00,NaN,0.00,357.62,0.01,2.48
1178536,451.50,NaN,0.00,NaN,0.00,357.62,0.01,2.48
1179041,451.00,NaN,0.00,NaN,0.00,358.03,0.01,2.02
1179541,450.75,NaN,0.00,NaN,0.00,358.03,0.01,2.02
1180046,450.50,NaN,0.00,NaN,0.00,358.58,0.00,1.69
1180546,450.25,NaN,0.00,NaN,0.00,358.58,0.00,1.69
1181050,450.00,NaN,0.00,NaN,0.00,358.82,0.01,2.07
1181550,449.50,NaN,0.00,NaN,0.00,358.82,0.01,2.07
1182053,449.50,NaN,0.00,NaN,0.00,357.77,0.01,2.29
1182553,449.25,NaN,0.00,NaN,0.00,357.77,0.01,2.29
1183057,449.00,NaN,0.00,NaN,0.00,357.35,0.01,2.02
1183557,448.50,NaN,0.00,NaN,0.00,357.35,0.01,2.02
1184060,448.25,NaN,0.00,NaN,0.00,357.92,0.01,1.99
1184560,448.00,NaN,0.00,NaN,0.00,357.92,0.01,1.99
1185064,447.75,NaN,0.00,NaN,0.00,358.95,0.01,1.89
1185564,447.50,NaN,0.00,NaN,0.00,358.95,0.01,1.89
1186069,447.25,NaN,0.00,NaN,0.00,360.36,0.01,2.04
1186569,447.00,NaN,0.00,NaN,0.00,360.36,0.01,2.04
1187074,446.75,NaN,0.00,NaN,0.00,359.85,0.01,2.25
1187574,446.50,NaN,0.00,NaN,0.00,359.85,0.01,2.25
1188077,446.25,NaN,0.00,NaN,0.00,358.55,0.01,2.00
1188577,446.00,NaN,0.00,NaN,0.00,358.55,0.01,2.00
1189082,445.75,NaN,0.00,NaN,0.00,359.99,0.01,2.29
1189582,445.75,NaN,0.00,NaN,0.00,359.99,0.01,2.29
1190087,445.25,NaN,0.00,NaN,0.00,359.36,0.01,2.28
1190587,445.00,NaN,0.00,NaN,0.00,359.36,0.01,2.28
1191090,445.00,NaN,0.00,NaN,0.00,359.10,0.01,2.04
1191590,444.75,NaN,0.00,NaN,0.00,359.10,0.01,2.04
1192095,444.50,NaN,0.00,NaN,0.00,359.66,0.01,2.24
1192595,444.25,NaN,0.00,NaN,0.00,359.66,0.01,2.24
1193098,444.25,NaN,0.00,NaN,0.00,359.34,0.01,2.30
1193598,444.00,NaN,0.00,NaN,0.00,359.34,0.01,2.30
1194103,443.75,NaN,0.00,NaN,0.00,359.50,0.01,2.24
1194603,443.75,NaN,0.00,NaN,0.00,359.50,0.01,2.24
1195106,443.50,NaN,0.00,NaN,0.00,357.69,0.01,2.21
1195606,443.25,NaN,0.00,NaN,0.00,357.69,0.01,2.21
1196110,443.25,NaN,0.00,NaN,0.00,357.90,0.01,2.53
1196610,443.00,NaN,0.00,NaN,0.00,357.90,0.01,2.53
1197113,442.75,NaN,0.00,NaN,0.00,357.01,0.01,2.03
1197613,442.50,NaN,0.00,NaN,0.00,357.01,0.01,2.03
1198117,442.50,NaN,0.00,NaN,0.00,357.76,0.01,2.31
1198617,442.25,NaN,0.00,NaN,0.00,357.76,0.01,2.31
1199120,442.00,NaN,0.00,NaN,0.00,357.43,0.01,2.28
1199620,442.00,NaN,0.00,NaN,0.00,357.43,0.01,2.28
1200124,441.75,NaN,0.00,NaN,0.00,357.08,0.01,2.11
1200624,441.75,NaN,0.00,NaN,0.00,357.08,0.01,2.11
1201127,441.50,NaN,0.00,NaN,0.00,356.91,0.01,2.03
1201627,441.25,NaN,0.00,NaN,0.00,356.91,0.01,2.03
1202131,441.25,NaN,0.00,NaN,0.00,357.07,0.01,1.84
1202631,441.00,NaN,0.00,NaN,0.00,357.07,0.01,1.84
1203134,441.00,NaN,0.00,NaN,0.00,356.68,0.00,1.69
1203634,440.75,NaN,0.00,NaN,0.00,356.68,0.00,1.69
1204139,440.50,NaN,0.00,NaN,0.00,357.30,0.01,2.19
1204639,440.50,NaN,0.00,NaN,0.00,357.30,0.01,2.19
1205142,440.25,NaN,0.00,NaN,0.00,357.01,0.00,1.75
1205642,440.00,NaN,0.00,NaN,0.00,357.01,0.00,1.75
1206147,440.00,NaN,0.00,NaN,0.00,357.94,0.01,2.39
1206647,439.75,NaN,0.00,NaN,0.00,357.94,0.01,2.39
1207150,439.75,NaN,0.00,NaN,0.00,357.21,0.01,1.90
1207650,439.50,NaN,0.00,NaN,0.00,357.21,0.01,1.90
1208153,439.50,NaN,0.00,NaN,0.00,358.67,0.01,2.13
1208653,439.25,NaN,0.00,NaN,0.00,358.67,0.01,2.13
1209158,439.25,NaN,0.00,NaN,0.00,357.74,0.01,2.07
1209658,439.00,NaN,0.00,NaN,0.00,357.74,0.01,2.07
1210161,439.00,NaN,0.00,NaN,0.00,356.17,0.01,2.07
1210661,438.75,NaN,0.00,NaN,0.00,356.17,0.01,2.07
1211166,438.75,NaN,0.00,NaN,0.00,357.48,0.01,2.07
1211666,438.50,NaN,0.00,NaN,0.00,357.48,0.01,2.07
1212169,438.25,NaN,0.00,NaN,0.00,356.96,0.01,2.08
1212669,438.25,NaN,0.00,NaN,0.00,356.96,0.01,2.08
1213174,438.00,NaN,0.00,NaN,0.00,358.04,0.01,1.93
1213674,438.00,NaN,0.00,NaN,0.00,358.04,0.01,1.93
1214177,438.00,NaN,0.00,NaN,0.00,356.21,0.01,1.79
1214678,437.75,NaN,0.00,NaN,0.00,356.21,0.01,1.79
1215182,437.75,NaN,0.00,NaN,0.00,357.27,0.01,2.27
1215682,437.50,NaN,0.00,NaN,0.00,357.27,0.01,2.27
1216185,437.50,NaN,0.00,NaN,0.00,356.87,0.01,2.32
1216685,437.25,NaN,0.00,NaN,0.00,356.87,0.01,2.32
1217189,437.25,NaN,0.00,NaN,0.00,357.90,0.01,2.42
1217689,437.00,NaN,0.00,NaN,0.00,357.90,0.01,2.42
1218194,437.00,NaN,0.00,NaN,0.00,358.10,0.01,2.23
1218694,436.75,NaN,0.00,NaN,0.00,358.10,0.01,2.23
1219198,436.75,NaN,0.00,NaN,0.00,357.88,0.01,2.31
1219698,436.50,NaN,0.00,NaN,0.00,357.88,0.01,2.31
1220201,436.50,NaN,0.00,NaN,0.00,356.36,0.01,2.03
1220701,436.50,NaN,0.00,NaN,0.00,356.36,0.01,2.03
1221207,436.50,NaN,0.00,NaN,0.00,357.38,0.01,2.27
1221707,436.25,NaN,0.00,NaN,0.00,357.38,0.01,2.27
1222210,436.25,NaN,0.00,NaN,0.00,355.98,0.01,2.43
1222710,436.25,NaN,0.00,NaN,0.00,355.98,0.01,2.43
1223213,436.00,NaN,0.00,NaN,0.00,356.81,0.01,2.43
1223713,436.00,NaN,0.00,NaN,0.00,356.81,0.01,2.43
1224218,435.75,NaN,0.00,NaN,0.00,358.00,0.01,2.23
1224718,435.75,NaN,0.00,NaN,0.00,358.00,0.01,2.23
1225221,435.75,NaN,0.00,NaN,0.00,357.09,0.01,2.28
1225721,435.50,NaN,0.00,NaN,0.00,357.09,0.01,2.28
1226226,435.50,NaN,0.00,NaN,0.00,357.57,0.01,2.19
1226726,435.50,NaN,0.00,NaN,0.00,357.57,0.01,2.19
1227229,435.25,NaN,0.00,NaN,0.00,356.60,0.01,2.32
1227729,435.25,NaN,0.00,NaN,0.00,356.60,0.01,2.32
1228234,435.25,NaN,0.00,NaN,0.00,357.58,0.01,1.93
1228734,435.00,NaN,0.00,NaN,0.00,357.58,0.01,1.93
1229237,435.00,NaN,0.00,NaN,0.00,357.32,0.01,2.08
1229737,435.00,NaN,0.00,NaN,0.00,357.32,0.01,2.08
1230242,434.75,NaN,0.00,NaN,0.00,358.57,0.01,2.03
1230742,434.75,NaN,0.00,NaN,0.00,358.57,0.01,2.03
1231245,434.75,NaN,0.00,NaN,0.00,356.05,0.01,1.84
1231745,434.50,NaN,0.00,NaN,0.00,356.05,0.01,1.84
1232249,434.50,NaN,0.00,NaN,0.00,357.76,0.01,2.31
1232749,434.50,NaN,0.00,NaN,0.00,357.76,0.01,2.31
1233254,434.50,NaN,0.00,NaN,0.00,361.70,0.01,1.81
1233754,434.25,NaN,0.00,NaN,0.00,361.70,0.01,1.81
1234258,434.25,NaN,0.00,NaN,0.00,358.83,0.01,2.20
1234758,434.00,NaN,0.00,NaN,0.00,358.83,0.01,2.20
1235261,434.00,NaN,0.00,NaN,0.00,356.67,0.01,2.12
1235761,434.00,NaN,0.00,NaN,0.00,356.67,0.01,2.12
1236265,434.00,NaN,0.00,NaN,0.00,354.03,0.01,2.05
1236765,434.00,NaN,0.00,NaN,0.00,354.03,0.01,2.05
1237270,433.75,NaN,0.00,NaN,0.00,355.95,0.01,2.10
1237770,433.75,NaN,0.00,NaN,0.00,355.95,0.01,2.10
1238275,433.50,NaN,0.00,NaN,0.00,358.40,0.01,1.94
1238775,433.50,NaN,0.00,NaN,0.00,358.40,0.01,1.94
1239278,433.50,NaN,0.00,NaN,0.00,357.58,0.01,2.25
1239778,433.50,NaN,0.00,NaN,0.00,357.58,0.01,2.25
1240283,433.25,NaN,0.00,NaN,0.00,358.96,0.01,1.80
1240783,433.25,NaN,0.00,NaN,0.00,358.96,0.01,1.80
1241286,433.25,NaN,0.00,NaN,0.00,356.78,0.01,2.24
1241786,433.25,NaN,0.00,NaN,0.00,356.78,0.01,2.24
1242291,433.25,NaN,0.00,NaN,0.00,357.34,0.01,1.98
1242791,433.00,NaN,0.00,NaN,0.00,357.34,0.01,1.98
1243296,433.00,NaN,0.00,NaN,0.00,357.63,0.01,2.11
1243796,433.00,NaN,0.00,NaN,0.00,357.63,0.01,2.11
1244299,433.00,NaN,0.00,NaN,0.00,357.87,0.01,2.21
1244800,432.75,NaN,0.00,NaN,0.00,357.87,0.01,2.21
1245304,432.75,NaN,0.00,NaN,0.00,358.17,0.01,1.79
1245804,432.75,NaN,0.00,NaN,0.00,358.17,0.01,1.79
1246307,432.50,NaN,0.00,NaN,0.00,357.53,0.01,2.12
1246807,432.50,NaN,0.00,NaN,0.00,357.53,0.01,2.12
1247311,432.50,NaN,0.00,NaN,0.00,357.21,0.01,2.35
1247811,432.50,NaN,0.00,NaN,0.00,357.21,0.01,2.35
1248314,432.25,NaN,0.00,NaN,0.00,357.41,0.01,1.80
1248814,432.25,NaN,0.00,NaN,0.00,357.41,0.01,1.80
1249318,432.25,NaN,0.00,NaN,0.00,357.47,0.00,1.69
1249818,432.25,NaN,0.00,NaN,0.00,357.47,0.00,1.69
1250321,432.00,NaN,0.00,NaN,0.00,356.96,0.01,1.99
1250821,432.00,NaN,0.00,NaN,0.00,356.96,0.01,1.99
1251325,432.00,NaN,0.00,NaN,0.00,357.93,0.01,1.84
1251825,432.00,NaN,0.00,NaN,0.00,357.93,0.01,1.84
1252328,431.75,NaN,0.00,NaN,0.00,357.05,0.01,2.16
1252828,431.75,NaN,0.00,NaN,0.00,357.05,0.01,2.16
1253332,431.75,NaN,0.00,NaN,0.00,358.52,0.01,2.24
1253832,431.50,NaN,0.00,NaN,0.00,358.52,0.01,2.24
1254335,431.50,NaN,0.00,NaN,0.00,357.17,0.01,2.03
1254835,431.50,NaN,0.00,NaN,0.00,357.17,0.01,2.03
1255340,431.50,NaN,0.00,NaN,0.00,357.01,0.01,2.42
1255840,431.25,NaN,0.00,NaN,0.00,357.01,0.01,2.42
1256343,431.25,NaN,0.00,NaN,0.00,356.90,0.01,1.99
1256843,431.25,NaN,0.00,NaN,0.00,356.90,0.01,1.99
1257346,431.25,NaN,0.00,NaN,0.00,357.13,0.01,1.90
1257846,431.00,NaN,0.00,NaN,0.00,357.13,0.01,1.90
1258351,431.00,NaN,0.00,NaN,0.00,357.96,0.01,2.23
1258851,431.00,NaN,0.00,NaN,0.00,357.96,0.01,2.23
1259354,431.00,NaN,0.00,NaN,0.00,356.39,0.01,2.16
1259854,430.75,NaN,0.00,NaN,0.00,356.39,0.01,2.16
1260359,430.75,NaN,0.00,NaN,0.00,357.72,0.01,1.98
1260859,430.75,NaN,0.00,NaN,0.00,357.72,0.01,1.98
1261362,430.75,NaN,0.00,NaN,0.00,355.95,0.01,2.11
1261862,430.75,NaN,0.00,NaN,0.00,355.95,0.01,2.11
1262367,430.75,NaN,0.00,NaN,0.00,357.97,0.01,1.98
1262867,430.50,NaN,0.00,NaN,0.00,357.97,0.01,1.98
1263370,430.50,NaN,0.00,NaN,0.00,357.19,0.01,2.03
1263870,430.50,NaN,0.00,NaN,0.00,357.19,0.01,2.03
1264375,430.50,NaN,0.00,NaN,0.00,358.27,0.01,2.11
1264875,430.50,NaN,0.00,NaN,0.00,358.27,0.01,2.11
1265378,430.25,NaN,0.00,NaN,0.00,356.85,0.01,2.08
1265878,430.25,NaN,0.00,NaN,0.00,356.85,0.01,2.08
1266382,430.25,NaN,0.00,NaN,0.00,357.93,0.01,2.11
1266882,430.25,NaN,0.00,NaN,0.00,357.93,0.01,2.11
1267385,430.00,NaN,0.00,NaN,0.00,357.17,0.00,1.59
1267885,430.25,NaN,0.00,NaN,0.00,357.17,0.00,1.59
1268389,430.00,NaN,0.00,NaN,0.00,358.07,0.01,2.11
1268889,430.00,NaN,0.00,NaN,0.00,358.07,0.01,2.11
1269394,429.75,NaN,0.00,NaN,0.00,358.82,0.01,1.89
1269894,429.75,NaN,0.00,NaN,0.00,358.82,0.01,1.89
1270400,429.75,NaN,0.00,NaN,0.00,359.30,0.01,2.12
1270900,429.75,NaN,0.00,NaN,0.00,359.30,0.01,2.12
1271403,429.75,NaN,0.00,NaN,0.00,358.59,0.01,2.21
1271903,429.75,NaN,0.00,NaN,0.00,358.59,0.01,2.21
1272406,429.50,NaN,0.00,NaN,0.00,357.39,0.01,1.85
1272906,429.50,NaN,0.00,NaN,0.00,357.39,0.01,1.85
1273411,429.50,NaN,0.00,NaN,0.00,358.77,0.01,2.07
1273911,429.50,NaN,0.00,NaN,0.00,358.77,0.01,2.07
1274416,429.50,NaN,0.00,NaN,0.00,359.11,0.01,2.24
1274916,429.25,NaN,0.00,NaN,0.00,359.11,0.01,2.24
1275419,429.25,NaN,0.00,NaN,0.00,358.20,0.01,2.13
1275919,429.25,NaN,0.00,NaN,0.00,358.20,0.01,2.13
1276422,429.25,NaN,0.00,NaN,0.00,357.93,0.01,1.99
1276922,429.00,NaN,0.00,NaN,0.00,357.93,0.01,1.99
1277427,429.00,NaN,0.00,NaN,0.00,359.07,0.01,2.12
1277927,429.00,NaN,0.00,NaN,0.00,359.07,0.01,2.12
1278430,429.00,NaN,0.00,NaN,0.00,358.33,0.01,2.08
1278930,428.75,NaN,0.00,NaN,0.00,358.33,0.01,2.08
1279435,428.75,NaN,0.00,NaN,0.00,359.12,0.01,2.07
1279935,428.75,NaN,0.00,NaN,0.00,359.12,0.01,2.07
1280438,428.75,NaN,0.00,NaN,0.00,358.81,0.01,2.25
1280939,428.50,NaN,0.00,NaN,0.00,358.81,0.01,2.25
1281443,428.50,NaN,0.00,NaN,0.00,359.56,0.01,1.80
1281943,428.50,NaN,0.00,NaN,0.00,359.56,0.01,1.80
1282446,428.50,NaN,0.00,NaN,0.00,358.67,0.01,1.86
1282946,428.50,691.25,0.00,NaN,0.00,358.67,0.01,1.86
1283451,428.25,691.25,0.00,NaN,0.00,358.82,0.01,2.07
1283951,428.25,691.00,0.00,NaN,0.00,358.82,0.01,2.07
1284451,428.25,690.75,0.00,NaN,0.00,360.00,0.01,1.99
1284951,428.25,690.50,0.00,NaN,0.00,360.00,0.01,1.99
1285451,428.00,690.25,0.00,NaN,0.00,358.74,0.00,1.69
1285951,428.00,690.25,0.00,NaN,0.00,358.74,0.00,1.69
1286452,428.00,690.00,0.00,NaN,0.00,358.65,0.00,1.69
1286952,427.75,689.75,0.00,NaN,0.00,358.65,0.00,1.69
1287452,427.75,689.50,0.00,NaN,0.00,359.75,0.01,2.08
1287952,427.75,689.25,0.00,NaN,0.00,359.75,0.01,2.08
1288452,427.50,689.25,0.00,NaN,0.00,359.60,0.01,2.03
1288952,427.50,689.00,0.00,NaN,0.00,359.60,0.01,2.03
1289452,427.50,688.75,0.00,NaN,0.00,360.43,0.01,2.13
1289952,427.50,688.50,0.00,NaN,0.00,360.43,0.01,2.13
1290452,427.25,688.25,0.00,NaN,0.00,360.80,0.01,2.08
1290952,427.25,688.00,0.00,NaN,0.00,360.80,0.01,2.08
1291452,427.25,688.00,0.00,NaN,0.00,361.28,0.00,1.76
1291952,427.25,687.75,0.00,NaN,0.00,361.28,0.00,1.76
1292452,427.00,687.50,0.00,NaN,0.00,360.51,0.01,2.37
1292952,427.00,687.25,0.00,NaN,0.00,360.51,0.01,2.37
1293452,427.00,687.00,0.00,NaN,0.00,359.60,0.01,2.08
1293952,426.75,687.00,0.00,NaN,0.00,359.60,0.01,2.08
1294452,426.75,686.75,0.00,NaN,0.00,360.09,0.01,2.08
1294952,426.75,686.50,0.00,NaN,0.00,360.09,0.01,2.08
1295453,426.50,686.25,0.00,NaN,0.00,360.77,0.01,2.48
1295953,426.50,686.25,0.00,NaN,0.00,360.77,0.01,2.48
1296453,426.50,686.00,0.00,NaN,0.00,361.05,0.01,2.21
1296953,426.50,685.75,0.00,NaN,0.00,361.05,0.01,2.21
1297453,426.25,685.50,0.00,NaN,0.00,360.58,0.00,1.65
1297953,426.25,685.50,0.00,NaN,0.00,360.58,0.00,1.65
1298453,426.00,685.25,0.00,NaN,0.00,360.57,0.01,2.25
1298953,426.00,685.00,0.00,NaN,0.00,360.57,0.01,2.25
1299453,426.00,684.75,0.00,NaN,0.00,361.13,0.01,2.37
1299953,426.00,684.50,0.00,NaN,0.00,361.13,0.01,2.37
1300453,425.75,684.50,0.00,NaN,0.00,360.05,0.01,2.16
1300953,425.75,684.25,0.00,NaN,0.00,360.05,0.01,2.16
1301453,425.75,684.00,0.00,NaN,0.00,360.04,0.01,1.99
1301953,425.75,683.75,0.00,NaN,0.00,360.04,0.01,1.99
1302453,425.75,683.50,0.00,NaN,0.00,360.83,0.01,2.00
1302953,425.50,683.50,0.00,NaN,0.00,360.83,0.01,2.00
1303453,425.50,683.25,0.00,NaN,0.00,361.21,0.01,1.86
1303953,425.50,683.00,0.00,NaN,0.00,361.21,0.01,1.86
1304453,425.50,682.75,0.00,NaN,0.00,360.86,0.01,2.00
1304953,425.50,682.50,0.00,NaN,0.00,360.86,0.01,2.00
1305453,425.50,682.25,0.00,NaN,0.00,360.30,0.00,1.59
1305953,425.50,682.00,0.00,NaN,0.00,360.30,0.00,1.59
1306454,425.25,681.75,0.00,NaN,0.00,361.11,0.00,1.76
1306954,425.25,681.75,0.00,NaN,0.00,361.11,0.00,1.76
1307454,425.25,681.50,0.00,NaN,0.00,360.80,0.01,2.04
1307954,425.25,681.25,0.00,NaN,0.00,360.80,0.01,2.04
1308454,425.25,681.25,0.00,NaN,0.00,360.19,0.01,1.95
1308954,425.00,681.00,0.00,NaN,0.00,360.19,0.01,1.95
1309454,425.00,680.75,0.00,NaN,0.00,360.48,0.01,2.13
1309954,425.00,680.50,0.00,NaN,0.00,360.48,0.01,2.13
1310454,424.75,680.50,0.00,NaN,0.00,359.69,0.01,1.80
1310954,424.75,680.25,0.00,NaN,0.00,359.69,0.01,1.80
1311454,424.75,680.00,0.00,NaN,0.00,359.76,0.01,2.12
1311954,424.75,679.75,0.00,NaN,0.00,359.76,0.01,2.12
1312454,424.75,679.75,0.00,NaN,0.00,359.40,0.01,2.20
1312954,424.75,679.50,0.00,NaN,0.00,359.40,0.01,2.20
1313454,424.75,679.25,0.00,NaN,0.00,358.59,0.01,2.20
1313954,424.50,679.00,0.00,NaN,0.00,358.59,0.01,2.20
1314454,424.50,679.00,0.00,NaN,0.00,359.36,0.01,2.08
1314954,424.50,678.50,0.00,NaN,0.00,359.36,0.01,2.08
1315454,424.50,678.50,0.00,NaN,0.00,360.34,0.00,1.70
1315954,424.50,678.25,0.00,NaN,0.00,360.34,0.00,1.70
1316454,424.25,678.00,0.00,NaN,0.00,360.42,0.01,2.33
1316954,424.25,678.00,0.00,NaN,0.00,360.42,0.01,2.33
1317454,424.25,677.75,0.00,NaN,0.00,360.11,0.01,2.25
1317954,424.25,677.50,0.00,NaN,0.00,360.11,0.01,2.25
1318454,424.25,677.25,0.00,NaN,0.00,360.14,0.01,2.04
1318955,424.25,677.25,0.00,NaN,0.00,360.14,0.01,2.04
1319455,424.00,677.00,0.00,NaN,0.00,360.65,0.01,1.90
1319955,424.00,676.75,0.00,NaN,0.00,360.65,0.01,1.90
1320455,424.00,676.50,0.00,NaN,0.00,360.52,0.01,1.90
1320955,424.00,676.25,0.00,NaN,0.00,360.52,0.01,1.90
1321455,424.00,676.25,0.00,NaN,0.00,359.67,0.01,2.16
1321955,423.75,676.00,0.00,NaN,0.00,359.67,0.01,2.16
1322455,423.75,675.75,0.00,NaN,0.00,359.35,0.01,1.90
1322955,423.75,675.75,0.00,NaN,0.00,359.35,0.01,1.90
1323455,423.75,675.50,0.00,NaN,0.00,359.58,0.01,1.99
1323955,423.50,675.25,0.00,NaN,0.00,359.58,0.01,1.99
1324455,423.50,675.25,0.00,NaN,0.00,360.31,0.01,2.25
1324955,423.50,674.75,0.00,NaN,0.00,360.31,0.01,2.25
1325455,423.50,674.50,0.00,NaN,0.00,360.49,0.01,2.25
1325955,423.50,674.25,0.00,NaN,0.00,360.49,0.01,2.25
1326455,423.50,674.25,0.00,NaN,0.00,360.12,0.01,2.21
1326955,423.50,674.00,0.00,NaN,0.00,360.12,0.01,2.21
1327455,423.25,674.00,0.00,NaN,0.00,360.14,0.01,2.36
1327955,423.25,673.75,0.00,NaN,0.00,360.14,0.01,2.36
1328455,423.25,673.50,0.00,NaN,0.00,360.95,0.01,2.17
1328955,423.25,673.25,0.00,NaN,0.00,360.95,0.01,2.17
1329455,423.25,673.00,0.00,NaN,0.00,359.55,0.01,2.20
1329955,423.00,672.75,0.00,NaN,0.00,359.55,0.01,2.20
1330455,423.00,672.75,0.00,NaN,0.00,359.25,0.01,2.51
1330955,423.00,672.50,0.00,NaN,0.00,359.25,0.01,2.51
1331456,423.00,672.25,0.00,NaN,0.00,361.19,0.01,2.21
1331956,422.75,672.25,0.00,NaN,0.00,361.19,0.01,2.21
1332456,422.75,672.00,0.00,NaN,0.00,360.19,0.00,1.70
1332956,422.75,671.75,0.00,NaN,0.00,360.19,0.00,1.70
1333456,422.75,671.50,0.00,NaN,0.00,360.78,0.01,1.95
1333956,422.50,671.50,0.00,NaN,0.00,360.78,0.01,1.95
1334456,422.50,671.25,0.00,NaN,0.00,359.78,0.01,1.94
1334956,422.50,671.00,0.00,NaN,0.00,359.78,0.01,1.94
1335456,422.50,670.75,0.00,NaN,0.00,360.29,0.01,2.25
1335956,422.25,670.75,0.00,NaN,0.00,360.29,0.01,2.25
1336456,422.25,670.50,0.00,NaN,0.00,360.72,0.01,2.17
1336956,422.25,670.25,0.00,NaN,0.00,360.72,0.01,2.17
1337456,422.25,670.00,0.00,NaN,0.00,360.32,0.01,1.90
1337956,422.25,670.00,0.00,NaN,0.00,360.32,0.01,1.90
1338456,422.00,669.75,0.00,NaN,0.00,360.28,0.01,1.99
1338956,422.00,669.50,0.00,NaN,0.00,360.28,0.01,1.99
1339456,422.00,669.50,0.00,NaN,0.00,360.64,0.01,1.85
1339956,421.75,669.25,0.00,NaN,0.00,360.64,0.01,1.85
1340456,421.75,669.00,0.00,NaN,0.00,360.54,0.01,2.13
1340956,421.75,669.00,0.00,NaN,0.00,360.54,0.01,2.13
1341456,421.75,668.75,0.00,NaN,0.00,359.20,0.01,2.36
1341956,421.75,668.50,0.00,NaN,0.00,359.20,0.01,2.36
1342456,421.50,668.25,0.00,NaN,0.00,361.04,0.01,2.29
1342956,421.50,668.00,0.00,NaN,0.00,361.04,0.01,2.29
1343456,421.25,668.00,0.00,NaN,0.00,359.80,0.01,2.32
1343956,421.25,667.75,0.00,NaN,0.00,359.80,0.01,2.32
1344456,421.25,667.50,0.00,NaN,0.00,359.91,0.01,1.94
1344956,421.25,667.25,0.00,NaN,0.00,359.91,0.01,1.94
1345456,421.25,667.25,0.00,NaN,0.00,360.23,0.01,2.04
1345956,421.00,667.00,0.00,NaN,0.00,360.23,0.01,2.04
1346456,421.00,666.75,0.00,NaN,0.00,359.29,0.01,1.94
1346956,421.00,666.75,0.00,NaN,0.00,359.29,0.01,1.94
1347456,421.00,666.50,0.00,NaN,0.00,359.49,0.01,2.03
1347956,421.00,666.25,0.00,NaN,0.00,359.49,0.01,2.03
1348456,420.75,666.00,0.00,NaN,0.00,360.18,0.01,2.25
1348956,420.75,666.00,0.00,NaN,0.00,360.18,0.01,2.25
1349456,420.75,665.75,0.00,NaN,0.00,360.76,0.01,2.13
1349956,420.75,665.50,0.00,NaN,0.00,360.76,0.01,2.13
1350456,420.50,665.25,0.00,NaN,0.00,360.87,0.01,1.95
1350956,420.50,665.25,0.00,NaN,0.00,360.87,0.01,1.95
1351456,420.25,665.00,0.00,NaN,0.00,359.72,0.01,1.80
1351956,420.25,664.75,0.00,NaN,0.00,359.72,0.01,1.80
1352456,420.25,664.75,0.00,NaN,0.00,360.14,0.01,1.80
1352956,420.25,664.50,0.00,NaN,0.00,360.14,0.01,1.80
1353456,420.25,664.25,0.00,NaN,0.00,359.60,0.01,2.03
1353956,420.25,664.00,0.00,NaN,0.00,359.60,0.01,2.03
1354456,420.00,664.00,0.00,NaN,0.00,360.34,0.01,2.12
1354956,420.00,663.75,0.00,NaN,0.00,360.34,0.01,2.12
1355456,420.00,663.50,0.00,NaN,0.00,360.13,0.01,2.12
1355956,420.00,663.25,0.00,NaN,0.00,360.13,0.01,2.12
1356456,419.75,663.25,0.00,NaN,0.00,360.96,0.01,1.90
1356956,419.75,663.00,0.00,NaN,0.00,360.96,0.01,1.90
1357456,419.75,662.75,0.00,NaN,0.00,360.38,0.01,1.99
1357956,419.75,662.50,0.00,NaN,0.00,360.38,0.01,1.99
1358456,419.50,662.50,0.00,NaN,0.00,360.15,0.01,2.17
1358956,419.50,662.25,0.00,NaN,0.00,360.15,0.01,2.17
1359456,419.50,662.00,0.00,NaN,0.00,361.33,0.01,2.17
1359956,419.50,661.75,0.00,NaN,0.00,361.33,0.01,2.17
1360456,419.25,661.75,0.00,NaN,0.00,360.16,0.01,2.08
1360956,419.25,661.50,0.00,NaN,0.00,360.16,0.01,2.08
1361456,419.25,661.25,0.00,NaN,0.00,359.93,0.01,2.21
1361956,419.00,661.00,0.00,NaN,0.00,359.93,0.01,2.21
1362456,419.00,661.00,0.00,NaN,0.00,360.71,0.01,2.13
1362956,419.00,660.75,0.00,NaN,0.00,360.71,0.01,2.13
1363456,419.00,660.75,0.00,NaN,0.00,361.07,0.01,1.90
1363956,419.00,660.50,0.00,NaN,0.00,361.07,0.01,1.90
1364456,419.00,660.25,0.00,NaN,0.00,360.47,0.00,1.47
1364956,418.75,660.00,0.00,NaN,0.00,360.47,0.00,1.47
1365456,418.75,660.00,0.00,NaN,0.00,360.49,0.01,1.95
1365956,418.75,659.75,0.00,NaN,0.00,360.49,0.01,1.95
1366456,418.75,659.50,0.00,NaN,0.00,360.44,0.01,1.85
1366956,418.50,659.25,0.00,NaN,0.00,360.44,0.01,1.85
1367456,418.50,659.25,0.00,NaN,0.00,360.36,0.01,2.25
1367956,418.50,659.00,0.00,NaN,0.00,360.36,0.01,2.25
1368456,418.50,658.75,0.00,NaN,0.00,360.89,0.00,1.65
1368956,418.25,658.50,0.00,NaN,0.00,360.89,0.00,1.65
1369456,418.25,658.50,0.00,NaN,0.00,361.17,0.01,2.29
1369956,418.25,658.25,0.00,NaN,0.00,361.17,0.01,2.29
1370456,418.25,658.00,0.00,NaN,0.00,360.81,0.01,2.21
1370956,418.25,657.75,0.00,NaN,0.00,360.81,0.01,2.21
1371456,418.25,657.75,0.00,NaN,0.00,360.83,0.01,1.95
1371956,418.00,657.50,0.00,NaN,0.00,360.83,0.01,1.95
1372456,418.00,657.50,0.00,NaN,0.00,360.77,0.01,2.21
1372956,418.00,657.25,0.00,NaN,0.00,360.77,0.01,2.21
1373456,418.00,657.00,0.00,NaN,0.00,360.13,0.01,1.85
1373956,417.75,657.00,0.00,NaN,0.00,360.13,0.01,1.85
1374456,417.75,656.75,0.00,NaN,0.00,361.13,0.01,2.25
1374956,417.75,656.50,0.00,NaN,0.00,361.13,0.01,2.25
1375456,417.75,656.25,0.00,NaN,0.00,361.11,0.01,2.04
1375956,417.50,656.25,0.00,NaN,0.00,361.11,0.01,2.04
1376456,417.50,656.00,0.00,NaN,0.00,361.09,0.01,2.09
1376956,417.50,655.75,0.00,NaN,0.00,361.09,0.01,2.09
1377456,417.25,655.50,0.00,NaN,0.00,360.27,0.00,1.65
1377956,417.25,655.50,0.00,NaN,0.00,360.27,0.00,1.65
1378456,417.25,655.25,0.00,NaN,0.00,359.46,0.01,2.20
1378956,417.25,655.00,0.00,NaN,0.00,359.46,0.01,2.20
1379456,417.00,655.00,0.00,NaN,0.00,359.44,0.01,2.03
1379956,417.00,654.75,0.00,NaN,0.00,359.44,0.01,2.03
1380456,417.00,654.50,0.00,NaN,0.00,360.28,0.00,1.65
1380956,417.00,654.50,0.00,NaN,0.00,360.28,0.00,1.65
1381456,416.75,654.25,0.00,NaN,0.00,360.33,0.01,2.08
1381956,416.75,654.00,0.00,NaN,0.00,360.33,0.01,2.08
1382456,416.75,653.75,0.00,NaN,0.00,360.36,0.01,2.17
1382956,416.75,653.75,0.00,NaN,0.00,360.36,0.01,2.17
1383456,416.75,653.50,0.00,NaN,0.00,360.32,0.01,2.29
1383956,416.50,653.25,0.00,NaN,0.00,360.32,0.01,2.29
1384456,416.50,653.25,0.00,NaN,0.00,360.87,0.01,2.17
1384956,416.50,653.00,0.00,NaN,0.00,360.87,0.01,2.17
1385456,416.50,652.75,0.00,NaN,0.00,361.15,0.01,2.21
1385956,416.50,652.50,0.00,NaN,0.00,361.15,0.01,2.21
1386456,416.50,652.50,0.00,NaN,0.00,359.43,0.01,2.16
1386956,416.25,652.25,0.00,NaN,0.00,359.43,0.01,2.16
1387456,416.25,652.00,0.00,NaN,0.00,360.78,0.01,2.04
1387956,416.25,652.00,0.00,NaN,0.00,360.78,0.01,2.04
1388456,416.00,651.75,0.00,NaN,0.00,360.39,0.01,2.17
1388956,416.00,651.50,0.00,NaN,0.00,360.39,0.01,2.17
1389456,416.00,651.25,0.00,NaN,0.00,361.51,0.00,1.76
1389956,416.00,651.25,0.00,NaN,0.00,361.51,0.00,1.76
1390456,415.75,651.00,0.00,NaN,0.00,360.99,0.01,2.09
1390956,415.75,651.00,0.00,NaN,0.00,360.99,0.01,2.09
1391456,415.75,650.75,0.00,NaN,0.00,359.84,0.01,2.20
1391956,415.75,650.50,0.00,NaN,0.00,359.84,0.01,2.20
1392456,415.50,650.25,0.00,NaN,0.00,359.36,0.00,1.59
1392956,415.50,650.00,0.00,NaN,0.00,359.36,0.00,1.59
1393456,415.50,650.00,0.00,NaN,0.00,361.05,0.01,2.25
1393956,415.50,649.75,0.00,NaN,0.00,361.05,0.01,2.25
1394456,415.50,649.50,0.00,NaN,0.00,361.01,0.01,1.95
1394956,415.50,649.50,0.00,NaN,0.00,361.01,0.01,1.95
1395456,415.25,649.25,0.00,NaN,0.00,361.10,0.01,2.13
1395956,415.25,649.00,0.00,NaN,0.00,361.10,0.01,2.13
1396456,415.25,649.00,0.00,NaN,0.00,361.34,0.01,1.95
1396956,415.00,648.75,0.00,NaN,0.00,361.34,0.01,1.95
1397456,415.00,648.50,0.00,NaN,0.00,360.79,0.01,2.00
1397956,415.00,648.50,0.00,NaN,0.00,360.79,0.01,2.00
1398456,415.00,648.25,0.00,NaN,0.00,360.61,0.01,1.99
1398956,415.00,648.00,0.00,NaN,0.00,360.61,0.01,1.99
1399456,414.75,648.00,0.00,NaN,0.00,361.05,0.01,1.95
1399956,414.75,647.75,0.00,NaN,0.00,361.05,0.01,1.95
1400456,414.75,647.50,0.00,NaN,0.00,360.67,0.00,1.75
1400956,414.50,647.50,0.00,NaN,0.00,360.67,0.00,1.75
1401456,414.50,647.25,0.00,NaN,0.00,360.96,0.01,2.00
1401956,414.50,647.00,0.00,NaN,0.00,360.96,0.01,2.00
1402456,414.50,646.75,0.00,NaN,0.00,360.89,0.00,1.70
1402956,414.50,646.75,0.00,NaN,0.00,360.89,0.00,1.70
1403456,414.25,646.50,0.00,NaN,0.00,359.40,0.01,2.12
1403956,414.25,646.25,0.00,NaN,0.00,359.40,0.01,2.12
1404456,414.25,646.25,0.00,NaN,0.00,360.26,0.00,1.70
1404956,414.25,646.00,0.00,NaN,0.00,360.26,0.00,1.70
1405456,414.00,645.75,0.00,NaN,0.00,360.89,0.01,2.48
1405956,414.00,645.75,0.00,NaN,0.00,360.89,0.01,2.48
1406456,414.00,645.50,0.00,NaN,0.00,361.01,0.01,1.90
1406956,413.75,645.25,0.00,NaN,0.00,361.01,0.01,1.90
1407456,413.75,645.00,0.00,NaN,0.00,360.52,0.01,2.08
1407956,413.75,645.00,0.00,NaN,0.00,360.52,0.01,2.08
1408456,413.75,644.75,0.00,NaN,0.00,361.27,0.01,2.17
1408956,413.50,644.75,0.00,NaN,0.00,361.27,0.01,2.17
1409456,413.50,644.50,0.00,NaN,0.00,360.80,0.01,2.17
1409956,413.50,644.25,0.00,NaN,0.00,360.80,0.01,2.17
1410456,413.50,644.25,0.00,NaN,0.00,360.36,0.01,2.12
1410956,413.50,644.00,0.00,NaN,0.00,360.36,0.01,2.12
1411456,413.25,643.75,0.00,NaN,0.00,360.13,0.01,2.08
1411956,413.25,643.50,0.00,NaN,0.00,360.13,0.01,2.08
1412456,413.25,643.50,0.00,NaN,0.00,361.05,0.01,2.09
1412956,413.25,643.25,0.00,NaN,0.00,361.05,0.01,2.09
1413456,413.25,643.00,0.00,NaN,0.00,361.03,0.01,2.17
1413956,413.00,642.75,0.00,NaN,0.00,361.03,0.01,2.17
1414456,413.00,642.75,0.00,NaN,0.00,360.71,0.01,2.00
1414956,413.00,642.50,0.00,NaN,0.00,360.71,0.01,2.00
1415456,413.00,642.25,0.00,NaN,0.00,360.55,0.01,2.29
1415956,413.00,642.25,0.00,NaN,0.00,360.55,0.01,2.29
1416456,413.00,642.00,0.00,NaN,0.00,361.01,0.01,1.86
1416956,412.75,641.75,0.00,NaN,0.00,361.01,0.01,1.86
1417456,412.75,641.75,0.00,NaN,0.00,360.97,0.01,2.17
1417956,412.50,641.50,0.00,NaN,0.00,360.97,0.01,2.17
1418456,412.50,641.25,0.00,NaN,0.00,360.79,0.00,1.70
1418956,412.50,641.00,0.00,NaN,0.00,360.79,0.00,1.70
1419456,412.25,641.00,0.00,NaN,0.00,360.98,0.01,2.25
1419956,412.25,640.75,0.00,NaN,0.00,360.98,0.01,2.25
1420456,412.25,640.50,0.00,NaN,0.00,360.21,0.01,2.29
1420956,412.25,640.50,0.00,NaN,0.00,360.21,0.01,2.29
1421456,412.00,640.25,0.00,NaN,0.00,361.26,0.01,2.25
1421956,412.00,640.25,0.00,NaN,0.00,361.26,0.01,2.25
1422456,412.00,640.00,0.00,NaN,0.00,361.07,0.01,1.81
1422956,412.00,639.75,0.00,NaN,0.00,361.07,0.01,1.81
1423456,412.00,639.50,0.00,NaN,0.00,359.54,0.01,2.03
1423956,411.75,639.25,0.00,NaN,0.00,359.54,0.01,2.03
1424456,411.75,639.25,0.00,NaN,0.00,361.01,0.01,1.95
1424956,411.75,639.25,0.00,NaN,0.00,361.01,0.01,1.95
1425456,411.75,639.00,0.00,NaN,0.00,360.77,0.00,1.75
1425956,411.75,638.75,0.00,NaN,0.00,360.77,0.00,1.75
1426456,411.75,638.50,0.00,NaN,0.00,360.95,0.01,2.21
1426956,411.75,638.25,0.00,NaN,0.00,360.95,0.01,2.21
1427456,411.75,638.25,0.00,NaN,0.00,360.83,0.01,2.08
1427956,411.50,638.00,0.00,NaN,0.00,360.83,0.01,2.08
1428456,411.50,638.00,0.00,NaN,0.00,361.17,0.01,1.90
1428956,411.50,637.75,0.00,NaN,0.00,361.17,0.01,1.90
1429456,411.25,637.50,0.00,NaN,0.00,361.35,0.01,1.81
1429956,411.25,637.25,0.00,NaN,0.00,361.35,0.01,1.81
1430456,411.25,637.25,0.00,NaN,0.00,361.75,0.01,2.09
1430956,411.25,637.00,0.00,NaN,0.00,361.75,0.01,2.09
1431456,411.00,637.00,0.00,NaN,0.00,360.44,0.01,2.04
1431956,411.00,636.75,0.00,NaN,0.00,360.44,0.01,2.04
1432456,411.00,636.50,0.00,NaN,0.00,360.46,0.01,2.04
1432956,411.00,636.25,0.00,NaN,0.00,360.46,0.01,2.04
1433456,410.75,636.25,0.00,NaN,0.00,360.75,0.01,2.13
1433956,410.75,636.00,0.00,NaN,0.00,360.75,0.01,2.13
1434456,410.75,635.75,0.00,NaN,0.00,361.30,0.01,2.17
1434956,410.50,635.75,0.00,NaN,0.00,361.30,0.01,2.17
1435456,410.50,635.50,0.00,NaN,0.00,360.99,0.01,2.25
1435956,410.50,635.25,0.00,NaN,0.00,360.99,0.01,2.25
1436456,410.50,635.25,0.00,NaN,0.00,360.57,0.01,1.90
1436956,410.50,635.00,0.00,NaN,0.00,360.57,0.01,1.90
1437456,410.50,634.75,0.00,NaN,0.00,361.23,0.01,2.04
1437956,410.50,634.75,0.00,NaN,0.00,361.23,0.01,2.04
1438456,410.50,634.50,0.00,NaN,0.00,361.11,0.01,2.17
1438956,410.25,634.25,0.00,NaN,0.00,361.11,0.01,2.17
1439456,410.25,634.00,0.00,NaN,0.00,361.31,0.01,2.04
1439956,410.25,634.00,0.00,NaN,0.00,361.31,0.01,2.04
1440456,410.25,633.75,0.00,NaN,0.00,361.25,0.01,1.95
1440956,410.00,633.75,0.00,NaN,0.00,361.25,0.01,1.95
1441456,410.00,633.50,0.00,NaN,0.00,361.11,0.01,2.13
1441956,410.00,633.25,0.00,NaN,0.00,361.11,0.01,2.13
1442456,409.75,633.00,0.00,NaN,0.00,361.24,0.01,2.17
1442956,409.75,633.00,0.00,NaN,0.00,361.24,0.01,2.17
1443456,409.75,632.75,0.00,NaN,0.00,361.02,0.00,1.65
1443956,409.50,632.75,0.00,NaN,0.00,361.02,0.00,1.65
1444456,409.50,632.50,0.00,NaN,0.00,361.11,0.01,2.33
1444956,409.50,632.25,0.00,NaN,0.00,361.11,0.01,2.33
1445456,409.50,632.25,0.00,NaN,0.00,361.08,0.01,2.00
1445956,409.25,632.00,0.00,NaN,0.00,361.08,0.01,2.00
1446456,409.25,631.75,0.00,NaN,0.00,360.79,0.01,2.33
1446956,409.25,631.50,0.00,NaN,0.00,360.79,0.01,2.33
1447456,409.00,631.50,0.00,NaN,0.00,360.22,0.01,2.17
1447956,409.00,631.25,0.00,NaN,0.00,360.22,0.01,2.17
1448456,409.00,631.25,0.00,NaN,0.00,360.13,0.01,2.04
1448956,409.00,631.00,0.00,NaN,0.00,360.13,0.01,2.04
1449456,409.00,630.75,0.00,NaN,0.00,360.33,0.01,1.95
1449956,408.75,630.75,0.00,NaN,0.00,360.33,0.01,1.95
1450456,408.75,630.50,0.00,NaN,0.00,361.10,0.01,2.17
1450956,408.50,630.25,0.00,NaN,0.00,361.10,0.01,2.17
1451456,408.50,630.25,0.00,NaN,0.00,361.25,0.01,2.17
1451956,408.50,630.00,0.00,NaN,0.00,361.25,0.01,2.17
1452456,408.50,630.00,0.00,NaN,0.00,360.48,0.01,1.85
1452956,408.50,629.75,0.00,NaN,0.00,360.48,0.01,1.85
1453456,408.25,629.50,0.00,NaN,0.00,360.53,0.01,1.90
1453956,408.25,629.50,0.00,NaN,0.00,360.53,0.01,1.90
1454456,408.25,629.25,0.00,NaN,0.00,361.84,0.01,1.96
1454956,408.00,629.25,0.00,NaN,0.00,361.84,0.01,1.96
1455456,408.00,629.00,0.00,NaN,0.00,361.03,0.00,1.76
1455956,408.00,628.75,0.00,NaN,0.00,361.03,0.00,1.76
1456456,407.75,628.75,0.00,NaN,0.00,360.94,0.01,2.09
1456956,407.75,628.50,0.00,NaN,0.00,360.94,0.01,2.09
1457456,407.75,628.25,0.00,NaN,0.00,360.94,0.01,2.04
1457956,407.75,628.25,0.00,NaN,0.00,360.94,0.01,2.04
1458456,407.75,628.00,0.00,NaN,0.00,360.72,0.01,1.95
1458956,407.50,628.00,0.00,NaN,0.00,360.72,0.01,1.95
1459456,407.50,627.75,0.00,NaN,0.00,361.18,0.01,2.00
1459956,407.50,627.50,0.00,NaN,0.00,361.18,0.01,2.00
1460456,407.50,627.25,0.00,NaN,0.00,361.13,0.01,2.17
1460956,407.50,627.25,0.00,NaN,0.00,361.13,0.01,2.17
1461456,407.50,627.00,0.00,NaN,0.00,360.59,0.01,2.13
1461956,407.50,627.00,0.00,NaN,0.00,360.59,0.01,2.13
1462456,407.25,626.75,0.00,NaN,0.00,359.65,0.01,2.16
1462956,407.25,626.50,0.00,NaN,0.00,359.65,0.01,2.16
1463456,407.25,626.50,0.00,NaN,0.00,360.37,0.01,1.90
1463956,407.25,626.50,0.00,NaN,0.00,360.37,0.01,1.90
1464456,407.25,626.25,0.00,NaN,0.00,360.50,0.01,2.04
1464956,407.00,626.00,0.00,NaN,0.00,360.50,0.01,2.04
1465456,407.00,625.75,0.00,NaN,0.00,360.77,0.00,1.59
1465956,407.00,625.75,0.00,NaN,0.00,360.77,0.00,1.59
1466456,407.00,625.50,0.00,NaN,0.00,359.85,0.01,1.94
1466956,407.00,625.25,0.00,NaN,0.00,359.85,0.01,1.94
1467456,406.75,625.25,0.00,NaN,0.00,359.65,0.01,2.44
1467956,406.75,625.00,0.00,NaN,0.00,359.65,0.01,2.44
1468456,406.50,625.00,0.00,NaN,0.00,360.75,0.01,2.29
1468956,406.50,624.75,0.00,NaN,0.00,360.75,0.01,2.29
1469456,406.50,624.50,0.00,NaN,0.00,361.12,0.01,2.17
1469956,406.25,624.50,0.00,NaN,0.00,361.12,0.01,2.17
1470456,406.25,624.25,0.00,NaN,0.00,360.79,0.01,1.85
1470956,406.25,624.00,0.00,NaN,0.00,360.79,0.01,1.85
1471456,406.00,624.00,0.00,NaN,0.00,360.25,0.01,2.12
1471956,406.00,623.75,0.00,NaN,0.00,360.25,0.01,2.12
1472456,406.00,623.50,0.00,NaN,0.00,360.37,0.01,1.99
1472956,406.00,623.50,0.00,NaN,0.00,360.37,0.01,1.99
1473456,406.00,623.25,0.00,NaN,0.00,360.82,0.01,2.08
1473956,405.75,623.00,0.00,NaN,0.00,360.82,0.01,2.08
1474456,405.75,623.00,0.00,NaN,0.00,361.43,0.01,2.21
1474956,405.75,622.75,0.00,NaN,0.00,361.43,0.01,2.21
1475456,405.75,622.50,0.00,NaN,0.00,361.44,0.01,2.13
1475956,405.75,622.50,0.00,NaN,0.00,361.44,0.01,2.13
1476456,405.50,622.25,0.00,NaN,0.00,360.98,0.01,2.13
1476956,405.50,622.00,0.00,NaN,0.00,360.98,0.01,2.13
1477456,405.25,622.00,0.00,NaN,0.00,361.06,0.01,2.21
1477956,405.25,621.75,0.00,NaN,0.00,361.06,0.01,2.21
1478456,405.25,621.50,0.00,NaN,0.00,359.91,0.01,2.25
1478956,405.25,621.50,0.00,NaN,0.00,359.91,0.01,2.25
1479456,405.25,621.25,0.00,NaN,0.00,361.08,0.01,1.81
1479956,405.00,621.25,0.00,NaN,0.00,361.08,0.01,1.81
1480456,405.00,621.00,0.00,NaN,0.00,360.99,0.01,2.29
1480956,405.00,620.75,0.00,NaN,0.00,360.99,0.01,2.29
1481456,404.75,620.75,0.00,NaN,0.00,360.44,0.01,2.29
1481956,404.75,620.50,0.00,NaN,0.00,360.44,0.01,2.29
1482456,404.75,620.50,0.00,NaN,0.00,361.09,0.00,1.70
1482956,404.50,620.25,0.00,NaN,0.00,361.09,0.00,1.70
1483456,404.50,620.00,0.00,NaN,0.00,360.89,0.01,2.00
1483956,404.50,620.00,0.00,NaN,0.00,360.89,0.01,2.00
1484456,404.50,619.75,0.00,NaN,0.00,360.94,0.01,2.04
1484956,404.25,619.50,0.00,NaN,0.00,360.94,0.01,2.04
1485456,404.25,619.50,0.00,NaN,0.00,361.30,0.01,1.95
1485956,404.25,619.25,0.00,NaN,0.00,361.30,0.01,1.95
1486456,404.25,619.00,0.00,NaN,0.00,361.52,0.01,2.13
1486956,404.25,618.75,0.00,NaN,0.00,361.52,0.01,2.13
1487456,404.00,618.75,0.00,NaN,0.00,361.54,0.01,1.95
1487956,403.75,618.50,0.00,NaN,0.00,361.54,0.01,1.95
1488456,403.75,618.50,0.00,NaN,0.00,361.05,0.01,2.17
1488956,403.75,618.25,0.00,NaN,0.00,361.05,0.01,2.17
1489456,403.75,618.00,0.00,NaN,0.00,360.72,0.01,2.25
1489956,403.50,618.00,0.00,NaN,0.00,360.72,0.01,2.25
1490456,403.50,617.75,0.00,NaN,0.00,361.35,0.01,1.95
1490956,403.50,617.50,0.00,NaN,0.00,361.35,0.01,1.95
1491456,403.25,617.25,0.00,NaN,0.00,361.06,0.01,2.17
1491956,403.25,617.25,0.00,NaN,0.00,361.06,0.01,2.17
1492456,403.25,617.00,0.00,NaN,0.00,360.84,0.01,2.08
1492956,403.25,616.75,0.00,NaN,0.00,360.84,0.01,2.08
1493456,403.25,616.75,0.00,NaN,0.00,361.00,0.01,2.00
1493956,403.00,616.50,0.00,NaN,0.00,361.00,0.01,2.00
1494456,403.00,616.25,0.00,NaN,0.00,360.88,0.01,2.48
1494956,403.00,616.00,0.00,NaN,0.00,360.88,0.01,2.48
1495456,403.00,616.00,0.00,NaN,0.00,361.39,0.01,2.04
1495956,402.75,615.75,0.00,NaN,0.00,361.39,0.01,2.04
1496456,402.75,615.75,0.00,NaN,0.00,361.28,0.01,2.21
1496956,402.75,615.50,0.00,NaN,0.00,361.28,0.01,2.21
1497456,402.50,615.25,0.00,NaN,0.00,361.03,0.01,2.33
1497956,402.50,615.25,0.00,NaN,0.00,361.03,0.01,2.33
1498456,402.50,615.00,0.00,NaN,0.00,360.63,0.01,2.21
1498956,402.50,615.00,0.00,NaN,0.00,360.63,0.01,2.21
1499456,402.25,614.75,0.00,NaN,0.00,361.00,0.00,1.65
1499956,402.25,614.50,0.00,NaN,0.00,361.00,0.00,1.65
1500456,402.25,614.50,0.00,NaN,0.00,361.23,0.01,2.29
1500956,402.00,614.25,0.00,NaN,0.00,361.23,0.01,2.29
1501456,402.00,614.00,0.00,NaN,0.00,361.54,0.01,2.22
1501956,402.00,613.75,0.00,NaN,0.00,361.54,0.01,2.22
1502456,401.75,613.75,0.00,NaN,0.00,361.94,0.01,2.00
1502956,401.75,613.50,0.00,NaN,0.00,361.94,0.01,2.00
1503456,401.75,613.50,0.00,NaN,0.00,360.08,0.01,1.90
1503956,401.50,613.25,0.00,NaN,0.00,360.08,0.01,1.90
1504456,401.50,613.00,0.00,NaN,0.00,360.15,0.01,2.08
1504956,401.50,613.00,0.00,NaN,0.00,360.15,0.01,2.08
1505456,401.25,612.75,0.00,NaN,0.00,359.97,0.00,1.64
1505956,401.25,612.50,0.00,NaN,0.00,359.97,0.00,1.64
1506456,401.25,612.50,0.00,NaN,0.00,359.21,0.01,2.08
1506956,401.00,612.25,0.00,NaN,0.00,359.21,0.01,2.08
1507456,401.00,612.00,0.00,NaN,0.00,359.31,0.01,1.80
1507956,401.00,612.00,0.00,NaN,0.00,359.31,0.01,1.80
1508456,400.75,611.75,0.00,NaN,0.00,359.07,0.01,2.20
1508956,400.75,611.50,0.00,NaN,0.00,359.07,0.01,2.20
1509456,400.75,611.50,0.00,NaN,0.00,359.40,0.01,2.08
1509956,400.75,611.25,0.00,NaN,0.00,359.40,0.01,2.08
1510456,400.50,611.00,0.00,NaN,0.00,358.43,0.01,1.94
1510956,400.25,611.00,0.00,NaN,0.00,358.43,0.01,1.94
1511456,400.25,610.75,0.00,NaN,0.00,359.40,0.01,1.85
1511956,400.25,610.50,0.00,NaN,0.00,359.40,0.01,1.85
1512456,400.25,610.50,0.00,NaN,0.00,359.29,0.01,2.08
1512956,400.25,610.25,0.00,NaN,0.00,359.29,0.01,2.08
1513456,400.00,610.00,0.00,NaN,0.00,359.41,0.01,1.85
1513956,400.00,610.00,0.00,NaN,0.00,359.41,0.01,1.85
1514456,400.00,609.75,0.00,NaN,0.00,359.59,0.01,1.85
1514956,399.75,609.75,0.00,NaN,0.00,359.59,0.01,1.85
1515456,399.75,609.50,0.00,NaN,0.00,358.76,0.01,2.32
1515956,399.75,609.25,0.00,NaN,0.00,358.76,0.01,2.32
1516456,399.50,609.00,0.00,NaN,0.00,359.91,0.01,2.16
1516956,399.50,609.00,0.00,NaN,0.00,359.91,0.01,2.16
1517456,399.50,608.75,0.00,NaN,0.00,359.57,0.01,2.08
1517956,399.50,608.50,0.00,NaN,0.00,359.57,0.01,2.08
1518456,399.50,608.50,0.00,NaN,0.00,358.68,0.01,1.84
1518956,399.25,608.25,0.00,NaN,0.00,358.68,0.01,1.84
1519456,399.25,608.25,0.00,NaN,0.00,358.59,0.01,1.84
1519956,399.25,608.00,0.00,NaN,0.00,358.59,0.01,1.84
1520456,399.00,607.75,0.00,NaN,0.00,360.10,0.01,2.12
1520956,399.00,607.50,0.00,554.00,0.00,360.10,0.01,2.12
1521456,399.00,607.50,0.00,553.75,0.00,360.45,0.01,1.99
1521956,398.75,607.25,0.00,553.25,0.00,360.45,0.01,1.99
1522456,398.75,607.25,0.00,552.75,0.00,359.46,0.01,2.36
1522956,398.75,607.00,0.00,552.50,0.00,359.46,0.01,2.36
1523456,398.50,606.75,0.00,552.00,0.00,359.71,0.01,1.99
1523956,398.75,606.75,0.00,551.75,0.00,359.71,0.01,1.99
1524456,398.50,606.50,0.00,551.50,0.00,359.86,0.01,2.25
1524956,398.50,606.25,0.00,551.00,0.00,359.86,0.01,2.25
1525456,398.25,606.25,0.00,550.50,0.00,358.91,0.01,1.84
1525956,398.25,606.00,0.00,550.25,0.00,358.91,0.01,1.84
1526456,398.25,605.75,0.00,549.75,0.00,358.69,0.01,2.16
1526956,398.00,605.75,0.00,549.50,0.00,358.69,0.01,2.16
1527456,398.00,605.50,0.00,549.50,0.00,361.54,0.00,1.71
1527956,398.00,605.50,0.00,549.25,0.00,361.54,0.00,1.71
1528456,398.00,605.25,0.00,549.00,0.00,360.81,0.01,2.08
1528956,397.75,605.00,0.00,548.75,0.00,360.81,0.01,2.08
1529456,397.75,605.00,0.00,548.50,0.00,359.05,0.01,2.28
1529956,397.75,604.75,0.00,548.25,0.00,359.05,0.01,2.28
1530456,397.50,604.50,0.00,548.25,0.00,360.07,0.01,1.99
1530956,397.50,604.50,0.00,548.00,0.00,360.07,0.01,1.99
1531456,397.50,604.25,0.00,547.75,0.00,359.27,0.01,2.12
1531956,397.50,604.00,0.00,547.50,0.00,359.27,0.01,2.12
1532456,397.25,604.00,0.00,547.25,0.00,358.79,0.01,2.07
1532956,397.25,603.75,0.00,547.25,0.00,358.79,0.01,2.07
1533456,397.25,603.50,0.00,547.00,0.00,359.41,0.00,1.47
1533956,397.00,603.50,0.00,NaN,0.00,359.41,0.00,1.47
1534456,397.00,603.25,0.00,NaN,0.00,359.26,0.01,2.12
1534956,396.75,603.00,0.00,NaN,0.00,359.26,0.01,2.12
1535456,396.75,602.75,0.00,NaN,0.00,359.07,0.01,2.12
1535956,396.75,602.75,0.00,NaN,0.00,359.07,0.01,2.12
1536456,396.75,602.50,0.00,NaN,0.00,358.54,0.01,1.98
1536956,396.50,602.50,0.00,NaN,0.00,358.54,0.01,1.98
1537456,396.50,602.25,0.00,NaN,0.00,359.86,0.01,2.20
1537956,396.50,602.25,0.00,NaN,0.00,359.86,0.01,2.20
1538456,396.25,602.00,0.00,NaN,0.00,359.46,0.01,2.08
1538956,396.25,601.75,0.00,NaN,0.00,359.46,0.01,2.08
1539456,396.25,601.50,0.00,NaN,0.00,359.14,0.01,1.94
1539956,396.25,601.50,0.00,NaN,0.00,359.14,0.01,1.94
1540456,396.00,601.25,0.00,NaN,0.00,359.04,0.00,1.75
1540956,395.75,601.00,0.00,NaN,0.00,359.04,0.00,1.75
1541456,395.75,601.00,0.00,NaN,0.00,359.18,0.01,1.80
1541956,395.75,600.75,0.00,NaN,0.00,359.18,0.01,1.80
1542456,395.75,600.75,0.00,NaN,0.00,359.10,0.01,2.32
1542956,395.50,600.50,0.00,NaN,0.00,359.10,0.01,2.32
1543456,395.50,600.25,0.00,NaN,0.00,359.75,0.00,1.70
1543956,395.50,600.00,0.00,NaN,0.00,359.75,0.00,1.70
1544456,395.25,600.00,0.00,NaN,0.00,359.49,0.01,2.20
1544956,395.25,599.75,0.00,NaN,0.00,359.49,0.01,2.20
1545456,395.25,599.50,0.00,NaN,0.00,359.34,0.01,2.20
1545956,395.25,599.50,0.00,NaN,0.00,359.34,0.01,2.20
1546456,395.00,599.25,0.00,NaN,0.00,358.30,0.01,1.94
1546956,395.00,599.25,0.00,NaN,0.00,358.30,0.01,1.94
1547456,394.75,599.00,0.00,NaN,0.00,360.00,0.01,2.29
1547956,394.75,598.75,0.00,NaN,0.00,360.00,0.01,2.29
1548456,394.75,598.75,0.00,NaN,0.00,359.43,0.01,2.16
1548956,394.50,598.50,0.00,NaN,0.00,359.43,0.01,2.16
1549456,394.50,598.25,0.00,NaN,0.00,360.46,0.01,2.13
1549956,394.50,598.00,0.00,NaN,0.00,360.46,0.01,2.13
1550456,394.25,598.00,0.00,NaN,0.00,360.76,0.01,2.37
1550956,394.25,597.75,0.00,NaN,0.00,360.76,0.01,2.37
1551456,394.25,597.75,0.00,NaN,0.00,360.24,0.01,2.29
1551956,394.00,597.50,0.00,NaN,0.00,360.24,0.01,2.29
1552456,394.00,597.25,0.00,NaN,0.00,359.27,0.01,2.12
1552956,394.00,597.25,0.00,NaN,0.00,359.27,0.01,2.12
1553456,394.00,597.00,0.00,NaN,0.00,360.32,0.01,2.04
1553956,393.75,596.75,0.00,NaN,0.00,360.32,0.01,2.04
1554456,393.75,596.75,0.00,NaN,0.00,359.64,0.01,1.99
1554956,393.75,596.50,0.00,NaN,0.00,359.64,0.01,1.99
1555456,393.50,596.25,0.00,NaN,0.00,360.43,0.01,1.95
1555956,393.50,596.25,0.00,NaN,0.00,360.43,0.01,1.95
1556456,393.50,596.00,0.00,NaN,0.00,359.22,0.01,1.99
1556956,393.25,595.75,0.00,NaN,0.00,359.22,0.01,1.99
1557456,393.25,595.75,0.00,NaN,0.00,358.83,0.01,2.07
1557956,393.25,595.50,0.00,NaN,0.00,358.83,0.01,2.07
1558456,393.00,595.25,0.00,NaN,0.00,360.06,0.01,2.33
1558956,393.00,595.25,0.00,NaN,0.00,360.06,0.01,2.33
1559456,393.00,595.00,0.00,NaN,0.00,360.19,0.01,2.29
1559956,393.00,595.00,0.00,NaN,0.00,360.19,0.01,2.29
1560456,392.75,594.75,0.00,NaN,0.00,359.49,0.01,1.99
1560956,392.75,594.50,0.00,NaN,0.00,359.49,0.01,1.99
1561456,392.50,594.25,0.00,NaN,0.00,359.68,0.01,2.12
1561956,392.50,594.25,0.00,NaN,0.00,359.68,0.01,2.12
1562456,392.50,594.00,0.00,NaN,0.00,358.75,0.01,2.32
1562956,392.50,593.75,0.00,NaN,0.00,358.75,0.01,2.32
1563456,392.50,593.75,0.00,NaN,0.00,358.63,0.01,1.94
1563956,392.25,593.50,0.00,NaN,0.00,358.63,0.01,1.94
1564456,392.25,593.50,0.00,NaN,0.00,359.30,0.01,2.32
1564956,392.00,593.25,0.00,NaN,0.00,359.30,0.01,2.32
1565456,392.00,593.00,0.00,NaN,0.00,358.77,0.00,1.47
1565956,391.75,592.75,0.00,NaN,0.00,358.77,0.00,1.47
1566456,391.75,592.75,0.00,NaN,0.00,359.34,0.01,1.99
1566956,391.75,592.50,0.00,NaN,0.00,359.34,0.01,1.99
1567456,391.75,592.25,0.00,NaN,0.00,360.33,0.01,1.85
1567956,391.50,592.25,0.00,NaN,0.00,360.33,0.01,1.85
1568456,391.50,592.00,0.00,NaN,0.00,359.34,0.01,2.20
1568956,391.50,592.00,0.00,NaN,0.00,359.34,0.01,2.20
1569456,391.25,591.75,0.00,NaN,0.00,359.69,0.01,2.20
1569956,391.25,591.75,0.00,NaN,0.00,359.69,0.01,2.20
1570456,391.25,591.50,0.00,NaN,0.00,359.48,0.01,1.99
1570956,391.25,591.25,0.00,NaN,0.00,359.48,0.01,1.99
1571456,391.00,591.00,0.00,NaN,0.00,359.23,0.01,2.08
1571956,391.00,591.00,0.00,NaN,0.00,359.23,0.01,2.08
1572456,391.00,590.75,0.00,NaN,0.00,359.51,0.01,1.99
1572956,390.75,590.50,0.00,NaN,0.00,359.51,0.01,1.99
1573456,390.75,590.50,0.00,NaN,0.00,359.17,0.01,2.07
1573956,390.75,590.25,0.00,NaN,0.00,359.17,0.01,2.07
1574456,390.50,590.00,0.00,NaN,0.00,359.03,0.01,2.07
1574956,390.50,589.75,0.00,NaN,0.00,359.03,0.01,2.07
1575456,390.25,589.75,0.00,NaN,0.00,359.73,0.01,2.03
1575956,390.25,589.50,0.00,NaN,0.00,359.73,0.01,2.03
1576456,390.25,589.50,0.00,NaN,0.00,359.27,0.01,2.12
1576956,390.25,589.25,0.00,NaN,0.00,359.27,0.01,2.12
1577456,390.00,589.00,0.00,NaN,0.00,359.34,0.01,1.89
1577956,390.00,589.00,0.00,NaN,0.00,359.34,0.01,1.89
1578456,389.75,588.75,0.00,NaN,0.00,359.51,0.01,1.99
1578956,389.75,588.75,0.00,NaN,0.00,359.51,0.01,1.99
1579456,389.75,588.50,0.00,NaN,0.00,359.22,0.01,2.16
1579956,389.75,588.25,0.00,NaN,0.00,359.22,0.01,2.16
1580456,389.50,588.25,0.00,NaN,0.00,358.77,0.01,1.89
1580956,389.25,588.00,0.00,NaN,0.00,358.77,0.01,1.89
1581456,389.25,587.75,0.00,NaN,0.00,359.15,0.01,1.99
1581956,389.25,587.75,0.00,NaN,0.00,359.15,0.01,1.99
1582456,389.00,587.50,0.00,NaN,0.00,359.38,0.01,1.90
1582956,389.00,587.25,0.00,NaN,0.00,359.38,0.01,1.90
1583456,389.00,587.25,0.00,NaN,0.00,359.17,0.01,2.07
1583956,389.00,587.00,0.00,NaN,0.00,359.17,0.01,2.07
1584456,388.75,586.75,0.00,NaN,0.00,358.89,0.01,2.16
1584956,388.50,586.75,0.00,NaN,0.00,358.89,0.01,2.16
1585456,388.50,586.50,0.00,NaN,0.00,359.67,0.01,2.24
1585956,388.50,586.25,0.00,NaN,0.00,359.67,0.01,2.24
1586456,388.25,586.25,0.00,NaN,0.00,359.10,0.01,2.12
1586956,388.50,586.00,0.00,NaN,0.00,359.10,0.01,2.12
1587456,388.25,586.00,0.00,NaN,0.00,358.93,0.01,1.94
1587956,388.00,585.75,0.00,NaN,0.00,358.93,0.01,1.94
1588456,388.00,585.50,0.00,NaN,0.00,359.52,0.01,2.16
1588956,387.75,585.25,0.00,NaN,0.00,359.52,0.01,2.16
1589456,388.00,585.25,0.00,NaN,0.00,360.03,0.01,2.62
1589956,388.00,585.00,0.00,NaN,0.00,360.03,0.01,2.62
1590456,387.75,585.00,0.00,NaN,0.00,358.90,0.01,2.16
1590956,387.75,584.75,0.00,NaN,0.00,358.90,0.01,2.16
1591456,387.50,584.50,0.00,NaN,0.00,358.35,0.01,1.98
1591956,387.50,584.50,0.00,NaN,0.00,358.35,0.01,1.98
1592456,387.50,584.25,0.00,NaN,0.00,359.15,0.01,2.20
1592956,387.50,584.00,0.00,NaN,0.00,359.15,0.01,2.20
1593456,387.25,584.00,0.00,NaN,0.00,359.17,0.01,2.12
1593956,387.00,583.75,0.00,NaN,0.00,359.17,0.01,2.12
1594456,387.00,583.50,0.00,NaN,0.00,359.59,0.01,1.94
1594956,387.00,583.50,0.00,NaN,0.00,359.59,0.01,1.94
1595456,387.00,583.25,0.00,NaN,0.00,360.16,0.01,1.80
1595956,386.75,583.25,0.00,NaN,0.00,360.16,0.01,1.80
1596456,386.75,583.00,0.00,NaN,0.00,359.30,0.01,1.94
1596956,386.75,582.75,0.00,NaN,0.00,359.30,0.01,1.94
1597456,386.50,582.50,0.00,NaN,0.00,359.88,0.01,1.80
1597956,386.50,582.50,0.00,NaN,0.00,359.88,0.01,1.80
1598456,386.50,582.25,0.00,NaN,0.00,360.54,0.01,2.21
1598956,386.50,582.25,0.00,NaN,0.00,360.54,0.01,2.21
1599456,386.25,582.00,0.00,NaN,0.00,359.51,0.01,2.03
1599956,386.25,582.00,0.00,NaN,0.00,359.51,0.01,2.03
1600456,386.00,581.75,0.00,NaN,0.00,359.15,0.01,2.36
1600956,386.00,581.50,0.00,NaN,0.00,359.15,0.01,2.36
1601456,386.00,581.25,0.00,NaN,0.00,359.89,0.01,1.99
1601956,385.75,581.25,0.00,NaN,0.00,359.89,0.01,1.99
1602456,385.75,581.00,0.00,NaN,0.00,359.48,0.01,1.99
1602956,385.75,580.75,0.00,NaN,0.00,359.48,0.01,1.99
1603456,385.50,580.75,0.00,NaN,0.00,360.07,0.01,2.25
1603956,385.50,580.50,0.00,NaN,0.00,360.07,0.01,2.25
1604456,385.50,580.25,0.00,NaN,0.00,360.27,0.01,1.95
1604956,385.25,580.25,0.00,NaN,0.00,360.27,0.01,1.95
1605456,385.25,580.00,0.00,NaN,0.00,359.45,0.01,2.12
1605956,385.25,579.75,0.00,NaN,0.00,359.45,0.01,2.12
1606456,385.00,579.75,0.00,NaN,0.00,359.43,0.01,2.24
1606956,385.00,579.50,0.00,NaN,0.00,359.43,0.01,2.24
1607456,384.75,579.25,0.00,NaN,0.00,359.54,0.01,2.16
1607956,384.75,579.25,0.00,NaN,0.00,359.54,0.01,2.16
1608456,384.75,579.00,0.00,NaN,0.00,359.10,0.01,1.94
1608956,384.50,578.75,0.00,NaN,0.00,359.10,0.01,1.94
1609456,384.50,578.75,0.00,NaN,0.00,358.78,0.01,2.07
1609956,384.50,578.50,0.00,NaN,0.00,358.78,0.01,2.07
1610456,384.25,578.50,0.00,NaN,0.00,358.83,0.01,1.94
1610956,384.25,578.25,0.00,NaN,0.00,358.83,0.01,1.94
1611456,384.25,578.00,0.00,NaN,0.00,355.97,0.01,1.97
1611956,384.25,577.75,0.00,NaN,0.00,355.97,0.01,1.97
1612456,384.00,577.75,0.00,NaN,0.00,360.29,0.01,2.04
1612956,384.00,577.50,0.00,NaN,0.00,360.29,0.01,2.04
1613456,384.00,577.50,0.00,NaN,0.00,360.49,0.01,1.99
1613956,383.75,577.25,0.00,NaN,0.00,360.49,0.01,1.99
1614456,383.75,577.00,0.00,NaN,0.00,361.03,0.01,1.81
1614956,383.75,577.00,0.00,NaN,0.00,361.03,0.01,1.81
1615456,383.50,576.75,0.00,NaN,0.00,359.75,0.01,1.90
1615956,383.50,576.50,0.00,NaN,0.00,359.75,0.01,1.90
1616456,383.25,576.50,0.00,NaN,0.00,359.49,0.01,2.03
1616956,383.25,576.25,0.00,NaN,0.00,359.49,0.01,2.03
1617456,383.25,576.25,0.00,NaN,0.00,359.11,0.01,2.20
1617956,383.25,576.00,0.00,NaN,0.00,359.11,0.01,2.20
1618456,383.00,575.75,0.00,NaN,0.00,358.76,0.01,1.89
1618956,383.00,575.75,0.00,NaN,0.00,358.76,0.01,1.89
1619456,383.00,575.50,0.00,NaN,0.00,358.87,0.01,1.94
1619956,382.75,575.25,0.00,NaN,0.00,358.87,0.01,1.94
1620456,382.75,575.25,0.00,NaN,0.00,358.35,0.01,2.24
1620956,382.50,575.00,0.00,NaN,0.00,358.35,0.01,2.24
1621456,382.50,574.75,0.00,NaN,0.00,358.95,0.01,2.36
1621956,382.50,574.75,0.00,NaN,0.00,358.95,0.01,2.36
1622456,382.25,574.50,0.00,NaN,0.00,359.72,0.00,1.75
1622956,382.25,574.25,0.00,NaN,0.00,359.72,0.00,1.75
1623456,382.25,574.25,0.00,NaN,0.00,359.19,0.01,1.99
1623956,382.00,574.00,0.00,NaN,0.00,359.19,0.01,1.99
1624456,382.00,573.75,0.00,NaN,0.00,358.38,0.01,1.79
1624956,382.00,573.75,0.00,NaN,0.00,358.38,0.01,1.79
1625456,381.75,573.50,0.00,NaN,0.00,358.38,0.01,1.84
1625956,381.75,573.50,0.00,NaN,0.00,358.38,0.01,1.84
1626456,381.75,573.25,0.00,NaN,0.00,359.13,0.01,2.03
1626956,381.50,573.00,0.00,NaN,0.00,359.13,0.01,2.03
1627456,381.50,573.00,0.00,NaN,0.00,359.13,0.01,1.99
1627956,381.50,572.75,0.00,NaN,0.00,359.13,0.01,1.99
1628456,381.25,572.50,0.00,NaN,0.00,359.88,0.01,1.85
1628956,381.25,572.50,0.00,NaN,0.00,359.88,0.01,1.85
1629456,381.25,572.25,0.00,NaN,0.00,359.21,0.01,2.08
1629956,381.25,572.25,0.00,NaN,0.00,359.21,0.01,2.08
1630456,381.00,572.00,0.00,NaN,0.00,358.06,0.01,1.84
1630956,381.00,571.75,0.00,NaN,0.00,358.06,0.01,1.84
1631456,380.75,571.50,0.00,NaN,0.00,360.52,0.01,1.85
1631956,380.75,571.50,0.00,NaN,0.00,360.52,0.01,1.85
1632456,380.75,571.25,0.00,NaN,0.00,358.79,0.01,2.16
1632956,380.75,571.25,0.00,NaN,0.00,358.79,0.01,2.16
1633456,380.50,571.00,0.00,NaN,0.00,359.49,0.00,1.64
1633956,380.50,570.75,0.00,NaN,0.00,359.49,0.00,1.64
1634456,380.50,570.75,0.00,NaN,0.00,359.15,0.00,1.75
1634956,380.25,570.50,0.00,NaN,0.00,359.15,0.00,1.75
1635456,380.25,570.50,0.00,NaN,0.00,358.57,0.01,2.16
1635956,380.00,570.25,0.00,NaN,0.00,358.57,0.01,2.16
1636456,380.00,570.00,0.00,NaN,0.00,358.64,0.00,1.74
1636956,380.00,570.00,0.00,NaN,0.00,358.64,0.00,1.74
1637456,379.75,569.75,0.00,NaN,0.00,359.78,0.01,2.44
1637956,379.75,569.50,0.00,NaN,0.00,359.78,0.01,2.44
1638456,379.75,569.25,0.00,NaN,0.00,359.86,0.01,1.94
1638956,379.50,569.25,0.00,NaN,0.00,359.86,0.01,1.94
1639456,379.50,569.00,0.00,NaN,0.00,360.25,0.01,2.12
1639956,379.50,569.00,0.00,509.00,0.00,360.25,0.01,2.12
1640456,379.50,568.75,0.00,508.50,0.00,360.18,0.01,2.21
1640956,379.25,568.50,0.00,508.00,0.00,360.18,0.01,2.21
1641456,379.25,568.50,0.00,507.50,0.00,360.22,0.01,1.90
1641956,379.00,568.25,0.00,507.00,0.00,360.22,0.01,1.90
1642456,379.00,568.25,0.00,507.00,0.00,360.15,0.01,2.08
1642956,379.00,568.00,0.00,506.75,0.00,360.15,0.01,2.08
1643456,379.00,567.75,0.00,506.25,0.00,359.60,0.01,2.08
1643956,378.75,567.75,0.00,505.75,0.00,359.60,0.01,2.08
1644456,378.75,567.50,0.00,505.25,0.00,359.48,0.01,2.08
1644956,378.75,567.25,0.00,504.75,0.00,359.48,0.01,2.08
1645456,378.50,567.25,0.00,504.75,0.00,359.44,0.00,1.75
1645956,378.50,567.00,0.00,504.50,0.00,359.44,0.00,1.75
1646456,378.25,567.00,0.00,504.25,0.00,359.53,0.01,2.03
1646956,378.25,566.75,0.00,504.25,0.00,359.53,0.01,2.03
1647456,378.25,566.50,0.00,504.00,0.00,359.24,0.01,2.03
1647956,378.25,566.50,0.00,503.75,0.00,359.24,0.01,2.03
1648456,378.25,566.25,0.00,503.75,0.00,360.30,0.00,1.75
1648956,378.00,566.00,0.00,503.50,0.00,360.30,0.00,1.75
1649456,378.00,566.00,0.00,503.25,0.00,359.38,0.01,1.85
1649956,378.00,565.75,0.00,503.25,0.00,359.38,0.01,1.85
1650456,377.75,565.50,0.00,503.00,0.00,358.99,0.01,2.16
1650956,377.75,565.50,0.00,503.00,0.00,358.99,0.01,2.16
1651456,377.50,565.25,0.00,502.75,0.00,359.39,0.01,2.24
1651956,377.50,565.00,0.00,502.50,0.00,359.39,0.01,2.24
1652456,377.50,565.00,0.00,502.25,0.00,359.57,0.01,2.03
1652956,377.25,564.75,0.00,NaN,0.00,359.57,0.01,2.03
1653456,377.25,564.75,0.00,NaN,0.00,359.27,0.01,1.94
1653956,377.25,564.50,0.00,NaN,0.00,359.27,0.01,1.94
1654456,377.00,564.50,0.00,NaN,0.00,359.78,0.01,2.32
1654956,377.00,564.25,0.00,NaN,0.00,359.78,0.01,2.32
1655456,377.00,564.00,0.00,NaN,0.00,360.15,0.01,1.99
1655956,376.75,564.00,0.00,NaN,0.00,360.15,0.01,1.99
1656456,376.75,563.75,0.00,NaN,0.00,360.29,0.01,2.29
1656956,376.75,563.75,0.00,NaN,0.00,360.29,0.01,2.29
1657456,376.50,563.50,0.00,NaN,0.00,359.04,0.01,1.99
1657956,376.50,563.25,0.00,NaN,0.00,359.04,0.01,1.99
1658456,376.25,563.00,0.00,NaN,0.00,360.68,0.01,1.85
1658956,376.25,563.00,0.00,NaN,0.00,360.68,0.01,1.85
1659456,376.25,562.75,0.00,NaN,0.00,360.10,0.01,2.12
1659956,376.25,562.75,0.00,NaN,0.00,360.10,0.01,2.12
1660456,376.00,562.50,0.00,NaN,0.00,359.41,0.01,1.99
1660956,376.00,562.50,0.00,NaN,0.00,359.41,0.01,1.99
1661456,376.00,562.25,0.00,NaN,0.00,360.63,0.01,2.04
1661956,376.00,562.00,0.00,NaN,0.00,360.63,0.01,2.04
1662456,375.75,561.75,0.00,NaN,0.00,360.03,0.01,2.12
1662956,375.75,561.75,0.00,NaN,0.00,360.03,0.01,2.12
1663456,375.75,561.50,0.00,NaN,0.00,360.70,0.01,1.85
1663956,375.75,561.50,0.00,NaN,0.00,360.70,0.01,1.85
1664456,375.50,561.25,0.00,NaN,0.00,359.35,0.01,2.08
1664956,375.50,561.00,0.00,NaN,0.00,359.35,0.01,2.08
1665456,375.50,561.00,0.00,NaN,0.00,359.55,0.01,1.94
1665956,375.25,560.75,0.00,NaN,0.00,359.55,0.01,1.94
1666456,375.25,560.75,0.00,NaN,0.00,358.91,0.01,2.20
1666956,375.25,560.50,0.00,NaN,0.00,358.91,0.01,2.20
1667456,375.00,560.25,0.00,NaN,0.00,359.44,0.01,2.03
1667956,375.00,560.25,0.00,NaN,0.00,359.44,0.01,2.03
1668456,375.00,560.00,0.00,NaN,0.00,359.16,0.01,2.36
1668956,374.75,559.75,0.00,NaN,0.00,359.16,0.01,2.36
1669456,374.75,559.75,0.00,NaN,0.00,358.93,0.00,1.64
1669956,374.75,559.50,0.00,NaN,0.00,358.93,0.00,1.64
1670456,374.50,559.25,0.00,NaN,0.00,359.34,0.01,1.80
1670956,374.50,559.25,0.00,NaN,0.00,359.34,0.01,1.80
1671456,374.50,559.00,0.00,NaN,0.00,357.50,0.01,2.27
1671956,374.50,559.00,0.00,NaN,0.00,357.50,0.01,2.27
1672456,374.25,558.75,0.00,NaN,0.00,356.97,0.01,1.97
1672956,374.25,558.50,0.00,NaN,0.00,356.97,0.01,1.97
1673456,374.00,558.50,0.00,NaN,0.00,359.07,0.00,1.75
1673956,374.00,558.25,0.00,NaN,0.00,359.07,0.00,1.75
1674456,374.00,558.25,0.00,NaN,0.00,359.88,0.01,2.12
1674956,373.75,558.00,0.00,NaN,0.00,359.88,0.01,2.12
1675456,373.75,557.75,0.00,NaN,0.00,359.38,0.01,2.36
1675956,373.75,557.75,0.00,NaN,0.00,359.38,0.01,2.36
1676456,373.50,557.50,0.00,NaN,0.00,359.51,0.01,2.24
1676956,373.50,557.25,0.00,NaN,0.00,359.51,0.01,2.24
1677456,373.50,557.25,0.00,NaN,0.00,359.40,0.01,1.94
1677956,373.25,557.00,0.00,NaN,0.00,359.40,0.01,1.94
1678456,373.25,556.75,0.00,NaN,0.00,359.47,0.01,1.99
1678956,373.25,556.75,0.00,NaN,0.00,359.47,0.01,1.99
1679456,373.00,556.50,0.00,NaN,0.00,359.80,0.01,1.90
1679956,373.00,556.50,0.00,NaN,0.00,359.80,0.01,1.90
1680456,373.00,556.25,0.00,NaN,0.00,359.81,0.01,2.16
1680956,372.75,556.25,0.00,NaN,0.00,359.81,0.01,2.16
1681456,372.75,556.00,0.00,NaN,0.00,359.21,0.01,2.32
1681956,372.75,555.75,0.00,NaN,0.00,359.21,0.01,2.32
1682456,372.75,555.75,0.00,NaN,0.00,358.19,0.01,1.98
1682956,372.75,555.50,0.00,NaN,0.00,358.19,0.01,1.98
1683456,372.50,555.25,0.00,NaN,0.00,360.03,0.01,2.08
1683956,372.50,555.25,0.00,NaN,0.00,360.03,0.01,2.08
1684456,372.25,555.00,0.00,NaN,0.00,359.44,0.01,1.94
1684956,372.25,555.00,0.00,NaN,0.00,359.44,0.01,1.94
1685456,372.25,554.75,0.00,NaN,0.00,359.40,0.01,1.90
1685956,372.25,554.75,0.00,NaN,0.00,359.40,0.01,1.90
1686456,372.00,554.50,0.00,NaN,0.00,360.92,0.01,1.86
1686956,372.00,554.25,0.00,NaN,0.00,360.92,0.01,1.86
1687456,372.00,554.25,0.00,NaN,0.00,360.63,0.01,1.90
1687956,371.75,554.00,0.00,NaN,0.00,360.63,0.01,1.90
1688456,371.75,553.75,0.00,NaN,0.00,359.41,0.00,1.64
1688956,371.75,553.75,0.00,NaN,0.00,359.41,0.00,1.64
1689456,371.50,553.50,0.00,NaN,0.00,359.01,0.01,1.85
1689956,371.50,553.25,0.00,NaN,0.00,359.01,0.01,1.85
1690456,371.50,553.25,0.00,NaN,0.00,359.10,0.01,1.94
1690956,371.50,553.00,0.00,NaN,0.00,359.10,0.01,1.94
1691456,371.25,553.00,0.00,NaN,0.00,359.22,0.01,2.24
1691956,371.25,552.75,0.00,NaN,0.00,359.22,0.01,2.24
1692456,371.25,552.50,0.00,NaN,0.00,359.40,0.01,2.03
1692956,371.00,552.50,0.00,NaN,0.00,359.40,0.01,2.03
1693456,371.00,552.25,0.00,NaN,0.00,359.68,0.01,2.16
1693956,371.00,552.25,0.00,NaN,0.00,359.68,0.01,2.16
1694456,370.75,552.00,0.00,NaN,0.00,359.46,0.01,1.94
1694956,370.75,552.00,0.00,NaN,0.00,359.46,0.01,1.94
1695456,370.75,551.75,0.00,NaN,0.00,359.71,0.01,1.94
1695956,370.50,551.50,0.00,NaN,0.00,359.71,0.01,1.94
1696456,370.50,551.50,0.00,NaN,0.00,360.11,0.01,2.33
1696956,370.50,551.25,0.00,NaN,0.00,360.11,0.01,2.33
1697456,370.50,551.00,0.00,NaN,0.00,360.77,0.01,1.95
1697956,370.25,551.00,0.00,NaN,0.00,360.77,0.01,1.95
1698456,370.25,550.75,0.00,NaN,0.00,360.80,0.01,2.41
1698956,370.25,550.50,0.00,NaN,0.00,360.80,0.01,2.41
1699456,370.00,550.50,0.00,NaN,0.00,359.62,0.00,1.70
1699956,370.00,550.25,0.00,NaN,0.00,359.62,0.00,1.70
1700456,370.00,550.25,0.00,NaN,0.00,359.97,0.01,1.99
1700956,370.00,550.00,0.00,NaN,0.00,359.97,0.01,1.99
1701456,369.75,549.75,0.00,NaN,0.00,360.02,0.01,2.04
1701956,369.75,549.75,0.00,NaN,0.00,360.02,0.01,2.04
1702456,369.75,549.75,0.00,NaN,0.00,359.40,0.01,2.24
1702956,369.75,549.50,0.00,NaN,0.00,359.40,0.01,2.24
1703456,369.50,549.25,0.00,NaN,0.00,359.37,0.01,1.99
1703956,369.50,549.25,0.00,NaN,0.00,359.37,0.01,1.99
1704456,369.50,549.00,0.00,NaN,0.00,359.16,0.01,2.07
1704956,369.25,549.00,0.00,NaN,0.00,359.16,0.01,2.07
1705456,369.25,548.75,0.00,NaN,0.00,359.38,0.01,2.12
1705956,369.25,548.50,0.00,NaN,0.00,359.38,0.01,2.12
1706456,369.00,548.50,0.00,NaN,0.00,359.22,0.01,2.28
1706956,369.00,548.25,0.00,NaN,0.00,359.22,0.01,2.28
1707456,368.75,548.00,0.00,NaN,0.00,359.48,0.01,1.85
1707956,368.75,548.00,0.00,NaN,0.00,359.48,0.01,1.85
1708456,368.75,547.75,0.00,NaN,0.00,360.71,0.01,2.21
1708956,368.75,547.75,0.00,NaN,0.00,360.71,0.01,2.21
1709456,368.50,547.50,0.00,NaN,0.00,360.28,0.01,1.99
1709956,368.50,547.25,0.00,NaN,0.00,360.28,0.01,1.99
1710456,368.50,547.00,0.00,NaN,0.00,360.64,0.01,2.08
1710956,368.25,547.00,0.00,NaN,0.00,360.64,0.01,2.08
1711456,368.25,546.75,0.00,NaN,0.00,361.27,0.01,2.13
1711956,368.25,546.75,0.00,NaN,0.00,361.27,0.01,2.13
1712456,368.00,546.75,0.00,NaN,0.00,359.90,0.00,1.75
1712956,368.00,546.50,0.00,NaN,0.00,359.90,0.00,1.75
1713456,368.00,546.25,0.00,NaN,0.00,359.04,0.01,2.28
1713956,367.75,546.25,0.00,NaN,0.00,359.04,0.01,2.28
1714456,367.75,546.00,0.00,NaN,0.00,359.48,0.01,2.20
1714956,367.75,546.00,0.00,NaN,0.00,359.48,0.01,2.20
1715456,367.50,545.75,0.00,NaN,0.00,360.17,0.01,1.95
1715956,367.50,545.50,0.00,NaN,0.00,360.17,0.01,1.95
1716456,367.50,545.50,0.00,NaN,0.00,360.79,0.01,2.08
1716956,367.25,545.25,0.00,NaN,0.00,360.79,0.01,2.08
1717456,367.25,545.25,0.00,NaN,0.00,359.49,0.01,2.20
1717956,367.25,545.00,0.00,NaN,0.00,359.49,0.01,2.20
1718456,367.00,544.75,0.00,NaN,0.00,359.39,0.01,2.12
1718956,367.00,544.75,0.00,NaN,0.00,359.39,0.01,2.12
1719456,367.00,544.50,0.00,NaN,0.00,360.31,0.01,1.95
1719956,367.00,544.25,0.00,NaN,0.00,360.31,0.01,1.95
1720456,366.75,544.25,0.00,NaN,0.00,359.43,0.01,1.99
1720956,366.75,544.00,0.00,NaN,0.00,359.43,0.01,1.99
1721456,366.75,544.00,0.00,NaN,0.00,359.50,0.01,1.99
1721956,366.50,543.75,0.00,NaN,0.00,359.50,0.01,1.99
1722456,366.50,543.75,0.00,NaN,0.00,360.75,0.01,2.29
1722956,366.50,543.50,0.00,NaN,0.00,360.75,0.01,2.29
1723456,366.25,543.50,0.00,NaN,0.00,359.77,0.01,2.36
1723956,366.25,543.25,0.00,NaN,0.00,359.77,0.01,2.36
1724456,366.00,543.00,0.00,NaN,0.00,359.81,0.01,2.12
1724956,366.00,543.00,0.00,NaN,0.00,359.81,0.01,2.12
1725456,366.00,542.75,0.00,NaN,0.00,360.11,0.01,1.90
1725956,366.00,542.75,0.00,NaN,0.00,360.11,0.01,1.90
1726456,365.75,542.50,0.00,NaN,0.00,359.90,0.01,2.29
1726956,365.75,542.25,0.00,NaN,0.00,359.90,0.01,2.29
1727456,365.75,542.25,0.00,NaN,0.00,360.41,0.01,1.85
1727956,365.75,542.00,0.00,NaN,0.00,360.41,0.01,1.85
1728456,365.50,541.75,0.00,NaN,0.00,359.48,0.01,2.03
1728956,365.50,541.75,0.00,NaN,0.00,359.48,0.01,2.03
1729456,365.25,541.50,0.00,NaN,0.00,359.42,0.01,2.54
1729956,365.25,541.50,0.00,NaN,0.00,359.42,0.01,2.54
1730456,365.25,541.25,0.00,NaN,0.00,359.03,0.01,1.89
1730956,365.00,541.00,0.00,NaN,0.00,359.03,0.01,1.89
1731456,365.00,540.75,0.00,NaN,0.00,360.09,0.01,2.29
1731956,365.00,540.75,0.00,NaN,0.00,360.09,0.01,2.29
1732456,365.00,540.50,0.00,NaN,0.00,359.52,0.01,2.24
1732956,364.75,540.50,0.00,NaN,0.00,359.52,0.01,2.24
1733456,364.75,540.50,0.00,NaN,0.00,360.15,0.01,1.95
1733956,364.75,540.25,0.00,NaN,0.00,360.15,0.01,1.95
1734456,364.50,540.00,0.00,NaN,0.00,359.52,0.01,2.28
1734956,364.50,540.00,0.00,NaN,0.00,359.52,0.01,2.28
1735456,364.50,539.75,0.00,NaN,0.00,360.77,0.01,1.95
1735956,364.25,539.50,0.00,NaN,0.00,360.77,0.01,1.95
1736456,364.25,539.50,0.00,NaN,0.00,360.71,0.00,1.75
1736956,364.25,539.25,0.00,NaN,0.00,360.71,0.00,1.75
1737456,364.00,539.25,0.00,NaN,0.00,358.88,0.01,2.28
1737956,364.00,539.00,0.00,NaN,0.00,358.88,0.01,2.28
1738456,364.00,538.75,0.00,NaN,0.00,360.00,0.01,2.33
1738956,363.75,538.75,0.00,NaN,0.00,360.00,0.01,2.33
1739456,363.75,538.50,0.00,NaN,0.00,360.20,0.01,2.08
1739956,363.75,538.50,0.00,NaN,0.00,360.20,0.01,2.08
1740456,363.50,538.25,0.00,NaN,0.00,359.95,0.01,2.16
1740956,363.50,538.25,0.00,NaN,0.00,359.95,0.01,2.16
1741456,363.50,538.00,0.00,NaN,0.00,360.48,0.01,1.99
1741956,363.50,538.00,0.00,NaN,0.00,360.48,0.01,1.99
1742456,363.25,537.75,0.00,NaN,0.00,360.42,0.01,2.04
1742956,363.25,537.75,0.00,NaN,0.00,360.42,0.01,2.04
1743456,363.25,537.50,0.00,NaN,0.00,360.00,0.01,2.04
1743956,363.00,537.25,0.00,NaN,0.00,360.00,0.01,2.04
1744456,363.00,537.25,0.00,NaN,0.00,361.06,0.01,2.09
1744956,363.00,537.00,0.00,NaN,0.00,361.06,0.01,2.09
1745456,362.75,537.00,0.00,NaN,0.00,359.62,0.01,1.90
1745956,362.75,536.75,0.00,NaN,0.00,359.62,0.01,1.90
1746456,362.75,536.50,0.00,NaN,0.00,359.49,0.01,2.24
1746956,362.50,536.25,0.00,NaN,0.00,359.49,0.01,2.24
1747456,362.50,536.25,0.00,NaN,0.00,361.28,0.01,2.37
1747956,362.50,536.25,0.00,NaN,0.00,361.28,0.01,2.37
1748456,362.25,536.00,0.00,NaN,0.00,359.50,0.01,2.03
1748956,362.25,536.00,0.00,NaN,0.00,359.50,0.01,2.03
1749456,362.25,535.75,0.00,NaN,0.00,360.39,0.00,1.70
1749956,362.00,535.50,0.00,NaN,0.00,360.39,0.00,1.70
1750456,362.00,535.50,0.00,NaN,0.00,359.79,0.01,2.28
1750956,362.00,535.25,0.00,NaN,0.00,359.79,0.01,2.28
1751456,362.00,535.25,0.00,NaN,0.00,359.76,0.01,2.12
1751956,361.75,535.00,0.00,NaN,0.00,359.76,0.01,2.12
1752456,361.75,534.75,0.00,NaN,0.00,360.95,0.01,2.00
1752956,361.75,534.75,0.00,NaN,0.00,360.95,0.01,2.00
1753456,361.50,534.50,0.00,NaN,0.00,361.35,0.01,2.41
1753956,361.50,534.50,0.00,NaN,0.00,361.35,0.01,2.41
1754456,361.50,534.25,0.00,NaN,0.00,360.58,0.01,2.13
1754956,361.25,534.25,0.00,NaN,0.00,360.58,0.01,2.13
1755456,361.25,534.00,0.00,NaN,0.00,360.82,0.01,2.17
1755956,361.25,534.00,0.00,NaN,0.00,360.82,0.01,2.17
1756456,361.00,533.75,0.00,NaN,0.00,360.89,0.01,2.13
1756956,361.00,533.50,0.00,NaN,0.00,360.89,0.01,2.13
1757456,361.00,533.50,0.00,NaN,0.00,362.79,0.01,2.05
1757956,360.75,533.25,0.00,NaN,0.00,362.79,0.01,2.05
1758456,360.75,533.25,0.00,NaN,0.00,351.08,0.01,1.99
1758956,360.75,533.00,0.00,NaN,0.00,351.08,0.01,1.99
1759456,360.75,532.75,0.00,NaN,0.00,356.84,0.01,2.15
1759956,360.50,532.75,0.00,470.00,0.00,356.84,0.01,2.15
1760456,360.50,532.50,0.00,469.75,0.00,357.97,0.01,2.15
1760956,360.50,532.25,0.00,469.50,0.00,357.97,0.01,2.15
1761456,360.25,532.25,0.00,469.00,0.00,360.16,0.01,1.95
1761956,360.25,532.00,0.00,468.50,0.00,360.16,0.01,1.95
1762456,360.25,531.75,0.00,468.25,0.00,360.62,0.01,1.80
1762956,360.00,531.75,0.00,468.00,0.00,360.62,0.01,1.80
1763456,360.00,531.75,0.00,468.00,0.00,361.02,0.01,2.00
1763956,360.00,531.50,0.00,467.50,0.00,361.02,0.01,2.00
1764456,360.00,531.50,0.00,467.00,0.00,360.65,0.01,2.17
1764956,359.75,531.25,0.00,466.75,0.00,360.65,0.01,2.17
1765456,359.75,531.25,0.00,466.50,0.00,361.27,0.01,2.00
1765956,359.50,531.00,0.00,466.25,0.00,361.27,0.01,2.00
1766456,359.50,530.75,0.00,466.00,0.00,362.93,0.01,1.96
1766956,359.50,530.75,0.00,466.00,0.00,362.93,0.01,1.96
1767456,359.50,530.50,0.00,465.75,0.00,361.51,0.01,2.09
1767956,359.25,530.25,0.00,465.50,0.00,361.51,0.01,2.09
1768456,359.25,530.25,0.00,465.50,0.00,359.66,0.01,2.24
1768956,359.00,530.00,0.00,465.25,0.00,359.66,0.01,2.24
1769456,359.00,530.00,0.00,465.25,0.00,361.28,0.01,2.04
1769956,359.00,529.75,0.00,465.00,0.00,361.28,0.01,2.04
1770456,359.00,529.75,0.00,465.00,0.00,363.53,0.01,2.19
1770956,359.00,529.50,0.00,464.75,0.00,363.53,0.01,2.19
1771456,358.75,529.50,0.00,464.50,0.00,360.16,0.01,1.80
1771956,358.75,529.25,0.00,464.50,0.00,360.16,0.01,1.80
1772456,358.50,529.00,0.00,464.25,0.00,357.35,0.01,1.84
1772956,358.50,529.00,0.00,464.25,0.00,357.35,0.01,1.84
1773456,358.50,528.75,0.00,464.00,0.00,358.81,0.01,1.98
1773956,358.25,528.75,0.00,NaN,0.00,358.81,0.01,1.98
1774456,358.25,528.50,0.00,NaN,0.00,359.47,0.01,2.28
1774956,358.25,528.50,0.00,NaN,0.00,359.47,0.01,2.28
1775456,358.25,528.25,0.00,NaN,0.00,363.66,0.01,2.14
1775956,358.00,528.25,0.00,NaN,0.00,363.66,0.01,2.14
1776456,358.00,528.00,0.00,NaN,0.00,361.76,0.01,2.09
1776956,358.00,527.75,0.00,NaN,0.00,361.76,0.01,2.09
1777456,358.00,527.75,0.00,NaN,0.00,363.63,0.01,2.06
1777956,357.75,527.50,0.00,NaN,0.00,363.63,0.01,2.06
1778456,357.75,527.50,0.00,NaN,0.00,361.33,0.01,2.04
1778956,357.75,527.25,0.00,NaN,0.00,361.33,0.01,2.04
1779456,357.50,527.00,0.00,NaN,0.00,355.16,0.01,2.01
1779956,357.50,527.00,0.00,NaN,0.00,355.16,0.01,2.01
1780456,357.25,526.75,0.00,NaN,0.00,358.99,0.00,1.75
1780956,357.25,526.75,0.00,NaN,0.00,358.99,0.00,1.75
1781456,357.25,526.50,0.00,NaN,0.00,359.76,0.01,2.20
1781956,357.25,526.50,0.00,NaN,0.00,359.76,0.01,2.20
1782456,357.00,526.25,0.00,NaN,0.00,361.68,0.01,2.22
1782956,357.00,526.25,0.00,NaN,0.00,361.68,0.01,2.22
1783456,357.00,526.00,0.00,NaN,0.00,357.79,0.01,1.93
1783956,356.75,526.00,0.00,NaN,0.00,357.79,0.01,1.93
1784456,356.75,525.75,0.00,NaN,0.00,363.58,0.01,2.27
1784956,356.50,525.50,0.00,NaN,0.00,363.58,0.01,2.27
1785456,356.50,525.50,0.00,NaN,0.00,360.97,0.01,2.52
1785956,356.50,525.25,0.00,NaN,0.00,360.97,0.01,2.52
1786456,356.25,525.25,0.00,NaN,0.00,361.21,0.01,1.95
1786956,356.25,525.00,0.00,NaN,0.00,361.21,0.01,1.95
1787456,356.25,524.75,0.00,NaN,0.00,359.77,0.01,2.36
1787956,356.25,524.75,0.00,NaN,0.00,359.77,0.01,2.36
1788456,356.25,524.50,0.00,NaN,0.00,361.55,0.01,2.30
1788956,356.00,524.50,0.00,NaN,0.00,361.55,0.01,2.30
1789456,356.00,524.25,0.00,NaN,0.00,361.77,0.00,1.76
1789956,356.00,524.00,0.00,NaN,0.00,361.77,0.00,1.76
1790456,356.00,524.00,0.00,NaN,0.00,360.24,0.01,1.95
1790956,355.75,524.00,0.00,NaN,0.00,360.24,0.01,1.95
1791456,355.75,523.75,0.00,NaN,0.00,360.18,0.01,1.80
1791956,355.50,523.50,0.00,NaN,0.00,360.18,0.01,1.80
1792456,355.50,523.50,0.00,NaN,0.00,361.84,0.01,1.96
1792956,355.50,523.25,0.00,NaN,0.00,361.84,0.01,1.96
1793456,355.25,523.25,0.00,NaN,0.00,361.46,0.00,1.54
1793956,355.25,523.00,0.00,NaN,0.00,361.46,0.00,1.54
1794456,355.25,523.00,0.00,NaN,0.00,359.70,0.01,1.94
1794956,355.25,522.75,0.00,NaN,0.00,359.70,0.01,1.94
1795456,355.00,522.75,0.00,NaN,0.00,359.75,0.01,1.85
1795956,355.00,522.50,0.00,NaN,0.00,359.75,0.01,1.85
1796456,355.00,522.25,0.00,NaN,0.00,358.65,0.01,1.94
1796956,355.00,522.25,0.00,NaN,0.00,358.65,0.01,1.94
1797456,354.75,522.00,0.00,NaN,0.00,359.96,0.01,2.21
1797956,354.75,522.00,0.00,NaN,0.00,359.96,0.01,2.21
1798456,354.50,521.75,0.00,NaN,0.00,360.60,0.01,2.08
1798956,354.50,521.50,0.00,NaN,0.00,360.60,0.01,2.08
1799456,354.50,521.50,0.00,NaN,0.00,359.17,0.01,1.85
1799956,354.50,521.25,0.00,NaN,0.00,359.17,0.01,1.85
1800456,354.25,521.25,0.00,NaN,0.00,360.10,0.01,1.90
1800956,354.25,521.00,0.00,NaN,0.00,360.10,0.01,1.90
1801456,354.00,520.75,0.00,NaN,0.00,360.22,0.01,2.29
1801956,354.00,520.75,0.00,NaN,0.00,360.22,0.01,2.29
1802456,354.00,520.75,0.00,NaN,0.00,360.27,0.01,2.12
1802956,354.00,520.50,0.00,NaN,0.00,360.27,0.01,2.12
1803456,353.75,520.25,0.00,NaN,0.00,359.43,0.01,2.47
1803956,353.75,520.25,0.00,NaN,0.00,359.43,0.01,2.47
1804456,353.75,520.00,0.00,NaN,0.00,360.25,0.01,2.25
1804956,353.50,519.75,0.00,NaN,0.00,360.25,0.01,2.25
1805456,353.50,519.75,0.00,NaN,0.00,359.77,0.01,2.16
1805956,353.50,519.50,0.00,NaN,0.00,359.77,0.01,2.16
1806456,353.25,519.50,0.00,NaN,0.00,360.56,0.00,1.70
1806956,353.25,519.25,0.00,NaN,0.00,360.56,0.00,1.70
1807456,353.25,519.25,0.00,NaN,0.00,360.83,0.01,2.41
1807956,353.25,519.00,0.00,NaN,0.00,360.83,0.01,2.41
1808456,353.00,519.00,0.00,NaN,0.00,360.83,0.01,2.33
1808956,353.00,518.75,0.00,NaN,0.00,360.83,0.01,2.33
1809456,353.00,518.75,0.00,NaN,0.00,360.30,0.01,2.25
1809956,353.00,518.50,0.00,NaN,0.00,360.30,0.01,2.25
1810456,352.75,518.50,0.00,NaN,0.00,361.64,0.01,2.34
1810956,352.75,518.25,0.00,NaN,0.00,361.64,0.01,2.34
1811456,352.50,518.00,0.00,NaN,0.00,360.83,0.01,2.21
1811956,352.50,518.00,0.00,NaN,0.00,360.83,0.01,2.21
1812456,352.50,517.75,0.00,NaN,0.00,360.87,0.01,2.08
1812956,352.25,517.75,0.00,NaN,0.00,360.87,0.01,2.08
1813456,352.25,517.50,0.00,NaN,0.00,361.32,0.01,1.91
1813956,352.25,517.50,0.00,NaN,0.00,361.32,0.01,1.91
1814456,352.25,517.25,0.00,NaN,0.00,359.86,0.01,2.29
1814956,352.00,517.00,0.00,NaN,0.00,359.86,0.01,2.29
1815456,352.00,517.00,0.00,NaN,0.00,360.89,0.01,2.37
1815956,351.75,516.75,0.00,NaN,0.00,360.89,0.01,2.37
1816456,351.75,516.75,0.00,NaN,0.00,361.10,0.00,1.65
1816956,351.75,516.50,0.00,NaN,0.00,361.10,0.00,1.65
1817456,351.75,516.50,0.00,NaN,0.00,361.27,0.01,2.21
1817956,351.75,516.25,0.00,NaN,0.00,361.27,0.01,2.21
1818456,351.50,516.25,0.00,NaN,0.00,359.81,0.01,2.08
1818956,351.50,516.00,0.00,NaN,0.00,359.81,0.01,2.08
1819456,351.50,516.00,0.00,NaN,0.00,359.87,0.01,2.29
1819956,351.25,515.75,0.00,NaN,0.00,359.87,0.01,2.29
1820456,351.25,515.50,0.00,NaN,0.00,361.01,0.01,2.17
1820956,351.00,515.50,0.00,NaN,0.00,361.01,0.01,2.17
1821456,351.00,515.50,0.00,NaN,0.00,360.69,0.01,2.08
1821956,351.00,515.25,0.00,NaN,0.00,360.69,0.01,2.08
1822456,351.00,515.00,0.00,NaN,0.00,360.99,0.01,1.90
1822956,350.75,515.00,0.00,NaN,0.00,360.99,0.01,1.90
1823456,350.75,514.75,0.00,NaN,0.00,361.11,0.01,2.29
1823956,350.75,514.75,0.00,NaN,0.00,361.11,0.01,2.29
1824456,350.50,514.50,0.00,NaN,0.00,361.40,0.01,2.04
1824956,350.50,514.50,0.00,NaN,0.00,361.40,0.01,2.04
1825456,350.50,514.25,0.00,NaN,0.00,361.48,0.00,1.65
1825956,350.25,514.00,0.00,NaN,0.00,361.48,0.00,1.65
1826456,350.25,514.00,0.00,NaN,0.00,361.89,0.01,1.91
1826956,350.25,513.75,0.00,NaN,0.00,361.89,0.01,1.91
1827456,350.25,513.75,0.00,NaN,0.00,360.50,0.01,1.80
1827956,350.25,513.50,0.00,NaN,0.00,360.50,0.01,1.80
1828456,350.00,513.50,0.00,NaN,0.00,360.72,0.01,1.90
1828956,350.00,513.25,0.00,NaN,0.00,360.72,0.01,1.90
1829456,350.00,513.00,0.00,NaN,0.00,359.82,0.01,2.12
1829956,349.75,513.00,0.00,NaN,0.00,359.82,0.01,2.12
1830456,349.75,513.00,0.00,NaN,0.00,360.07,0.01,2.55
1830956,349.75,512.75,0.00,NaN,0.00,360.07,0.01,2.55
1831456,349.50,512.50,0.00,NaN,0.00,361.33,0.01,1.81
1831956,349.50,512.50,0.00,NaN,0.00,361.33,0.01,1.81
1832456,349.50,512.25,0.00,NaN,0.00,361.77,0.00,1.76
1832956,349.50,512.25,0.00,NaN,0.00,361.77,0.00,1.76
1833456,349.25,512.00,0.00,NaN,0.00,360.86,0.01,1.95
1833956,349.25,512.00,0.00,NaN,0.00,360.86,0.01,1.95
1834456,349.00,511.75,0.00,NaN,0.00,361.33,0.01,1.95
1834956,349.00,511.75,0.00,NaN,0.00,361.33,0.01,1.95
1835456,349.00,511.50,0.00,NaN,0.00,361.42,0.01,2.21
1835956,348.75,511.25,0.00,NaN,0.00,361.42,0.01,2.21
1836456,348.75,511.25,0.00,NaN,0.00,361.47,0.01,2.17
1836956,348.75,511.25,0.00,NaN,0.00,361.47,0.01,2.17
1837456,348.75,511.00,0.00,NaN,0.00,359.56,0.01,2.28
1837956,348.50,510.75,0.00,NaN,0.00,359.56,0.01,2.28
1838456,348.50,510.50,0.00,NaN,0.00,361.88,0.01,2.18
1838956,348.50,510.50,0.00,NaN,0.00,361.88,0.01,2.18
1839456,348.25,510.50,0.00,NaN,0.00,361.43,0.01,1.95
1839956,348.25,510.25,0.00,NaN,0.00,361.43,0.01,1.95
1840456,348.00,510.00,0.00,NaN,0.00,361.27,0.01,2.29
1840956,348.00,510.00,0.00,NaN,0.00,361.27,0.01,2.29
1841456,348.00,510.00,0.00,NaN,0.00,361.61,0.01,2.13
1841956,348.00,509.75,0.00,NaN,0.00,361.61,0.01,2.13
1842456,348.00,509.75,0.00,NaN,0.00,359.78,0.01,2.08
1842956,347.75,509.50,0.00,NaN,0.00,359.78,0.01,2.08
1843456,347.75,509.50,0.00,NaN,0.00,360.40,0.01,1.85
1843956,347.50,509.25,0.00,NaN,0.00,360.40,0.01,1.85
1844456,347.50,509.00,0.00,NaN,0.00,360.91,0.01,2.21
1844956,347.50,509.00,0.00,NaN,0.00,360.91,0.01,2.21
1845456,347.50,508.75,0.00,NaN,0.00,359.65,0.01,1.80
1845956,347.25,508.75,0.00,NaN,0.00,359.65,0.01,1.80
1846456,347.25,508.50,0.00,NaN,0.00,361.53,0.01,1.86
1846956,347.25,508.50,0.00,NaN,0.00,361.53,0.01,1.86
1847456,347.25,508.25,0.00,NaN,0.00,360.95,0.01,1.95
1847956,347.00,508.25,0.00,NaN,0.00,360.95,0.01,1.95
1848456,347.00,508.00,0.00,NaN,0.00,361.18,0.01,2.48
1848956,347.00,508.00,0.00,NaN,0.00,361.18,0.01,2.48
1849456,346.75,507.75,0.00,NaN,0.00,361.90,0.01,2.09
1849956,346.75,507.75,0.00,NaN,0.00,361.90,0.01,2.09
1850456,346.75,507.50,0.00,NaN,0.00,361.00,0.01,2.09
1850956,346.50,507.25,0.00,NaN,0.00,361.00,0.01,2.09
1851456,346.50,507.25,0.00,NaN,0.00,359.66,0.01,2.20
1851956,346.50,507.00,0.00,NaN,0.00,359.66,0.01,2.20
1852456,346.50,507.00,0.00,NaN,0.00,359.11,0.01,1.94
1852956,346.25,506.75,0.00,NaN,0.00,359.11,0.01,1.94
1853456,346.25,506.75,0.00,NaN,0.00,362.00,0.00,1.76
1853956,346.25,506.50,0.00,NaN,0.00,362.00,0.00,1.76
1854456,346.00,506.50,0.00,NaN,0.00,361.37,0.01,2.33
1854956,346.00,506.25,0.00,NaN,0.00,361.37,0.01,2.33
1855456,345.75,506.25,0.00,NaN,0.00,361.14,0.01,2.13
1855956,346.00,506.00,0.00,NaN,0.00,361.14,0.01,2.13
1856456,345.75,505.75,0.00,NaN,0.00,359.68,0.01,2.20
1856956,345.75,505.75,0.00,NaN,0.00,359.68,0.01,2.20
1857456,345.50,505.50,0.00,NaN,0.00,359.70,0.01,2.36
1857956,345.50,505.50,0.00,NaN,0.00,359.70,0.01,2.36
1858456,345.50,505.25,0.00,NaN,0.00,360.50,0.01,1.95
1858956,345.25,505.25,0.00,NaN,0.00,360.50,0.01,1.95
1859456,345.25,505.00,0.00,NaN,0.00,359.60,0.01,2.20
1859956,345.25,505.00,0.00,NaN,0.00,359.60,0.01,2.20
1860456,345.25,504.75,0.00,NaN,0.00,360.74,0.01,2.25
1860956,345.25,504.50,0.00,NaN,0.00,360.74,0.01,2.25
1861456,345.00,504.50,0.00,NaN,0.00,361.11,0.01,2.13
1861956,344.75,504.50,0.00,NaN,0.00,361.11,0.01,2.13
1862456,344.75,504.25,0.00,NaN,0.00,360.98,0.01,1.86
1862956,344.75,504.25,0.00,NaN,0.00,360.98,0.01,1.86
1863456,344.75,504.00,0.00,NaN,0.00,361.52,0.01,2.26
1863956,344.50,504.00,0.00,NaN,0.00,361.52,0.01,2.26
1864456,344.50,503.75,0.00,NaN,0.00,361.29,0.01,2.00
1864956,344.50,503.75,0.00,NaN,0.00,361.29,0.01,2.00
1865456,344.25,503.50,0.00,NaN,0.00,360.26,0.01,1.95
1865956,344.25,503.50,0.00,NaN,0.00,360.26,0.01,1.95
1866456,344.25,503.25,0.00,NaN,0.00,360.65,0.01,1.85
1866956,344.25,503.00,0.00,NaN,0.00,360.65,0.01,1.85
1867456,344.25,503.00,0.00,NaN,0.00,361.11,0.00,1.65
1867956,344.00,502.75,0.00,NaN,0.00,361.11,0.00,1.65
1868456,344.00,502.75,0.00,NaN,0.00,361.26,0.01,1.81
1868956,343.75,502.50,0.00,NaN,0.00,361.26,0.01,1.81
1869456,343.75,502.50,0.00,NaN,0.00,360.52,0.01,1.90
1869956,343.75,502.25,0.00,NaN,0.00,360.52,0.01,1.90
1870456,343.75,502.00,0.00,NaN,0.00,361.57,0.01,2.30
1870956,343.50,502.00,0.00,NaN,0.00,361.57,0.01,2.30
1871456,343.50,501.75,0.00,NaN,0.00,360.98,0.01,2.17
1871956,343.50,501.75,0.00,NaN,0.00,360.98,0.01,2.17
1872456,343.50,501.50,0.00,NaN,0.00,361.33,0.01,2.17
1872956,343.25,501.50,0.00,NaN,0.00,361.33,0.01,2.17
1873456,343.25,501.25,0.00,NaN,0.00,361.57,0.01,2.34
1873956,343.25,501.25,0.00,NaN,0.00,361.57,0.01,2.34
1874456,343.00,501.00,0.00,NaN,0.00,361.57,0.01,1.91
1874956,343.00,501.00,0.00,NaN,0.00,361.57,0.01,1.91
1875456,343.00,500.75,0.00,NaN,0.00,361.29,0.01,2.21
1875956,342.75,500.75,0.00,NaN,0.00,361.29,0.01,2.21
1876456,342.75,500.50,0.00,NaN,0.00,361.52,0.01,2.00
1876956,342.75,500.50,0.00,NaN,0.00,361.52,0.01,2.00
1877456,342.50,500.25,0.00,NaN,0.00,361.11,0.01,2.00
1877956,342.50,500.25,0.00,NaN,0.00,361.11,0.01,2.00
1878456,342.50,500.00,0.00,NaN,0.00,359.24,0.01,2.28
1878956,342.25,500.00,0.00,NaN,0.00,359.24,0.01,2.28
1879456,342.25,499.75,0.00,NaN,0.00,361.42,0.01,2.56
1879956,342.25,499.75,0.00,NaN,0.00,361.42,0.01,2.56
1880456,342.00,499.50,0.00,NaN,0.00,360.85,0.01,2.04
1880956,342.00,499.50,0.00,NaN,0.00,360.85,0.01,2.04
1881456,342.00,499.25,0.00,NaN,0.00,359.85,0.01,2.25
1881956,341.75,499.00,0.00,NaN,0.00,359.85,0.01,2.25
1882456,341.75,499.00,0.00,NaN,0.00,361.92,0.00,1.76
1882956,341.75,498.75,0.00,NaN,0.00,361.92,0.00,1.76
1883456,341.75,498.75,0.00,NaN,0.00,362.70,0.01,2.26
1883956,341.50,498.50,0.00,NaN,0.00,362.70,0.01,2.26
1884456,341.50,498.50,0.00,NaN,0.00,361.67,0.01,2.34
1884956,341.50,498.25,0.00,435.25,0.00,361.67,0.01,2.34
1885456,341.25,498.25,0.00,434.75,0.00,360.33,0.01,2.69
1885956,341.25,498.00,0.00,434.75,0.00,360.33,0.01,2.69
1886456,341.25,498.00,0.00,434.25,0.00,359.91,0.01,2.68
1886956,341.00,497.75,0.00,433.75,0.00,359.91,0.01,2.68
1887456,341.00,497.75,0.00,433.75,0.00,360.09,0.01,2.75
1887956,341.00,497.50,0.00,433.50,0.00,360.09,0.01,2.75
1888456,341.00,497.50,0.00,433.25,0.00,361.07,0.01,2.73
1888956,340.75,497.25,0.00,432.75,0.00,361.07,0.01,2.73
1889456,340.75,497.25,0.00,432.50,0.00,362.50,0.01,1.96
1889956,340.75,497.00,0.00,432.25,0.00,362.50,0.01,1.96
1890456,340.75,497.00,0.00,431.75,0.00,360.51,0.01,2.21
1890956,340.50,496.75,0.00,431.75,0.00,360.51,0.01,2.21
1891456,340.50,496.75,0.00,431.50,0.00,361.11,0.01,1.81
1891956,340.50,496.50,0.00,431.50,0.00,361.11,0.01,1.81
1892456,340.25,496.50,0.00,431.50,0.00,362.11,0.01,1.91
1892956,340.25,496.25,0.00,431.25,0.00,362.11,0.01,1.91
1893456,340.25,496.25,0.00,431.25,0.00,361.60,0.01,2.09
1893956,340.00,496.00,0.00,431.00,0.00,361.60,0.01,2.09
1894456,340.00,495.75,0.00,430.75,0.00,361.22,0.01,2.00
1894956,340.00,495.75,0.00,430.75,0.00,361.22,0.01,2.00
1895456,340.00,495.75,0.00,430.50,0.00,360.54,0.01,2.21
1895956,339.75,495.50,0.00,430.50,0.00,360.54,0.01,2.21
1896456,339.75,495.50,0.00,430.25,0.00,360.15,0.01,2.40
1896956,339.75,495.25,0.00,430.25,0.00,360.15,0.01,2.40
1897456,339.50,495.25,0.00,430.00,0.00,360.96,0.01,2.33
1897956,339.50,495.00,0.00,430.00,0.00,360.96,0.01,2.33
1898456,339.50,495.00,0.00,NaN,0.00,361.98,0.01,1.96
1898956,339.25,494.75,0.00,NaN,0.00,361.98,0.01,1.96
1899456,339.25,494.75,0.00,NaN,0.00,361.89,0.01,2.41
1899956,339.00,494.50,0.00,NaN,0.00,361.89,0.01,2.41
1900456,339.00,494.25,0.00,NaN,0.00,360.42,0.01,2.17
1900956,339.00,494.25,0.00,NaN,0.00,360.42,0.01,2.17
1901456,338.75,494.25,0.00,NaN,0.00,362.54,0.01,2.26
1901956,338.75,494.00,0.00,NaN,0.00,362.54,0.01,2.26
1902456,338.75,494.00,0.00,NaN,0.00,361.04,0.01,2.17
1902956,338.75,493.75,0.00,NaN,0.00,361.04,0.01,2.17
1903456,338.50,493.50,0.00,NaN,0.00,361.22,0.01,2.29
1903956,338.50,493.50,0.00,NaN,0.00,361.22,0.01,2.29
1904456,338.50,493.25,0.00,NaN,0.00,360.92,0.01,2.17
1904956,338.25,493.25,0.00,NaN,0.00,360.92,0.01,2.17
1905456,338.25,493.00,0.00,NaN,0.00,360.86,0.01,2.44
1905956,338.25,492.75,0.00,NaN,0.00,360.86,0.01,2.44
1906456,338.00,492.75,0.00,NaN,0.00,361.31,0.01,2.33
1906956,338.25,492.50,0.00,NaN,0.00,361.31,0.01,2.33
1907456,338.00,492.50,0.00,NaN,0.00,361.42,0.01,2.52
1907956,338.00,492.50,0.00,NaN,0.00,361.42,0.01,2.52
1908456,337.75,492.50,0.00,NaN,0.00,360.90,0.01,2.00
1908956,337.75,492.25,0.00,NaN,0.00,360.90,0.01,2.00
1909456,337.75,492.00,0.00,NaN,0.00,360.53,0.01,2.13
1909956,337.50,491.75,0.00,NaN,0.00,360.53,0.01,2.13
1910456,337.50,491.75,0.00,NaN,0.00,360.09,0.01,2.40
1910956,337.50,491.75,0.00,NaN,0.00,360.09,0.01,2.40
1911456,337.50,491.50,0.00,NaN,0.00,360.03,0.01,2.21
1911956,337.25,491.50,0.00,NaN,0.00,360.03,0.01,2.21
1912456,337.25,491.25,0.00,NaN,0.00,361.00,0.01,2.04
1912956,337.25,491.00,0.00,NaN,0.00,361.00,0.01,2.04
1913456,337.00,491.00,0.00,NaN,0.00,361.12,0.01,2.33
1913956,337.00,490.75,0.00,NaN,0.00,361.12,0.01,2.33
1914456,337.00,490.75,0.00,NaN,0.00,361.84,0.01,2.09
1914956,336.75,490.50,0.00,NaN,0.00,361.84,0.01,2.09
1915456,336.75,490.50,0.00,NaN,0.00,359.58,0.01,1.90
1915956,336.75,490.25,0.00,NaN,0.00,359.58,0.01,1.90
1916456,336.50,490.25,0.00,NaN,0.00,359.68,0.00,1.75
1916956,336.50,490.25,0.00,NaN,0.00,359.68,0.00,1.75
1917456,336.50,490.00,0.00,NaN,0.00,359.14,0.01,2.20
1917956,336.25,489.75,0.00,NaN,0.00,359.14,0.01,2.20
1918456,336.25,489.75,0.00,NaN,0.00,361.49,0.01,2.30
1918956,336.25,489.50,0.00,NaN,0.00,361.49,0.01,2.30
1919456,336.25,489.50,0.00,NaN,0.00,362.88,0.01,2.05
1919956,336.00,489.25,0.00,NaN,0.00,362.88,0.01,2.05
1920456,336.00,489.25,0.00,NaN,0.00,358.33,0.01,1.94
1920956,336.00,489.00,0.00,NaN,0.00,358.33,0.01,1.94
1921456,336.00,489.00,0.00,NaN,0.00,361.64,0.01,2.13
1921956,335.75,488.75,0.00,NaN,0.00,361.64,0.01,2.13
1922456,335.75,488.75,0.00,NaN,0.00,363.27,0.01,2.31
1922956,335.75,488.75,0.00,NaN,0.00,363.27,0.01,2.31
1923456,335.75,488.50,0.00,NaN,0.00,364.23,0.01,2.47
1923956,335.50,488.25,0.00,NaN,0.00,364.23,0.01,2.47
1924456,335.50,488.25,0.00,NaN,0.00,362.55,0.01,2.14
1924956,335.25,488.00,0.00,NaN,0.00,362.55,0.01,2.14
1925456,335.25,488.00,0.00,NaN,0.00,358.61,0.01,2.28
1925956,335.25,487.75,0.00,NaN,0.00,358.61,0.01,2.28
1926456,335.00,487.75,0.00,NaN,0.00,359.75,0.01,1.85
1926956,335.00,487.50,0.00,NaN,0.00,359.75,0.01,1.85
1927456,335.00,487.50,0.00,NaN,0.00,359.85,0.01,2.04
1927956,335.00,487.25,0.00,NaN,0.00,359.85,0.01,2.04
1928456,335.00,487.00,0.00,NaN,0.00,361.28,0.01,2.00
1928956,334.75,487.00,0.00,NaN,0.00,361.28,0.01,2.00
1929456,334.75,487.00,0.00,NaN,0.00,359.92,0.01,2.04
1929956,334.75,486.75,0.00,NaN,0.00,359.92,0.01,2.04
1930456,334.50,486.50,0.00,NaN,0.00,360.58,0.01,1.99
1930956,334.50,486.50,0.00,NaN,0.00,360.58,0.01,1.99
1931456,334.25,486.50,0.00,NaN,0.00,361.81,0.01,1.96
1931956,334.25,486.25,0.00,NaN,0.00,361.81,0.01,1.96
1932456,334.25,486.00,0.00,NaN,0.00,360.86,0.01,1.81
1932956,334.25,486.00,0.00,NaN,0.00,360.86,0.01,1.81
1933456,334.00,486.00,0.00,NaN,0.00,363.88,0.01,2.01
1933956,334.00,485.75,0.00,NaN,0.00,363.88,0.01,2.01
1934456,334.00,485.75,0.00,NaN,0.00,358.17,0.01,2.27
1934956,334.00,485.50,0.00,NaN,0.00,358.17,0.01,2.27
1935456,333.75,485.25,0.00,NaN,0.00,356.48,0.01,2.38
1935956,333.75,485.25,0.00,NaN,0.00,356.48,0.01,2.38
1936456,333.75,485.25,0.00,NaN,0.00,364.37,0.01,2.02
1936956,333.50,485.00,0.00,NaN,0.00,364.37,0.01,2.02
1937456,333.50,485.00,0.00,NaN,0.00,363.74,0.01,2.50
1937956,333.50,484.75,0.00,NaN,0.00,363.74,0.01,2.50
1938456,333.25,484.50,0.00,NaN,0.00,361.42,0.01,2.13
1938956,333.25,484.50,0.00,NaN,0.00,361.42,0.01,2.13
1939456,333.25,484.50,0.00,NaN,0.00,362.23,0.01,2.30
1939956,333.00,484.25,0.00,NaN,0.00,362.23,0.01,2.30
1940456,333.00,484.00,0.00,NaN,0.00,361.33,0.01,1.95
1940956,333.00,484.00,0.00,NaN,0.00,361.33,0.01,1.95
1941456,333.00,484.00,0.00,NaN,0.00,361.42,0.01,2.33
1941956,332.75,483.50,0.00,NaN,0.00,361.42,0.01,2.33
1942456,332.75,483.50,0.00,NaN,0.00,361.36,0.01,2.09
1942956,332.75,483.50,0.00,NaN,0.00,361.36,0.01,2.09
1943456,332.75,483.25,0.00,NaN,0.00,360.68,0.01,2.33
1943956,332.50,483.25,0.00,NaN,0.00,360.68,0.01,2.33
1944456,332.50,483.00,0.00,NaN,0.00,361.54,0.01,2.59
1944956,332.50,483.00,0.00,NaN,0.00,361.54,0.01,2.59
1945456,332.25,483.00,0.00,NaN,0.00,362.03,0.01,2.18
1945956,332.25,482.75,0.00,NaN,0.00,362.03,0.01,2.18
1946456,332.25,482.75,0.00,NaN,0.00,361.93,0.01,2.30
1946956,332.00,482.50,0.00,NaN,0.00,361.93,0.01,2.30
1947456,332.00,482.25,0.00,NaN,0.00,361.59,0.01,2.30
1947956,332.00,482.25,0.00,NaN,0.00,361.59,0.01,2.30
1948456,332.00,482.00,0.00,NaN,0.00,360.42,0.01,2.21
1948956,331.75,482.00,0.00,NaN,0.00,360.42,0.01,2.21
1949456,331.75,481.75,0.00,NaN,0.00,358.00,0.01,2.39
1949956,331.50,481.75,0.00,NaN,0.00,358.00,0.01,2.39
1950456,331.50,481.50,0.00,NaN,0.00,361.23,0.01,2.17
1950956,331.50,481.50,0.00,NaN,0.00,361.23,0.01,2.17
1951456,331.25,481.25,0.00,NaN,0.00,361.67,0.01,2.26
1951956,331.25,481.25,0.00,NaN,0.00,361.67,0.01,2.26
1952456,331.25,481.00,0.00,NaN,0.00,360.36,0.01,2.25
1952956,331.25,481.00,0.00,NaN,0.00,360.36,0.01,2.25
1953456,331.00,480.75,0.00,NaN,0.00,360.86,0.01,2.29
1953956,331.00,480.75,0.00,NaN,0.00,360.86,0.01,2.29
1954456,331.00,480.50,0.00,NaN,0.00,361.43,0.01,2.00
1954956,330.75,480.50,0.00,NaN,0.00,361.43,0.01,2.00
1955456,330.75,480.50,0.00,NaN,0.00,362.09,0.01,2.18
1955956,330.75,480.25,0.00,NaN,0.00,362.09,0.01,2.18
1956456,330.75,480.25,0.00,NaN,0.00,360.92,0.01,1.95
1956956,330.50,480.00,0.00,NaN,0.00,360.92,0.01,1.95
1957456,330.50,479.75,0.00,NaN,0.00,361.20,0.01,2.17
1957956,330.50,479.50,0.00,NaN,0.00,361.20,0.01,2.17
1958456,330.25,479.50,0.00,NaN,0.00,360.35,0.01,2.29
1958956,330.25,479.50,0.00,NaN,0.00,360.35,0.01,2.29
1959456,330.25,479.25,0.00,NaN,0.00,360.67,0.01,2.66
1959956,330.25,479.25,0.00,NaN,0.00,360.67,0.01,2.66
1960456,330.00,479.00,0.00,NaN,0.00,361.38,0.01,2.21
1960956,330.00,479.00,0.00,NaN,0.00,361.38,0.01,2.21
1961456,330.00,478.75,0.00,NaN,0.00,361.13,0.01,2.21
1961956,329.75,478.75,0.00,NaN,0.00,361.13,0.01,2.21
1962456,329.75,478.50,0.00,NaN,0.00,361.70,0.01,2.52
1962956,329.75,478.50,0.00,NaN,0.00,361.70,0.01,2.52
1963456,329.75,478.25,0.00,NaN,0.00,361.67,0.01,2.22
1963956,329.50,478.25,0.00,NaN,0.00,361.67,0.01,2.22
1964456,329.50,478.00,0.00,NaN,0.00,362.24,0.01,2.14
1964956,329.25,478.00,0.00,NaN,0.00,362.24,0.01,2.14
1965456,329.25,477.75,0.00,NaN,0.00,361.73,0.01,2.37
1965956,329.25,477.75,0.00,NaN,0.00,361.73,0.01,2.37
1966456,329.25,477.50,0.00,NaN,0.00,361.71,0.01,2.13
1966956,329.00,477.50,0.00,NaN,0.00,361.71,0.01,2.13
1967456,329.00,477.50,0.00,NaN,0.00,361.47,0.01,2.37
1967956,328.75,477.25,0.00,NaN,0.00,361.47,0.01,2.37
1968456,329.00,477.25,0.00,NaN,0.00,360.95,0.01,2.17
1968956,328.75,477.00,0.00,NaN,0.00,360.95,0.01,2.17
1969456,328.75,477.00,0.00,NaN,0.00,361.68,0.01,2.30
1969956,328.50,476.75,0.00,NaN,0.00,361.68,0.01,2.30
1970456,328.50,476.50,0.00,NaN,0.00,362.47,0.01,2.00
1970956,328.50,476.50,0.00,NaN,0.00,362.47,0.01,2.00
1971456,328.25,476.25,0.00,NaN,0.00,362.18,0.01,2.18
1971956,328.25,476.25,0.00,NaN,0.00,362.18,0.01,2.18
1972456,328.25,476.00,0.00,NaN,0.00,361.35,0.01,2.25
1972956,328.25,476.00,0.00,NaN,0.00,361.35,0.01,2.25
1973456,328.00,475.75,0.00,NaN,0.00,361.65,0.01,2.26
1973956,328.00,475.75,0.00,NaN,0.00,361.65,0.01,2.26
1974456,328.00,475.50,0.00,NaN,0.00,362.29,0.01,2.67
1974956,328.00,475.50,0.00,NaN,0.00,362.29,0.01,2.67
1975456,327.75,475.25,0.00,NaN,0.00,361.17,0.01,2.41
1975956,327.50,475.25,0.00,NaN,0.00,361.17,0.01,2.41
1976456,327.50,475.00,0.00,NaN,0.00,361.93,0.01,2.00
1976956,327.50,475.00,0.00,NaN,0.00,361.93,0.01,2.00
1977456,327.50,474.75,0.00,NaN,0.00,361.31,0.01,2.09
1977956,327.25,474.75,0.00,NaN,0.00,361.31,0.01,2.09
1978456,327.25,474.75,0.00,NaN,0.00,359.82,0.01,2.08
1978956,327.25,474.50,0.00,NaN,0.00,359.82,0.01,2.08
1979456,327.00,474.50,0.00,NaN,0.00,363.91,0.01,2.81
1979956,327.00,474.25,0.00,NaN,0.00,363.91,0.01,2.81
1980456,327.00,474.25,0.00,NaN,0.00,361.06,0.01,3.38
1980956,327.00,474.00,0.00,NaN,0.00,361.06,0.01,3.38
1981456,326.75,473.75,0.00,NaN,0.00,363.21,0.01,2.38
1981956,326.75,473.75,0.00,NaN,0.00,363.21,0.01,2.38
1982456,326.75,473.75,0.00,NaN,0.00,360.18,0.01,4.43
1982956,326.50,473.50,0.00,NaN,0.00,360.18,0.01,4.43
1983456,326.50,473.25,0.00,NaN,0.00,362.40,0.01,3.68
1983956,326.50,473.25,0.00,NaN,0.00,362.40,0.01,3.68
1984456,326.25,473.25,0.00,NaN,0.00,362.67,0.01,2.87
1984956,326.25,473.00,0.00,NaN,0.00,362.67,0.01,2.87
1985456,326.25,473.00,0.00,NaN,0.00,362.06,0.01,2.67
1985956,326.25,472.75,0.00,NaN,0.00,362.06,0.01,2.67
1986456,326.00,472.75,0.00,NaN,0.00,362.02,0.01,2.49
1986956,326.00,472.50,0.00,NaN,0.00,362.02,0.01,2.49
1987456,326.00,472.25,0.00,NaN,0.00,363.38,0.01,2.18
1987956,325.75,472.25,0.00,NaN,0.00,363.38,0.01,2.18
1988456,325.75,472.25,0.00,NaN,0.00,362.68,0.01,2.22
1988956,325.75,472.00,0.00,NaN,0.00,362.68,0.01,2.22
1989456,325.50,472.00,0.00,NaN,0.00,361.47,0.01,2.52
1989956,325.50,471.75,0.00,NaN,0.00,361.47,0.01,2.52
1990456,325.50,471.75,0.00,NaN,0.00,361.23,0.01,2.29
1990956,325.25,471.50,0.00,NaN,0.00,361.23,0.01,2.29
1991456,325.25,471.50,0.00,NaN,0.00,361.20,0.01,2.56
1991956,325.00,471.25,0.00,NaN,0.00,361.20,0.01,2.56
1992456,325.00,471.25,0.00,NaN,0.00,362.35,0.01,2.18
1992956,325.00,471.00,0.00,NaN,0.00,362.35,0.01,2.18
1993456,325.00,471.00,0.00,NaN,0.00,359.83,0.01,2.32
1993956,324.75,470.75,0.00,NaN,0.00,359.83,0.01,2.32
1994456,324.75,470.75,0.00,NaN,0.00,363.63,0.01,2.97
1994956,324.75,470.50,0.00,NaN,0.00,363.63,0.01,2.97
1995456,324.75,470.50,0.00,NaN,0.00,362.91,0.01,2.34
1995956,324.50,470.25,0.00,NaN,0.00,362.91,0.01,2.34
1996456,324.50,470.25,0.00,NaN,0.00,361.05,0.01,2.48
1996956,324.50,470.25,0.00,NaN,0.00,361.05,0.01,2.48
1997456,324.50,470.00,0.00,NaN,0.00,360.96,0.01,2.45
1997956,324.25,469.75,0.00,NaN,0.00,360.96,0.01,2.45
1998456,324.25,469.75,0.00,NaN,0.00,361.51,0.01,2.33
1998956,324.25,469.75,0.00,NaN,0.00,361.51,0.01,2.33
1999456,324.00,469.50,0.00,NaN,0.00,362.13,0.01,2.38
1999956,324.00,469.25,0.00,NaN,0.00,362.13,0.01,2.38
2000456,324.00,469.25,0.00,NaN,0.00,362.15,0.01,2.45
2000956,323.75,469.00,0.00,NaN,0.00,362.15,0.01,2.45
2001456,323.75,469.00,0.00,NaN,0.00,361.70,0.01,2.26
2001956,323.75,468.75,0.00,NaN,0.00,361.70,0.01,2.26
2002456,323.50,468.75,0.00,NaN,0.00,360.33,0.01,1.80
2002956,323.50,468.50,0.00,NaN,0.00,360.33,0.01,1.80
2003456,323.50,468.50,0.00,NaN,0.00,362.99,0.01,2.10
2003956,323.50,468.50,0.00,NaN,0.00,362.99,0.01,2.10
2004456,323.25,468.25,0.00,NaN,0.00,360.49,0.01,1.90
2004956,323.25,468.25,0.00,NaN,0.00,360.49,0.01,1.90
2005456,323.00,468.00,0.00,NaN,0.00,361.56,0.01,1.91
2005956,323.00,468.00,0.00,NaN,0.00,361.56,0.01,1.91
2006456,323.00,467.75,0.00,NaN,0.00,362.49,0.01,1.81
2006956,322.75,467.75,0.00,NaN,0.00,362.49,0.01,1.81
2007456,322.75,467.50,0.00,NaN,0.00,361.26,0.01,2.09
2007956,322.75,467.50,0.00,NaN,0.00,361.26,0.01,2.09
2008456,322.50,467.25,0.00,NaN,0.00,360.60,0.01,1.99
2008956,322.50,467.25,0.00,NaN,0.00,360.60,0.01,1.99
2009456,322.50,467.00,0.00,404.00,0.00,360.46,0.01,2.04
2009956,322.50,467.00,0.00,403.75,0.00,360.46,0.01,2.04
2010456,322.25,466.75,0.00,403.50,0.00,359.75,0.01,1.99
2010956,322.25,466.75,0.00,403.00,0.00,359.75,0.01,1.99
2011456,322.25,466.50,0.00,402.75,0.00,359.58,0.00,1.59
2011956,322.00,466.50,0.00,402.50,0.00,359.58,0.00,1.59
2012456,322.00,466.25,0.00,402.25,0.00,361.60,0.01,1.81
2012956,322.00,466.25,0.00,402.00,0.00,361.60,0.01,1.81
2013456,321.75,466.00,0.00,401.75,0.00,363.99,0.01,2.27
2013956,321.75,466.00,0.00,401.25,0.00,363.99,0.01,2.27
2014456,321.75,465.75,0.00,401.00,0.00,362.20,0.01,2.22
2014956,321.50,465.75,0.00,400.75,0.00,362.20,0.01,2.22
2015456,321.50,465.50,0.00,400.50,0.00,361.14,0.01,3.54
2015956,321.50,465.50,0.00,400.50,0.00,361.14,0.01,3.54
2016456,321.50,465.25,0.00,400.25,0.00,361.45,0.01,3.59
2016956,321.25,465.25,0.00,21.00,0.00,361.45,0.01,3.59
2017456,321.25,465.00,0.00,20.25,0.00,362.44,0.01,2.14
2017956,321.25,465.00,0.00,20.25,0.00,362.44,0.01,2.14
2018456,321.25,464.75,0.00,20.25,0.00,361.75,0.01,2.92
2018956,321.00,464.75,0.00,20.25,0.00,361.75,0.01,2.92
2019456,321.00,464.75,0.00,20.25,0.00,362.00,0.01,2.93
2019956,321.00,464.50,0.00,20.25,0.00,362.00,0.01,2.93
2020456,320.75,464.25,0.00,20.25,0.00,361.39,0.01,2.37
2020956,320.75,464.25,0.00,20.00,0.00,361.39,0.01,2.37
2021456,320.75,464.25,0.00,20.00,0.00,361.53,0.01,3.04
2021956,320.50,464.00,0.00,20.00,0.00,361.53,0.01,3.04
2022456,320.50,464.00,0.00,20.00,0.00,361.08,0.01,2.92
2022956,320.25,463.75,0.00,20.00,0.00,361.08,0.01,2.92
2023456,320.25,463.50,0.00,NaN,0.00,360.47,0.01,2.69
2023956,320.25,463.50,0.00,NaN,0.00,360.47,0.01,2.69
2024456,320.25,463.50,0.00,NaN,0.00,360.87,0.01,2.62
2024956,320.00,463.25,0.00,NaN,0.00,360.87,0.01,2.62
2025456,320.00,463.25,0.00,NaN,0.00,360.83,0.01,2.37
2025956,320.00,463.00,0.00,NaN,0.00,360.83,0.01,2.37
2026456,320.00,463.00,0.00,NaN,0.00,361.03,0.01,2.98
2026956,319.75,462.75,0.00,NaN,0.00,361.03,0.01,2.98
2027456,319.75,462.75,0.00,NaN,0.00,361.34,0.01,3.04
2027956,319.75,462.50,0.00,NaN,0.00,361.34,0.01,3.04
2028456,319.50,462.50,0.00,NaN,0.00,359.26,0.01,3.05
2028956,319.50,462.50,0.00,NaN,0.00,359.26,0.01,3.05
2029456,319.50,462.25,0.00,NaN,0.00,361.11,0.01,3.01
2029956,319.25,462.00,0.00,NaN,0.00,361.11,0.01,3.01
2030456,319.25,462.00,0.00,NaN,0.00,361.67,0.01,3.05
2030956,319.25,461.75,0.00,NaN,0.00,361.67,0.01,3.05
2031456,319.00,461.75,0.00,NaN,0.00,360.92,0.01,2.98
2031956,319.00,461.50,0.00,NaN,0.00,360.92,0.01,2.98
2032456,319.00,461.50,0.00,NaN,0.00,359.41,0.01,2.24
2032956,318.75,461.50,0.00,0.00,0.00,359.41,0.01,2.24
2033456,318.75,461.25,0.00,0.00,0.00,360.06,0.01,2.21
2033956,318.75,461.25,0.00,0.00,0.00,360.06,0.01,2.21
2034456,318.75,461.00,0.00,0.00,0.00,360.75,0.01,2.37
2034956,318.50,460.75,0.00,0.00,0.00,360.75,0.01,2.37
2035456,318.50,460.75,0.00,0.00,0.00,361.16,0.01,2.33
2035956,318.50,460.75,0.00,0.00,0.00,361.16,0.01,2.33
2036456,318.25,460.50,0.00,0.00,0.00,360.66,0.01,1.99
2036956,318.25,460.50,0.00,0.00,0.00,360.66,0.01,1.99
2037456,318.25,460.25,0.00,0.00,0.00,361.35,0.01,2.13
2037956,318.25,460.25,0.00,0.00,0.00,361.35,0.01,2.13
2038456,318.25,460.00,0.00,NaN,0.00,360.94,0.01,2.21
2038956,318.00,460.00,0.00,NaN,0.00,360.94,0.01,2.21
2039456,317.75,459.75,0.00,NaN,0.00,361.30,0.01,2.04
2039956,318.00,459.75,0.00,NaN,0.00,361.30,0.01,2.04
2040456,317.75,459.75,0.00,NaN,0.00,360.27,0.01,1.99
2040956,317.75,459.50,0.00,NaN,0.00,360.27,0.01,1.99
2041456,317.75,459.50,0.00,NaN,0.00,360.39,0.01,2.08
2041956,317.50,459.25,0.00,NaN,0.00,360.39,0.01,2.08
2042456,317.50,459.25,0.00,NaN,0.00,361.74,0.01,1.91
2042956,317.25,459.00,0.00,NaN,0.00,361.74,0.01,1.91
2043456,317.25,459.00,0.00,NaN,0.00,361.92,0.01,2.09
2043956,317.25,458.75,0.00,0.00,0.00,361.92,0.01,2.09
2044456,317.25,458.75,0.00,0.00,0.00,362.68,0.01,2.18
2044956,317.25,458.50,0.00,0.00,0.00,362.68,0.01,2.18
2045456,317.00,458.50,0.00,0.00,0.00,362.63,0.01,2.05
2045956,317.00,458.25,0.00,0.00,0.00,362.63,0.01,2.05
2046456,317.00,458.00,0.00,0.00,0.00,361.43,0.01,1.81
2046956,316.75,458.00,0.00,0.00,0.00,361.43,0.01,1.81
2047456,316.75,457.75,0.00,0.00,0.00,361.97,0.01,2.26
2047956,316.75,457.50,0.00,0.00,0.00,361.97,0.01,2.26
2048456,316.75,457.75,0.00,0.00,0.00,360.96,0.01,2.09
2048956,316.50,457.50,0.00,0.00,0.00,360.96,0.01,2.09
2049456,316.50,457.50,0.00,0.00,0.00,362.19,0.01,2.05
2049956,316.25,457.25,0.00,0.00,0.00,362.19,0.01,2.05
2050456,316.25,457.25,0.00,0.00,0.00,361.38,0.01,2.09
2050956,316.25,457.00,0.00,538.75,0.00,361.38,0.01,2.09
2051456,316.00,457.00,0.00,538.75,0.00,361.52,0.01,2.04
2051956,316.00,456.75,0.00,538.50,0.00,361.52,0.01,2.04
2052456,316.00,456.75,0.00,538.25,0.00,361.69,0.01,2.34
2052956,315.75,456.75,0.00,538.00,0.00,361.69,0.01,2.34
2053456,316.00,456.50,0.00,538.00,0.00,362.16,0.01,1.81
2053956,315.75,456.25,0.00,537.75,0.00,362.16,0.01,1.81
2054456,315.75,456.25,0.00,537.75,0.00,361.52,0.01,2.22
2054956,315.50,456.25,0.00,537.50,0.00,361.52,0.01,2.22
2055456,315.50,456.00,0.00,537.50,0.00,361.24,0.00,1.76
2055956,315.50,455.75,0.00,537.25,0.00,361.24,0.00,1.76
2056456,315.25,455.75,0.00,537.00,0.00,361.57,0.01,1.95
2056956,315.25,455.75,0.00,537.00,0.00,361.57,0.01,1.95
2057456,315.25,455.75,0.00,536.75,0.00,361.43,0.01,2.09
2057956,315.25,455.50,0.00,0.00,0.00,361.43,0.01,2.09
2058456,315.00,455.25,0.00,0.00,0.00,361.32,0.01,2.33
2058956,315.00,455.25,0.00,0.00,0.00,361.32,0.01,2.33
2059456,315.00,455.25,0.00,0.00,0.00,361.40,0.01,2.33
2059956,315.00,0.00,0.00,0.00,0.00,361.40,0.01,2.33
2060456,314.75,0.00,0.00,0.00,0.00,361.46,0.01,2.04
2060956,315.50,0.00,0.00,0.00,0.00,361.46,0.01,2.04
2061456,315.75,0.00,0.00,0.00,0.00,361.41,0.01,2.17
2061956,315.50,0.00,0.00,0.00,0.00,361.41,0.01,2.17
2062456,315.50,0.00,0.00,0.00,0.00,360.64,0.01,2.33
2062956,315.25,0.00,0.00,0.00,0.00,360.64,0.01,2.33
2063456,315.25,0.00,0.00,0.00,0.00,362.45,0.01,2.30
2063956,315.25,0.00,0.00,0.00,0.00,362.45,0.01,2.30
2064456,315.50,453.75,0.00,0.00,0.00,362.24,0.01,1.86
2064956,315.25,453.75,0.00,0.00,0.00,362.24,0.01,1.86
2065456,315.25,453.75,0.00,0.00,0.00,360.60,0.01,1.95
2065956,315.25,453.50,0.00,0.00,0.00,360.60,0.01,1.95
2066456,315.25,453.50,0.00,0.00,0.00,359.57,0.01,2.16
2066956,315.25,453.25,0.00,0.00,0.00,359.57,0.01,2.16
2067456,315.25,453.25,0.00,0.00,0.00,361.37,0.00,1.76
2067956,315.00,453.00,0.00,0.00,0.00,361.37,0.00,1.76
2068456,315.00,453.00,0.00,0.00,0.00,361.67,0.01,2.26
2068956,315.00,452.75,0.00,0.00,0.00,361.67,0.01,2.26
2069456,314.75,452.75,0.00,0.00,0.00,361.47,0.01,2.30
2069956,315.00,452.50,0.00,0.00,0.00,361.47,0.01,2.30
2070456,314.75,452.50,0.00,0.00,0.00,361.55,0.01,2.17
2070956,314.75,452.25,0.00,0.00,0.00,361.55,0.01,2.17
2071456,314.50,452.25,0.00,0.00,0.00,362.18,0.01,1.86
2071956,314.50,452.25,0.00,0.00,0.00,362.18,0.01,1.86
2072456,314.50,452.00,0.00,0.00,0.00,361.88,0.01,1.81
2072956,314.50,452.00,0.00,0.00,0.00,361.88,0.01,1.81
2073456,314.25,451.75,0.00,0.00,0.00,361.42,0.00,1.76
2073956,314.25,451.75,0.00,532.00,0.00,361.42,0.00,1.76
2074456,314.25,451.50,0.00,532.00,0.00,363.21,0.01,2.05
2074956,314.25,451.50,0.00,531.75,0.00,363.21,0.01,2.05
2075456,314.00,451.25,0.00,531.50,0.00,361.33,0.00,1.65
2075956,314.00,451.25,0.00,531.50,0.00,361.33,0.00,1.65
2076456,314.00,451.00,0.00,531.25,0.00,361.48,0.01,2.17
2076956,314.00,451.00,0.00,531.25,0.00,361.48,0.01,2.17
2077456,314.00,450.75,0.00,531.00,0.00,361.26,0.01,1.95
2077956,313.75,450.75,0.00,0.00,0.00,361.26,0.01,1.95
2078456,313.75,450.75,0.00,0.00,0.00,361.55,0.01,1.95
2078956,313.75,450.50,0.00,0.00,0.00,361.55,0.01,1.95
2079456,313.75,450.50,0.00,0.00,0.00,361.54,0.01,1.86
2079956,313.75,450.25,0.00,NaN,0.00,361.54,0.01,1.86
2080456,313.75,450.25,0.00,NaN,0.00,362.31,0.01,2.14
2080956,313.75,450.00,0.00,NaN,0.00,362.31,0.01,2.14
2081456,313.75,450.00,0.00,NaN,0.00,361.09,0.01,1.95
2081956,313.75,449.75,0.00,0.00,0.00,361.09,0.01,1.95
2082456,313.75,449.75,0.00,0.00,0.00,360.20,0.01,2.08
2082956,313.50,449.50,0.00,0.00,0.00,360.20,0.01,2.08
2083456,313.50,449.50,0.00,NaN,0.00,361.38,0.01,2.09
2083956,313.50,449.50,0.00,NaN,0.00,361.38,0.01,2.09
2084456,313.50,449.25,0.00,NaN,0.00,361.81,0.01,2.05
2084956,313.25,449.00,0.00,NaN,0.00,361.81,0.01,2.05
2085456,313.25,449.00,0.00,NaN,0.00,362.42,0.01,2.14
2085956,313.00,449.00,0.00,0.00,0.00,362.42,0.01,2.14
2086456,313.00,448.75,0.00,0.00,0.00,362.43,0.01,2.00
2086956,313.00,448.75,0.00,NaN,0.00,362.43,0.01,2.00
2087456,313.00,448.75,0.00,NaN,0.00,361.86,0.01,2.34
2087956,312.75,448.50,0.00,NaN,0.00,361.86,0.01,2.34
2088456,312.75,448.25,0.00,NaN,0.00,362.45,0.01,2.05
2088956,312.75,448.25,0.00,NaN,0.00,362.45,0.01,2.05
2089456,312.75,448.00,0.00,NaN,0.00,362.44,0.01,2.00
2089956,312.75,448.00,0.00,NaN,0.00,362.44,0.01,2.00
2090456,312.50,447.75,0.00,NaN,0.00,363.49,0.00,1.77
2090956,312.50,447.75,0.00,NaN,0.00,363.49,0.00,1.77
2091456,312.50,447.50,0.00,NaN,0.00,361.71,0.01,1.95
2091956,130.50,447.50,0.00,NaN,0.00,361.71,0.01,1.95
2092456,312.25,447.25,0.00,NaN,0.00,362.20,0.01,2.14
2092956,312.25,447.25,0.00,NaN,0.00,362.20,0.01,2.14
2093456,312.25,447.25,0.00,NaN,0.00,360.28,0.01,1.99
2093956,38.00,447.00,0.00,NaN,0.00,360.28,0.01,1.99
2094456,312.25,447.00,0.00,NaN,0.00,360.01,0.01,2.04
2094956,312.00,446.75,0.00,NaN,0.00,360.01,0.01,2.04
2095456,312.00,446.75,0.00,NaN,0.00,359.13,0.00,1.64
2095956,312.00,446.75,0.00,0.00,0.00,359.13,0.00,1.64
2096456,312.00,446.50,0.00,0.00,0.00,364.01,0.00,1.49
2096956,311.75,446.25,0.00,0.00,0.00,364.01,0.00,1.49
2097456,311.75,446.25,0.00,0.00,0.00,363.15,0.01,1.96
2097956,311.75,446.25,0.00,0.00,0.00,363.15,0.01,1.96
2098456,311.50,446.00,0.00,0.00,0.00,363.22,0.01,1.96
2098956,311.50,446.00,0.00,0.00,0.00,363.22,0.01,1.96
2099456,311.50,445.75,0.00,0.00,0.00,360.93,0.01,1.86
2099956,311.50,445.75,0.00,0.00,0.00,360.93,0.01,1.86
2100456,311.25,445.50,0.00,0.00,0.00,361.19,0.01,2.00
2100956,311.25,445.50,0.00,0.00,0.00,361.19,0.01,2.00
2101456,311.25,445.25,0.00,0.00,0.00,361.81,0.01,2.00
2101956,311.00,445.25,0.00,0.00,0.00,361.81,0.01,2.00
2102456,311.00,445.00,0.00,0.00,0.00,361.76,0.01,1.81
2102956,311.00,445.00,0.00,0.00,0.00,361.76,0.01,1.81
2103456,311.00,445.00,0.00,0.00,0.00,361.55,0.01,1.81
2103956,311.00,444.75,0.00,0.00,0.00,361.55,0.01,1.81
2104456,310.75,444.75,0.00,0.00,0.00,361.96,0.01,1.96
2104956,310.75,444.75,0.00,0.00,0.00,361.96,0.01,1.96
2105456,310.75,444.50,0.00,0.00,0.00,362.01,0.01,1.86
2105956,310.50,444.25,0.00,0.00,0.00,362.01,0.01,1.86
2106456,310.50,444.25,0.00,0.00,0.00,362.38,0.01,1.91
2106956,310.50,444.00,0.00,0.00,0.00,362.38,0.01,1.91
2107456,310.50,444.00,0.00,0.00,0.00,361.95,0.01,1.91
2107956,310.25,443.75,0.00,0.00,0.00,361.95,0.01,1.91
2108456,310.25,443.75,0.00,0.00,0.00,361.68,0.01,1.95
2108956,310.25,443.75,0.00,0.00,0.00,361.68,0.01,1.95
2109456,310.00,443.50,0.00,0.00,0.00,361.88,0.01,2.09
2109956,310.00,443.50,0.00,0.00,0.00,361.88,0.01,2.09
2110456,310.00,443.25,0.00,0.00,0.00,361.62,0.01,1.86
2110956,309.75,443.25,0.00,0.00,0.00,361.62,0.01,1.86
2111456,309.75,443.25,0.00,0.00,0.00,361.26,0.01,1.81
2111956,309.75,443.00,0.00,0.00,0.00,361.26,0.01,1.81
2112456,309.75,442.75,0.00,0.00,0.00,361.61,0.01,2.34
2112956,309.25,442.75,0.00,0.00,0.00,361.61,0.01,2.34
2113456,309.50,442.50,0.00,0.00,0.00,363.03,0.01,2.01
2113956,309.50,442.50,0.00,0.00,0.00,363.03,0.01,2.01
2114456,309.50,442.50,0.00,0.00,0.00,361.78,0.01,1.81
2114956,309.25,442.25,0.00,0.00,0.00,361.78,0.01,1.81
2115456,309.25,442.25,0.00,0.00,0.00,361.65,0.01,2.13
2115956,309.25,442.00,0.00,0.00,0.00,361.65,0.01,2.13
2116456,309.25,442.00,0.00,0.00,0.00,362.44,0.01,1.96
2116956,309.00,441.75,0.00,0.00,0.00,362.44,0.01,1.96
2117456,309.00,441.75,0.00,0.00,0.00,362.81,0.01,2.26
2117956,309.00,441.50,0.00,0.00,0.00,362.81,0.01,2.26
2118456,309.00,441.50,0.00,0.00,0.00,362.60,0.01,2.34
2118956,309.00,441.50,0.00,0.00,0.00,362.60,0.01,2.34
2119456,308.75,441.25,0.00,0.00,0.00,362.85,0.01,1.87
2119956,308.75,441.25,0.00,0.00,0.00,362.85,0.01,1.87
2120456,308.75,441.00,0.00,0.00,0.00,362.55,0.01,1.91
2120956,308.75,441.00,0.00,0.00,0.00,362.55,0.01,1.91
2121456,309.00,440.75,0.00,0.00,0.00,363.74,0.00,1.66
2121956,309.25,440.75,0.00,0.00,0.00,363.74,0.00,1.66
2122456,309.00,440.75,0.00,0.00,0.00,362.94,0.01,2.01
2122956,309.00,440.50,0.00,0.00,0.00,362.94,0.01,2.01
2123456,310.00,440.50,0.00,0.00,0.00,362.33,0.01,2.18
2123956,310.00,440.25,0.00,0.00,0.00,362.33,0.01,2.18
2124456,309.75,440.25,0.00,0.00,0.00,361.19,0.01,2.09
2124956,309.75,440.00,0.00,0.00,0.00,361.19,0.01,2.09
2125456,309.50,440.00,0.00,0.00,0.00,362.40,0.01,1.96
2125956,309.50,439.75,0.00,0.00,0.00,362.40,0.01,1.96
2126456,309.50,439.75,0.00,0.00,0.00,361.86,0.01,2.05
2126956,309.25,439.50,0.00,0.00,0.00,361.86,0.01,2.05
2127456,309.25,439.50,0.00,0.00,0.00,361.10,0.01,1.81
2127956,309.25,439.25,0.00,0.00,0.00,361.10,0.01,1.81
2128456,309.25,439.25,0.00,0.00,0.00,363.19,0.01,2.18
2128956,309.00,439.00,0.00,0.00,0.00,363.19,0.01,2.18
2129456,309.00,439.00,0.00,0.00,0.00,361.72,0.01,2.00
2129956,309.00,439.00,0.00,0.00,0.00,361.72,0.01,2.00
2130456,309.00,438.75,0.00,0.00,0.00,361.31,0.01,1.81
2130956,308.75,438.75,0.00,0.00,0.00,361.31,0.01,1.81
2131456,308.75,438.50,0.00,0.00,0.00,362.64,0.01,1.96
2131956,308.75,438.50,0.00,0.00,0.00,362.64,0.01,1.96
2132456,308.75,438.25,0.00,0.00,0.00,361.49,0.01,2.21
2132956,308.75,438.25,0.00,0.00,0.00,361.49,0.01,2.21
2133456,308.50,438.00,0.00,0.00,0.00,360.77,0.01,1.95
2133956,308.50,438.00,0.00,0.00,0.00,360.77,0.01,1.95
2134456,308.50,438.00,0.00,0.00,0.00,361.46,0.01,2.30
2134956,308.25,437.75,0.00,0.00,0.00,361.46,0.01,2.30
2135456,308.00,437.75,0.00,0.00,0.00,361.40,0.01,1.95
2135956,308.00,437.75,0.00,0.00,0.00,361.40,0.01,1.95
2136456,308.00,437.50,0.00,0.00,0.00,362.23,0.01,2.05
2136956,308.00,437.50,0.00,0.00,0.00,362.23,0.01,2.05
2137456,307.75,437.25,0.00,0.00,0.00,362.29,0.00,1.76
2137956,308.00,437.00,0.00,0.00,0.00,362.29,0.00,1.76
2138456,308.25,437.00,0.00,0.00,0.00,361.87,0.01,2.09
2138956,308.00,436.75,0.00,0.00,0.00,361.87,0.01,2.09
2139456,308.00,436.75,0.00,0.00,0.00,361.39,0.01,1.81
2139956,308.00,436.75,0.00,0.00,0.00,361.39,0.01,1.81
2140456,308.00,436.50,0.00,0.00,0.00,361.95,0.01,2.45
2140956,307.75,436.50,0.00,0.00,0.00,361.95,0.01,2.45
2141456,307.75,436.50,0.00,0.00,0.00,362.81,0.00,1.66
2141956,307.50,436.25,0.00,0.00,0.00,362.81,0.00,1.66
2142456,307.50,436.00,0.00,0.00,0.00,361.73,0.01,2.09
2142956,307.50,436.00,0.00,0.00,0.00,361.73,0.01,2.09
2143456,307.50,436.00,0.00,0.00,0.00,362.77,0.01,2.18
2143956,307.25,435.75,0.00,0.00,0.00,362.77,0.01,2.18
2144456,307.25,435.50,0.00,0.00,0.00,363.39,0.01,2.23
2144956,307.00,435.50,0.00,0.00,0.00,363.39,0.01,2.23
2145456,307.00,435.50,0.00,0.00,0.00,362.67,0.01,2.01
2145956,307.00,435.25,0.00,0.00,0.00,362.67,0.01,2.01
2146456,307.00,435.25,0.00,0.00,0.00,361.65,0.01,2.13
2146956,306.75,435.00,0.00,0.00,0.00,361.65,0.01,2.13
2147456,306.75,435.00,0.00,0.00,0.00,362.04,0.01,1.96
2147956,306.75,435.00,0.00,0.00,0.00,362.04,0.01,1.96
2148456,306.75,434.75,0.00,0.00,0.00,362.12,0.01,2.00
2148956,306.50,434.75,0.00,0.00,0.00,362.12,0.01,2.00
2149456,307.00,434.50,0.00,0.00,0.00,361.61,0.01,1.91
2149956,307.00,434.50,0.00,0.00,0.00,361.61,0.01,1.91
2150456,307.00,434.25,0.00,0.00,0.00,363.02,0.01,2.01
2150956,306.75,434.25,0.00,0.00,0.00,363.02,0.01,2.01
2151456,306.75,434.25,0.00,0.00,0.00,361.73,0.01,2.09
2151956,307.00,434.00,0.00,0.00,0.00,361.73,0.01,2.09
2152456,307.00,433.75,0.00,0.00,0.00,362.70,0.01,2.34
2152956,306.75,433.75,0.00,0.00,0.00,362.70,0.01,2.34
2153456,306.75,433.75,0.00,0.00,0.00,363.59,0.01,1.92
2153956,306.75,433.50,0.00,0.00,0.00,363.59,0.01,1.92
2154456,306.50,433.50,0.00,0.00,0.00,363.31,0.01,1.92
2154956,306.50,433.25,0.00,0.00,0.00,363.31,0.01,1.92
2155456,306.50,433.25,0.00,0.00,0.00,361.60,0.01,2.09
2155956,306.50,433.00,0.00,0.00,0.00,361.60,0.01,2.09
2156456,306.25,433.00,0.00,0.00,0.00,361.96,0.01,2.26
2156956,306.25,432.75,0.00,0.00,0.00,361.96,0.01,2.26
2157456,306.25,433.00,0.00,0.00,0.00,362.50,0.00,1.76
2157956,306.25,432.75,0.00,0.00,0.00,362.50,0.00,1.76
2158456,306.00,432.75,0.00,0.00,0.00,362.68,0.01,2.18
2158956,306.00,432.50,0.00,0.00,0.00,362.68,0.01,2.18
2159456,306.00,432.50,0.00,0.00,0.00,362.57,0.01,2.30
2159956,305.75,432.25,0.00,0.00,0.00,362.57,0.01,2.30
2160456,305.75,432.25,0.00,0.00,0.00,362.01,0.00,1.60
2160956,305.50,432.00,0.00,0.00,0.00,362.01,0.00,1.60
2161456,305.50,432.00,0.00,0.00,0.00,362.61,0.01,1.81
2161956,305.50,432.00,0.00,0.00,0.00,362.61,0.01,1.81
2162456,305.25,431.75,0.00,0.00,0.00,362.02,0.00,1.71
2162956,305.25,431.50,0.00,0.00,0.00,362.02,0.00,1.71
2163456,305.25,431.50,0.00,0.00,0.00,362.55,0.01,1.96
2163956,305.25,431.50,0.00,0.00,0.00,362.55,0.01,1.96
2164456,305.00,431.25,0.00,0.00,0.00,362.46,0.01,1.96
2164956,305.00,431.25,0.00,0.00,0.00,362.46,0.01,1.96
2165456,304.75,431.25,0.00,0.00,0.00,361.92,0.01,1.86
2165956,304.75,431.00,0.00,0.00,0.00,361.92,0.01,1.86
2166456,304.75,431.00,0.00,0.00,0.00,361.87,0.01,2.09
2166956,304.50,430.75,0.00,0.00,0.00,361.87,0.01,2.09
2167456,304.50,430.50,0.00,0.00,0.00,362.00,0.01,2.26
2167956,304.50,430.50,0.00,0.00,0.00,362.00,0.01,2.26
2168456,304.50,430.50,0.00,0.00,0.00,362.59,0.01,2.18
2168956,304.25,430.25,0.00,0.00,0.00,362.59,0.01,2.18
2169456,304.25,430.25,0.00,0.00,0.00,361.84,0.01,1.81
2169956,304.00,430.00,0.00,0.00,0.00,361.84,0.01,1.81
2170456,304.00,430.00,0.00,0.00,0.00,362.16,0.01,1.81
2170956,304.00,429.75,0.00,0.00,0.00,362.16,0.01,1.81
2171456,304.00,429.75,0.00,0.00,0.00,361.56,0.01,1.86
2171956,303.75,429.50,0.00,0.00,0.00,361.56,0.01,1.86
2172456,303.75,429.50,0.00,0.00,0.00,361.55,0.01,1.95
2172956,303.75,429.25,0.00,0.00,0.00,361.55,0.01,1.95
2173456,303.50,429.25,0.00,0.00,0.00,362.58,0.01,1.91
2173956,303.50,429.25,0.00,0.00,0.00,362.58,0.01,1.91
2174456,303.50,429.00,0.00,0.00,0.00,363.64,0.01,2.31
2174956,303.50,429.00,0.00,0.00,0.00,363.64,0.01,2.31
2175456,303.25,429.00,0.00,0.00,0.00,363.16,0.01,2.14
2175956,303.25,428.75,0.00,0.00,0.00,363.16,0.01,2.14
2176456,303.25,428.75,0.00,0.00,0.00,363.73,0.01,1.82
2176956,303.25,428.50,0.00,0.00,0.00,363.73,0.01,1.82
2177456,303.25,428.50,0.00,0.00,0.00,363.20,0.01,1.82
2177956,303.25,428.25,0.00,0.00,0.00,363.20,0.01,1.82
2178456,303.00,428.25,0.00,0.00,0.00,362.35,0.01,2.26
2178956,303.00,428.00,0.00,0.00,0.00,362.35,0.01,2.26
2179456,303.00,428.00,0.00,0.00,0.00,361.79,0.01,2.05
2179956,302.75,427.75,0.00,0.00,0.00,361.79,0.01,2.05
2180456,302.75,427.75,0.00,0.00,0.00,362.61,0.01,1.86
2180956,302.75,427.75,0.00,0.00,0.00,362.61,0.01,1.86
2181456,302.50,427.50,0.00,0.00,0.00,361.85,0.01,1.81
2181956,302.50,427.50,0.00,0.00,0.00,361.85,0.01,1.81
2182456,302.50,427.25,0.00,0.00,0.00,362.75,0.01,1.91
2182956,302.50,427.25,0.00,0.00,0.00,362.75,0.01,1.91
2183456,302.25,427.00,0.00,0.00,0.00,363.07,0.01,2.01
2183956,302.25,427.00,0.00,0.00,0.00,363.07,0.01,2.01
2184456,302.25,427.00,0.00,0.00,0.00,363.16,0.01,2.31
2184956,302.00,426.75,0.00,0.00,0.00,363.16,0.01,2.31
2185456,302.00,426.75,0.00,0.00,0.00,362.50,0.01,2.14
2185956,301.75,426.50,0.00,0.00,0.00,362.50,0.01,2.14
2186456,301.75,426.50,0.00,0.00,0.00,363.29,0.00,1.77
2186956,301.75,426.50,0.00,0.00,0.00,363.29,0.00,1.77
2187456,301.50,426.25,0.00,0.00,0.00,363.14,0.01,2.05
2187956,301.50,426.25,0.00,0.00,0.00,363.14,0.01,2.05
2188456,301.50,426.00,0.00,0.00,0.00,363.01,0.01,2.22
2188956,301.50,426.00,0.00,0.00,0.00,363.01,0.01,2.22
2189456,301.50,425.75,0.00,0.00,0.00,362.83,0.01,1.82
2189956,301.50,425.75,0.00,0.00,0.00,362.83,0.01,1.82
2190456,301.25,425.75,0.00,0.00,0.00,361.90,0.01,1.86
2190956,301.25,425.50,0.00,0.00,0.00,361.90,0.01,1.86
2191456,301.25,425.50,0.00,0.00,0.00,362.59,0.01,2.34
2191956,301.25,425.25,0.00,0.00,0.00,362.59,0.01,2.34
2192456,301.00,425.25,0.00,0.00,0.00,362.71,0.01,2.10
2192956,301.00,425.00,0.00,0.00,0.00,362.71,0.01,2.10
2193456,301.00,425.00,0.00,0.00,0.00,361.96,0.01,1.91
2193956,300.75,424.75,0.00,0.00,0.00,361.96,0.01,1.91
2194456,300.75,424.75,0.00,0.00,0.00,361.99,0.01,2.13
2194956,300.75,424.75,0.00,0.00,0.00,361.99,0.01,2.13
2195456,300.50,424.50,0.00,0.00,0.00,362.08,0.01,1.86
2195956,300.50,424.50,0.00,0.00,0.00,362.08,0.01,1.86
2196456,300.50,424.50,0.00,0.00,0.00,362.70,0.01,1.96
2196956,300.25,424.25,0.00,0.00,0.00,362.70,0.01,1.96
2197456,300.25,424.25,0.00,0.00,0.00,362.82,0.01,2.05
2197956,300.25,424.00,0.00,0.00,0.00,362.82,0.01,2.05
2198456,300.00,424.00,0.00,0.00,0.00,362.51,0.01,2.09
2198956,300.00,423.75,0.00,0.00,0.00,362.51,0.01,2.09
2199456,299.75,423.75,0.00,0.00,0.00,361.84,0.00,1.71
2199956,299.75,423.50,0.00,0.00,0.00,361.84,0.00,1.71
2200456,299.75,423.50,0.00,0.00,0.00,362.79,0.01,2.10
2200956,299.50,423.50,0.00,0.00,0.00,362.79,0.01,2.10
2201456,299.25,423.25,0.00,0.00,0.00,363.36,0.01,2.27
2201956,299.25,423.25,0.00,0.00,0.00,363.36,0.01,2.27
2202456,299.00,423.00,0.00,0.00,0.00,362.78,0.01,2.01
2202956,299.00,423.00,0.00,0.00,0.00,362.78,0.01,2.01
2203456,299.00,423.00,0.00,0.00,0.00,361.87,0.01,2.18
2203956,298.75,422.75,0.00,0.00,0.00,361.87,0.01,2.18
2204456,298.75,422.75,0.00,0.00,0.00,362.93,0.01,2.18
2204956,298.75,422.50,0.00,0.00,0.00,362.93,0.01,2.18
2205456,298.75,422.50,0.00,0.00,0.00,363.08,0.01,1.91
2205956,298.50,422.25,0.00,0.00,0.00,363.08,0.01,1.91
2206456,298.50,422.25,0.00,0.00,0.00,363.74,0.01,2.01
2206956,298.25,422.00,0.00,0.00,0.00,363.74,0.01,2.01
2207456,298.25,422.00,0.00,0.00,0.00,362.96,0.01,2.05
2207956,298.00,422.00,0.00,0.00,0.00,362.96,0.01,2.05
2208456,298.00,421.75,0.00,0.00,0.00,362.64,0.01,2.01
2208956,297.50,421.50,0.00,0.00,0.00,362.64,0.01,2.01
2209456,297.25,421.50,0.00,0.00,0.00,362.10,0.01,2.05
2209956,297.00,421.50,0.00,0.00,0.00,362.10,0.01,2.05
2210456,297.00,421.25,0.00,0.00,0.00,362.73,0.01,2.22
2210956,296.75,421.25,0.00,0.00,0.00,362.73,0.01,2.22
2211456,296.75,421.25,0.00,0.00,0.00,360.48,0.01,2.37
2211956,296.50,421.00,0.00,0.00,0.00,360.48,0.01,2.37
2212456,296.25,421.00,0.00,0.00,0.00,361.87,0.01,2.05
2212956,296.25,420.75,0.00,0.00,0.00,361.87,0.01,2.05
2213456,296.25,420.75,0.00,0.00,0.00,363.04,0.01,2.05
2213956,296.25,420.50,0.00,0.00,0.00,363.04,0.01,2.05
2214456,296.00,420.50,0.00,0.00,0.00,363.49,0.01,1.87
2214956,296.00,420.25,0.00,0.00,0.00,363.49,0.01,1.87
2215456,296.00,420.25,0.00,0.00,0.00,357.09,0.01,2.23
2215956,296.00,420.25,0.00,0.00,0.00,357.09,0.01,2.23
2216456,295.75,420.00,0.00,0.00,0.00,362.54,0.01,2.14
2216956,295.75,420.00,0.00,0.00,0.00,362.54,0.01,2.14
2217456,295.50,420.00,0.00,0.00,0.00,363.07,0.01,2.14
2217956,295.50,419.75,0.00,0.00,0.00,363.07,0.01,2.14
2218456,295.50,419.50,0.00,0.00,0.00,364.99,0.01,1.83
2218956,295.50,419.50,0.00,0.00,0.00,364.99,0.01,1.83
2219456,295.25,419.50,0.00,0.00,0.00,363.10,0.01,2.35
2219956,295.25,419.50,0.00,0.00,0.00,363.10,0.01,2.35
2220456,295.25,419.25,0.00,0.00,0.00,363.35,0.01,2.18
2220956,295.00,419.25,0.00,0.00,0.00,363.35,0.01,2.18
2221456,295.00,419.00,0.00,0.00,0.00,363.31,0.01,1.96
2221956,295.00,419.00,0.00,0.00,0.00,363.31,0.01,1.96
2222456,294.50,418.75,0.00,0.00,0.00,363.32,0.01,1.82
2222956,294.50,418.75,0.00,0.00,0.00,363.32,0.01,1.82
2223456,294.50,418.50,0.00,0.00,0.00,362.45,0.01,2.42
2223956,294.25,418.50,0.00,0.00,0.00,362.45,0.01,2.42
2224456,294.25,418.50,0.00,0.00,0.00,363.05,0.01,2.53
2224956,294.25,418.25,0.00,0.00,0.00,363.05,0.01,2.53
2225456,294.00,418.25,0.00,0.00,0.00,363.54,0.01,2.06
2225956,293.75,418.00,0.00,0.00,0.00,363.54,0.01,2.06
2226456,293.50,418.00,0.00,0.00,0.00,362.24,0.01,2.26
2226956,293.50,417.75,0.00,0.00,0.00,362.24,0.01,2.26
2227456,293.50,417.75,0.00,0.00,0.00,362.31,0.01,2.00
2227956,293.50,417.75,0.00,0.00,0.00,362.31,0.01,2.00
2228456,293.25,417.50,0.00,0.00,0.00,361.74,0.01,2.26
2228956,293.25,417.50,0.00,0.00,0.00,361.74,0.01,2.26
2229456,293.25,417.25,0.00,0.00,0.00,362.82,0.01,2.10
2229956,293.25,417.25,0.00,0.00,0.00,362.82,0.01,2.10
2230456,293.00,417.25,0.00,0.00,0.00,362.12,0.01,2.22
2230956,293.00,417.00,0.00,0.00,0.00,362.12,0.01,2.22
2231456,293.00,417.00,0.00,0.00,0.00,361.96,0.01,2.05
2231956,293.00,417.00,0.00,0.00,0.00,361.96,0.01,2.05
2232456,293.00,416.75,0.00,0.00,0.00,361.70,0.01,1.86
2232956,292.75,416.75,0.00,0.00,0.00,361.70,0.01,1.86
2233456,292.75,416.75,0.00,0.00,0.00,363.20,0.01,1.92
2233956,292.75,416.50,0.00,0.00,0.00,363.20,0.01,1.92
2234456,292.50,416.50,0.00,0.00,0.00,362.65,0.01,1.81
2234956,292.50,416.25,0.00,0.00,0.00,362.65,0.01,1.81
2235456,292.25,416.25,0.00,0.00,0.00,362.14,0.01,2.14
2235956,292.25,416.00,0.00,0.00,0.00,362.14,0.01,2.14
2236456,292.25,416.00,0.00,0.00,0.00,361.36,0.00,1.76
2236956,292.00,415.75,0.00,0.00,0.00,361.36,0.00,1.76
2237456,292.00,415.75,0.00,0.00,0.00,361.79,0.01,2.00
2237956,292.00,415.75,0.00,0.00,0.00,361.79,0.01,2.00
2238456,291.75,415.50,0.00,0.00,0.00,362.07,0.00,1.71
2238956,291.75,415.50,0.00,0.00,0.00,362.07,0.00,1.71
2239456,291.75,415.25,0.00,0.00,0.00,362.16,0.01,1.81
2239956,291.50,415.25,0.00,0.00,0.00,362.16,0.01,1.81
2240456,291.75,415.00,0.00,0.00,0.00,362.91,0.01,2.01
2240956,291.50,415.00,0.00,0.00,0.00,362.91,0.01,2.01
2241456,291.50,415.00,0.00,0.00,0.00,363.19,0.00,1.60
2241956,291.25,414.75,0.00,0.00,0.00,363.19,0.00,1.60
2242456,291.25,414.75,0.00,0.00,0.00,362.46,0.01,2.00
2242956,291.25,414.50,0.00,0.00,0.00,362.46,0.01,2.00
2243456,291.00,414.50,0.00,0.00,0.00,362.05,0.01,1.81
2243956,291.00,414.50,0.00,0.00,0.00,362.05,0.01,1.81
2244456,291.00,414.25,0.00,0.00,0.00,361.64,0.01,2.09
2244956,291.00,414.25,0.00,0.00,0.00,361.64,0.01,2.09
2245456,290.75,414.00,0.00,0.00,0.00,362.35,0.01,2.00
2245956,290.75,414.00,0.00,0.00,0.00,362.35,0.01,2.00
2246456,290.75,414.00,0.00,0.00,0.00,361.70,0.01,2.09
2246956,290.75,414.00,0.00,0.00,0.00,361.70,0.01,2.09
2247456,290.50,413.75,0.00,0.00,0.00,363.02,0.01,2.10
2247956,290.50,413.75,0.00,0.00,0.00,363.02,0.01,2.10
2248456,290.50,413.50,0.00,0.00,0.00,363.69,0.01,2.01
2248956,290.25,413.50,0.00,0.00,0.00,363.69,0.01,2.01
2249456,290.25,413.25,0.00,0.00,0.00,363.05,0.01,2.22
2249956,290.25,413.25,0.00,0.00,0.00,363.05,0.01,2.22
2250456,290.00,413.00,0.00,0.00,0.00,363.27,0.01,1.92
2250956,290.00,413.00,0.00,0.00,0.00,363.27,0.01,1.92
2251456,290.00,412.75,0.00,0.00,0.00,362.27,0.00,1.35
2251956,290.00,412.75,0.00,0.00,0.00,362.27,0.00,1.35
2252456,289.75,412.75,0.00,0.00,0.00,362.47,0.01,2.26
2252956,289.75,412.50,0.00,0.00,0.00,362.47,0.01,2.26
2253456,289.75,412.50,0.00,0.00,0.00,361.29,0.01,2.04
2253956,289.50,412.25,0.00,0.00,0.00,361.29,0.01,2.04
2254456,289.50,412.25,0.00,0.00,0.00,361.79,0.01,2.00
2254956,289.50,412.25,0.00,0.00,0.00,361.79,0.01,2.00
2255456,289.50,412.00,0.00,0.00,0.00,362.67,0.00,1.71
2255956,289.25,411.75,0.00,0.00,0.00,362.67,0.00,1.71
2256456,289.25,411.75,0.00,0.00,0.00,362.25,0.01,2.00
2256956,289.25,411.75,0.00,0.00,0.00,362.25,0.01,2.00
2257456,289.00,411.50,0.00,0.00,0.00,363.10,0.01,2.01
2257956,289.00,411.50,0.00,0.00,0.00,363.10,0.01,2.01
2258456,289.00,411.25,0.00,0.00,0.00,362.86,0.01,2.26
2258956,288.75,411.25,0.00,0.00,0.00,362.86,0.01,2.26
2259456,288.75,411.25,0.00,0.00,0.00,363.59,0.01,1.92
2259956,288.75,411.00,0.00,0.00,0.00,363.59,0.01,1.92
2260456,288.75,411.00,0.00,0.00,0.00,362.89,0.01,2.01
2260956,288.50,411.00,0.00,0.00,0.00,362.89,0.01,2.01
2261456,288.50,410.75,0.00,0.00,0.00,362.88,0.01,2.30
2261956,288.50,410.50,0.00,0.00,0.00,362.88,0.01,2.30
2262456,288.50,410.50,0.00,0.00,0.00,362.82,0.01,2.14
2262956,288.25,410.50,0.00,0.00,0.00,362.82,0.01,2.14
2263456,288.25,410.25,0.00,0.00,0.00,363.41,0.01,1.82
2263956,288.25,410.25,0.00,0.00,0.00,363.41,0.01,1.82
2264456,288.00,410.25,0.00,0.00,0.00,362.88,0.01,2.22
2264956,288.00,410.00,0.00,0.00,0.00,362.88,0.01,2.22
2265456,288.00,410.00,0.00,0.00,0.00,362.54,0.01,1.91
2265956,287.75,409.75,0.00,0.00,0.00,362.54,0.01,1.91
2266456,287.75,409.75,0.00,0.00,0.00,363.70,0.01,2.14
2266956,287.75,409.50,0.00,0.00,0.00,363.70,0.01,2.14
2267456,287.75,409.50,0.00,0.00,0.00,362.91,0.01,1.96
2267956,287.50,409.50,0.00,0.00,0.00,362.91,0.01,1.96
2268456,287.50,409.25,0.00,0.00,0.00,363.55,0.01,2.14
2268956,287.75,409.25,0.00,0.00,0.00,363.55,0.01,2.14
2269456,287.75,409.00,0.00,0.00,0.00,362.86,0.01,2.01
2269956,287.75,409.00,0.00,0.00,0.00,362.86,0.01,2.01
2270456,287.50,408.75,0.00,0.00,0.00,361.23,0.01,1.90
2270956,287.50,408.75,0.00,0.00,0.00,361.23,0.01,1.90
2271456,287.50,408.50,0.00,0.00,0.00,361.39,0.01,1.95
2271956,287.50,408.50,0.00,0.00,0.00,361.39,0.01,1.95
2272456,287.50,408.25,0.00,0.00,0.00,361.58,0.01,2.09
2272956,287.25,408.25,0.00,0.00,0.00,361.58,0.01,2.09
2273456,287.25,408.25,0.00,0.00,0.00,362.08,0.01,2.00
2273956,287.25,408.00,0.00,0.00,0.00,362.08,0.01,2.00
2274456,287.00,408.00,0.00,0.00,0.00,362.93,0.01,2.30
2274956,287.00,408.00,0.00,0.00,0.00,362.93,0.01,2.30
2275456,287.00,407.75,0.00,0.00,0.00,363.18,0.01,1.92
2275956,287.00,407.75,0.00,0.00,0.00,363.18,0.01,1.92
2276456,286.75,407.75,0.00,0.00,0.00,362.12,0.01,1.91
2276956,286.75,407.50,0.00,0.00,0.00,362.12,0.01,1.91
2277456,286.75,407.25,0.00,0.00,0.00,361.72,0.01,1.86
2277956,286.50,407.25,0.00,0.00,0.00,361.72,0.01,1.86
2278456,286.50,407.25,0.00,0.00,0.00,363.06,0.01,1.82
2278956,286.50,407.00,0.00,0.00,0.00,363.06,0.01,1.82
2279456,286.50,407.00,0.00,0.00,0.00,363.54,0.01,1.87
2279956,286.50,406.75,0.00,0.00,0.00,363.54,0.01,1.87
2280456,286.25,406.75,0.00,0.00,0.00,362.98,0.01,2.10
2280956,286.25,406.75,0.00,0.00,0.00,362.98,0.01,2.10
2281456,286.25,406.50,0.00,0.00,0.00,357.93,0.01,2.27
2281956,286.00,406.50,0.00,0.00,0.00,357.93,0.01,2.27
2282456,286.00,406.50,0.00,0.00,0.00,362.69,0.01,2.01
2282956,286.00,406.25,0.00,0.00,0.00,362.69,0.01,2.01
2283456,286.00,406.00,0.00,0.00,0.00,362.73,0.01,2.01
2283956,285.75,406.00,0.00,0.00,0.00,362.73,0.01,2.01
2284456,285.75,406.00,0.00,0.00,0.00,362.21,0.01,2.14
2284956,286.25,405.75,0.00,0.00,0.00,362.21,0.01,2.14
2285456,286.00,405.75,0.00,0.00,0.00,362.88,0.01,1.91
2285956,285.75,405.75,0.00,0.00,0.00,362.88,0.01,1.91
2286456,285.75,405.50,0.00,0.00,0.00,362.15,0.01,2.18
2286956,285.50,405.50,0.00,0.00,0.00,362.15,0.01,2.18
2287456,285.50,405.25,0.00,0.00,0.00,361.81,0.01,2.26
2287956,285.50,405.25,0.00,0.00,0.00,361.81,0.01,2.26
2288456,285.50,405.00,0.00,0.00,0.00,363.24,0.01,1.92
2288956,285.25,405.00,0.00,0.00,0.00,363.24,0.01,1.92
2289456,285.25,405.00,0.00,0.00,0.00,363.49,0.01,2.14
2289956,285.25,404.75,0.00,0.00,0.00,363.49,0.01,2.14
2290456,285.25,404.75,0.00,0.00,0.00,363.43,0.01,2.19
2290956,285.00,404.50,0.00,0.00,0.00,363.43,0.01,2.19
2291456,285.00,404.50,0.00,0.00,0.00,363.36,0.01,2.27
2291956,285.00,404.25,0.00,0.00,0.00,363.36,0.01,2.27
2292456,284.75,404.25,0.00,0.00,0.00,362.86,0.01,2.01
2292956,284.75,404.25,0.00,0.00,0.00,362.86,0.01,2.01
2293456,284.75,404.00,0.00,0.00,0.00,362.46,0.01,2.14
2293956,284.75,404.00,0.00,0.00,0.00,362.46,0.01,2.14
2294456,284.50,403.75,0.00,0.00,0.00,361.92,0.01,2.00
2294956,284.50,403.75,0.00,0.00,0.00,361.92,0.01,2.00
2295456,284.50,403.50,0.00,0.00,0.00,361.71,0.01,2.00
2295956,284.25,403.50,0.00,0.00,0.00,361.71,0.01,2.00
2296456,284.25,403.50,0.00,0.00,0.00,363.09,0.00,1.77
2296956,284.25,403.50,0.00,0.00,0.00,363.09,0.00,1.77
2297456,284.00,403.25,0.00,0.00,0.00,362.28,0.01,2.18
2297956,284.00,403.25,0.00,0.00,0.00,362.28,0.01,2.18
2298456,284.00,403.00,0.00,0.00,0.00,361.99,0.01,2.13
2298956,283.75,403.00,0.00,0.00,0.00,361.99,0.01,2.13
2299456,284.00,402.75,0.00,0.00,0.00,363.76,0.01,1.97
2299956,283.75,402.75,0.00,0.00,0.00,363.76,0.01,1.97
2300456,283.50,402.50,0.00,0.00,0.00,363.47,0.01,1.87
2300956,283.50,402.50,0.00,0.00,0.00,363.47,0.01,1.87
2301456,283.50,402.50,0.00,0.00,0.00,363.75,0.01,1.97
2301956,283.50,402.50,0.00,0.00,0.00,363.75,0.01,1.97
2302456,283.25,402.25,0.00,0.00,0.00,362.38,0.01,2.18
2302956,283.25,402.25,0.00,0.00,0.00,362.38,0.01,2.18
2303456,283.25,402.00,0.00,0.00,0.00,362.47,0.01,2.00
2303956,283.25,402.00,0.00,0.00,0.00,362.47,0.01,2.00
2304456,283.25,401.75,0.00,0.00,0.00,362.96,0.01,1.82
2304956,283.00,401.75,0.00,0.00,0.00,362.96,0.01,1.82
2305456,283.00,401.50,0.00,0.00,0.00,363.49,0.00,1.71
2305956,282.75,401.50,0.00,0.00,0.00,363.49,0.00,1.71
2306456,282.75,401.50,0.00,0.00,0.00,363.56,0.01,2.23
2306956,282.75,401.25,0.00,0.00,0.00,363.56,0.01,2.23
2307456,282.75,401.25,0.00,0.00,0.00,363.86,0.01,1.92
2307956,282.50,401.00,0.00,0.00,0.00,363.86,0.01,1.92
2308456,282.50,401.00,0.00,0.00,0.00,363.37,0.01,2.14
2308956,282.25,400.75,0.00,0.00,0.00,363.37,0.01,2.14
2309456,282.25,400.75,0.00,0.00,0.00,366.10,0.01,2.28
2309956,282.25,400.75,0.00,0.00,0.00,366.10,0.01,2.28
2310456,282.00,400.50,0.00,0.00,0.00,363.81,0.01,2.10
2310956,282.00,400.50,0.00,0.00,0.00,363.81,0.01,2.10
2311456,282.00,400.25,0.00,0.00,0.00,363.10,0.01,2.05
2311956,281.75,400.25,0.00,0.00,0.00,363.10,0.01,2.05
2312456,281.75,400.25,0.00,0.00,0.00,362.21,0.01,2.05
2312956,281.75,400.00,0.00,NaN,0.00,362.21,0.01,2.05
2313456,281.75,400.00,0.00,NaN,0.00,363.69,0.01,2.06
2313956,281.75,399.75,0.00,NaN,0.00,363.69,0.01,2.06
2314456,281.50,399.75,0.00,NaN,0.00,363.36,0.01,2.05
2314956,281.50,399.75,0.00,NaN,0.00,363.36,0.01,2.05
2315456,281.50,399.50,0.00,0.00,0.00,363.54,0.01,2.10
2315956,281.50,399.50,0.00,0.00,0.00,363.54,0.01,2.10
2316456,281.25,399.25,0.00,0.00,0.00,363.75,0.01,1.97
2316956,281.25,399.25,0.00,0.00,0.00,363.75,0.01,1.97
2317456,281.00,399.25,0.00,0.00,0.00,363.15,0.01,2.23
2317956,281.00,399.00,0.00,0.00,0.00,363.15,0.01,2.23
2318456,280.75,399.00,0.00,0.00,0.00,363.15,0.01,2.27
2318956,280.75,398.75,0.00,0.00,0.00,363.15,0.01,2.27
2319456,280.75,398.75,0.00,0.00,0.00,363.12,0.01,1.96
2319956,280.75,398.50,0.00,NaN,0.00,363.12,0.01,1.96
2320456,280.75,398.50,NaN,NaN,NaN,362.66,0.01,1.96
2320956,280.75,398.50,0.00,NaN,0.00,362.66,0.01,1.96
2321456,280.50,398.25,0.00,NaN,0.00,363.26,0.01,1.87
2321956,280.50,398.25,1792.00,NaN,NaN,363.26,0.01,1.87
2322462,280.50,398.00,NaN,NaN,NaN,361.49,0.00,1.71
2322962,280.25,398.00,-128.00,NaN,NaN,361.49,0.00,1.71
2323468,280.25,397.75,-256.00,NaN,NaN,362.34,0.01,2.38
2323968,280.25,397.75,0.00,NaN,NaN,362.34,0.01,2.38
2324473,53.50,397.75,-256.00,NaN,NaN,362.36,0.01,2.22
2324973,26.50,397.50,0.00,NaN,NaN,362.36,0.01,2.22
2325476,280.00,397.50,-1.00,NaN,NaN,361.93,0.01,1.82
2325976,279.75,397.50,NaN,NaN,NaN,361.93,0.01,1.82
2326631,279.75,397.25,NaN,NaN,NaN,348.47,0.01,2.01
2327131,279.75,397.25,NaN,NaN,0.00,348.47,0.01,2.01
2327635,279.75,397.00,0.00,0.00,0.00,360.36,0.01,1.90
2328135,279.50,397.00,0.00,0.00,0.00,360.36,0.01,1.90
2328636,279.50,396.75,0.00,0.00,0.00,361.95,0.01,2.09
2329136,279.50,396.75,0.00,0.00,0.00,361.95,0.01,2.09
2329636,279.25,396.75,0.00,0.00,0.00,364.14,0.01,2.01
2330136,279.25,396.50,0.00,0.00,0.00,364.14,0.01,2.01
2330636,279.25,396.50,0.00,NaN,0.00,363.16,0.01,2.18
2331136,279.25,396.25,0.00,0.00,0.00,363.16,0.01,2.18
2331636,279.00,396.25,0.00,NaN,0.00,362.81,0.01,1.96
2332136,279.00,396.25,0.00,NaN,0.00,362.81,0.01,1.96
2332637,279.00,396.00,0.00,NaN,0.00,361.98,0.01,2.56
2333137,278.75,396.00,0.00,NaN,0.00,361.98,0.01,2.56
2333637,278.75,396.00,0.00,NaN,0.00,362.99,0.01,2.22
2334137,278.75,395.75,0.00,NaN,0.00,362.99,0.01,2.22
2334637,278.50,395.75,0.00,0.00,0.00,361.39,0.01,2.00
2335137,278.50,395.50,0.00,0.00,0.00,361.39,0.01,2.00
2335637,278.50,395.50,0.00,0.00,0.00,362.56,0.01,2.26
2336137,278.25,395.50,0.00,0.00,0.00,362.56,0.01,2.26
2336637,278.25,395.25,0.00,0.00,0.00,364.08,0.01,2.06
2337137,278.25,395.25,0.00,0.00,0.00,364.08,0.01,2.06
2337637,278.25,395.00,0.00,0.00,0.00,362.51,0.01,1.96
2338137,278.25,395.00,0.00,462.00,0.00,362.51,0.01,1.96
2338637,278.00,394.75,0.00,461.75,0.00,362.29,0.01,1.91
2339137,278.00,394.75,0.00,461.75,0.00,362.29,0.01,1.91
2339637,277.75,394.75,0.00,461.50,0.00,362.89,0.01,2.38
2340137,277.75,394.50,0.00,461.25,0.00,362.89,0.01,2.38
2340637,277.75,394.50,0.00,461.25,0.00,362.14,0.00,1.54
2341137,277.75,394.25,0.00,461.00,0.00,362.14,0.00,1.54
2341637,277.75,394.25,0.00,461.00,0.00,362.86,0.00,1.60
2342137,277.75,394.00,0.00,0.00,0.00,362.86,0.00,1.60
2342637,277.50,394.00,0.00,0.00,0.00,363.38,0.01,2.31
2343137,277.50,394.00,0.00,0.00,0.00,363.38,0.01,2.31
2343638,277.50,393.75,0.00,0.00,0.00,363.06,0.01,1.87
2344138,277.50,393.75,0.00,0.00,0.00,363.06,0.01,1.87
2344638,277.25,393.50,0.00,0.00,0.00,363.22,0.01,2.31
2345138,277.25,393.50,0.00,0.00,0.00,363.22,0.01,2.31
2345638,277.25,393.50,0.00,0.00,0.00,363.03,0.01,1.96
2346138,277.00,393.25,0.00,0.00,0.00,363.03,0.01,1.96
2346638,277.00,393.25,0.00,0.00,0.00,362.87,0.00,1.71
2347138,277.00,393.25,0.00,0.00,0.00,362.87,0.00,1.71
2347638,276.75,393.00,0.00,0.00,0.00,363.58,0.01,2.06
2348138,276.75,393.00,0.00,0.00,0.00,363.58,0.01,2.06
2348638,276.75,393.00,0.00,0.00,0.00,362.71,0.00,1.76
2349138,276.50,392.75,0.00,0.00,0.00,362.71,0.00,1.76
2349638,276.50,392.75,0.00,NaN,0.00,362.74,0.01,2.01
2350138,276.50,392.50,0.00,NaN,0.00,362.74,0.01,2.01
2350638,276.50,392.50,0.00,NaN,0.00,363.07,0.01,2.01
2351138,276.50,392.50,0.00,NaN,0.00,363.07,0.01,2.01
2351638,276.25,392.25,0.00,NaN,0.00,362.07,0.00,1.76
2352138,276.25,392.25,0.00,NaN,0.00,362.07,0.00,1.76
2352638,276.25,392.00,0.00,NaN,0.00,362.93,0.01,2.26
2353138,276.00,392.00,0.00,NaN,0.00,362.93,0.01,2.26
2353638,276.00,392.00,0.00,NaN,0.00,362.22,0.01,1.91
2354138,276.00,391.75,0.00,NaN,0.00,362.22,0.01,1.91
2354638,275.75,391.75,0.00,NaN,0.00,363.33,0.01,2.10
2355138,275.75,391.75,0.00,NaN,0.00,363.33,0.01,2.10
2355638,275.75,391.50,0.00,NaN,0.00,363.31,0.01,2.23
2356139,275.50,391.50,0.00,NaN,0.00,363.31,0.01,2.23
2356639,275.50,391.25,0.00,NaN,0.00,363.01,0.01,2.22
2357139,275.50,391.25,0.00,NaN,0.00,363.01,0.01,2.22
2357639,275.50,391.00,0.00,NaN,0.00,365.29,0.01,2.15
2358139,275.25,391.00,0.00,NaN,0.00,365.29,0.01,2.15
2358639,275.25,391.00,0.00,NaN,0.00,363.50,0.01,2.14
2359139,275.25,390.75,0.00,NaN,0.00,363.50,0.01,2.14
2359639,275.25,390.75,0.00,NaN,0.00,363.06,0.01,2.01
2360139,275.00,390.50,0.00,NaN,0.00,363.06,0.01,2.01
2360639,275.00,390.50,0.00,NaN,0.00,363.16,0.01,2.05
2361139,275.00,390.50,0.00,NaN,0.00,363.16,0.01,2.05
2361639,275.00,390.25,0.00,NaN,0.00,361.80,0.01,2.13
2362139,275.00,390.25,0.00,NaN,0.00,361.80,0.01,2.13
2362639,274.75,390.00,0.00,NaN,0.00,362.04,0.01,2.13
2363139,274.75,390.00,0.00,NaN,0.00,362.04,0.01,2.13
2363639,274.50,390.00,0.00,NaN,0.00,361.60,0.01,1.91
2364139,274.50,389.75,0.00,NaN,0.00,361.60,0.01,1.91
2364639,274.50,389.75,0.00,NaN,0.00,361.84,0.01,1.96
2365139,274.50,389.75,0.00,NaN,0.00,361.84,0.01,1.96
2365639,274.50,389.50,0.00,NaN,0.00,361.99,0.01,1.96
2366139,274.25,389.50,0.00,NaN,0.00,361.99,0.01,1.96
2366639,274.25,389.50,0.00,NaN,0.00,362.80,0.01,2.30
2367139,274.25,389.25,0.00,NaN,0.00,362.80,0.01,2.30
2367639,274.00,389.25,0.00,NaN,0.00,363.60,0.01,2.27
2368139,274.00,389.00,0.00,NaN,0.00,363.60,0.01,2.27
2368640,274.00,389.00,0.00,NaN,0.00,361.99,0.01,2.13
2369140,274.00,389.00,0.00,NaN,0.00,361.99,0.01,2.13
2369640,273.75,388.75,0.00,NaN,0.00,363.36,0.01,2.01
2370140,273.75,388.75,0.00,NaN,0.00,363.36,0.01,2.01
2370640,273.75,388.50,0.00,NaN,0.00,363.06,0.01,2.18
2371140,273.50,388.50,0.00,NaN,0.00,363.06,0.01,2.18
2371640,273.50,388.50,0.00,NaN,0.00,362.48,0.01,2.22
2372140,273.50,388.25,0.00,NaN,0.00,362.48,0.01,2.22
2372640,273.50,388.00,0.00,NaN,0.00,362.29,0.01,1.96
2373140,273.25,388.00,0.00,NaN,0.00,362.29,0.01,1.96
2373640,273.25,388.00,0.00,NaN,0.00,362.32,0.01,2.26
2374140,273.25,388.00,0.00,NaN,0.00,362.32,0.01,2.26
2374640,273.25,387.75,0.00,NaN,0.00,362.62,0.00,1.76
2375140,273.00,387.75,0.00,NaN,0.00,362.62,0.00,1.76
2375640,273.00,387.50,0.00,NaN,0.00,362.90,0.01,2.18
2376140,273.00,387.50,0.00,NaN,0.00,362.90,0.01,2.18
2376640,272.75,387.25,0.00,NaN,0.00,361.43,0.01,2.33
2377140,272.75,387.25,0.00,NaN,0.00,361.43,0.01,2.33
2377640,272.75,387.25,0.00,NaN,0.00,361.38,0.01,2.00
2378140,272.75,387.00,0.00,NaN,0.00,361.38,0.01,2.00
2378640,272.75,387.00,0.00,NaN,0.00,362.79,0.01,2.05
2379140,272.50,387.00,0.00,NaN,0.00,362.79,0.01,2.05
2379640,272.50,386.75,0.00,NaN,0.00,362.45,0.01,2.09
2380140,272.50,386.75,0.00,NaN,0.00,362.45,0.01,2.09
2380640,272.25,386.75,0.00,NaN,0.00,362.82,0.01,1.96
2381140,272.25,386.50,0.00,NaN,0.00,362.82,0.01,1.96
2381640,272.25,386.50,0.00,NaN,0.00,362.34,0.00,1.76
2382140,272.00,386.25,0.00,NaN,0.00,362.34,0.00,1.76
2382640,272.00,386.25,0.00,NaN,0.00,362.77,0.01,2.22
2383140,272.00,386.25,0.00,NaN,0.00,362.77,0.01,2.22
2383640,272.00,386.00,0.00,NaN,0.00,363.15,0.01,1.96
2384140,272.00,386.00,0.00,NaN,0.00,363.15,0.01,1.96
2384640,271.75,385.75,0.00,NaN,0.00,363.93,0.01,2.10
2385140,271.75,385.75,0.00,NaN,0.00,363.93,0.01,2.10
2385640,271.75,385.75,0.00,NaN,0.00,363.52,0.01,2.19
2386140,271.50,385.50,0.00,436.75,0.00,363.52,0.01,2.19
2386640,271.50,385.50,0.00,436.50,0.00,361.82,0.01,2.00
2387140,271.50,385.25,0.00,436.50,0.00,361.82,0.01,2.00
2387640,271.50,385.25,0.00,436.25,0.00,361.94,0.01,1.96
2388140,271.75,385.25,0.00,436.00,0.00,361.94,0.01,1.96
2388640,271.75,385.00,0.00,436.00,0.00,362.75,0.01,2.18
2389140,271.75,385.00,0.00,436.00,0.00,362.75,0.01,2.18
2389640,271.75,384.75,0.00,435.75,0.00,363.66,0.01,2.23
2390140,271.75,384.75,0.00,435.75,0.00,363.66,0.01,2.23
2390640,271.50,384.75,0.00,435.50,0.00,362.44,0.01,2.22
2391140,271.75,384.50,0.00,435.25,0.00,362.44,0.01,2.22
2391640,272.50,384.50,0.00,435.25,0.00,363.43,0.01,2.10
2392140,272.25,384.25,0.00,435.25,0.00,363.43,0.01,2.10
2392640,272.00,384.25,0.00,435.00,0.00,362.97,0.01,2.18
2393140,271.75,384.25,0.00,435.00,0.00,362.97,0.01,2.18
2393640,272.25,384.00,0.00,434.75,0.00,363.02,0.01,2.05
2394140,272.00,384.00,0.00,434.75,0.00,363.02,0.01,2.05
2394640,271.75,384.00,0.00,434.75,0.00,364.12,0.01,1.97
2395140,271.75,383.75,0.00,434.75,0.00,364.12,0.01,1.97
2395640,271.75,383.75,0.00,434.75,0.00,362.70,0.00,1.71
2396140,271.75,383.50,0.00,434.75,0.00,362.70,0.00,1.71
2396640,271.75,383.50,0.00,434.50,0.00,364.85,0.01,2.28
2397140,271.50,383.50,0.00,434.50,0.00,364.85,0.01,2.28
2397640,271.50,383.25,0.00,434.50,0.00,363.97,0.01,2.01
2398140,271.50,383.25,0.00,434.50,0.00,363.97,0.01,2.01
2398640,271.25,383.25,0.00,434.25,0.00,364.08,0.01,2.19
2399140,271.25,383.00,0.00,434.25,0.00,364.08,0.01,2.19
2399640,271.25,383.00,0.00,434.25,0.00,363.68,0.01,1.87
2400140,271.00,382.75,0.00,434.25,0.00,363.68,0.01,1.87
2400640,271.00,382.75,0.00,NaN,0.00,362.96,0.01,1.87
2401140,271.00,382.75,0.00,NaN,0.00,362.96,0.01,1.87
2401640,270.75,382.50,0.00,NaN,0.00,363.42,0.01,1.96
2402140,270.75,382.50,0.00,NaN,0.00,363.42,0.01,1.96
2402640,270.75,382.50,0.00,NaN,0.00,362.94,0.01,2.30
2403140,270.75,382.25,0.00,NaN,0.00,362.94,0.01,2.30
2403640,270.50,382.25,0.00,NaN,0.00,363.75,0.01,1.97
2404140,270.50,382.00,0.00,NaN,0.00,363.75,0.01,1.97
2404640,270.50,382.00,0.00,NaN,0.00,363.48,0.01,2.14
2405140,270.50,382.00,0.00,NaN,0.00,363.48,0.01,2.14
2405640,270.25,381.75,0.00,NaN,0.00,363.77,0.01,1.82
2406140,270.25,381.75,0.00,NaN,0.00,363.77,0.01,1.82
2406640,270.25,381.50,0.00,NaN,0.00,362.76,0.01,1.81
2407140,270.00,381.50,0.00,NaN,0.00,362.76,0.01,1.81
2407640,270.00,381.50,0.00,NaN,0.00,363.67,0.01,2.01
2408140,270.00,381.25,0.00,NaN,0.00,363.67,0.01,2.01
2408640,270.00,381.25,0.00,NaN,0.00,363.89,0.01,2.19
2409140,269.75,381.00,0.00,NaN,0.00,363.89,0.01,2.19
2409640,269.75,381.00,0.00,NaN,0.00,362.76,0.00,1.66
2410140,269.75,381.00,0.00,NaN,0.00,362.76,0.00,1.66
2410640,269.50,380.75,0.00,NaN,0.00,363.46,0.01,1.96
2411140,269.50,380.75,0.00,NaN,0.00,363.46,0.01,1.96
2411640,269.25,380.75,0.00,NaN,0.00,362.84,0.00,1.71
2412140,269.50,380.50,0.00,NaN,0.00,362.84,0.00,1.71
2412640,269.25,380.50,0.00,NaN,0.00,363.15,0.01,2.27
2413140,269.25,380.25,0.00,NaN,0.00,363.15,0.01,2.27
2413640,269.25,380.25,0.00,NaN,0.00,362.56,0.01,2.05
2414140,269.00,380.25,0.00,NaN,0.00,362.56,0.01,2.05
2414640,269.00,380.00,0.00,NaN,0.00,363.58,0.01,1.96
2415140,269.00,380.00,0.00,NaN,0.00,363.58,0.01,1.96
2415640,269.00,379.75,0.00,NaN,0.00,362.26,0.01,1.91
2416140,268.75,379.75,0.00,NaN,0.00,362.26,0.01,1.91
2416640,268.75,379.75,0.00,NaN,0.00,362.94,0.01,2.14
2417140,268.75,379.50,0.00,NaN,0.00,362.94,0.01,2.14
2417640,268.75,379.50,0.00,NaN,0.00,362.50,0.01,1.96
2418140,268.50,379.50,0.00,NaN,0.00,362.50,0.01,1.96
2418640,268.50,379.25,0.00,NaN,0.00,362.37,0.01,2.09
2419140,268.50,379.25,0.00,NaN,0.00,362.37,0.01,2.09
2419640,268.25,379.25,0.00,NaN,0.00,361.89,0.01,2.13
2420140,268.25,379.00,0.00,NaN,0.00,361.89,0.01,2.13
2420640,268.00,379.00,0.00,NaN,0.00,362.58,0.01,1.96
2421140,268.00,378.75,0.00,NaN,0.00,362.58,0.01,1.96
2421640,268.00,378.75,0.00,NaN,0.00,363.58,0.01,2.35
2422140,268.00,378.75,0.00,NaN,0.00,363.58,0.01,2.35
2422640,268.00,378.50,0.00,NaN,0.00,363.87,0.01,1.92
2423140,268.00,378.50,0.00,NaN,0.00,363.87,0.01,1.92
2423640,267.75,378.25,0.00,NaN,0.00,363.02,0.01,2.01
2424140,267.75,378.25,0.00,NaN,0.00,363.02,0.01,2.01
2424640,267.50,378.00,0.00,NaN,0.00,362.99,0.01,2.38
2425140,267.50,378.00,0.00,NaN,0.00,362.99,0.01,2.38
2425640,267.50,378.00,0.00,NaN,0.00,363.29,0.01,1.82
2426140,267.25,378.00,0.00,NaN,0.00,363.29,0.01,1.82
2426640,267.25,377.75,0.00,NaN,0.00,362.11,0.01,2.22
2427140,267.25,377.50,0.00,NaN,0.00,362.11,0.01,2.22
2427640,267.25,377.50,0.00,NaN,0.00,362.27,0.00,1.54
2428140,267.00,377.50,0.00,NaN,0.00,362.27,0.00,1.54
2428640,267.00,377.25,0.00,NaN,0.00,363.28,0.01,2.01
2429140,267.00,377.25,0.00,NaN,0.00,363.28,0.01,2.01
2429640,267.00,377.25,0.00,NaN,0.00,362.55,0.00,1.66
2430140,267.00,377.25,0.00,NaN,0.00,362.55,0.00,1.66
2430640,267.00,377.00,0.00,NaN,0.00,364.12,0.01,1.92
2431140,266.75,377.00,0.00,NaN,0.00,364.12,0.01,1.92
2431640,266.75,376.75,0.00,NaN,0.00,363.43,0.01,2.14
2432140,266.75,376.75,0.00,NaN,0.00,363.43,0.01,2.14
2432640,266.50,376.75,0.00,NaN,0.00,362.76,0.01,2.14
2433140,266.50,376.50,0.00,NaN,0.00,362.76,0.01,2.14
2433640,266.50,376.50,0.00,NaN,0.00,363.54,0.01,1.87
2434140,266.50,376.50,0.00,NaN,0.00,363.54,0.01,1.87
2434640,266.75,376.25,0.00,NaN,0.00,362.26,0.01,2.22
2435140,266.25,376.25,0.00,NaN,0.00,362.26,0.01,2.22
2435640,266.25,376.00,0.00,NaN,0.00,362.16,0.01,1.96
2436140,266.25,376.00,0.00,NaN,0.00,362.16,0.01,1.96
2436640,266.25,376.00,0.00,NaN,0.00,362.74,0.01,2.26
2437140,265.75,375.75,0.00,NaN,0.00,362.74,0.01,2.26
2437640,265.75,375.75,0.00,NaN,0.00,363.33,0.01,1.82
2438140,265.75,375.75,0.00,NaN,0.00,363.33,0.01,1.82
2438640,265.50,375.75,0.00,NaN,0.00,363.04,0.01,1.87
2439140,265.50,375.50,0.00,NaN,0.00,363.04,0.01,1.87
2439640,265.25,375.50,0.00,NaN,0.00,361.97,0.01,2.13
2440140,265.25,375.25,0.00,NaN,0.00,361.97,0.01,2.13
2440640,265.00,375.25,0.00,NaN,0.00,362.21,0.01,1.86
2441140,264.75,375.25,0.00,NaN,0.00,362.21,0.01,1.86
2441640,264.50,375.25,0.00,NaN,0.00,363.03,0.01,2.18
2442140,264.50,375.00,0.00,NaN,0.00,363.03,0.01,2.18
2442640,264.50,375.00,0.00,NaN,0.00,363.27,0.01,2.18
2443140,264.25,375.00,0.00,NaN,0.00,363.27,0.01,2.18
2443640,264.25,374.75,0.00,NaN,0.00,362.57,0.01,2.01
2444140,264.25,374.75,0.00,NaN,0.00,362.57,0.01,2.01
2444640,264.25,374.75,0.00,NaN,0.00,362.28,0.01,2.18
2445140,264.25,374.50,0.00,NaN,0.00,362.28,0.01,2.18
2445640,264.00,374.50,0.00,NaN,0.00,362.11,0.00,1.60
2446140,264.00,374.50,0.00,NaN,0.00,362.11,0.00,1.60
2446640,264.00,374.25,0.00,NaN,0.00,363.14,0.01,2.10
2447140,264.25,374.25,0.00,NaN,0.00,363.14,0.01,2.10
2447640,264.00,374.00,0.00,NaN,0.00,362.34,0.01,2.22
2448140,264.00,373.75,0.00,NaN,0.00,362.34,0.01,2.22
2448640,264.00,373.25,0.00,NaN,0.00,362.53,0.01,2.18
2449140,263.75,372.50,0.00,NaN,0.00,362.53,0.01,2.18
2449640,263.75,371.75,0.00,NaN,0.00,363.42,0.01,2.10
2450140,263.50,370.75,0.00,NaN,0.00,363.42,0.01,2.10
2450640,263.00,369.25,0.00,NaN,0.00,363.05,0.01,2.10
2451140,262.75,368.25,0.00,NaN,0.00,363.05,0.01,2.10
2451640,262.00,366.75,0.00,NaN,0.00,363.26,0.00,1.35
2452140,261.75,365.25,0.00,NaN,0.00,363.26,0.00,1.35
2452640,261.00,363.75,0.00,NaN,0.00,362.94,0.01,1.82
2453140,260.50,362.25,0.00,NaN,0.00,362.94,0.01,1.82
2453640,259.75,360.75,0.00,NaN,0.00,363.56,0.00,1.71
2454140,259.25,359.25,0.00,NaN,0.00,363.56,0.00,1.71
2454640,258.50,357.75,0.00,NaN,0.00,362.95,0.01,1.96
2455140,257.75,356.50,0.00,NaN,0.00,362.95,0.01,1.96
2455640,257.25,355.00,0.00,NaN,0.00,362.42,0.01,1.91
2456140,256.75,353.75,0.00,394.25,0.00,362.42,0.01,1.91
2456640,256.25,352.25,0.00,392.75,0.00,363.60,0.00,1.77
2457140,255.75,351.25,0.00,NaN,0.00,363.60,0.00,1.77
2457640,255.25,350.00,0.00,NaN,0.00,361.73,0.01,2.00
2458140,255.00,348.75,0.00,NaN,0.00,361.73,0.01,2.00
2458640,254.25,347.50,0.00,NaN,0.00,362.68,0.01,2.10
2459140,254.00,346.50,0.00,NaN,0.00,362.68,0.01,2.10
2459640,253.25,345.25,0.00,NaN,0.00,362.09,0.01,2.05
2460140,252.75,344.25,0.00,NaN,0.00,362.09,0.01,2.05
2460640,252.25,343.25,0.00,NaN,0.00,362.52,0.01,2.22
2461140,251.75,342.25,0.00,NaN,0.00,362.52,0.01,2.22
2461640,251.50,341.25,0.00,381.50,0.00,362.79,0.01,2.05
2462140,251.00,340.25,0.00,380.50,0.00,362.79,0.01,2.05
2462640,250.50,339.50,0.00,379.50,0.00,362.91,0.00,1.76
2463140,250.00,338.75,0.00,378.50,0.00,362.91,0.00,1.76
2463640,249.75,337.75,0.00,378.00,0.00,362.29,0.01,2.09
2464140,249.50,337.00,0.00,377.25,0.00,362.29,0.01,2.09
2464640,248.75,336.25,0.00,376.25,0.00,363.26,0.01,2.31
2465140,248.50,335.50,0.00,375.50,0.00,363.26,0.01,2.31
2465640,248.00,334.50,0.00,375.00,0.00,363.36,0.00,1.77
2466140,247.75,334.00,0.00,374.25,0.00,363.36,0.00,1.77
2466640,247.25,333.25,0.00,373.75,0.00,362.58,0.01,2.22
2467140,247.00,332.50,0.00,373.00,0.00,362.58,0.01,2.22
2467640,246.50,332.00,0.00,372.50,0.00,363.19,0.01,2.27
2468140,246.25,331.25,0.00,372.00,0.00,363.19,0.01,2.27
2468640,245.75,330.50,0.00,371.25,0.00,362.77,0.01,2.05
2469140,245.50,330.00,0.00,370.75,0.00,362.77,0.01,2.05
2469640,245.25,329.25,0.00,370.00,0.00,362.97,0.01,2.26
2470140,244.75,328.50,0.00,369.50,0.00,362.97,0.01,2.26
2470640,244.25,327.75,0.00,369.00,0.00,362.04,0.01,2.53
2471140,244.00,327.25,0.00,368.25,0.00,362.04,0.01,2.53
2471640,243.50,326.50,0.00,367.75,0.00,363.08,0.01,2.01
2472140,243.25,326.00,0.00,367.25,0.00,363.08,0.01,2.01
2472640,242.75,325.25,0.00,366.75,0.00,363.32,0.01,2.14
2473140,242.50,324.75,0.00,366.25,0.00,363.32,0.01,2.14
2473640,242.00,324.25,0.00,365.50,0.00,363.70,0.01,2.10
2474140,241.50,323.75,0.00,365.00,0.00,363.70,0.01,2.10
2474640,241.25,323.00,0.00,364.50,0.00,363.37,0.01,2.01
2475140,240.75,322.50,0.00,364.00,0.00,363.37,0.01,2.01
2475640,240.50,322.00,0.00,363.50,0.00,361.96,0.01,2.30
2476140,240.25,321.50,0.00,363.00,0.00,361.96,0.01,2.30
2476640,239.75,321.00,0.00,362.50,0.00,363.65,0.01,2.19
2477140,239.50,320.75,0.00,362.00,0.00,363.65,0.01,2.19
2477640,239.25,320.25,0.00,361.50,0.00,363.33,0.01,2.61
2478140,239.00,319.75,0.00,361.25,0.00,363.33,0.01,2.61
2478640,238.50,319.25,0.00,361.00,0.00,362.98,0.01,2.14
2479140,238.50,319.00,0.00,360.50,0.00,362.98,0.01,2.14
2479640,238.25,318.50,0.00,360.00,0.00,362.96,0.01,2.01
2480140,238.00,318.25,0.00,359.50,0.00,362.96,0.01,2.01
2480640,237.75,317.75,0.00,359.00,0.00,363.96,0.01,1.87
2481140,237.50,317.25,0.00,358.50,0.00,363.96,0.01,1.87
2481640,237.25,317.00,0.00,358.25,0.00,362.16,0.00,1.65
2482140,236.75,316.50,0.00,357.75,0.00,362.16,0.00,1.65
2482640,236.50,316.00,0.00,357.25,0.00,362.81,0.01,2.01
2483140,236.50,315.50,0.00,356.75,0.00,362.81,0.01,2.01
2483640,236.00,315.25,0.00,356.25,0.00,361.94,0.01,2.05
2484140,235.75,314.75,0.00,355.75,0.00,361.94,0.01,2.05
2484640,235.75,314.50,0.00,355.25,0.00,363.22,0.01,2.14
2485140,235.25,314.00,0.00,354.75,0.00,363.22,0.01,2.14
2485640,235.00,313.50,0.00,354.25,0.00,363.11,0.01,2.31
2486140,234.75,313.00,0.00,353.75,0.00,363.11,0.01,2.31
2486640,234.50,312.75,0.00,353.50,0.00,362.90,0.01,1.96
2487140,234.25,312.50,0.00,353.00,0.00,362.90,0.01,1.96
2487640,234.00,312.00,0.00,352.50,0.00,363.69,0.00,1.66
2488140,233.75,311.50,0.00,352.25,0.00,363.69,0.00,1.66
2488640,233.50,311.25,0.00,351.75,0.00,363.69,0.01,2.19
2489140,233.25,311.00,0.00,351.25,0.00,363.69,0.01,2.19
2489640,233.00,310.50,0.00,351.00,0.00,363.42,0.01,2.01
2490140,232.75,310.25,0.00,350.50,0.00,363.42,0.01,2.01
2490640,232.75,309.75,0.00,350.00,0.00,362.96,0.01,2.46
2491140,232.50,309.50,0.00,349.50,0.00,362.96,0.01,2.46
2491640,232.25,309.25,0.00,349.25,0.00,362.33,0.01,1.96
2492140,232.00,308.75,0.00,348.75,0.00,362.33,0.01,1.96
2492640,231.75,308.50,0.00,348.25,0.00,362.69,0.01,1.81
2493140,231.50,308.00,0.00,347.75,0.00,362.69,0.01,1.81
2493640,231.25,307.50,0.00,347.50,0.00,363.58,0.01,2.10
2494140,231.00,307.25,0.00,347.00,0.00,363.58,0.01,2.10
2494640,231.00,307.00,0.00,346.50,0.00,363.66,0.01,2.06
2495140,230.50,306.75,0.00,346.25,0.00,363.66,0.01,2.06
2495640,230.25,306.25,0.00,345.75,0.00,363.25,0.01,1.92
2496140,230.25,306.00,0.00,345.25,0.00,363.25,0.01,1.92
2496640,230.00,305.50,0.00,344.75,0.00,362.85,0.01,1.87
2497140,229.75,305.00,0.00,344.25,0.00,362.85,0.01,1.87
2497640,229.75,304.75,0.00,344.00,0.00,362.94,0.01,2.10
2498140,229.25,304.50,0.00,343.50,0.00,362.94,0.01,2.10
2498640,229.25,304.00,0.00,343.25,0.00,362.37,0.01,2.22
2499140,229.00,303.75,0.00,342.75,0.00,362.37,0.01,2.22
2499640,228.75,303.50,0.00,342.25,0.00,362.62,0.01,2.01
2500140,228.50,303.00,0.00,342.00,0.00,362.62,0.01,2.01
2500640,228.25,302.75,0.00,341.50,0.00,363.15,0.01,2.14
2501140,228.00,302.50,0.00,341.25,0.00,363.15,0.01,2.14
2501640,227.75,302.00,0.00,340.75,0.00,362.08,0.01,1.91
2502140,227.75,301.75,0.00,340.25,0.00,362.08,0.01,1.91
2502640,227.50,301.25,0.00,339.75,0.00,362.81,0.01,1.82
2503140,227.25,301.00,0.00,339.50,0.00,362.81,0.01,1.82
2503640,227.00,300.75,0.00,339.25,0.00,362.27,0.01,2.09
2504140,226.75,300.50,0.00,338.75,0.00,362.27,0.01,2.09
2504640,226.75,300.25,0.00,338.25,0.00,362.26,0.01,1.86
2505140,226.25,299.75,0.00,338.00,0.00,362.26,0.01,1.86
2505640,226.25,299.50,0.00,337.50,0.00,362.68,0.00,1.71
2506140,226.00,299.25,0.00,337.00,0.00,362.68,0.00,1.71
2506640,225.75,299.00,0.00,336.75,0.00,363.57,0.01,2.35
2507140,225.75,298.50,0.00,336.25,0.00,363.57,0.01,2.35
2507640,225.50,298.25,0.00,335.75,0.00,362.64,0.00,1.71
2508140,225.25,298.00,0.00,335.25,0.00,362.64,0.00,1.71
2508640,225.00,297.75,0.00,335.00,0.00,363.59,0.01,2.35
2509140,224.75,297.50,0.00,334.50,0.00,363.59,0.01,2.35
2509640,224.50,297.00,0.00,334.00,0.00,362.19,0.01,1.96
2510140,224.50,296.75,0.00,333.75,0.00,362.19,0.01,1.96
2510640,224.25,296.50,0.00,333.25,0.00,363.57,0.00,1.71
2511140,224.25,296.00,0.00,332.75,0.00,363.57,0.00,1.71
2511640,224.00,295.75,0.00,332.50,0.00,362.35,0.01,2.38
2512140,223.75,295.50,0.00,332.00,0.00,362.35,0.01,2.38
2512640,223.75,295.25,0.00,331.50,0.00,362.26,0.01,1.86
2513140,223.50,294.75,0.00,331.00,0.00,362.26,0.01,1.86
2513640,223.25,294.50,0.00,330.25,0.00,363.18,0.01,2.14
2514140,223.00,294.25,0.00,329.50,0.00,363.18,0.01,2.14
2514640,222.75,294.00,0.00,329.00,0.00,363.38,0.00,1.71
2515140,222.50,293.50,0.00,328.25,0.00,363.38,0.00,1.71
2515640,222.50,293.25,0.00,327.50,0.00,363.42,0.01,2.06
2516140,222.25,292.75,0.00,327.00,0.00,363.42,0.01,2.06
2516640,222.00,292.50,0.00,326.25,0.00,362.93,0.01,2.05
2517140,221.75,292.00,0.00,325.50,0.00,362.93,0.01,2.05
2517640,221.75,291.75,0.00,325.00,0.00,363.15,0.00,1.66
2518140,221.50,291.50,0.00,324.50,0.00,363.15,0.00,1.66
2518640,221.25,291.25,0.00,324.25,0.00,363.41,0.01,2.10
2519140,221.00,290.75,0.00,324.00,0.00,363.41,0.01,2.10
2519640,221.00,290.50,0.00,323.75,0.00,362.88,0.00,1.28
2520140,220.75,290.25,0.00,323.75,0.00,362.88,0.00,1.28
2520640,220.50,290.00,0.00,323.50,0.00,365.10,0.01,1.88
2521140,220.25,289.75,0.00,323.50,0.00,365.10,0.01,1.88
2521640,220.25,289.25,0.00,323.00,0.00,365.21,0.01,1.97
2522140,220.00,289.00,0.00,323.00,0.00,365.21,0.01,1.97
2522640,219.75,288.75,0.00,323.00,0.00,362.30,0.01,2.00
2523140,219.50,288.75,0.00,0.00,0.00,362.30,0.01,2.00
2523640,219.50,288.50,0.00,0.00,0.00,361.77,0.01,2.05
2524140,219.25,288.25,0.00,0.00,0.00,361.77,0.01,2.05
2524640,219.25,288.00,0.00,0.00,0.00,363.10,0.01,2.01
2525140,219.00,287.75,0.00,20.25,0.00,363.10,0.01,2.01
2525640,219.00,287.50,0.00,20.00,0.00,363.61,0.01,1.92
2526140,218.75,287.25,0.00,19.75,0.00,363.61,0.01,1.92
2526640,218.50,287.25,0.00,20.00,0.00,362.29,0.01,2.09
2527140,218.50,287.00,0.00,19.75,0.00,362.29,0.01,2.09
2527640,218.25,286.50,0.00,19.75,0.00,362.29,0.01,2.05
2528140,218.25,286.50,0.00,19.75,0.00,362.29,0.01,2.05
2528640,218.00,286.25,0.00,20.00,0.00,363.03,0.01,2.46
2529140,218.00,286.00,0.00,19.75,0.00,363.03,0.01,2.46
2529640,217.75,285.75,0.00,19.75,0.00,363.17,0.01,1.96
2530140,217.50,285.50,0.00,20.25,0.00,363.17,0.01,1.96
2530640,217.50,285.25,0.00,20.00,0.00,363.08,0.01,2.35
2531140,217.50,285.00,0.00,20.50,0.00,363.08,0.01,2.35
2531640,217.25,284.75,0.00,20.00,0.00,363.67,0.01,2.10
2532140,217.00,284.50,0.00,21.00,0.00,363.67,0.01,2.10
2532640,217.00,284.25,0.00,20.75,0.00,361.71,0.01,2.05
2533140,216.75,284.25,0.00,20.25,0.00,361.71,0.01,2.05
2533640,216.50,284.00,0.00,19.75,0.00,362.78,0.01,2.30
2534140,216.50,283.50,0.00,20.00,0.00,362.78,0.01,2.30
2534640,216.25,283.25,0.00,20.75,0.00,362.07,0.01,2.13
2535140,216.25,283.25,0.00,20.50,0.00,362.07,0.01,2.13
2535640,216.00,283.00,0.00,0.00,0.00,362.97,0.01,1.96
2536140,215.75,282.75,0.00,0.00,0.00,362.97,0.01,1.96
2536640,215.75,282.50,0.00,0.00,0.00,362.14,0.01,2.09
2537140,215.50,282.25,0.00,0.00,0.00,362.14,0.01,2.09
2537640,215.25,282.00,0.00,0.00,0.00,361.74,0.01,1.91
2538140,215.25,281.50,0.00,0.00,0.00,361.74,0.01,1.91
2538640,215.25,281.50,0.00,0.00,0.00,361.86,0.01,1.81
2539140,215.00,281.00,0.00,314.00,0.00,361.86,0.01,1.81
2539640,214.75,280.75,0.00,313.50,0.00,362.46,0.01,1.81
2540140,214.50,280.50,0.00,313.00,0.00,362.46,0.01,1.81
2540640,214.50,280.50,0.00,312.75,0.00,363.63,0.01,1.96
2541140,214.25,280.25,0.00,312.25,0.00,363.63,0.01,1.96
2541640,214.25,280.00,0.00,312.00,0.00,363.48,0.01,2.14
2542140,214.00,279.75,0.00,0.00,0.00,363.48,0.01,2.14
2542640,213.75,279.50,NaN,NaN,NaN,363.16,0.01,2.01
2543140,213.75,279.25,0.00,0.00,0.00,363.16,0.01,2.01
2543640,213.50,279.00,0.00,219.00,0.00,362.93,0.01,2.18
2544140,213.25,278.75,0.00,218.75,0.00,362.93,0.01,2.18
2544640,213.25,278.50,0.00,218.50,0.00,363.18,0.01,2.05
2545140,213.00,278.00,0.00,218.25,0.00,363.18,0.01,2.05
2545640,212.75,277.75,0.00,20.50,0.00,363.69,0.01,2.01
2546140,212.75,277.50,0.00,20.50,0.00,363.69,0.01,2.01
2546640,212.50,277.25,0.00,24.00,0.00,364.73,0.00,1.77
2547140,212.25,277.00,0.00,21.75,0.00,364.73,0.00,1.77
2547640,212.25,276.50,0.00,20.25,0.00,362.71,0.01,2.10
2548140,212.00,276.25,0.00,20.25,0.00,362.71,0.01,2.10
2548640,211.75,276.00,0.00,20.00,0.00,363.40,0.01,2.35
2549140,211.75,275.75,0.00,20.50,0.00,363.40,0.01,2.35
2549640,211.50,275.50,0.00,20.50,0.00,361.72,0.01,1.81
2550140,211.25,275.00,0.00,0.00,0.00,361.72,0.01,1.81
2550640,211.00,274.75,0.00,0.00,0.00,363.85,0.01,1.92
2551140,211.00,274.50,0.00,0.00,0.00,363.85,0.01,1.92
2551640,210.75,274.00,0.00,0.00,0.00,363.01,0.01,2.31
2552140,210.75,273.75,0.00,0.00,0.00,363.01,0.01,2.31
2552640,210.50,273.50,0.00,20.50,0.00,363.52,0.01,2.01
2553140,210.25,273.25,0.00,21.00,0.00,363.52,0.01,2.01
2553640,210.00,273.00,0.00,20.25,0.00,362.50,0.00,1.71
2554140,209.75,272.50,0.00,20.50,0.00,362.50,0.00,1.71
2554640,209.75,272.25,0.00,20.50,0.00,363.39,0.01,2.14
2555140,209.50,272.00,0.00,20.50,0.00,363.39,0.01,2.14
2555640,209.25,271.75,0.00,20.50,0.00,363.70,0.01,2.01
2556140,209.25,271.50,0.00,20.50,0.00,363.70,0.01,2.01
2556640,209.00,271.25,0.00,21.00,0.00,363.10,0.01,2.46
2557140,208.75,270.75,0.00,20.50,0.00,363.10,0.01,2.46
2557640,208.50,270.50,0.00,20.25,0.00,362.64,0.01,2.14
2558140,208.50,270.25,0.00,20.25,0.00,362.64,0.01,2.14
2558640,208.25,270.00,0.00,20.25,0.00,362.80,0.01,2.34
2559140,208.25,269.75,0.00,21.00,0.00,362.80,0.01,2.34
2559640,208.00,269.50,0.00,20.50,0.00,361.71,0.01,2.13
2560140,207.75,269.00,0.00,0.00,0.00,361.71,0.01,2.13
2560640,207.50,268.75,0.00,0.00,0.00,361.81,0.01,2.38
2561140,207.50,268.50,0.00,0.00,0.00,361.81,0.01,2.38
2561640,207.25,268.25,0.00,0.00,0.00,362.98,0.01,1.96
2562140,207.00,268.00,0.00,296.50,0.00,362.98,0.01,1.96
2562640,207.00,267.75,0.00,296.25,0.00,363.37,0.00,1.71
2563140,206.75,267.50,0.00,296.00,0.00,363.37,0.00,1.71
2563640,206.50,267.25,0.00,295.50,0.00,362.71,0.01,1.81
2564140,206.25,266.75,0.00,295.25,0.00,362.71,0.01,1.81
2564640,206.25,266.50,0.00,294.75,0.00,363.14,0.01,2.14
2565140,206.00,266.25,0.00,294.25,0.00,363.14,0.01,2.14
2565640,205.75,266.00,0.00,294.00,0.00,363.04,0.01,1.96
2566140,205.75,265.75,0.00,293.75,0.00,363.04,0.01,1.96
2566640,205.50,265.50,0.00,293.50,0.00,362.29,0.01,2.05
2567140,205.25,265.25,0.00,293.00,0.00,362.29,0.01,2.05
2567640,205.25,265.00,0.00,292.75,0.00,361.04,0.01,2.04
2568140,205.00,264.75,0.00,0.00,0.00,361.04,0.01,2.04
2568640,204.75,264.50,0.00,0.00,0.00,362.72,0.01,1.86
2569140,204.75,264.25,0.00,0.00,0.00,362.72,0.01,1.86
2569640,204.75,264.00,0.00,0.00,0.00,362.00,0.00,1.76
2570140,204.50,263.75,0.00,0.00,0.00,362.00,0.00,1.76
2570640,204.25,263.75,0.00,0.00,0.00,362.95,0.00,1.71
2571140,204.25,263.25,0.00,0.00,0.00,362.95,0.00,1.71
2571640,204.00,263.00,0.00,0.00,0.00,363.69,0.01,2.01
2572140,203.75,262.75,0.00,287.75,0.00,363.69,0.01,2.01
2572640,203.75,262.50,0.00,0.00,0.00,363.12,0.01,2.10
2573140,203.50,262.50,0.00,0.00,0.00,363.12,0.01,2.10
2573640,203.50,262.00,0.00,0.00,0.00,362.29,0.01,2.14
2574140,203.25,261.75,0.00,0.00,0.00,362.29,0.01,2.14
2574640,203.00,261.50,0.00,0.00,0.00,360.65,0.01,2.17
2575140,202.75,261.50,0.00,0.00,0.00,360.65,0.01,2.17
2575640,202.75,261.25,0.00,0.00,0.00,361.91,0.01,2.00
2576140,202.50,261.00,0.00,285.25,0.00,361.91,0.01,2.00
2576640,202.50,260.75,0.00,285.00,0.00,362.89,0.01,2.22
2577140,202.25,260.50,0.00,0.00,0.00,362.89,0.01,2.22
2577640,202.00,260.25,0.00,0.00,0.00,363.42,0.01,2.14
2578140,202.00,260.00,0.00,0.00,0.00,363.42,0.01,2.14
2578640,202.00,259.75,0.00,283.75,0.00,362.62,0.00,1.71
2579140,201.75,259.50,0.00,283.75,0.00,362.62,0.00,1.71
2579640,201.50,259.25,0.00,283.25,0.00,363.32,0.01,2.05
2580140,201.50,259.00,0.00,0.00,0.00,363.32,0.01,2.05
2580640,201.25,258.75,0.00,0.00,0.00,362.08,0.01,1.86
2581140,201.00,258.50,0.00,0.00,0.00,362.08,0.01,1.86
2581640,201.00,258.50,0.00,0.00,0.00,362.58,0.01,2.14
2582140,200.75,258.25,0.00,0.00,0.00,362.58,0.01,2.14
2582640,200.75,258.00,0.00,282.50,0.00,362.64,0.01,2.22
2583140,200.50,257.75,0.00,282.25,0.00,362.64,0.01,2.22
2583640,200.50,257.50,0.00,281.75,0.00,362.41,0.01,2.05
2584140,200.25,257.25,0.00,281.50,0.00,362.41,0.01,2.05
2584640,200.00,257.00,0.00,281.25,0.00,361.53,0.00,1.76
2585140,200.00,256.75,0.00,0.00,0.00,361.53,0.00,1.76
2585640,199.75,256.75,0.00,0.00,0.00,362.29,0.01,1.81
2586140,199.75,256.50,0.00,0.00,0.00,362.29,0.01,1.81
2586640,199.75,256.25,0.00,0.00,0.00,363.26,0.01,2.10
2587140,199.50,256.00,0.00,0.00,0.00,363.26,0.01,2.10
2587640,199.25,255.75,0.00,0.00,0.00,362.75,0.01,2.01
2588140,199.25,255.75,0.00,20.00,0.00,362.75,0.01,2.01
2588640,199.00,255.50,0.00,20.00,0.00,363.42,0.01,2.14
2589140,199.00,255.25,0.00,20.00,0.00,363.42,0.01,2.14
2589640,198.75,255.00,0.00,20.75,0.00,363.25,0.01,1.82
2590140,198.75,255.00,0.00,20.50,0.00,363.25,0.01,1.82
2590640,198.50,254.75,0.00,20.00,0.00,362.51,0.01,2.22
2591140,198.50,254.50,0.00,201.75,0.00,362.51,0.01,2.22
2591640,198.25,254.25,0.00,201.50,0.00,362.92,0.01,2.26
2592140,40.75,254.00,0.00,201.25,0.00,362.92,0.01,2.26
2592640,198.00,253.75,0.00,20.50,0.00,361.95,0.01,1.96
2593140,197.75,253.50,0.00,21.25,0.00,361.95,0.01,1.96
2593640,197.75,253.25,0.00,20.25,0.00,361.31,0.01,2.00
2594140,197.50,253.25,0.00,19.75,0.00,361.31,0.01,2.00
2594640,197.50,253.00,0.00,20.75,0.00,364.98,0.01,2.32
2595140,197.25,252.75,0.00,19.75,0.00,364.98,0.01,2.32
2595640,197.25,252.50,0.00,20.75,0.00,363.35,0.01,2.10
2596140,197.00,252.50,0.00,20.00,0.00,363.35,0.01,2.10
2596640,197.00,252.25,0.00,20.50,0.00,361.51,0.00,1.65
2597140,196.75,252.00,0.00,20.00,0.00,361.51,0.00,1.65
2597640,196.50,251.75,0.00,19.50,0.00,362.81,0.01,1.91
2598140,196.50,251.50,0.00,0.00,0.00,362.81,0.01,1.91
2598640,196.25,251.25,0.00,0.00,0.00,363.72,0.01,2.14
2599140,196.25,251.00,0.00,0.00,0.00,363.72,0.01,2.14
2599640,196.00,250.75,0.00,0.00,0.00,365.19,0.00,1.61
2600140,195.75,250.50,0.00,0.00,0.00,365.19,0.00,1.61
2600640,195.75,250.50,0.00,0.00,0.00,363.15,0.01,2.10
2601140,195.75,250.25,0.00,0.00,0.00,363.15,0.01,2.10
2601640,195.50,250.00,0.00,0.00,0.00,363.06,0.01,1.96
2602140,195.50,249.75,0.00,0.00,0.00,363.06,0.01,1.96
2602640,195.25,249.75,0.00,0.00,0.00,362.88,0.01,2.05
2603140,195.00,249.50,0.00,0.00,0.00,362.88,0.01,2.05
2603640,195.00,249.25,0.00,0.00,0.00,363.65,0.01,2.27
2604140,194.75,249.00,0.00,0.00,0.00,363.65,0.01,2.27
2604640,194.75,248.75,0.00,0.00,0.00,364.13,0.01,2.10
2605140,194.50,248.50,0.00,0.00,0.00,364.13,0.01,2.10
2605640,194.50,248.25,0.00,0.00,0.00,362.62,0.00,1.66
2606140,194.25,248.25,0.00,0.00,0.00,362.62,0.00,1.66
2606640,194.25,248.00,0.00,0.00,0.00,362.67,0.01,1.81
2607140,194.00,247.75,0.00,0.00,0.00,362.67,0.01,1.81
2607640,194.00,247.50,0.00,0.00,0.00,362.20,0.01,2.22
2608140,193.75,247.25,0.00,0.00,0.00,362.20,0.01,2.22
2608640,193.50,247.00,0.00,0.00,0.00,363.02,0.01,1.82
2609140,193.25,246.75,0.00,0.00,0.00,363.02,0.01,1.82
2609640,193.25,246.50,0.00,0.00,0.00,362.61,0.00,1.76
2610140,193.00,246.25,0.00,0.00,0.00,362.61,0.00,1.76
2610640,193.00,246.00,0.00,0.00,0.00,362.11,0.01,2.05
2611140,192.75,245.75,0.00,0.00,0.00,362.11,0.01,2.05
2611640,192.75,245.75,0.00,0.00,0.00,361.91,0.01,2.00
2612140,192.50,245.50,0.00,0.00,0.00,361.91,0.01,2.00
2612640,192.50,245.25,0.00,0.00,0.00,360.56,0.01,1.90
2613140,192.25,245.00,0.00,0.00,0.00,360.56,0.01,1.90
2613640,192.25,244.75,0.00,0.00,0.00,362.22,0.01,1.91
2614140,192.00,244.50,0.00,0.00,0.00,362.22,0.01,1.91
2614640,192.00,244.00,0.00,0.00,0.00,361.95,0.01,2.13
2615140,191.75,244.00,0.00,0.00,0.00,361.95,0.01,2.13
2615640,191.50,243.75,0.00,0.00,0.00,363.27,0.01,2.10
2616140,191.50,243.50,0.00,0.00,0.00,363.27,0.01,2.10
2616640,191.25,243.50,0.00,0.00,0.00,362.73,0.01,1.86
2617140,191.00,243.00,0.00,0.00,0.00,362.73,0.01,1.86
2617640,191.00,243.00,0.00,0.00,0.00,363.38,0.01,1.96
2618140,190.75,242.50,0.00,0.00,0.00,363.38,0.01,1.96
2618640,190.75,242.25,0.00,0.00,0.00,363.43,0.01,2.19
2619140,190.50,242.00,0.00,0.00,0.00,363.43,0.01,2.19
2619640,190.25,242.00,0.00,0.00,0.00,362.95,0.01,2.34
2620140,190.25,241.50,0.00,0.00,0.00,362.95,0.01,2.34
2620640,190.00,241.25,0.00,0.00,0.00,363.23,0.00,1.71
2621140,189.75,241.00,0.00,0.00,0.00,363.23,0.00,1.71
2621640,189.75,241.00,0.00,0.00,0.00,363.36,0.00,1.71
2622140,189.50,240.75,0.00,0.00,0.00,363.36,0.00,1.71
2622640,189.25,240.50,0.00,0.00,0.00,362.01,0.01,1.91
2623140,189.25,240.25,0.00,0.00,0.00,362.01,0.01,1.91
2623640,189.00,240.00,0.00,0.00,0.00,362.25,0.01,2.38
2624140,189.00,239.75,0.00,0.00,0.00,362.25,0.01,2.38
2624640,188.75,239.50,0.00,0.00,0.00,363.73,0.00,1.77
2625140,188.50,239.25,0.00,0.00,0.00,363.73,0.00,1.77
2625640,188.50,239.00,0.00,0.00,0.00,363.74,0.01,2.35
2626140,188.25,238.75,0.00,0.00,0.00,363.74,0.01,2.35
2626640,188.25,238.50,0.00,0.00,0.00,364.30,0.01,2.31
2627140,188.00,238.25,0.00,0.00,0.00,364.30,0.01,2.31
2627640,187.75,238.00,0.00,0.00,0.00,362.13,0.01,2.18
2628140,187.75,237.75,0.00,0.00,0.00,362.13,0.01,2.18
2628640,187.50,237.50,0.00,0.00,0.00,363.17,0.01,2.14
2629140,187.50,237.00,0.00,0.00,0.00,363.17,0.01,2.14
2629640,187.25,236.75,0.00,0.00,0.00,363.11,0.01,2.10
2630140,187.00,236.75,0.00,0.00,0.00,363.11,0.01,2.10
2630640,187.00,236.25,0.00,0.00,0.00,363.40,0.01,2.46
2631140,186.75,236.00,0.00,0.00,0.00,363.40,0.01,2.46
2631640,186.50,235.75,0.00,0.00,0.00,362.89,0.01,1.82
2632140,186.50,235.50,0.00,0.00,0.00,362.89,0.01,1.82
2632640,186.25,235.25,0.00,0.00,0.00,363.45,0.00,1.71
2633140,186.00,235.00,0.00,0.00,0.00,363.45,0.00,1.71
2633640,185.75,234.75,0.00,0.00,0.00,361.95,0.01,2.09
2634140,185.75,234.50,0.00,0.00,0.00,361.95,0.01,2.09
2634640,185.50,234.25,0.00,0.00,0.00,363.35,0.01,1.92
2635140,185.25,234.00,0.00,0.00,0.00,363.35,0.01,1.92
2635640,185.25,233.75,0.00,0.00,0.00,363.80,0.01,2.06
2636140,185.00,233.50,0.00,0.00,0.00,363.80,0.01,2.06
2636640,185.00,233.25,0.00,0.00,0.00,363.41,0.01,2.23
2637140,184.75,233.00,0.00,0.00,0.00,363.41,0.01,2.23
2637640,184.50,232.75,0.00,0.00,0.00,363.38,0.01,2.05
2638140,184.50,232.75,0.00,0.00,0.00,363.38,0.01,2.05
2638640,184.25,232.25,0.00,0.00,0.00,363.49,0.01,2.01
2639140,184.00,232.25,0.00,0.00,0.00,363.49,0.01,2.01
2639640,184.00,232.00,0.00,0.00,0.00,363.64,0.01,2.31
2640140,183.75,231.75,0.00,0.00,0.00,363.64,0.01,2.31
2640640,183.75,231.50,0.00,0.00,0.00,362.34,0.01,2.05
2641140,183.50,231.25,0.00,0.00,0.00,362.34,0.01,2.05
2641640,183.25,231.00,0.00,0.00,0.00,362.07,0.01,2.09
2642140,183.25,230.75,0.00,0.00,0.00,362.07,0.01,2.09
2642640,183.00,230.50,0.00,0.00,0.00,362.06,0.01,1.91
2643140,182.75,230.25,0.00,0.00,0.00,362.06,0.01,1.91
2643640,182.75,230.00,0.00,0.00,0.00,363.20,0.01,2.10
2644140,182.50,230.00,0.00,0.00,0.00,363.20,0.01,2.10
2644640,182.25,229.75,0.00,0.00,0.00,363.36,0.01,1.92
2645140,182.25,229.50,0.00,0.00,0.00,363.36,0.01,1.92
2645640,182.00,229.25,0.00,0.00,0.00,363.32,0.01,2.10
2646140,181.75,229.00,0.00,0.00,0.00,363.32,0.01,2.10
2646640,181.75,229.00,0.00,0.00,0.00,361.98,0.01,1.96
2647140,181.50,228.50,0.00,0.00,0.00,361.98,0.01,1.96
2647640,181.50,228.50,0.00,0.00,0.00,361.94,0.01,2.00
2648140,181.25,228.25,0.00,0.00,0.00,361.94,0.01,2.00
2648640,181.25,228.00,0.00,0.00,0.00,361.19,0.01,2.09
2649140,181.00,227.75,0.00,0.00,0.00,361.19,0.01,2.09
2649640,181.00,227.75,0.00,0.00,0.00,362.48,0.01,2.22
2650140,180.75,227.50,0.00,0.00,0.00,362.48,0.01,2.22
2650640,180.75,227.25,0.00,0.00,0.00,362.18,0.01,2.18
2651140,180.50,227.25,0.00,0.00,0.00,362.18,0.01,2.18
2651640,180.50,227.00,0.00,0.00,0.00,363.47,0.01,2.19
2652140,180.25,226.75,0.00,0.00,0.00,363.47,0.01,2.19
2652640,180.25,226.50,0.00,0.00,0.00,363.16,0.01,2.38
2653140,180.25,226.50,0.00,0.00,0.00,363.16,0.01,2.38
2653640,180.00,226.25,0.00,0.00,0.00,363.23,0.01,2.46
2654140,180.00,226.25,0.00,0.00,0.00,363.23,0.01,2.46
2654640,180.00,226.00,0.00,0.00,0.00,362.46,0.01,1.81
2655140,179.75,225.75,0.00,0.00,0.00,362.46,0.01,1.81
2655640,179.50,225.50,0.00,0.00,0.00,362.11,0.01,2.09
2656140,179.50,225.25,0.00,0.00,0.00,362.11,0.01,2.09
2656640,179.25,225.00,0.00,0.00,0.00,362.60,0.01,2.09
2657140,179.25,224.75,0.00,0.00,0.00,362.60,0.01,2.09
2657640,179.00,224.75,0.00,0.00,0.00,362.61,0.01,1.91
2658140,179.00,224.50,0.00,0.00,0.00,362.61,0.01,1.91
2658640,178.75,224.25,0.00,0.00,0.00,363.42,0.01,2.14
2659140,178.50,224.00,0.00,0.00,0.00,363.42,0.01,2.14
2659640,178.50,223.75,0.00,0.00,0.00,363.21,0.01,1.96
2660140,178.25,223.75,0.00,0.00,0.00,363.21,0.01,1.96
2660640,178.25,223.50,0.00,0.00,0.00,361.74,0.01,1.86
2661140,178.00,223.25,0.00,0.00,0.00,361.74,0.01,1.86
2661640,178.00,223.25,0.00,0.00,0.00,362.52,0.01,2.09
2662140,177.75,223.00,0.00,0.00,0.00,362.52,0.01,2.09
2662640,177.75,223.00,0.00,0.00,0.00,362.71,0.01,1.96
2663140,177.50,222.75,0.00,0.00,0.00,362.71,0.01,1.96
2663640,177.50,222.50,0.00,0.00,0.00,362.29,0.01,2.26
2664140,177.25,222.50,0.00,0.00,0.00,362.29,0.01,2.26
2664640,177.25,222.25,0.00,0.00,0.00,363.29,0.00,1.71
2665140,177.25,222.00,0.00,0.00,0.00,363.29,0.00,1.71
2665640,177.25,221.75,0.00,0.00,0.00,362.52,0.01,1.81
2666140,177.00,221.75,0.00,0.00,0.00,362.52,0.01,1.81
2666640,177.00,221.50,0.00,0.00,0.00,363.11,0.01,2.18
2667140,177.00,221.25,0.00,0.00,0.00,363.11,0.01,2.18
2667640,177.25,221.25,0.00,0.00,0.00,363.00,0.01,2.18
2668140,177.00,221.00,0.00,0.00,0.00,363.00,0.01,2.18
2668640,177.00,220.75,0.00,0.00,0.00,362.80,0.01,2.05
2669140,176.75,220.75,0.00,0.00,0.00,362.80,0.01,2.05
2669640,176.50,220.50,0.00,0.00,0.00,362.53,0.01,1.91
2670140,176.50,220.25,0.00,0.00,0.00,362.53,0.01,1.91
2670640,176.50,220.25,0.00,0.00,0.00,363.46,0.01,1.96
2671140,176.25,220.00,0.00,0.00,0.00,363.46,0.01,1.96
2671640,176.00,219.75,0.00,0.00,0.00,362.95,0.01,2.14
2672140,176.00,219.75,0.00,0.00,0.00,362.95,0.01,2.14
2672640,175.75,219.50,0.00,0.00,0.00,363.42,0.01,1.87
2673140,175.75,219.25,0.00,0.00,0.00,363.42,0.01,1.87
2673640,175.50,219.00,0.00,0.00,0.00,363.33,0.01,2.01
2674140,175.50,218.75,0.00,0.00,0.00,363.33,0.01,2.01
2674640,175.25,218.75,0.00,0.00,0.00,363.64,0.01,1.87
2675140,175.00,218.50,0.00,0.00,0.00,363.64,0.01,1.87
2675640,175.00,218.25,0.00,0.00,0.00,362.82,0.01,1.86
2676140,174.75,218.00,0.00,0.00,0.00,362.82,0.01,1.86
2676640,174.75,217.75,0.00,0.00,0.00,362.03,0.00,1.76
2677140,174.50,217.50,0.00,0.00,0.00,362.03,0.00,1.76
2677640,174.50,217.50,0.00,0.00,0.00,362.57,0.01,1.86
2678140,174.25,217.25,0.00,0.00,0.00,362.57,0.01,1.86
2678640,174.00,217.00,0.00,0.00,0.00,363.15,0.00,1.66
2679140,174.00,216.75,0.00,0.00,0.00,363.15,0.00,1.66
2679640,173.75,216.50,0.00,0.00,0.00,362.34,0.01,1.81
2680140,173.75,216.25,0.00,0.00,0.00,362.34,0.01,1.81
2680640,173.50,216.25,0.00,0.00,0.00,363.43,0.01,1.96
2681140,173.50,216.00,0.00,0.00,0.00,363.43,0.01,1.96
2681640,173.25,215.75,0.00,0.00,0.00,363.68,0.00,1.72
2682140,173.00,215.50,0.00,0.00,0.00,363.68,0.00,1.72
2682640,173.00,215.25,0.00,0.00,0.00,362.23,0.01,2.09
2683140,173.00,215.00,0.00,0.00,0.00,362.23,0.01,2.09
2683640,172.75,214.75,0.00,0.00,0.00,362.37,0.01,1.91
2684140,172.50,214.75,0.00,0.00,0.00,362.37,0.01,1.91
2684640,172.50,214.50,0.00,0.00,0.00,362.17,0.01,1.91
2685140,172.25,214.25,0.00,0.00,0.00,362.17,0.01,1.91
2685640,172.25,214.25,0.00,0.00,0.00,362.29,0.01,1.91
2686140,172.00,214.00,0.00,0.00,0.00,362.29,0.01,1.91
2686640,172.00,213.75,0.00,0.00,0.00,362.39,0.01,2.18
2687140,171.75,213.50,0.00,0.00,0.00,362.39,0.01,2.18
2687640,171.50,213.50,0.00,0.00,0.00,362.17,0.01,2.05
2688140,171.50,213.25,0.00,0.00,0.00,362.17,0.01,2.05
2688640,171.25,213.00,0.00,0.00,0.00,362.71,0.01,1.96
2689140,171.25,212.75,0.00,0.00,0.00,362.71,0.01,1.96
2689640,171.00,212.50,0.00,0.00,0.00,362.06,0.01,2.09
2690140,171.00,212.25,0.00,0.00,0.00,362.06,0.01,2.09
2690640,170.75,212.00,0.00,0.00,0.00,362.97,0.01,1.87
2691140,170.50,211.75,0.00,0.00,0.00,362.97,0.01,1.87
2691640,170.25,211.50,0.00,0.00,0.00,362.21,0.01,1.91
2692140,170.25,211.50,0.00,0.00,0.00,362.21,0.01,1.91
2692640,170.25,211.25,0.00,0.00,0.00,363.21,0.01,2.27
2693140,170.00,211.00,0.00,0.00,0.00,363.21,0.01,2.27
2693640,169.75,211.00,0.00,0.00,0.00,363.44,0.01,1.92
2694140,169.50,210.50,0.00,0.00,0.00,363.44,0.01,1.92
2694640,169.50,210.50,0.00,0.00,0.00,362.96,0.01,1.82
2695140,169.50,210.25,0.00,0.00,0.00,362.96,0.01,1.82
2695640,169.25,210.00,0.00,0.00,0.00,362.22,0.01,2.30
2696140,169.00,209.75,0.00,0.00,0.00,362.22,0.01,2.30
2696640,168.75,209.50,0.00,0.00,0.00,363.32,0.01,2.14
2697140,168.75,209.25,0.00,0.00,0.00,363.32,0.01,2.14
2697640,168.50,209.00,0.00,0.00,0.00,362.41,0.01,2.09
2698140,168.25,209.00,0.00,0.00,0.00,362.41,0.01,2.09
2698640,168.00,208.75,0.00,0.00,0.00,362.26,0.00,1.60
2699140,168.00,208.50,0.00,0.00,0.00,362.26,0.00,1.60
2699640,167.75,208.50,0.00,0.00,0.00,363.13,0.01,1.92
2700140,167.75,208.25,0.00,0.00,0.00,363.13,0.01,1.92
2700640,167.50,208.00,0.00,0.00,0.00,363.25,0.01,2.14
2701140,167.25,208.00,0.00,0.00,0.00,363.25,0.01,2.14
2701640,167.25,207.50,0.00,0.00,0.00,363.94,0.01,2.19
2702140,167.00,207.50,0.00,0.00,0.00,363.94,0.01,2.19
2702640,167.00,207.25,0.00,0.00,0.00,363.81,0.01,2.10
2703140,166.75,207.25,0.00,0.00,0.00,363.81,0.01,2.10
2703640,166.75,207.00,0.00,0.00,0.00,363.36,0.01,2.10
2704140,166.75,207.00,0.00,0.00,0.00,363.36,0.01,2.10
2704640,166.50,206.75,0.00,0.00,0.00,363.74,0.01,1.97
2705140,166.50,206.50,0.00,0.00,0.00,363.74,0.01,1.97
2705640,166.25,206.25,0.00,0.00,0.00,363.41,0.00,1.77
2706140,166.25,206.25,0.00,0.00,0.00,363.41,0.00,1.77
2706640,166.00,206.00,0.00,0.00,0.00,363.22,0.01,2.38
2707140,166.00,206.00,0.00,0.00,0.00,363.22,0.01,2.38
2707640,165.75,205.75,0.00,0.00,0.00,363.10,0.01,2.01
2708140,165.75,205.50,0.00,0.00,0.00,363.10,0.01,2.01
2708640,165.75,205.50,0.00,0.00,0.00,362.27,0.01,2.14
2709140,165.50,205.25,0.00,0.00,0.00,362.27,0.01,2.14
2709640,165.25,205.00,0.00,0.00,0.00,363.19,0.01,2.18
2710140,165.00,204.75,0.00,0.00,0.00,363.19,0.01,2.18
2710640,165.00,204.75,0.00,0.00,0.00,363.46,0.01,1.96
2711140,165.00,204.50,0.00,0.00,0.00,363.46,0.01,1.96
2711640,164.75,204.25,0.00,0.00,0.00,363.26,0.01,1.92
2712140,164.75,204.25,0.00,0.00,0.00,363.26,0.01,1.92
2712640,164.50,204.00,0.00,0.00,0.00,362.71,0.01,1.91
2713140,164.50,203.75,0.00,0.00,0.00,362.71,0.01,1.91
2713640,164.25,203.75,0.00,0.00,0.00,361.98,0.01,1.81
2714140,164.25,203.50,0.00,0.00,0.00,361.98,0.01,1.81
2714640,164.00,203.25,0.00,0.00,0.00,362.07,0.01,2.00
2715140,164.00,203.25,0.00,0.00,0.00,362.07,0.01,2.00
2715640,163.75,203.00,0.00,0.00,0.00,363.14,0.01,1.96
2716140,163.75,202.75,0.00,0.00,0.00,363.14,0.01,1.96
2716640,163.75,202.50,0.00,0.00,0.00,363.58,0.01,2.14
2717140,163.50,202.25,0.00,0.00,0.00,363.58,0.01,2.14
2717640,163.50,202.00,0.00,0.00,0.00,363.51,0.01,1.96
2718140,163.25,202.00,0.00,0.00,0.00,363.51,0.01,1.96
2718640,163.00,201.75,0.00,0.00,0.00,363.42,0.01,2.01
2719140,163.00,201.50,0.00,0.00,0.00,363.42,0.01,2.01
2719640,162.75,201.50,0.00,0.00,0.00,363.53,0.01,1.82
2720140,162.75,201.25,0.00,0.00,0.00,363.53,0.01,1.82
2720640,162.50,201.00,0.00,0.00,0.00,362.92,0.01,1.91
2721140,162.50,201.00,0.00,0.00,0.00,362.92,0.01,1.91
2721640,162.25,200.75,0.00,0.00,0.00,363.26,0.01,2.27
2722140,162.00,200.50,0.00,0.00,0.00,363.26,0.01,2.27
2722640,162.00,200.50,0.00,0.00,0.00,362.70,0.00,1.76
2723140,161.75,200.25,0.00,0.00,0.00,362.70,0.00,1.76
2723640,161.50,200.00,0.00,0.00,0.00,362.15,0.01,1.91
2724140,161.50,199.75,0.00,0.00,0.00,362.15,0.01,1.91
2724640,161.25,199.50,0.00,0.00,0.00,362.80,0.01,1.91
2725140,161.25,199.50,0.00,0.00,0.00,362.80,0.01,1.91
2725640,161.25,199.25,0.00,0.00,0.00,361.62,0.01,1.81
2726140,161.00,199.00,0.00,0.00,0.00,361.62,0.01,1.81
2726640,160.75,198.75,0.00,0.00,0.00,362.89,0.01,1.96
2727140,160.50,198.75,0.00,0.00,0.00,362.89,0.01,1.96
2727640,160.50,198.50,0.00,0.00,0.00,363.10,0.01,1.96
2728140,160.50,198.50,0.00,0.00,0.00,363.10,0.01,1.96
2728640,160.25,198.00,0.00,0.00,0.00,362.75,0.00,1.76
2729140,160.00,197.75,0.00,0.00,0.00,362.75,0.00,1.76
2729640,160.00,197.75,0.00,0.00,0.00,362.42,0.00,1.76
2730140,159.75,197.50,0.00,0.00,0.00,362.42,0.00,1.76
2730640,159.50,197.50,0.00,0.00,0.00,363.37,0.01,2.23
2731140,159.50,197.25,0.00,0.00,0.00,363.37,0.01,2.23
2731640,159.25,197.00,0.00,0.00,0.00,362.59,0.01,2.26
2732140,159.25,196.75,0.00,0.00,0.00,362.59,0.01,2.26
2732640,159.00,196.50,0.00,0.00,0.00,362.34,0.01,2.14
2733140,158.75,196.50,0.00,0.00,0.00,362.34,0.01,2.14
2733640,158.75,196.25,0.00,0.00,0.00,363.12,0.01,1.91
2734140,158.50,196.00,0.00,0.00,0.00,363.12,0.01,1.91
2734640,158.50,196.00,0.00,0.00,0.00,363.12,0.01,2.35
2735140,158.25,195.75,0.00,0.00,0.00,363.12,0.01,2.35
2735640,158.25,195.75,0.00,0.00,0.00,363.67,0.01,2.14
2736140,158.00,195.50,0.00,0.00,0.00,363.67,0.01,2.14
2736640,158.00,195.25,0.00,0.00,0.00,362.50,0.01,2.00
2737140,157.75,195.00,0.00,0.00,0.00,362.50,0.01,2.00
2737640,157.75,195.00,0.00,0.00,0.00,363.00,0.01,1.96
2738140,157.50,194.75,0.00,0.00,0.00,363.00,0.01,1.96
2738640,157.25,194.75,0.00,0.00,0.00,362.12,0.01,2.18
2739140,157.25,194.50,0.00,0.00,0.00,362.12,0.01,2.18
2739640,157.25,194.25,0.00,0.00,0.00,361.66,0.01,1.95
2740140,157.00,194.25,0.00,0.00,0.00,361.66,0.01,1.95
2740640,157.00,194.00,0.00,0.00,0.00,363.02,0.00,1.76
2741140,156.75,194.00,0.00,0.00,0.00,363.02,0.00,1.76
2741640,156.75,193.75,0.00,0.00,0.00,362.96,0.01,1.87
2742140,156.50,193.50,0.00,0.00,0.00,362.96,0.01,1.87
2742640,156.50,193.25,0.00,0.00,0.00,363.19,0.01,2.10
2743140,156.25,193.25,0.00,0.00,0.00,363.19,0.01,2.10
2743640,156.25,193.00,0.00,0.00,0.00,363.48,0.01,2.01
2744140,156.00,192.75,0.00,0.00,0.00,363.48,0.01,2.01
2744640,155.75,192.75,0.00,0.00,0.00,363.10,0.01,2.05
2745140,155.75,192.50,0.00,0.00,0.00,363.10,0.01,2.05
2745640,155.50,192.50,0.00,0.00,0.00,362.25,0.01,2.14
2746140,155.50,192.25,0.00,0.00,0.00,362.25,0.01,2.14
2746640,155.25,192.00,0.00,0.00,0.00,363.33,0.01,1.92
2747140,155.25,191.75,0.00,0.00,0.00,363.33,0.01,1.92
2747640,155.00,191.75,0.00,0.00,0.00,362.26,0.01,1.96
2748140,155.00,191.50,0.00,0.00,0.00,362.26,0.01,1.96
2748640,155.00,191.25,0.00,0.00,0.00,362.49,0.01,2.00
2749140,154.75,191.00,0.00,0.00,0.00,362.49,0.01,2.00
2749640,154.50,191.00,0.00,0.00,0.00,361.89,0.01,2.09
2750140,154.50,190.75,0.00,0.00,0.00,361.89,0.01,2.09
2750640,154.25,190.75,0.00,0.00,0.00,362.81,0.01,2.05
2751140,154.25,190.50,0.00,0.00,0.00,362.81,0.01,2.05
2751640,154.00,190.25,0.00,0.00,0.00,364.29,0.01,1.82
2752140,153.75,190.00,0.00,0.00,0.00,364.29,0.01,1.82
2752640,153.75,189.75,0.00,0.00,0.00,363.62,0.01,1.92
2753140,153.50,189.75,0.00,0.00,0.00,363.62,0.01,1.92
2753640,153.50,189.50,0.00,0.00,0.00,363.29,0.01,2.18
2754140,153.25,189.50,0.00,0.00,0.00,363.29,0.01,2.18
2754640,153.25,189.25,0.00,0.00,0.00,362.81,0.01,1.82
2755140,153.00,189.00,0.00,0.00,0.00,362.81,0.01,1.82
2755640,152.75,189.00,0.00,0.00,0.00,362.77,0.01,2.01
2756140,152.75,188.75,0.00,0.00,0.00,362.77,0.01,2.01
2756640,152.75,188.75,0.00,0.00,0.00,362.68,0.01,2.01
2757140,152.50,188.50,0.00,0.00,0.00,362.68,0.01,2.01
2757640,152.50,188.25,0.00,0.00,0.00,362.97,0.01,1.96
2758140,152.50,188.25,0.00,0.00,0.00,362.97,0.01,1.96
2758640,152.25,188.00,0.00,0.00,0.00,363.96,0.01,1.92
2759140,152.25,188.00,0.00,0.00,0.00,363.96,0.01,1.92
2759640,152.00,187.75,0.00,0.00,0.00,363.91,0.01,2.15
2760140,152.00,187.75,0.00,0.00,0.00,363.91,0.01,2.15
2760640,152.00,187.50,0.00,0.00,0.00,363.82,0.01,1.87
2761140,151.75,187.25,0.00,0.00,0.00,363.82,0.01,1.87
2761640,151.75,187.25,0.00,0.00,0.00,365.26,0.01,1.93
2762140,151.50,187.00,0.00,0.00,0.00,365.26,0.01,1.93
2762640,151.50,187.00,0.00,0.00,0.00,364.53,0.01,2.02
2763140,151.50,186.75,0.00,0.00,0.00,364.53,0.01,2.02
2763640,151.25,186.75,0.00,0.00,0.00,364.93,0.01,2.02
2764140,151.25,186.50,0.00,0.00,0.00,364.93,0.01,2.02
2764640,151.00,186.50,0.00,0.00,0.00,364.99,0.01,2.19
2765140,151.00,186.25,0.00,0.00,0.00,364.99,0.01,2.19
2765640,151.00,186.00,0.00,0.00,0.00,364.75,0.01,2.02
2766140,150.75,186.00,0.00,0.00,0.00,364.75,0.01,2.02
2766640,150.75,185.75,0.00,0.00,0.00,365.20,0.01,1.93
2767140,150.50,185.75,0.00,0.00,0.00,365.20,0.01,1.93
2767640,150.50,185.50,0.00,0.00,0.00,365.51,0.01,2.02
2768140,150.25,185.25,0.00,0.00,0.00,365.51,0.01,2.02
2768640,150.25,185.25,0.00,0.00,0.00,365.15,0.01,2.32
2769140,150.00,185.00,0.00,0.00,0.00,365.15,0.01,2.32
2769640,150.00,184.75,0.00,0.00,0.00,365.76,0.01,1.93
2770140,149.75,184.75,0.00,0.00,0.00,365.76,0.01,1.93
2770640,149.75,184.50,0.00,0.00,0.00,364.63,0.01,2.32
2771140,149.75,184.25,0.00,0.00,0.00,364.63,0.01,2.32
2771640,149.50,184.25,0.00,0.00,0.00,364.11,0.01,2.10
2772140,149.50,184.00,0.00,0.00,0.00,364.11,0.01,2.10
2772640,149.25,184.00,0.00,0.00,0.00,364.37,0.01,2.23
2773140,149.25,183.75,0.00,0.00,0.00,364.37,0.01,2.23
2773640,149.00,183.75,0.00,0.00,0.00,365.03,0.01,1.97
2774140,149.00,183.50,0.00,0.00,0.00,365.03,0.01,1.97
2774640,149.00,183.25,0.00,0.00,0.00,364.74,0.01,2.19
2775140,148.75,183.25,0.00,0.00,0.00,364.74,0.01,2.19
2775640,148.75,183.00,0.00,0.00,0.00,364.90,0.01,2.06
2776140,148.50,183.00,0.00,0.00,0.00,364.90,0.01,2.06
2776640,148.50,182.75,0.00,0.00,0.00,364.79,0.01,2.28
2777140,148.25,182.50,0.00,0.00,0.00,364.79,0.01,2.28
2777640,148.25,182.25,0.00,0.00,0.00,364.10,0.01,2.19
2778140,148.00,182.25,0.00,0.00,0.00,364.10,0.01,2.19
2778640,148.00,182.25,0.00,20.00,0.00,365.49,0.00,1.72
2779140,148.00,182.00,0.00,20.25,0.00,365.49,0.00,1.72
2779640,147.75,181.75,0.00,20.00,0.00,364.75,0.01,2.19
2780140,147.75,181.75,0.00,20.00,0.00,364.75,0.01,2.19
2780640,147.50,181.50,0.00,20.25,0.00,364.15,0.01,2.06
2781140,147.50,181.50,0.00,21.50,0.00,364.15,0.01,2.06
2781640,147.50,181.25,0.00,21.50,0.00,364.07,0.01,1.97
2782140,147.25,181.25,0.00,20.25,0.00,364.07,0.01,1.97
2782640,147.25,181.00,0.00,21.00,0.00,364.76,0.01,2.06
2783140,147.00,181.00,0.00,0.00,0.00,364.76,0.01,2.06
2783640,147.00,180.75,0.00,0.00,0.00,364.82,0.01,2.11
2784140,146.75,180.50,0.00,0.00,0.00,364.82,0.01,2.11
2784640,146.75,180.50,0.00,190.25,0.00,365.42,0.01,1.93
2785140,146.75,180.50,0.00,190.00,0.00,365.42,0.01,1.93
2785640,146.50,180.25,0.00,190.00,0.00,364.17,0.01,2.27
2786140,146.50,180.00,0.00,0.00,0.00,364.17,0.01,2.27
2786640,146.50,180.00,0.00,0.00,0.00,363.75,0.01,1.92
2787140,146.25,179.75,0.00,0.00,0.00,363.75,0.01,1.92
2787640,146.25,179.75,0.00,0.00,0.00,364.77,0.01,1.82
2788140,146.00,179.50,0.00,0.00,0.00,364.77,0.01,1.82
2788640,146.00,179.50,0.00,188.00,0.00,364.28,0.01,2.19
2789140,146.00,179.25,0.00,188.00,0.00,364.28,0.01,2.19
2789640,145.75,179.25,0.00,187.75,0.00,364.72,0.01,2.06
2790140,145.75,179.00,0.00,187.75,0.00,364.72,0.01,2.06
2790640,145.50,179.00,0.00,187.50,0.00,364.48,0.01,2.02
2791140,145.50,178.75,0.00,187.50,0.00,364.48,0.01,2.02
2791640,145.50,178.75,0.00,187.50,0.00,365.10,0.01,2.20
2792140,145.25,178.50,0.00,187.25,0.00,365.10,0.01,2.20
2792640,145.25,178.25,0.00,187.00,0.00,364.71,0.01,1.87
2793140,145.00,178.25,0.00,186.75,0.00,364.71,0.01,1.87
2793640,145.00,178.25,0.00,186.75,0.00,364.44,0.01,2.15
2794140,145.00,178.00,0.00,186.50,0.00,364.44,0.01,2.15
2794640,144.75,177.75,0.00,186.25,0.00,365.01,0.01,2.02
2795140,144.75,177.75,0.00,186.00,0.00,365.01,0.01,2.02
2795640,144.50,177.50,0.00,0.00,0.00,365.65,0.00,1.78
2796140,144.50,177.50,0.00,0.00,0.00,365.65,0.00,1.78
2796640,144.50,177.25,0.00,0.00,0.00,365.01,0.01,2.11
2797140,144.25,177.00,0.00,185.25,0.00,365.01,0.01,2.11
2797640,144.25,177.00,0.00,185.00,0.00,364.31,0.01,1.97
2798140,144.00,176.75,0.00,185.00,0.00,364.31,0.01,1.97
2798640,144.00,176.75,0.00,184.75,0.00,364.75,0.00,1.77
2799140,143.75,176.50,0.00,184.75,0.00,364.75,0.00,1.77
2799640,143.75,176.50,0.00,184.50,0.00,364.14,0.01,1.92
2800140,143.75,176.25,0.00,184.50,0.00,364.14,0.01,1.92
2800640,143.50,176.00,0.00,184.25,0.00,364.54,0.01,2.02
2801140,143.50,176.00,0.00,184.25,0.00,364.54,0.01,2.02
2801640,143.25,175.75,0.00,183.75,0.00,363.93,0.00,1.77
2802140,143.25,175.75,0.00,183.75,0.00,363.93,0.00,1.77
2802640,143.25,175.50,0.00,183.50,0.00,364.11,0.00,1.55
2803140,143.00,175.50,0.00,183.50,0.00,364.11,0.00,1.55
2803640,143.00,175.25,0.00,183.25,0.00,363.77,0.01,1.82
2804140,142.75,175.25,0.00,183.00,0.00,363.77,0.01,1.82
2804640,142.75,175.00,0.00,182.75,0.00,364.02,0.01,2.39
2805140,142.75,174.75,0.00,182.75,0.00,364.02,0.01,2.39
2805640,142.50,174.75,0.00,182.50,0.00,364.21,0.01,1.92
2806140,142.50,174.50,0.00,182.25,0.00,364.21,0.01,1.92
2806640,142.25,174.25,0.00,182.00,0.00,363.67,0.01,2.10
2807140,142.25,174.25,0.00,182.00,0.00,363.67,0.01,2.10
2807640,142.00,174.00,0.00,181.75,0.00,365.24,0.01,2.07
2808140,142.00,174.00,0.00,181.50,0.00,365.24,0.01,2.07
2808640,142.00,173.75,0.00,181.50,0.00,364.11,0.01,1.92
2809140,141.75,173.50,0.00,181.25,0.00,364.11,0.01,1.92
2809640,141.75,173.50,0.00,181.00,0.00,364.54,0.01,1.87
2810140,141.50,173.25,0.00,181.00,0.00,364.54,0.01,1.87
2810640,141.50,173.25,0.00,180.75,0.00,364.06,0.01,2.10
2811140,141.50,173.00,0.00,180.75,0.00,364.06,0.01,2.10
2811640,141.25,173.00,0.00,180.50,0.00,364.48,0.01,2.23
2812140,141.25,172.75,0.00,180.50,0.00,364.48,0.01,2.23
2812640,141.00,172.75,0.00,180.25,0.00,363.65,0.01,1.97
2813140,141.00,172.50,0.00,180.00,0.00,363.65,0.01,1.97
2813640,141.00,172.50,0.00,0.00,0.00,364.29,0.01,2.19
2814140,140.75,172.25,0.00,0.00,0.00,364.29,0.01,2.19
2814640,140.75,172.25,0.00,0.00,0.00,364.43,0.01,2.15
2815140,140.75,172.00,0.00,0.00,0.00,364.43,0.01,2.15
2815640,140.50,172.00,0.00,0.00,0.00,363.36,0.01,1.96
2816140,140.50,171.75,0.00,0.00,0.00,363.36,0.01,1.96
2816640,140.25,171.75,0.00,0.00,0.00,364.15,0.01,2.06
2817140,140.25,171.50,0.00,0.00,0.00,364.15,0.01,2.06
2817640,140.25,171.50,0.00,0.00,0.00,364.04,0.01,2.10
2818140,140.00,171.25,0.00,0.00,0.00,364.04,0.01,2.10
2818640,140.00,171.25,0.00,0.00,0.00,363.95,0.01,2.23
2819140,140.00,171.25,0.00,0.00,0.00,363.95,0.01,2.23
2819640,139.75,171.00,0.00,0.00,0.00,363.90,0.01,2.35
2820140,139.75,170.75,0.00,0.00,0.00,363.90,0.01,2.35
2820640,139.50,170.75,0.00,0.00,0.00,364.43,0.01,1.97
2821140,139.25,170.50,0.00,0.00,0.00,364.43,0.01,1.97
2821640,139.25,170.50,0.00,0.00,0.00,364.16,0.01,2.27
2822140,139.25,170.25,0.00,0.00,0.00,364.16,0.01,2.27
2822640,139.25,170.25,0.00,0.00,0.00,363.28,0.01,2.10
2823140,139.00,170.00,0.00,0.00,0.00,363.28,0.01,2.10
2823640,139.00,169.75,0.00,0.00,0.00,363.67,0.01,2.19
2824140,138.75,169.75,0.00,0.00,0.00,363.67,0.01,2.19
2824640,138.75,169.50,0.00,0.00,0.00,364.76,0.00,1.67
2825140,138.75,169.50,0.00,0.00,0.00,364.76,0.00,1.67
2825640,138.50,169.50,0.00,0.00,0.00,364.06,0.01,1.97
2826140,138.50,169.25,0.00,0.00,0.00,364.06,0.01,1.97
2826640,138.25,169.00,0.00,0.00,0.00,364.62,0.01,2.15
2827140,138.25,169.00,0.00,0.00,0.00,364.62,0.01,2.15
2827640,138.00,168.75,0.00,0.00,0.00,364.50,0.01,2.02
2828140,138.00,168.75,0.00,0.00,0.00,364.50,0.01,2.02
2828640,138.00,168.50,0.00,0.00,0.00,363.82,0.01,2.27
2829140,137.75,168.50,0.00,0.00,0.00,363.82,0.01,2.27
2829640,137.75,168.25,0.00,0.00,0.00,363.51,0.01,2.27
2830140,137.50,168.25,0.00,0.00,0.00,363.51,0.01,2.27
2830640,137.50,168.00,0.00,0.00,0.00,363.84,0.01,2.01
2831140,137.25,168.00,0.00,0.00,0.00,363.84,0.01,2.01
2831640,137.25,167.75,0.00,0.00,0.00,364.44,0.01,2.11
2832140,137.25,167.50,0.00,0.00,0.00,364.44,0.01,2.11
2832640,137.00,167.25,0.00,0.00,0.00,364.23,0.01,2.23
2833140,137.00,167.25,0.00,0.00,0.00,364.23,0.01,2.23
2833640,136.75,167.00,0.00,0.00,0.00,364.84,0.01,1.88
2834140,136.75,167.00,0.00,0.00,0.00,364.84,0.01,1.88
2834640,136.50,166.75,0.00,0.00,0.00,363.32,0.01,2.01
2835140,136.50,166.75,0.00,0.00,0.00,363.32,0.01,2.01
2835640,136.25,166.50,0.00,0.00,0.00,363.46,0.01,2.19
2836140,136.25,166.50,0.00,0.00,0.00,363.46,0.01,2.19
2836640,136.25,166.25,0.00,0.00,0.00,363.97,0.01,2.01
2837140,136.00,166.00,0.00,0.00,0.00,363.97,0.01,2.01
2837640,136.00,166.00,0.00,0.00,0.00,364.14,0.01,2.23
2838140,135.75,165.75,0.00,0.00,0.00,364.14,0.01,2.23
2838640,135.75,165.50,0.00,0.00,0.00,362.73,0.01,2.01
2839140,135.50,165.50,0.00,0.00,0.00,362.73,0.01,2.01
2839640,135.50,165.25,0.00,0.00,0.00,363.62,0.01,2.01
2840140,135.25,165.00,0.00,0.00,0.00,363.62,0.01,2.01
2840640,135.25,165.00,0.00,0.00,0.00,364.67,0.01,1.97
2841140,135.25,164.75,0.00,0.00,0.00,364.67,0.01,1.97
2841640,135.00,164.50,0.00,0.00,0.00,365.13,0.01,1.93
2842140,135.00,164.50,0.00,0.00,0.00,365.13,0.01,1.93
2842640,134.75,164.25,0.00,0.00,0.00,364.71,0.01,2.28
2843140,134.50,164.25,0.00,0.00,0.00,364.71,0.01,2.28
2843640,134.50,164.00,0.00,0.00,0.00,364.69,0.01,1.92
2844140,134.25,163.75,0.00,0.00,0.00,364.69,0.01,1.92
2844640,134.25,163.75,0.00,0.00,0.00,364.66,0.01,2.15
2845140,134.00,163.50,0.00,0.00,0.00,364.66,0.01,2.15
2845640,134.00,163.50,0.00,0.00,0.00,363.60,0.01,2.19
2846140,133.75,163.25,0.00,0.00,0.00,363.60,0.01,2.19
2846640,133.75,163.00,0.00,0.00,0.00,364.57,0.01,2.23
2847140,133.75,163.00,0.00,0.00,0.00,364.57,0.01,2.23
2847640,133.50,162.75,0.00,0.00,0.00,365.03,0.01,2.06
2848140,133.50,162.50,0.00,0.00,0.00,365.03,0.01,2.06
2848640,133.25,162.25,0.00,0.00,0.00,364.52,0.00,1.77
2849140,133.25,162.25,0.00,0.00,0.00,364.52,0.00,1.77
2849640,133.25,162.25,0.00,0.00,0.00,364.94,0.01,1.97
2850140,133.00,162.00,0.00,0.00,0.00,364.94,0.01,1.97
2850640,133.00,161.75,0.00,0.00,0.00,364.21,0.01,2.15
2851140,133.00,161.75,0.00,0.00,0.00,364.21,0.01,2.15
2851640,132.75,161.50,0.00,0.00,0.00,364.56,0.00,1.61
2852140,132.75,161.50,0.00,0.00,0.00,364.56,0.00,1.61
2852640,132.50,161.25,0.00,0.00,0.00,364.78,0.01,2.06
2853140,132.50,161.25,0.00,0.00,0.00,364.78,0.01,2.06
2853640,132.50,161.00,0.00,0.00,0.00,363.39,0.01,2.01
2854140,132.25,161.00,0.00,0.00,0.00,363.39,0.01,2.01
2854640,132.25,160.75,0.00,0.00,0.00,363.97,0.01,2.15
2855140,132.00,160.75,0.00,0.00,0.00,363.97,0.01,2.15
2855640,132.00,160.50,0.00,0.00,0.00,364.54,0.01,2.02
2856140,131.75,160.50,0.00,0.00,0.00,364.54,0.01,2.02
2856640,131.75,160.25,0.00,0.00,0.00,365.32,0.01,1.97
2857140,131.75,160.25,0.00,0.00,0.00,365.32,0.01,1.97
2857640,131.50,160.00,0.00,0.00,0.00,365.15,0.01,2.02
2858140,131.50,160.00,0.00,0.00,0.00,365.15,0.01,2.02
2858640,131.50,159.75,0.00,0.00,0.00,365.22,0.01,2.07
2859140,131.25,159.75,0.00,0.00,0.00,365.22,0.01,2.07
2859640,131.25,159.50,0.00,0.00,0.00,364.00,0.01,2.10
2860140,131.00,159.50,0.00,0.00,0.00,364.00,0.01,2.10
2860640,131.00,159.25,0.00,0.00,0.00,364.70,0.01,1.82
2861140,131.00,159.25,0.00,0.00,0.00,364.70,0.01,1.82
2861640,131.00,159.25,0.00,0.00,0.00,363.64,0.00,1.72
2862140,130.75,159.00,0.00,0.00,0.00,363.64,0.00,1.72
2862640,130.75,158.75,0.00,0.00,0.00,363.31,0.01,2.05
2863140,130.50,158.75,0.00,0.00,0.00,363.31,0.01,2.05
2863640,130.50,158.50,0.00,0.00,0.00,364.10,0.01,2.10
2864140,130.50,158.50,0.00,0.00,0.00,364.10,0.01,2.10
2864640,130.25,158.25,0.00,0.00,0.00,365.61,0.01,2.16
2865140,130.25,158.00,0.00,0.00,0.00,365.61,0.01,2.16
2865640,130.00,158.00,0.00,0.00,0.00,365.18,0.01,2.11
2866140,130.00,158.00,0.00,0.00,0.00,365.18,0.01,2.11
2866640,129.75,157.75,0.00,0.00,0.00,365.18,0.01,2.24
2867140,129.75,157.50,0.00,0.00,0.00,365.18,0.01,2.24
2867640,129.75,157.50,0.00,0.00,0.00,365.21,0.01,2.24
2868140,129.75,157.25,0.00,0.00,0.00,365.21,0.01,2.24
2868640,129.50,157.25,0.00,0.00,0.00,364.86,0.01,2.40
2869140,129.25,157.00,0.00,0.00,0.00,364.86,0.01,2.40
2869640,129.25,157.00,0.00,0.00,0.00,364.33,0.01,1.87
2870140,129.25,156.75,0.00,0.00,0.00,364.33,0.01,1.87
2870640,129.00,156.75,0.00,0.00,0.00,362.71,0.01,1.86
2871140,129.00,156.75,0.00,0.00,0.00,362.71,0.01,1.86
2871640,129.00,156.50,0.00,0.00,0.00,364.29,0.01,1.87
2872140,128.75,156.50,0.00,0.00,0.00,364.29,0.01,1.87
2872640,128.75,156.50,0.00,0.00,0.00,365.39,0.01,2.15
2873140,128.75,156.25,0.00,0.00,0.00,365.39,0.01,2.15
2873640,128.50,156.00,0.00,0.00,0.00,364.24,0.01,1.87
2874140,128.50,156.00,0.00,0.00,0.00,364.24,0.01,1.87
2874640,128.50,155.75,0.00,0.00,0.00,364.08,0.01,2.23
2875140,128.25,155.75,0.00,0.00,0.00,364.08,0.01,2.23
2875640,128.25,155.50,0.00,0.00,0.00,363.94,0.01,2.27
2876140,128.25,155.50,0.00,0.00,0.00,363.94,0.01,2.27
2876640,128.00,155.50,0.00,0.00,0.00,364.08,0.01,2.01
2877140,128.00,155.25,0.00,0.00,0.00,364.08,0.01,2.01
2877640,128.00,155.00,0.00,0.00,0.00,364.56,0.01,2.19
2878140,127.75,155.00,0.00,0.00,0.00,364.56,0.01,2.19
2878640,127.75,155.00,0.00,0.00,0.00,365.05,0.01,1.93
2879140,127.50,154.75,0.00,0.00,0.00,365.05,0.01,1.93
2879640,127.50,154.75,0.00,0.00,0.00,362.69,0.01,2.42
2880140,127.25,154.50,0.00,0.00,0.00,362.69,0.01,2.42
2880640,127.25,154.50,0.00,0.00,0.00,364.38,0.00,1.66
2881140,127.25,154.25,0.00,0.00,0.00,364.38,0.00,1.66
2881640,127.25,154.25,0.00,0.00,0.00,365.27,0.01,2.28
2882140,127.00,154.00,0.00,0.00,0.00,365.27,0.01,2.28
2882640,127.00,154.00,0.00,0.00,0.00,363.91,0.01,2.23
2883140,126.75,153.75,0.00,0.00,0.00,363.91,0.01,2.23
2883640,126.75,153.75,0.00,0.00,0.00,363.69,0.01,1.92
2884140,126.50,153.50,0.00,0.00,0.00,363.69,0.01,1.92
2884640,126.50,153.25,0.00,0.00,0.00,363.64,0.01,1.92
2885140,126.50,153.25,0.00,0.00,0.00,363.64,0.01,1.92
2885640,126.25,153.00,0.00,0.00,0.00,364.81,0.01,1.92
2886140,126.25,153.00,0.00,0.00,0.00,364.81,0.01,1.92
2886640,126.25,152.75,0.00,0.00,0.00,364.96,0.01,1.88
2887140,126.00,152.50,0.00,0.00,0.00,364.96,0.01,1.88
2887640,126.00,152.50,0.00,0.00,0.00,364.03,0.01,2.19
2888140,125.75,152.50,0.00,0.00,0.00,364.03,0.01,2.19
2888640,125.75,152.25,0.00,0.00,0.00,363.65,0.01,2.01
2889140,125.75,152.25,0.00,0.00,0.00,363.65,0.01,2.01
2889640,125.50,152.00,0.00,0.00,0.00,364.09,0.01,2.01
2890140,125.50,152.00,0.00,0.00,0.00,364.09,0.01,2.01
2890640,125.25,152.00,0.00,0.00,0.00,364.59,0.01,2.32
2891140,125.25,151.75,0.00,0.00,0.00,364.59,0.01,2.32
2891640,125.00,151.75,0.00,0.00,0.00,364.44,0.01,2.39
2892140,125.00,151.50,0.00,0.00,0.00,364.44,0.01,2.39
2892640,125.00,151.25,0.00,0.00,0.00,365.60,0.01,1.98
2893140,124.75,151.25,0.00,0.00,0.00,365.60,0.01,1.98
2893640,124.75,151.00,0.00,0.00,0.00,365.31,0.01,2.20
2894140,124.50,151.00,0.00,0.00,0.00,365.31,0.01,2.20
2894640,124.50,150.75,0.00,0.00,0.00,365.31,0.01,1.93
2895140,124.25,150.75,0.00,0.00,0.00,365.31,0.01,1.93
2895640,124.25,150.50,0.00,0.00,0.00,363.86,0.01,2.43
2896140,124.25,150.50,0.00,0.00,0.00,363.86,0.01,2.43
2896640,124.25,150.25,0.00,0.00,0.00,364.78,0.01,2.11
2897140,124.00,150.00,0.00,0.00,0.00,364.78,0.01,2.11
2897640,124.00,150.00,0.00,0.00,0.00,363.77,0.01,1.87
2898140,123.75,149.75,0.00,0.00,0.00,363.77,0.01,1.87
2898640,123.75,149.75,0.00,0.00,0.00,361.29,0.01,2.00
2899140,123.75,149.75,0.00,0.00,0.00,361.29,0.01,2.00
2899640,123.50,149.50,0.00,0.00,0.00,364.95,0.01,2.24
2900140,123.50,149.50,0.00,0.00,0.00,364.95,0.01,2.24
2900640,123.50,149.25,0.00,0.00,0.00,364.15,0.01,1.92
2901140,123.25,149.25,0.00,0.00,0.00,364.15,0.01,1.92
2901640,123.25,149.00,0.00,0.00,0.00,364.06,0.00,1.55
2902140,123.00,149.00,0.00,0.00,0.00,364.06,0.00,1.55
2902640,123.00,149.00,0.00,0.00,0.00,364.10,0.01,2.01
2903140,123.00,148.75,0.00,0.00,0.00,364.10,0.01,2.01
2903640,123.00,148.75,0.00,0.00,0.00,363.92,0.01,2.23
2904140,122.75,148.50,0.00,0.00,0.00,363.92,0.01,2.23
2904640,122.75,148.50,0.00,0.00,0.00,364.17,0.01,2.06
2905140,122.75,148.50,0.00,0.00,0.00,364.17,0.01,2.06
2905640,122.50,148.25,0.00,0.00,0.00,364.30,0.01,2.10
2906140,122.50,148.25,0.00,0.00,0.00,364.30,0.01,2.10
2906640,122.50,148.00,0.00,0.00,0.00,363.94,0.00,1.66
2907140,122.25,148.00,0.00,0.00,0.00,363.94,0.00,1.66
2907640,122.25,148.00,0.00,0.00,0.00,365.54,0.01,2.36
2908140,122.25,147.75,0.00,0.00,0.00,365.54,0.01,2.36
2908640,122.00,147.75,0.00,0.00,0.00,364.31,0.01,2.39
2909140,122.00,147.50,0.00,0.00,0.00,364.31,0.01,2.39
2909640,122.00,147.50,0.00,0.00,0.00,363.36,0.00,1.77
2910140,121.75,147.25,0.00,0.00,0.00,363.36,0.00,1.77
2910640,121.75,147.25,0.00,0.00,0.00,364.22,0.01,1.97
2911140,121.75,147.00,0.00,0.00,0.00,364.22,0.01,1.97
2911640,121.50,147.00,0.00,0.00,0.00,363.80,0.01,2.19
2912140,121.50,146.75,0.00,0.00,0.00,363.80,0.01,2.19
2912640,121.50,146.75,0.00,0.00,0.00,364.31,0.01,2.06
2913140,121.25,146.50,0.00,0.00,0.00,364.31,0.01,2.06
2913640,121.25,146.25,0.00,0.00,0.00,364.13,0.01,1.92
2914140,121.25,146.25,0.00,0.00,0.00,364.13,0.01,1.92
2914640,121.00,146.25,0.00,0.00,0.00,363.70,0.00,1.66
2915140,121.00,146.00,0.00,0.00,0.00,363.70,0.00,1.66
2915640,121.00,146.00,0.00,0.00,0.00,364.67,0.01,2.23
2916140,120.75,146.00,0.00,0.00,0.00,364.67,0.01,2.23
2916640,120.75,145.75,0.00,0.00,0.00,364.26,0.01,2.23
2917140,120.50,145.50,0.00,0.00,0.00,364.26,0.01,2.23
2917640,120.50,145.50,0.00,0.00,0.00,364.54,0.01,2.19
2918140,120.25,145.25,0.00,0.00,0.00,364.54,0.01,2.19
2918640,120.25,145.00,0.00,0.00,0.00,364.86,0.01,1.83
2919140,120.00,145.00,0.00,0.00,0.00,364.86,0.01,1.83
2919640,120.00,144.75,0.00,0.00,0.00,362.81,0.00,1.71
2920140,120.00,144.75,0.00,0.00,0.00,362.81,0.00,1.71
2920640,119.75,144.50,0.00,0.00,0.00,363.67,0.01,2.10
2921140,119.50,144.50,0.00,0.00,0.00,363.67,0.01,2.10
2921640,119.50,144.25,0.00,0.00,0.00,364.22,0.00,1.77
2922140,119.50,144.25,0.00,0.00,0.00,364.22,0.00,1.77
2922640,119.50,144.25,0.00,0.00,0.00,364.94,0.01,2.24
2923140,119.25,144.00,0.00,0.00,0.00,364.94,0.01,2.24
2923640,119.25,144.00,0.00,0.00,0.00,364.95,0.01,2.06
2924140,119.25,143.75,0.00,0.00,0.00,364.95,0.01,2.06
2924640,119.00,143.75,0.00,0.00,0.00,364.07,0.01,2.01
2925140,119.00,143.50,0.00,0.00,0.00,364.07,0.01,2.01
2925640,118.75,143.50,0.00,0.00,0.00,363.74,0.01,2.31
2926140,118.75,143.25,0.00,0.00,0.00,363.74,0.01,2.31
2926640,118.50,143.25,0.00,0.00,0.00,363.69,0.00,1.72
2927140,118.50,143.00,0.00,0.00,0.00,363.69,0.00,1.72
2927640,118.50,143.00,0.00,0.00,0.00,363.96,0.01,2.01
2928140,118.25,142.75,0.00,0.00,0.00,363.96,0.01,2.01
2928640,118.25,142.75,0.00,0.00,0.00,364.30,0.01,1.97
2929140,118.25,142.50,0.00,0.00,0.00,364.30,0.01,1.97
2929640,118.00,142.50,0.00,0.00,0.00,363.36,0.01,2.18
2930140,118.00,142.50,0.00,0.00,0.00,363.36,0.01,2.18
2930640,118.00,142.25,0.00,0.00,0.00,363.58,0.01,2.14
2931140,117.75,142.25,0.00,0.00,0.00,363.58,0.01,2.14
2931640,117.75,142.25,0.00,0.00,0.00,363.99,0.01,1.97
2932140,117.75,142.00,0.00,0.00,0.00,363.99,0.01,1.97
2932640,117.50,141.75,0.00,0.00,0.00,364.44,0.01,2.06
2933140,117.50,141.75,0.00,0.00,0.00,364.44,0.01,2.06
2933640,117.25,141.75,0.00,0.00,0.00,363.93,0.01,2.19
2934140,117.25,141.50,0.00,0.00,0.00,363.93,0.01,2.19
2934640,117.25,141.50,0.00,0.00,0.00,364.04,0.01,1.87
2935140,117.00,141.25,0.00,0.00,0.00,364.04,0.01,1.87
2935640,117.00,141.25,0.00,0.00,0.00,364.76,0.01,2.15
2936140,116.75,141.00,0.00,0.00,0.00,364.76,0.01,2.15
2936640,116.75,141.00,0.00,0.00,0.00,364.52,0.01,2.11
2937140,116.75,140.75,0.00,0.00,0.00,364.52,0.01,2.11
2937640,116.50,140.75,0.00,0.00,0.00,363.68,0.01,1.97
2938140,116.50,140.50,0.00,0.00,0.00,363.68,0.01,1.97
2938640,116.50,140.50,0.00,0.00,0.00,364.46,0.01,2.19
2939140,116.25,140.25,0.00,0.00,0.00,364.46,0.01,2.19
2939640,116.25,140.25,0.00,0.00,0.00,364.66,0.01,2.19
2940140,116.00,140.00,0.00,0.00,0.00,364.66,0.01,2.19
2940640,116.00,140.00,0.00,0.00,0.00,364.14,0.01,2.01
2941140,116.00,139.75,0.00,0.00,0.00,364.14,0.01,2.01
2941640,115.75,139.75,0.00,0.00,0.00,365.18,0.01,2.02
2942140,115.75,139.75,0.00,0.00,0.00,365.18,0.01,2.02
2942640,115.50,139.50,0.00,0.00,0.00,364.36,0.01,2.06
2943140,115.50,139.50,0.00,0.00,0.00,364.36,0.01,2.06
2943640,115.50,139.25,0.00,0.00,0.00,364.70,0.01,1.82
2944140,115.50,139.25,0.00,0.00,0.00,364.70,0.01,1.82
2944640,115.25,139.00,0.00,0.00,0.00,365.00,0.01,1.83
2945140,115.25,139.00,0.00,0.00,0.00,365.00,0.01,1.83
2945640,115.00,138.75,0.00,0.00,0.00,363.59,0.00,1.77
2946140,115.00,138.75,0.00,0.00,0.00,363.59,0.00,1.77
2946640,114.75,138.50,0.00,0.00,0.00,365.01,0.01,2.19
2947140,114.75,138.50,0.00,0.00,0.00,365.01,0.01,2.19
2947640,114.75,138.25,0.00,0.00,0.00,364.21,0.01,1.92
2948140,114.50,138.25,0.00,0.00,0.00,364.21,0.01,1.92
2948640,114.50,138.00,0.00,0.00,0.00,364.51,0.01,2.19
2949140,114.25,138.00,0.00,0.00,0.00,364.51,0.01,2.19
2949640,114.25,137.75,0.00,0.00,0.00,364.34,0.01,2.06
2950140,114.25,137.75,0.00,0.00,0.00,364.34,0.01,2.06
2950640,114.00,137.75,0.00,0.00,0.00,364.24,0.00,1.66
2951140,114.00,137.50,0.00,0.00,0.00,364.24,0.00,1.66
2951640,114.00,137.50,0.00,0.00,0.00,364.65,0.01,2.02
2952140,113.75,137.25,0.00,0.00,0.00,364.65,0.01,2.02
2952640,113.75,137.00,0.00,0.00,0.00,364.13,0.01,2.35
2953140,113.75,137.00,0.00,0.00,0.00,364.13,0.01,2.35
2953640,113.50,136.75,0.00,0.00,0.00,363.72,0.00,1.66
2954140,113.50,136.75,0.00,0.00,0.00,363.72,0.00,1.66
2954640,113.50,136.75,0.00,0.00,0.00,365.03,0.01,1.88
2955140,113.25,136.50,0.00,0.00,0.00,365.03,0.01,1.88
2955640,113.25,136.25,0.00,0.00,0.00,364.18,0.01,2.43
2956140,113.25,136.25,0.00,0.00,0.00,364.18,0.01,2.43
2956640,113.00,136.25,0.00,0.00,0.00,363.96,0.01,2.10
2957140,113.00,136.00,0.00,0.00,0.00,363.96,0.01,2.10
2957640,112.75,135.75,0.00,0.00,0.00,364.12,0.01,2.10
2958140,112.75,135.75,0.00,0.00,0.00,364.12,0.01,2.10
2958640,112.75,135.75,0.00,0.00,0.00,363.86,0.01,2.01
2959140,112.50,135.50,0.00,0.00,0.00,363.86,0.01,2.01
2959640,112.50,135.50,0.00,0.00,0.00,364.17,0.01,2.15
2960140,112.50,135.25,0.00,0.00,0.00,364.17,0.01,2.15
2960640,112.25,135.25,0.00,0.00,0.00,364.17,0.01,1.97
2961140,112.25,135.00,0.00,0.00,0.00,364.17,0.01,1.97
2961640,112.00,135.00,0.00,0.00,0.00,364.45,0.01,2.11
2962140,112.00,134.75,0.00,0.00,0.00,364.45,0.01,2.11
2962640,112.00,134.75,0.00,0.00,0.00,364.06,0.01,1.87
2963140,112.00,134.75,0.00,0.00,0.00,364.06,0.01,1.87
2963640,111.75,134.50,0.00,0.00,0.00,365.67,0.01,1.88
2964140,111.75,134.50,0.00,0.00,0.00,365.67,0.01,1.88
2964640,111.50,134.25,0.00,0.00,0.00,364.07,0.00,1.72
2965140,111.50,134.25,0.00,0.00,0.00,364.07,0.00,1.72
2965640,111.50,134.00,0.00,0.00,0.00,364.58,0.01,1.87
2966140,111.25,134.00,0.00,0.00,0.00,364.58,0.01,1.87
2966640,111.25,133.75,0.00,0.00,0.00,364.01,0.01,2.01
2967140,111.25,133.75,0.00,0.00,0.00,364.01,0.01,2.01
2967640,111.00,133.50,0.00,0.00,0.00,363.91,0.01,2.01
2968140,111.00,133.50,0.00,0.00,0.00,363.91,0.01,2.01
2968640,111.00,133.50,0.00,0.00,0.00,363.73,0.01,2.19
2969140,110.75,133.25,0.00,0.00,0.00,363.73,0.01,2.19
2969640,110.75,133.25,0.00,0.00,0.00,364.38,0.01,2.06
2970140,110.75,133.00,0.00,0.00,0.00,364.38,0.01,2.06
2970640,110.75,133.00,0.00,0.00,0.00,364.34,0.01,1.97
2971140,110.75,132.75,0.00,0.00,0.00,364.34,0.01,1.97
2971640,110.50,132.50,0.00,0.00,0.00,365.21,0.01,1.97
2972140,110.50,132.50,0.00,0.00,0.00,365.21,0.01,1.97
2972640,110.25,132.50,0.00,0.00,0.00,364.06,0.01,2.06
2973140,110.25,132.25,0.00,0.00,0.00,364.06,0.01,2.06
2973640,110.25,132.25,0.00,0.00,0.00,363.76,0.01,2.31
2974140,110.00,132.00,0.00,0.00,0.00,363.76,0.01,2.31
2974640,110.00,132.00,0.00,0.00,0.00,364.02,0.01,2.43
2975140,109.75,131.75,0.00,0.00,0.00,364.02,0.01,2.43
2975640,109.75,131.75,0.00,0.00,0.00,364.07,0.01,2.01
2976140,109.50,131.75,0.00,0.00,0.00,364.07,0.01,2.01
2976640,109.50,131.50,0.00,0.00,0.00,364.48,0.00,1.72
2977140,109.50,131.50,0.00,0.00,0.00,364.48,0.00,1.72
2977640,109.50,131.25,0.00,0.00,0.00,364.29,0.00,1.49
2978140,109.25,131.25,0.00,0.00,0.00,364.29,0.00,1.49
2978640,109.25,131.00,0.00,0.00,0.00,364.13,0.01,2.01
2979140,109.25,131.00,0.00,0.00,0.00,364.13,0.01,2.01
2979640,109.00,130.75,0.00,0.00,0.00,363.81,0.01,2.15
2980140,109.00,130.75,0.00,0.00,0.00,363.81,0.01,2.15
2980640,108.75,130.75,0.00,0.00,0.00,364.17,0.01,2.23
2981140,108.75,130.50,0.00,0.00,0.00,364.17,0.01,2.23
2981640,108.50,130.50,0.00,0.00,0.00,364.91,0.01,2.06
2982140,108.50,130.25,0.00,0.00,0.00,364.91,0.01,2.06
2982640,108.25,130.25,0.00,0.00,0.00,364.12,0.01,2.10
2983140,108.25,130.25,0.00,0.00,0.00,364.12,0.01,2.10
2983640,108.25,130.00,0.00,0.00,0.00,364.09,0.01,1.97
2984140,108.25,130.00,0.00,0.00,0.00,364.09,0.01,1.97
2984640,108.00,129.75,0.00,0.00,0.00,364.33,0.00,1.77
2985140,108.00,129.75,0.00,0.00,0.00,364.33,0.00,1.77
2985640,108.00,129.50,0.00,0.00,0.00,365.69,0.01,2.24
2986140,107.75,129.50,0.00,0.00,0.00,365.69,0.01,2.24
2986640,107.75,129.25,0.00,0.00,0.00,363.98,0.01,2.15
2987140,107.75,129.25,0.00,0.00,0.00,363.98,0.01,2.15
2987640,107.50,129.25,0.00,0.00,0.00,363.80,0.01,2.01
2988140,107.50,129.00,0.00,0.00,0.00,363.80,0.01,2.01
2988640,107.50,128.75,0.00,0.00,0.00,364.84,0.00,1.67
2989140,107.25,128.50,0.00,0.00,0.00,364.84,0.00,1.67
2989640,107.25,128.50,0.00,0.00,0.00,364.53,0.01,2.35
2990140,107.00,128.50,0.00,0.00,0.00,364.53,0.01,2.35
2990640,107.00,128.25,0.00,0.00,0.00,364.13,0.01,2.01
2991140,107.00,128.25,0.00,0.00,0.00,364.13,0.01,2.01
2991640,107.00,128.00,0.00,0.00,0.00,363.89,0.01,2.19
2992140,106.75,128.00,0.00,0.00,0.00,363.89,0.01,2.19
2992640,106.75,127.75,0.00,0.00,0.00,364.22,0.01,2.01
2993140,106.50,127.75,0.00,0.00,0.00,364.22,0.01,2.01
2993640,106.50,127.50,0.00,0.00,0.00,364.04,0.01,1.82
2994140,106.50,127.50,0.00,0.00,0.00,364.04,0.01,1.82
2994640,106.25,127.50,0.00,0.00,0.00,364.89,0.00,1.77
2995140,106.25,127.25,0.00,0.00,0.00,364.89,0.00,1.77
2995640,106.25,127.25,0.00,0.00,0.00,364.19,0.01,2.01
2996140,106.00,127.00,0.00,0.00,0.00,364.19,0.01,2.01
2996640,106.00,127.00,0.00,0.00,0.00,365.62,0.01,1.98
2997140,106.00,127.00,0.00,0.00,0.00,365.62,0.01,1.98
2997640,105.75,126.75,0.00,0.00,0.00,364.29,0.00,1.77
2998140,105.75,126.75,0.00,0.00,0.00,364.29,0.00,1.77
2998640,105.75,126.50,0.00,0.00,0.00,364.25,0.01,2.35
2999140,105.50,126.50,0.00,0.00,0.00,364.25,0.01,2.35
2999640,105.50,126.25,0.00,0.00,0.00,363.92,0.01,2.06
3000140,105.25,126.25,0.00,0.00,0.00,363.92,0.01,2.06
3000640,105.25,126.25,0.00,0.00,0.00,363.40,0.00,1.77
3001140,105.25,126.00,0.00,0.00,0.00,363.40,0.00,1.77
3001640,105.00,126.00,0.00,0.00,0.00,363.77,0.01,1.97
3002140,105.00,126.00,0.00,0.00,0.00,363.77,0.01,1.97
3002640,104.75,125.75,0.00,0.00,0.00,363.29,0.01,2.10
3003140,104.75,125.75,0.00,0.00,0.00,363.29,0.01,2.10
3003640,104.75,125.50,0.00,0.00,0.00,364.47,0.00,1.72
3004140,104.75,125.50,0.00,0.00,0.00,364.47,0.00,1.72
3004640,104.50,125.25,0.00,0.00,0.00,364.55,0.01,2.11
3005140,104.50,125.25,0.00,0.00,0.00,364.55,0.01,2.11
3005640,104.25,125.25,0.00,0.00,0.00,364.01,0.01,2.23
3006140,104.25,125.00,0.00,0.00,0.00,364.01,0.01,2.23
3006640,104.25,125.00,0.00,0.00,0.00,364.92,0.01,2.15
3007140,104.25,125.00,0.00,0.00,0.00,364.92,0.01,2.15
3007640,104.00,124.75,0.00,0.00,0.00,364.53,0.00,1.61
3008140,104.00,124.75,0.00,0.00,0.00,364.53,0.00,1.61
3008640,104.00,124.50,0.00,0.00,0.00,364.79,0.01,2.32
3009140,104.00,124.50,0.00,0.00,0.00,364.79,0.01,2.32
3009640,103.75,124.50,0.00,0.00,0.00,363.36,0.01,2.01
3010140,103.75,124.25,0.00,0.00,0.00,363.36,0.01,2.01
3010640,103.75,124.25,0.00,0.00,0.00,363.72,0.01,2.19
3011140,103.50,124.00,0.00,0.00,0.00,363.72,0.01,2.19
3011640,103.50,124.00,0.00,0.00,0.00,363.91,0.01,2.10
3012140,103.50,124.00,0.00,0.00,0.00,363.91,0.01,2.10
3012640,103.25,124.00,0.00,0.00,0.00,363.40,0.01,2.19
3013140,103.25,123.75,0.00,0.00,0.00,363.40,0.01,2.19
3013640,103.25,123.50,0.00,0.00,0.00,363.18,0.01,2.01
3014140,103.00,123.50,0.00,0.00,0.00,363.18,0.01,2.01
3014640,103.00,123.50,0.00,0.00,0.00,364.77,0.01,2.11
3015140,103.00,123.25,0.00,0.00,0.00,364.77,0.01,2.11
3015640,103.00,123.25,0.00,0.00,0.00,363.68,0.01,2.19
3016140,102.75,123.25,0.00,0.00,0.00,363.68,0.01,2.19
3016640,102.75,123.00,0.00,0.00,0.00,363.96,0.01,2.23
3017140,102.50,122.75,0.00,0.00,0.00,363.96,0.01,2.23
3017640,102.50,122.75,0.00,0.00,0.00,363.41,0.01,1.92
3018140,102.50,122.75,0.00,0.00,0.00,363.41,0.01,1.92
3018640,102.25,122.50,0.00,0.00,0.00,364.99,0.01,1.83
3019140,102.25,122.50,0.00,0.00,0.00,364.99,0.01,1.83
3019640,102.25,122.50,0.00,0.00,0.00,365.41,0.01,1.88
3020140,102.00,122.25,0.00,0.00,0.00,365.41,0.01,1.88
3020640,102.00,122.00,0.00,0.00,0.00,363.76,0.01,2.14
3021140,102.00,122.00,0.00,0.00,0.00,363.76,0.01,2.14
3021640,101.75,121.75,0.00,0.00,0.00,363.98,0.01,1.82
3022140,101.75,121.75,0.00,0.00,0.00,363.98,0.01,1.82
3022640,101.75,121.75,0.00,0.00,0.00,364.54,0.01,1.97
3023140,101.50,121.50,0.00,0.00,0.00,364.54,0.01,1.97
3023640,101.50,121.50,0.00,0.00,0.00,363.93,0.01,2.01
3024140,101.50,121.50,0.00,0.00,0.00,363.93,0.01,2.01
3024640,101.25,121.50,0.00,0.00,0.00,364.08,0.01,2.01
3025140,101.25,121.25,0.00,0.00,0.00,364.08,0.01,2.01
3025640,101.00,121.00,0.00,0.00,0.00,362.48,0.01,1.86
3026140,100.75,121.00,0.00,0.00,0.00,362.48,0.01,1.86
3026640,100.75,120.75,0.00,0.00,0.00,363.29,0.01,2.14
3027140,100.50,120.75,0.00,0.00,0.00,363.29,0.01,2.14
3027640,100.25,120.75,0.00,0.00,0.00,363.84,0.01,1.97
3028140,100.00,120.50,0.00,0.00,0.00,363.84,0.01,1.97
3028640,100.00,120.50,0.00,0.00,0.00,363.69,0.01,2.10
3029140,99.75,120.50,0.00,0.00,0.00,363.69,0.01,2.10
3029640,99.75,120.25,0.00,0.00,0.00,364.59,0.01,2.15
3030140,99.75,120.25,0.00,0.00,0.00,364.59,0.01,2.15
3030640,99.50,120.00,0.00,0.00,0.00,364.24,0.01,1.97
3031140,99.50,120.00,0.00,0.00,0.00,364.24,0.01,1.97
3031640,99.50,120.00,0.00,0.00,0.00,364.75,0.00,1.72
3032140,99.25,119.75,0.00,0.00,0.00,364.75,0.00,1.72
3032640,99.25,119.75,0.00,0.00,0.00,365.26,0.01,2.36
3033140,99.25,119.50,0.00,0.00,0.00,365.26,0.01,2.36
3033640,99.25,119.50,0.00,0.00,0.00,364.75,0.01,1.92
3034140,99.25,119.50,0.00,0.00,0.00,364.75,0.01,1.92
3034640,99.25,119.25,0.00,0.00,0.00,364.23,0.01,2.43
3035140,99.00,119.25,0.00,0.00,0.00,364.23,0.01,2.43
3035640,99.00,119.00,0.00,0.00,0.00,363.91,0.00,1.61
3036140,99.00,119.00,0.00,0.00,0.00,363.91,0.00,1.61
3036640,99.00,119.00,0.00,0.00,0.00,364.40,0.01,1.97
3037140,99.00,118.75,0.00,0.00,0.00,364.40,0.01,1.97
3037640,99.00,118.75,0.00,0.00,0.00,363.97,0.01,2.27
3038140,99.00,118.50,0.00,0.00,0.00,363.97,0.01,2.27
3038640,99.00,118.50,0.00,0.00,0.00,364.64,0.01,2.39
3039140,99.00,118.50,0.00,0.00,0.00,364.64,0.01,2.39
3039640,99.00,118.25,0.00,0.00,0.00,363.98,0.01,2.15
3040140,99.00,118.25,0.00,0.00,0.00,363.98,0.01,2.15
3040640,99.00,118.25,0.00,0.00,0.00,364.38,0.01,2.15
3041140,99.00,118.25,0.00,0.00,0.00,364.38,0.01,2.15
3041640,98.75,118.00,0.00,0.00,0.00,364.28,0.00,1.77
3042140,98.75,118.00,0.00,0.00,0.00,364.28,0.00,1.77
3042640,98.75,117.75,0.00,0.00,0.00,364.08,0.01,2.01
3043140,98.75,117.75,0.00,0.00,0.00,364.08,0.01,2.01
3043640,98.75,117.75,0.00,0.00,0.00,363.73,0.01,2.10
3044140,98.50,117.50,0.00,0.00,0.00,363.73,0.01,2.10
3044640,98.50,117.50,0.00,0.00,0.00,363.36,0.01,2.18
3045140,98.50,117.25,0.00,0.00,0.00,363.36,0.01,2.18
3045640,98.50,117.25,0.00,0.00,0.00,364.30,0.00,1.77
3046140,98.50,117.25,0.00,0.00,0.00,364.30,0.00,1.77
3046640,98.25,117.00,0.00,0.00,0.00,365.26,0.01,1.83
3047140,98.25,117.00,0.00,0.00,0.00,365.26,0.01,1.83
3047640,98.25,116.75,0.00,0.00,0.00,365.66,0.01,2.40
3048140,98.25,116.75,0.00,0.00,0.00,365.66,0.01,2.40
3048640,98.25,116.75,0.00,0.00,0.00,364.66,0.01,2.11
3049140,98.00,116.50,0.00,0.00,0.00,364.66,0.01,2.11
3049640,98.00,116.50,0.00,0.00,0.00,363.97,0.01,1.87
3050140,98.00,116.50,0.00,0.00,0.00,363.97,0.01,1.87
3050640,98.00,116.50,0.00,0.00,0.00,364.10,0.01,1.97
3051140,97.75,116.25,0.00,0.00,0.00,364.10,0.01,1.97
3051640,97.75,116.25,0.00,0.00,0.00,363.91,0.01,2.10
3052140,97.75,116.00,0.00,0.00,0.00,363.91,0.01,2.10
3052640,97.75,116.00,0.00,0.00,0.00,364.20,0.01,2.47
3053140,97.50,116.00,0.00,0.00,0.00,364.20,0.01,2.47
3053640,97.50,115.75,0.00,0.00,0.00,365.64,0.01,2.07
3054140,97.50,115.75,0.00,0.00,0.00,365.64,0.01,2.07
3054640,97.25,115.75,0.00,0.00,0.00,365.65,0.00,1.72
3055140,97.25,115.50,0.00,0.00,0.00,365.65,0.00,1.72
3055640,97.00,115.50,0.00,0.00,0.00,364.22,0.01,2.10
3056140,97.00,115.25,0.00,0.00,0.00,364.22,0.01,2.10
3056640,97.00,115.25,0.00,0.00,0.00,364.65,0.01,1.92
3057140,97.00,115.25,0.00,0.00,0.00,364.65,0.01,1.92
3057640,96.75,115.00,0.00,0.00,0.00,364.70,0.01,2.28
3058140,96.75,115.00,0.00,0.00,0.00,364.70,0.01,2.28
3058640,96.75,115.00,0.00,0.00,0.00,363.84,0.01,2.10
3059140,96.50,114.75,0.00,0.00,0.00,363.84,0.01,2.10
3059640,96.50,114.75,0.00,0.00,0.00,365.83,0.01,2.32
3060140,96.50,114.50,0.00,0.00,0.00,365.83,0.01,2.32
3060640,96.25,114.50,0.00,0.00,0.00,363.89,0.01,1.97
3061140,96.25,114.50,0.00,0.00,0.00,363.89,0.01,1.97
3061640,96.25,114.25,0.00,0.00,0.00,363.46,0.01,2.01
3062140,96.25,114.00,0.00,0.00,0.00,363.46,0.01,2.01
3062640,96.00,114.00,0.00,0.00,0.00,364.20,0.01,1.82
3063140,96.00,114.00,0.00,0.00,0.00,364.20,0.01,1.82
3063640,96.00,114.00,0.00,0.00,0.00,364.78,0.01,2.19
3064140,96.00,113.75,0.00,0.00,0.00,364.78,0.01,2.19
3064640,96.00,113.75,0.00,0.00,0.00,364.12,0.01,2.31
3065140,96.00,113.75,0.00,0.00,0.00,364.12,0.01,2.31
3065640,95.75,113.50,0.00,0.00,0.00,364.20,0.00,1.77
3066140,95.75,113.50,0.00,0.00,0.00,364.20,0.00,1.77
3066640,95.75,113.50,0.00,0.00,0.00,364.67,0.01,2.06
3067140,95.75,113.50,0.00,0.00,0.00,364.67,0.01,2.06
3067640,95.75,113.25,0.00,0.00,0.00,363.92,0.01,2.35
3068140,95.50,113.25,0.00,0.00,0.00,363.92,0.01,2.35
3068640,95.50,113.25,0.00,0.00,0.00,365.50,0.01,2.20
3069140,95.25,113.00,0.00,0.00,0.00,365.50,0.01,2.20
3069640,95.50,113.00,0.00,0.00,0.00,364.18,0.01,2.23
3070140,95.25,112.75,0.00,0.00,0.00,364.18,0.01,2.23
3070640,95.25,112.75,0.00,0.00,0.00,364.31,0.01,2.15
3071140,95.25,112.75,0.00,0.00,0.00,364.31,0.01,2.15
3071640,95.25,112.75,0.00,0.00,0.00,362.87,0.01,2.10
3072140,95.00,112.75,0.00,0.00,0.00,362.87,0.01,2.10
3072640,95.00,112.50,0.00,0.00,0.00,364.09,0.01,2.54
3073140,95.00,112.50,0.00,0.00,0.00,364.09,0.01,2.54
3073640,95.00,112.50,0.00,0.00,0.00,363.70,0.01,2.19
3074140,95.00,112.25,0.00,0.00,0.00,363.70,0.01,2.19
3074640,94.75,112.25,0.00,0.00,0.00,364.03,0.01,2.06
3075140,94.75,112.25,0.00,0.00,0.00,364.03,0.01,2.06
3075640,94.75,112.00,0.00,0.00,0.00,363.82,0.01,2.23
3076140,94.50,112.00,0.00,0.00,0.00,363.82,0.01,2.23
3076640,94.50,111.75,0.00,0.00,0.00,363.95,0.01,2.10
3077140,94.50,111.75,0.00,0.00,0.00,363.95,0.01,2.10
3077640,94.25,111.75,0.00,0.00,0.00,363.51,0.00,1.55
3078140,94.25,111.50,0.00,0.00,0.00,363.51,0.00,1.55
3078640,94.25,111.50,0.00,0.00,0.00,363.45,0.01,2.10
3079140,94.25,111.50,0.00,0.00,0.00,363.45,0.01,2.10
3079640,94.00,111.25,0.00,0.00,0.00,364.32,0.01,1.92
3080140,94.25,111.25,0.00,0.00,0.00,364.32,0.01,1.92
3080640,94.00,111.00,0.00,0.00,0.00,363.62,0.01,2.06
3081140,93.75,111.00,0.00,0.00,0.00,363.62,0.01,2.06
3081640,93.75,110.75,0.00,0.00,0.00,364.06,0.01,2.23
3082140,93.75,110.75,0.00,0.00,0.00,364.06,0.01,2.23
3082640,93.75,110.75,0.00,0.00,0.00,363.60,0.01,2.06
3083140,93.50,110.75,0.00,0.00,0.00,363.60,0.01,2.06
3083640,93.50,110.50,0.00,0.00,0.00,363.67,0.01,1.82
3084140,93.25,110.50,0.00,0.00,0.00,363.67,0.01,1.82
3084640,93.25,110.25,0.00,0.00,0.00,363.48,0.01,2.10
3085140,93.25,110.25,0.00,0.00,0.00,363.48,0.01,2.10
3085640,93.25,110.00,0.00,0.00,0.00,363.89,0.00,1.66
3086140,93.00,110.00,0.00,0.00,0.00,363.89,0.00,1.66
3086640,93.00,110.00,0.00,0.00,0.00,363.72,0.01,1.97
3087140,93.00,110.00,0.00,0.00,0.00,363.72,0.01,1.97
3087640,93.00,109.75,0.00,0.00,0.00,363.82,0.01,1.97
3088140,92.75,109.75,0.00,0.00,0.00,363.82,0.01,1.97
3088640,92.75,109.75,0.00,0.00,0.00,364.13,0.00,1.61
3089140,92.75,109.50,0.00,0.00,0.00,364.13,0.00,1.61
3089640,92.50,109.50,0.00,0.00,0.00,364.84,0.01,2.19
3090140,92.50,109.50,0.00,0.00,0.00,364.84,0.01,2.19
3090640,92.50,109.25,0.00,0.00,0.00,364.10,0.01,2.10
3091140,92.50,109.25,0.00,0.00,0.00,364.10,0.01,2.10
3091640,92.25,109.25,0.00,0.00,0.00,363.31,0.01,2.23
3092140,92.25,109.00,0.00,0.00,0.00,363.31,0.01,2.23
3092640,92.25,109.00,0.00,0.00,0.00,362.81,0.01,1.96
3093140,92.00,108.75,0.00,0.00,0.00,362.81,0.01,1.96
3093640,92.00,108.75,0.00,0.00,0.00,363.93,0.01,2.01
3094140,92.00,108.75,0.00,0.00,0.00,363.93,0.01,2.01
3094640,91.75,108.75,0.00,0.00,0.00,364.64,0.01,1.82
3095140,91.75,108.50,0.00,0.00,0.00,364.64,0.01,1.82
3095640,91.75,108.50,0.00,0.00,0.00,364.94,0.01,2.11
3096140,91.50,108.50,0.00,0.00,0.00,364.94,0.01,2.11
3096640,91.50,108.50,0.00,0.00,0.00,363.94,0.01,2.01
3097140,91.50,108.25,0.00,0.00,0.00,363.94,0.01,2.01
3097640,91.50,108.25,0.00,0.00,0.00,363.69,0.01,2.06
3098140,91.25,108.25,0.00,0.00,0.00,363.69,0.01,2.06
3098640,91.25,108.00,0.00,0.00,0.00,363.45,0.01,2.10
3099140,91.25,108.00,0.00,0.00,0.00,363.45,0.01,2.10
3099640,91.00,108.00,0.00,0.00,0.00,364.10,0.00,1.66
3100140,91.00,108.00,0.00,0.00,0.00,364.10,0.00,1.66
3100640,91.00,107.75,0.00,0.00,0.00,363.47,0.01,2.14
3101140,91.00,107.75,0.00,0.00,0.00,363.47,0.01,2.14
3101640,91.00,107.75,0.00,0.00,0.00,363.35,0.01,1.82
3102140,90.75,107.75,0.00,0.00,0.00,363.35,0.01,1.82
3102640,90.75,107.50,0.00,0.00,0.00,364.12,0.01,1.92
3103140,90.75,107.50,0.00,0.00,0.00,364.12,0.01,1.92
3103640,90.75,107.50,0.00,0.00,0.00,363.44,0.01,1.92
3104140,90.75,107.50,0.00,0.00,0.00,363.44,0.01,1.92
3104640,90.75,107.25,0.00,0.00,0.00,363.44,0.01,2.01
3105140,90.50,107.25,0.00,0.00,0.00,363.44,0.01,2.01
3105640,90.50,107.25,0.00,0.00,0.00,363.98,0.01,2.19
3106140,90.25,107.25,0.00,0.00,0.00,363.98,0.01,2.19
3106640,90.50,107.00,0.00,0.00,0.00,363.73,0.01,1.87
3107140,90.25,107.00,0.00,0.00,0.00,363.73,0.01,1.87
3107640,90.25,107.00,0.00,0.00,0.00,363.92,0.01,1.97
3108140,90.25,107.00,0.00,0.00,0.00,363.92,0.01,1.97
3108640,90.25,107.00,0.00,0.00,0.00,364.15,0.01,2.19
3109140,90.25,106.75,0.00,0.00,0.00,364.15,0.01,2.19
3109640,90.00,106.75,0.00,0.00,0.00,363.89,0.01,2.15
3110140,90.00,106.50,0.00,0.00,0.00,363.89,0.01,2.15
3110640,90.00,106.50,0.00,0.00,0.00,364.21,0.01,2.27
3111140,90.00,106.50,0.00,0.00,0.00,364.21,0.01,2.27
3111640,89.75,106.25,0.00,0.00,0.00,363.90,0.01,1.92
3112140,89.75,106.25,0.00,0.00,0.00,363.90,0.01,1.92
3112640,89.75,106.25,0.00,0.00,0.00,363.85,0.01,1.97
3113140,89.50,106.00,0.00,0.00,0.00,363.85,0.01,1.97
3113640,89.50,106.00,0.00,0.00,0.00,363.69,0.01,1.92
3114140,89.50,105.75,0.00,0.00,0.00,363.69,0.01,1.92
3114640,89.50,105.75,0.00,0.00,0.00,363.46,0.01,2.01
3115140,89.25,105.75,0.00,0.00,0.00,363.46,0.01,2.01
3115640,89.25,105.75,0.00,0.00,0.00,364.13,0.01,2.15
3116140,89.25,105.50,0.00,0.00,0.00,364.13,0.01,2.15
3116640,89.25,105.50,0.00,0.00,0.00,363.36,0.01,2.01
3117140,89.00,105.50,0.00,0.00,0.00,363.36,0.01,2.01
3117640,89.00,105.25,0.00,0.00,0.00,363.60,0.01,2.01
3118140,89.00,105.25,0.00,0.00,0.00,363.60,0.01,2.01
3118640,88.75,105.00,0.00,0.00,0.00,364.11,0.01,2.06
3119140,88.75,105.00,0.00,0.00,0.00,364.11,0.01,2.06
3119640,88.75,105.00,0.00,0.00,0.00,364.05,0.01,2.58
3120140,88.75,104.75,0.00,0.00,0.00,364.05,0.01,2.58
3120640,88.75,104.75,0.00,0.00,0.00,364.30,0.01,2.23
3121140,88.50,104.75,0.00,0.00,0.00,364.30,0.01,2.23
3121640,88.50,104.50,0.00,0.00,0.00,364.27,0.01,1.97
3122140,88.50,104.50,0.00,0.00,0.00,364.27,0.01,1.97
3122640,88.50,104.50,0.00,0.00,0.00,363.56,0.01,1.87
3123140,88.25,104.50,0.00,0.00,0.00,363.56,0.01,1.87
3123640,88.25,104.25,0.00,0.00,0.00,364.65,0.01,1.87
3124140,88.25,104.25,0.00,0.00,0.00,364.65,0.01,1.87
3124640,88.25,104.00,0.00,0.00,0.00,364.26,0.01,2.06
3125140,88.00,104.00,0.00,0.00,0.00,364.26,0.01,2.06
3125640,88.00,104.00,0.00,0.00,0.00,364.44,0.01,1.87
3126140,88.00,104.00,0.00,0.00,0.00,364.44,0.01,1.87
3126640,88.00,103.75,0.00,0.00,0.00,363.85,0.00,1.77
3127140,87.75,103.75,0.00,0.00,0.00,363.85,0.00,1.77
3127640,87.75,103.75,0.00,0.00,0.00,364.00,0.01,1.97
3128140,87.50,103.50,0.00,0.00,0.00,364.00,0.01,1.97
3128640,87.50,103.50,0.00,0.00,0.00,362.97,0.00,1.66
3129140,87.50,103.50,0.00,0.00,0.00,362.97,0.00,1.66
3129640,87.50,103.25,0.00,0.00,0.00,364.54,0.01,2.06
3130140,87.25,103.25,0.00,0.00,0.00,364.54,0.01,2.06
3130640,87.25,103.25,0.00,0.00,0.00,364.51,0.01,1.82
3131140,87.25,103.25,0.00,0.00,0.00,364.51,0.01,1.82
3131640,87.25,103.00,0.00,0.00,0.00,364.11,0.01,1.97
3132140,87.25,103.00,0.00,0.00,0.00,364.11,0.01,1.97
3132640,87.25,103.00,0.00,0.00,0.00,362.46,0.01,2.09
3133140,87.00,102.75,0.00,0.00,0.00,362.46,0.01,2.09
3133640,87.00,102.75,0.00,0.00,0.00,363.12,0.01,2.05
3134140,87.00,102.75,0.00,0.00,0.00,363.12,0.01,2.05
3134640,87.00,102.50,0.00,0.00,0.00,363.95,0.01,2.10
3135140,87.00,102.50,0.00,0.00,0.00,363.95,0.01,2.10
3135640,86.75,102.50,0.00,0.00,0.00,364.48,0.01,2.19
3136140,86.75,102.25,0.00,0.00,0.00,364.48,0.01,2.19
3136640,86.75,102.25,0.00,0.00,0.00,363.09,0.01,2.14
3137140,86.75,102.25,0.00,0.00,0.00,363.09,0.01,2.14
3137640,86.50,102.00,0.00,0.00,0.00,363.59,0.01,2.14
3138140,86.50,102.00,0.00,0.00,0.00,363.59,0.01,2.14
3138640,86.25,102.00,0.00,0.00,0.00,365.01,0.01,2.19
3139140,86.25,101.75,0.00,0.00,0.00,365.01,0.01,2.19
3139640,86.25,101.75,0.00,0.00,0.00,363.12,0.01,2.18
3140140,86.25,101.75,0.00,0.00,0.00,363.12,0.01,2.18
3140640,86.25,101.50,0.00,0.00,0.00,362.38,0.01,2.22
3141140,86.25,101.50,0.00,0.00,0.00,362.38,0.01,2.22
3141640,86.00,101.50,0.00,0.00,0.00,363.26,0.01,2.01
3142140,85.75,101.25,0.00,0.00,0.00,363.26,0.01,2.01
3142640,85.75,101.25,0.00,0.00,0.00,363.62,0.01,2.39
3143140,85.75,101.25,0.00,0.00,0.00,363.62,0.01,2.39
3143640,85.75,101.25,0.00,0.00,0.00,363.36,0.01,2.14
3144140,85.75,101.00,0.00,0.00,0.00,363.36,0.01,2.14
3144640,85.75,101.00,0.00,0.00,0.00,364.25,0.00,1.77
3145140,85.50,100.75,0.00,0.00,0.00,364.25,0.00,1.77
3145640,85.50,100.75,0.00,0.00,0.00,364.30,0.01,2.06
3146140,85.50,100.75,0.00,0.00,0.00,364.30,0.01,2.06
3146640,85.25,100.75,0.00,0.00,0.00,364.19,0.01,2.06
3147140,85.25,100.50,0.00,0.00,0.00,364.19,0.01,2.06
3147640,85.25,100.50,0.00,0.00,0.00,363.73,0.01,1.92
3148140,85.00,100.50,0.00,0.00,0.00,363.73,0.01,1.92
3148640,85.00,100.50,0.00,0.00,0.00,363.57,0.01,2.06
3149140,85.00,100.25,0.00,0.00,0.00,363.57,0.01,2.06
3149640,85.00,100.25,0.00,0.00,0.00,363.69,0.01,2.01
3150140,85.00,100.25,0.00,0.00,0.00,363.69,0.01,2.01
3150640,85.00,100.25,0.00,0.00,0.00,363.09,0.01,2.22
3151140,85.00,100.25,0.00,0.00,0.00,363.09,0.01,2.22
3151640,85.00,100.25,0.00,0.00,0.00,364.98,0.01,2.11
3152140,85.00,100.00,0.00,0.00,0.00,364.98,0.01,2.11
3152640,85.00,100.25,0.00,0.00,0.00,363.74,0.01,2.10
3153140,85.00,100.00,0.00,0.00,0.00,363.74,0.01,2.10
3153640,85.00,100.00,0.00,0.00,0.00,363.59,0.01,2.27
3154140,85.00,100.00,0.00,0.00,0.00,363.59,0.01,2.27
3154640,85.00,100.00,0.00,0.00,0.00,365.17,0.01,2.24
3155140,85.00,99.75,0.00,0.00,0.00,365.17,0.01,2.24
3155640,84.75,99.75,0.00,0.00,0.00,362.65,0.01,2.01
3156140,84.75,99.75,0.00,0.00,0.00,362.65,0.01,2.01
3156640,84.75,99.75,0.00,0.00,0.00,363.36,0.00,1.71
3157140,84.75,99.75,0.00,0.00,0.00,363.36,0.00,1.71
3157640,84.75,99.75,0.00,0.00,0.00,364.87,0.00,1.77
3158140,84.50,99.50,0.00,0.00,0.00,364.87,0.00,1.77
3158640,84.50,99.50,0.00,0.00,0.00,363.63,0.01,2.01
3159140,84.50,99.50,0.00,0.00,0.00,363.63,0.01,2.01
3159640,84.50,99.50,0.00,0.00,0.00,363.96,0.00,1.61
3160140,84.50,99.50,0.00,0.00,0.00,363.96,0.00,1.61
3160640,84.50,99.25,0.00,0.00,0.00,363.75,0.01,1.97
3161140,84.50,99.25,0.00,0.00,0.00,363.75,0.01,1.97
3161640,84.50,99.25,0.00,0.00,0.00,364.27,0.01,1.87
3162140,84.25,99.25,0.00,0.00,0.00,364.27,0.01,1.87
3162640,84.25,99.25,0.00,0.00,0.00,364.13,0.01,2.06
3163140,84.25,99.25,0.00,0.00,0.00,364.13,0.01,2.06
3163640,84.25,99.00,0.00,0.00,0.00,363.93,0.01,2.19
3164140,84.25,99.00,0.00,0.00,0.00,363.93,0.01,2.19
3164640,84.50,99.00,0.00,0.00,0.00,364.10,0.00,1.77
3165140,84.50,99.00,0.00,0.00,0.00,364.10,0.00,1.77
3165640,84.50,99.00,0.00,0.00,0.00,365.02,0.01,2.19
3166140,84.50,99.00,0.00,0.00,0.00,365.02,0.01,2.19
3166640,84.50,99.00,0.00,0.00,0.00,364.82,0.01,2.19
3167140,84.50,99.00,0.00,0.00,0.00,364.82,0.01,2.19
3167640,84.50,99.00,0.00,0.00,0.00,364.27,0.00,1.77
3168140,84.50,99.00,0.00,0.00,0.00,364.27,0.00,1.77
3168640,84.25,99.00,0.00,0.00,0.00,363.67,0.01,2.31
3169140,84.25,98.75,0.00,0.00,0.00,363.67,0.01,2.31
3169640,84.25,98.75,0.00,0.00,0.00,363.49,0.01,2.27
3170140,84.25,98.75,0.00,0.00,0.00,363.49,0.01,2.27
3170640,84.25,98.75,0.00,0.00,0.00,364.18,0.01,2.06
3171140,84.00,98.75,0.00,0.00,0.00,364.18,0.01,2.06
3171640,84.00,98.75,0.00,0.00,0.00,362.83,0.00,1.76
3172140,84.00,98.75,0.00,0.00,0.00,362.83,0.00,1.76
3172640,84.00,98.75,0.00,0.00,0.00,362.24,0.01,2.00
3173140,84.00,98.50,0.00,0.00,0.00,362.24,0.01,2.00
3173640,84.00,98.50,0.00,0.00,0.00,362.38,0.01,1.91
3174140,84.00,98.50,0.00,0.00,0.00,362.38,0.01,1.91
3174640,84.00,98.25,0.00,0.00,0.00,363.40,0.01,1.96
3175140,84.00,98.25,0.00,0.00,0.00,363.40,0.01,1.96
3175640,84.00,98.25,0.00,0.00,0.00,363.92,0.01,1.92
3176140,83.75,98.25,0.00,0.00,0.00,363.92,0.01,1.92
3176640,83.75,98.25,0.00,0.00,0.00,363.79,0.00,1.77
3177140,83.75,98.25,0.00,0.00,0.00,363.79,0.00,1.77
3177640,83.75,98.25,0.00,0.00,0.00,364.14,0.01,1.87
3178140,83.75,98.25,0.00,0.00,0.00,364.14,0.01,1.87
3178640,83.75,98.00,0.00,0.00,0.00,363.21,0.01,1.96
3179140,83.50,98.00,0.00,0.00,0.00,363.21,0.01,1.96
3179640,83.50,98.00,0.00,0.00,0.00,363.35,0.01,1.92
3180140,83.50,98.00,0.00,0.00,0.00,363.35,0.01,1.92
3180640,83.50,98.00,0.00,0.00,0.00,362.34,0.01,2.30
3181140,83.50,98.00,0.00,0.00,0.00,362.34,0.01,2.30
3181640,83.50,98.00,0.00,0.00,0.00,363.36,0.00,1.77
3182140,83.50,98.00,0.00,0.00,0.00,363.36,0.00,1.77
3182640,83.25,98.00,0.00,0.00,0.00,363.07,0.01,1.87
3183140,83.50,98.00,0.00,0.00,0.00,363.07,0.01,1.87
3183640,83.00,98.00,0.00,0.00,0.00,362.34,0.01,1.96
3184140,83.00,97.75,0.00,0.00,0.00,362.34,0.01,1.96
3184640,83.00,97.75,0.00,0.00,0.00,363.56,0.01,2.31
3185140,83.00,97.75,0.00,0.00,0.00,363.56,0.01,2.31
3185640,82.75,97.75,0.00,0.00,0.00,363.59,0.00,1.77
3186140,82.75,97.75,0.00,0.00,0.00,363.59,0.00,1.77
3186640,82.75,97.75,0.00,0.00,0.00,363.12,0.01,1.82
3187140,82.75,98.00,0.00,0.00,0.00,363.12,0.01,1.82
3187640,82.75,98.00,0.00,0.00,0.00,362.74,0.01,2.18
3188140,82.75,97.75,0.00,0.00,0.00,362.74,0.01,2.18
3188640,82.75,97.75,0.00,0.00,0.00,362.29,0.01,2.05
3189140,82.50,97.75,0.00,0.00,0.00,362.29,0.01,2.05
3189640,82.75,97.75,0.00,0.00,0.00,362.45,0.01,2.00
3190140,82.75,97.75,0.00,0.00,0.00,362.45,0.01,2.00
3190640,82.50,97.75,0.00,0.00,0.00,363.49,0.01,1.82
3191140,82.50,97.75,0.00,0.00,0.00,363.49,0.01,1.82
3191640,82.50,97.75,0.00,0.00,0.00,361.68,0.01,2.05
3192140,82.50,97.50,0.00,0.00,0.00,361.68,0.01,2.05
3192640,82.50,97.75,0.00,0.00,0.00,361.61,0.01,2.00
3193140,82.50,97.75,0.00,0.00,0.00,361.61,0.01,2.00
3193640,82.25,97.50,0.00,0.00,0.00,363.90,0.01,2.19
3194140,82.25,97.50,0.00,0.00,0.00,363.90,0.01,2.19
3194640,82.25,97.50,0.00,0.00,0.00,362.60,0.01,2.26
3195140,82.00,97.50,0.00,0.00,0.00,362.60,0.01,2.26
3195640,82.25,97.50,0.00,0.00,0.00,363.09,0.01,2.01
3196140,82.00,97.50,0.00,0.00,0.00,363.09,0.01,2.01
3196640,82.00,97.25,0.00,0.00,0.00,362.98,0.01,2.22
3197140,82.00,97.25,0.00,0.00,0.00,362.98,0.01,2.22
3197640,82.00,97.25,0.00,0.00,0.00,363.17,0.01,2.23
3198140,82.00,97.25,0.00,0.00,0.00,363.17,0.01,2.23
3198640,81.75,97.25,0.00,0.00,0.00,362.36,0.01,1.86
3199140,82.00,97.25,0.00,0.00,0.00,362.36,0.01,1.86
3199640,81.75,97.25,0.00,0.00,0.00,362.52,0.01,2.18
3200140,81.75,97.25,0.00,0.00,0.00,362.52,0.01,2.18
3200640,81.75,97.25,0.00,0.00,0.00,363.14,0.01,2.18
3201140,81.75,97.25,0.00,0.00,0.00,363.14,0.01,2.18
3201640,81.75,97.50,0.00,0.00,0.00,363.03,0.01,2.22
3202140,81.50,97.25,0.00,0.00,0.00,363.03,0.01,2.22
3202640,81.50,97.25,0.00,0.00,0.00,362.86,0.01,2.34
3203140,81.50,97.25,0.00,0.00,0.00,362.86,0.01,2.34
3203640,81.50,97.25,0.00,0.00,0.00,362.89,0.01,2.05
3204140,81.50,97.25,0.00,0.00,0.00,362.89,0.01,2.05
3204640,81.50,97.25,0.00,0.00,0.00,362.55,0.01,1.96
3205140,81.25,97.25,0.00,0.00,0.00,362.55,0.01,1.96
3205640,81.50,97.25,0.00,0.00,0.00,362.73,0.01,2.22
3206140,81.25,97.25,0.00,0.00,0.00,362.73,0.01,2.22
3206640,81.25,97.25,0.00,0.00,0.00,363.57,0.01,1.82
3207140,81.25,97.25,0.00,0.00,0.00,363.57,0.01,1.82
3207640,81.25,97.25,0.00,0.00,0.00,362.80,0.01,2.05
3208140,81.25,97.25,0.00,0.00,0.00,362.80,0.01,2.05
3208640,81.25,97.25,0.00,0.00,0.00,363.28,0.01,1.87
3209140,81.00,97.25,0.00,0.00,0.00,363.28,0.01,1.87
3209640,81.00,97.25,0.00,0.00,0.00,362.93,0.01,1.96
3210140,81.25,97.25,0.00,0.00,0.00,362.93,0.01,1.96
3210640,81.00,97.25,0.00,0.00,0.00,363.51,0.01,2.27
3211140,81.00,97.25,0.00,0.00,0.00,363.51,0.01,2.27
3211640,81.00,97.25,0.00,0.00,0.00,363.23,0.01,2.05
3212140,81.00,97.25,0.00,0.00,0.00,363.23,0.01,2.05
3212640,81.00,97.25,0.00,0.00,0.00,363.01,0.01,1.96
3213140,81.00,97.25,0.00,0.00,0.00,363.01,0.01,1.96
3213640,81.00,97.25,0.00,0.00,0.00,361.89,0.01,2.26
3214140,81.00,97.25,0.00,0.00,0.00,361.89,0.01,2.26
3214640,81.00,97.50,0.00,0.00,0.00,362.72,0.01,1.86
3215140,81.00,97.25,0.00,0.00,0.00,362.72,0.01,1.86
3215640,81.00,97.25,0.00,0.00,0.00,362.38,0.01,2.22
3216140,81.00,97.25,0.00,0.00,0.00,362.38,0.01,2.22
3216640,81.00,97.25,0.00,0.00,0.00,362.95,0.01,1.91
3217140,80.75,97.25,0.00,0.00,0.00,362.95,0.01,1.91
3217640,80.75,97.25,0.00,0.00,0.00,363.58,0.01,2.01
3218140,81.00,97.25,0.00,0.00,0.00,363.58,0.01,2.01
3218640,81.00,97.25,0.00,0.00,0.00,363.19,0.01,2.35
3219140,81.00,97.25,0.00,0.00,0.00,363.19,0.01,2.35
3219640,80.75,97.25,0.00,0.00,0.00,363.43,0.01,2.14
3220140,80.75,97.25,0.00,0.00,0.00,363.43,0.01,2.14
3220640,80.75,97.25,0.00,0.00,0.00,362.52,0.01,2.22
3221140,80.75,97.25,0.00,0.00,0.00,362.52,0.01,2.22
3221640,80.75,97.25,0.00,0.00,0.00,362.96,0.00,1.76
3222140,80.75,97.25,0.00,0.00,0.00,362.96,0.00,1.76
3222640,80.75,97.25,0.00,0.00,0.00,361.96,0.01,1.86
3223140,80.75,97.25,0.00,0.00,0.00,361.96,0.01,1.86
3223640,80.75,97.00,0.00,0.00,0.00,362.63,0.00,1.71
3224140,80.75,97.00,0.00,0.00,0.00,362.63,0.00,1.71
3224640,80.75,97.00,0.00,0.00,0.00,363.16,0.01,2.14
3225140,80.75,97.00,0.00,0.00,0.00,363.16,0.01,2.14
3225640,80.75,97.00,0.00,0.00,0.00,362.50,0.00,1.28
3226140,80.75,97.00,0.00,0.00,0.00,362.50,0.00,1.28
3226640,80.75,97.00,0.00,0.00,0.00,362.92,0.00,1.54
3227140,80.75,97.00,0.00,0.00,0.00,362.92,0.00,1.54
3227640,80.50,97.00,0.00,0.00,0.00,362.59,0.01,2.05
3228140,80.50,97.00,0.00,0.00,0.00,362.59,0.01,2.05
3228640,80.50,96.75,0.00,0.00,0.00,362.04,0.01,1.86
3229140,80.50,96.75,0.00,0.00,0.00,362.04,0.01,1.86
3229640,80.50,96.75,0.00,0.00,0.00,361.65,0.01,1.95
3230140,80.50,96.75,0.00,0.00,0.00,361.65,0.01,1.95
3230640,80.50,96.75,0.00,0.00,0.00,362.01,0.01,2.18
3231140,80.50,96.75,0.00,0.00,0.00,362.01,0.01,2.18
3231640,80.25,96.50,0.00,0.00,0.00,362.32,0.01,1.96
3232140,80.25,96.50,0.00,0.00,0.00,362.32,0.01,1.96
3232640,80.25,96.50,0.00,0.00,0.00,362.80,0.01,2.01
3233140,80.25,96.50,0.00,0.00,0.00,362.80,0.01,2.01
3233640,80.25,96.50,0.00,0.00,0.00,361.90,0.01,2.05
3234140,80.25,96.50,0.00,0.00,0.00,361.90,0.01,2.05
3234640,80.25,96.50,0.00,0.00,0.00,362.68,0.01,2.18
3235140,80.25,96.50,0.00,0.00,0.00,362.68,0.01,2.18
3235640,80.25,96.50,0.00,0.00,0.00,363.06,0.01,2.10
3236140,80.25,96.50,0.00,0.00,0.00,363.06,0.01,2.10
3236640,80.25,96.50,0.00,0.00,0.00,362.92,0.01,1.82
3237140,80.25,96.25,0.00,0.00,0.00,362.92,0.01,1.82
3237640,80.00,96.25,0.00,0.00,0.00,363.47,0.01,2.42
3238140,80.25,96.25,0.00,0.00,0.00,363.47,0.01,2.42
3238640,80.00,96.25,0.00,0.00,0.00,362.30,0.01,2.30
3239140,80.00,96.25,0.00,0.00,0.00,362.30,0.01,2.30
3239640,80.00,96.25,0.00,0.00,0.00,361.41,0.01,2.09
3240140,80.00,96.25,0.00,0.00,0.00,361.41,0.01,2.09
3240640,80.00,96.00,0.00,0.00,0.00,362.34,0.01,2.18
3241140,80.00,96.00,0.00,0.00,0.00,362.34,0.01,2.18
3241640,80.00,96.00,0.00,0.00,0.00,362.68,0.01,1.96
3242140,80.00,96.00,0.00,0.00,0.00,362.68,0.01,1.96
3242640,80.00,96.00,0.00,0.00,0.00,362.16,0.01,1.96
3243140,79.75,95.75,0.00,0.00,0.00,362.16,0.01,1.96
3243640,79.75,95.75,0.00,0.00,0.00,362.80,0.01,2.01
3244140,79.75,95.75,0.00,0.00,0.00,362.80,0.01,2.01
3244640,79.75,95.75,0.00,0.00,0.00,361.93,0.01,1.91
3245140,79.75,95.75,0.00,0.00,0.00,361.93,0.01,1.91
3245640,79.75,95.75,0.00,0.00,0.00,361.90,0.01,2.18
3246140,79.75,95.75,0.00,0.00,0.00,361.90,0.01,2.18
3246640,79.75,95.75,0.00,0.00,0.00,362.32,0.01,1.81
3247140,79.50,95.50,0.00,0.00,0.00,362.32,0.01,1.81
3247640,79.50,95.50,0.00,0.00,0.00,362.07,0.00,1.76
3248140,79.50,95.50,0.00,0.00,0.00,362.07,0.00,1.76
3248640,79.50,95.50,0.00,0.00,0.00,362.56,0.01,1.86
3249140,79.50,95.50,0.00,0.00,0.00,362.56,0.01,1.86
3249640,79.50,95.25,0.00,0.00,0.00,363.73,0.01,2.10
3250140,79.50,95.50,0.00,0.00,0.00,363.73,0.01,2.10
3250640,79.50,95.25,0.00,0.00,0.00,362.69,0.01,1.96
3251140,79.25,95.25,0.00,0.00,0.00,362.69,0.01,1.96
3251640,79.25,95.25,0.00,0.00,0.00,362.76,0.01,2.26
3252140,79.25,95.25,0.00,0.00,0.00,362.76,0.01,2.26
3252640,79.25,95.25,0.00,0.00,0.00,361.93,0.01,1.86
3253140,79.25,95.25,0.00,0.00,0.00,361.93,0.01,1.86
3253640,79.00,95.25,0.00,0.00,0.00,361.89,0.01,1.91
3254140,79.00,95.00,0.00,0.00,0.00,361.89,0.01,1.91
3254640,79.00,95.00,0.00,0.00,0.00,361.84,0.01,2.30
3255140,79.00,95.00,0.00,0.00,0.00,361.84,0.01,2.30
3255640,79.00,95.00,0.00,0.00,0.00,361.66,0.01,1.91
3256140,79.00,95.00,0.00,0.00,0.00,361.66,0.01,1.91
3256640,79.00,94.75,0.00,0.00,0.00,362.73,0.01,2.18
3257140,79.00,94.75,0.00,0.00,0.00,362.73,0.01,2.18
3257640,79.00,94.75,0.00,0.00,0.00,362.96,0.00,1.66
3258140,79.00,94.75,0.00,0.00,0.00,362.96,0.00,1.66
3258640,79.00,94.50,0.00,0.00,0.00,362.94,0.01,2.18
3259140,79.00,94.50,0.00,0.00,0.00,362.94,0.01,2.18
3259640,79.00,94.50,0.00,0.00,0.00,362.53,0.01,2.01
3260140,78.75,94.25,0.00,0.00,0.00,362.53,0.01,2.01
3260640,78.75,94.25,0.00,0.00,0.00,362.16,0.01,1.86
3261140,78.75,94.25,0.00,0.00,0.00,362.16,0.01,1.86
3261640,78.75,94.25,0.00,0.00,0.00,362.50,0.01,2.05
3262140,78.75,94.25,0.00,0.00,0.00,362.50,0.01,2.05
3262640,78.75,94.25,0.00,0.00,0.00,361.36,0.01,1.86
3263140,78.75,94.00,0.00,0.00,0.00,361.36,0.01,1.86
3263640,78.75,94.00,0.00,0.00,0.00,362.44,0.01,2.05
3264140,78.75,94.00,0.00,0.00,0.00,362.44,0.01,2.05
3264640,78.75,94.00,0.00,0.00,0.00,362.55,0.01,2.18
3265140,78.75,94.00,0.00,0.00,0.00,362.55,0.01,2.18
3265640,78.75,94.00,0.00,0.00,0.00,361.84,0.01,2.13
3266140,78.75,94.00,0.00,0.00,0.00,361.84,0.01,2.13
3266640,78.50,94.00,0.00,0.00,0.00,360.88,0.01,2.04
3267140,78.50,93.75,0.00,0.00,0.00,360.88,0.01,2.04
3267640,78.50,93.75,0.00,0.00,0.00,360.62,0.01,2.08
3268140,78.50,93.75,0.00,0.00,0.00,360.62,0.01,2.08
3268640,78.50,93.75,0.00,0.00,0.00,361.22,0.01,1.90
3269140,78.50,93.75,0.00,0.00,0.00,361.22,0.01,1.90
3269640,78.50,93.75,0.00,0.00,0.00,361.33,0.01,2.13
3270140,78.50,93.75,0.00,0.00,0.00,361.33,0.01,2.13
3270640,78.25,93.50,0.00,0.00,0.00,360.56,0.01,1.95
3271140,78.25,93.50,0.00,0.00,0.00,360.56,0.01,1.95
3271640,78.25,93.50,0.00,0.00,0.00,360.61,0.01,1.80
3272140,78.25,93.50,0.00,0.00,0.00,360.61,0.01,1.80
3272640,78.25,93.50,0.00,0.00,0.00,360.59,0.01,2.04
3273140,78.25,93.50,0.00,0.00,0.00,360.59,0.01,2.04
3273640,78.00,93.50,0.00,0.00,0.00,360.72,0.01,2.04
3274140,78.25,93.25,0.00,0.00,0.00,360.72,0.01,2.04
3274640,78.00,93.50,0.00,0.00,0.00,360.44,0.00,1.70
3275140,78.00,93.25,0.00,0.00,0.00,360.44,0.00,1.70
3275640,78.00,93.25,0.00,0.00,0.00,360.61,0.01,2.13
3276140,78.00,93.25,0.00,0.00,0.00,360.61,0.01,2.13
3276640,77.75,93.25,0.00,0.00,0.00,359.98,0.01,2.08
3277140,77.75,93.00,0.00,0.00,0.00,359.98,0.01,2.08
3277640,77.75,93.00,0.00,0.00,0.00,359.49,0.01,1.94
3278140,77.75,93.00,0.00,0.00,0.00,359.49,0.01,1.94
3278640,77.75,93.00,0.00,0.00,0.00,359.45,0.01,2.43
3279140,77.50,93.00,0.00,0.00,0.00,359.45,0.01,2.43
3279640,77.50,92.75,0.00,0.00,0.00,359.92,0.01,1.99
3280140,77.50,92.75,0.00,0.00,0.00,359.92,0.01,1.99
3280640,77.50,92.75,0.00,0.00,0.00,359.97,0.01,2.04
3281140,77.50,92.75,0.00,0.00,0.00,359.97,0.01,2.04
3281640,77.50,92.75,0.00,0.00,0.00,360.51,0.01,2.04
3282140,77.25,92.75,0.00,0.00,0.00,360.51,0.01,2.04
3282640,77.25,92.75,0.00,0.00,0.00,361.22,0.01,2.04
3283140,77.25,92.50,0.00,0.00,0.00,361.22,0.01,2.04
3283640,77.25,92.50,0.00,0.00,0.00,360.34,0.01,1.95
3284140,77.25,92.50,0.00,0.00,0.00,360.34,0.01,1.95
3284640,77.25,92.50,0.00,0.00,0.00,360.03,0.01,1.80
3285140,77.25,92.25,0.00,0.00,0.00,360.03,0.01,1.80
3285640,77.00,92.25,0.00,0.00,0.00,361.07,0.01,1.81
3286140,77.00,92.25,0.00,0.00,0.00,361.07,0.01,1.81
3286640,77.25,92.25,0.00,0.00,0.00,360.25,0.01,2.12
3287140,77.25,92.00,0.00,0.00,0.00,360.25,0.01,2.12
3287640,77.25,92.00,0.00,0.00,0.00,361.29,0.01,2.04
3288140,77.25,92.00,0.00,0.00,0.00,361.29,0.01,2.04
3288640,77.00,91.75,0.00,0.00,0.00,360.44,0.01,1.90
3289140,77.00,91.75,0.00,0.00,0.00,360.44,0.01,1.90
3289640,77.00,91.75,0.00,0.00,0.00,360.84,0.01,2.37
3290140,77.00,91.50,0.00,0.00,0.00,360.84,0.01,2.37
3290640,77.00,91.50,0.00,0.00,0.00,359.42,0.01,2.28
3291140,76.75,91.50,0.00,0.00,0.00,359.42,0.01,2.28
3291640,76.75,91.25,0.00,0.00,0.00,360.01,0.01,1.90
3292140,76.75,91.25,0.00,0.00,0.00,360.01,0.01,1.90
3292640,76.75,91.25,0.00,0.00,0.00,360.26,0.01,1.95
3293140,76.75,91.00,0.00,0.00,0.00,360.26,0.01,1.95
3293640,76.75,91.00,0.00,0.00,0.00,361.05,0.01,2.09
3294140,76.75,91.00,0.00,0.00,0.00,361.05,0.01,2.09
3294640,76.75,90.75,0.00,0.00,0.00,359.78,0.00,1.53
3295140,76.75,90.75,0.00,0.00,0.00,359.78,0.00,1.53
3295640,76.75,90.75,0.00,0.00,0.00,358.82,0.01,2.16
3296140,76.75,90.75,0.00,0.00,0.00,358.82,0.01,2.16
3296640,76.75,90.75,0.00,0.00,0.00,360.44,0.01,1.95
3297140,76.75,90.50,0.00,0.00,0.00,360.44,0.01,1.95
3297640,76.75,90.50,0.00,0.00,0.00,359.62,0.01,2.20
3298140,76.50,90.50,0.00,0.00,0.00,359.62,0.01,2.20
3298640,76.75,90.50,0.00,0.00,0.00,359.71,0.01,1.94
3299140,76.75,90.50,0.00,0.00,0.00,359.71,0.01,1.94
3299640,76.75,90.50,0.00,0.00,0.00,360.37,0.01,1.95
3300140,76.75,90.50,0.00,0.00,0.00,360.37,0.01,1.95
3300640,76.75,90.25,0.00,0.00,0.00,360.02,0.01,2.04
3301140,76.75,90.25,0.00,0.00,0.00,360.02,0.01,2.04
3301640,76.75,90.25,0.00,0.00,0.00,360.71,0.01,2.37
3302140,76.75,90.25,0.00,0.00,0.00,360.71,0.01,2.37
3302640,76.75,90.25,0.00,0.00,0.00,358.07,0.01,2.19
3303140,76.75,90.25,0.00,0.00,0.00,358.07,0.01,2.19
3303640,76.75,90.25,0.00,0.00,0.00,360.98,0.01,1.90
3304140,76.75,90.25,0.00,0.00,0.00,360.98,0.01,1.90
3304640,76.75,90.25,0.00,0.00,0.00,359.21,0.01,1.99
3305140,76.50,90.25,0.00,0.00,0.00,359.21,0.01,1.99
3305640,76.75,90.25,0.00,0.00,0.00,361.21,0.01,2.09
3306140,76.50,90.25,0.00,0.00,0.00,361.21,0.01,2.09
3306640,76.50,90.25,0.00,0.00,0.00,360.39,0.01,2.21
3307140,76.50,90.25,0.00,0.00,0.00,360.39,0.01,2.21
3307640,76.50,90.25,0.00,0.00,0.00,360.32,0.01,2.12
3308140,76.50,90.00,0.00,0.00,0.00,360.32,0.01,2.12
3308640,76.50,90.25,0.00,0.00,0.00,361.61,0.01,1.91
3309140,76.50,90.00,0.00,0.00,0.00,361.61,0.01,1.91
3309640,76.50,90.00,0.00,0.00,0.00,360.34,0.01,2.12
3310140,76.50,90.00,0.00,0.00,0.00,360.34,0.01,2.12
3310640,76.25,90.00,0.00,0.00,0.00,359.02,0.01,1.99
3311140,76.25,90.00,0.00,0.00,0.00,359.02,0.01,1.99
3311640,76.25,90.00,0.00,0.00,0.00,358.83,0.01,1.84
3312140,76.25,90.00,0.00,0.00,0.00,358.83,0.01,1.84
3312640,76.25,90.00,0.00,0.00,0.00,359.26,0.01,2.12
3313140,76.25,90.00,0.00,0.00,0.00,359.26,0.01,2.12
3313640,76.25,89.75,0.00,0.00,0.00,359.43,0.00,1.64
3314140,76.25,89.75,0.00,0.00,0.00,359.43,0.00,1.64
3314640,76.25,89.75,0.00,0.00,0.00,359.21,0.01,1.94
3315140,76.25,89.75,0.00,0.00,0.00,359.21,0.01,1.94
3315640,76.00,89.75,0.00,0.00,0.00,359.16,0.01,2.43
3316140,76.25,89.75,0.00,0.00,0.00,359.16,0.01,2.43
3316640,76.00,89.75,0.00,0.00,0.00,360.31,0.01,1.90
3317140,76.00,89.75,0.00,0.00,0.00,360.31,0.01,1.90
3317640,76.00,89.50,0.00,0.00,0.00,359.47,0.01,2.16
3318140,76.00,89.50,0.00,0.00,0.00,359.47,0.01,2.16
3318640,76.00,89.50,0.00,0.00,0.00,361.07,0.00,1.65
3319140,76.00,89.50,0.00,0.00,0.00,361.07,0.00,1.65
3319640,75.75,89.50,0.00,0.00,0.00,359.17,0.01,2.12
3320140,76.00,89.50,0.00,0.00,0.00,359.17,0.01,2.12
3320640,76.00,89.50,0.00,0.00,0.00,358.19,0.01,1.84
3321140,75.75,89.50,0.00,0.00,0.00,358.19,0.01,1.84
3321640,75.75,89.50,0.00,0.00,0.00,358.70,0.01,2.20
3322140,75.75,89.50,0.00,0.00,0.00,358.70,0.01,2.20
3322640,75.75,89.50,0.00,0.00,0.00,358.44,0.01,1.98
3323140,75.75,89.25,0.00,0.00,0.00,358.44,0.01,1.98
3323640,75.75,89.25,0.00,0.00,0.00,359.77,0.01,1.90
3324140,75.75,89.25,0.00,0.00,0.00,359.77,0.01,1.90
3324640,75.75,89.25,0.00,0.00,0.00,359.56,0.01,1.99
3325140,75.75,89.25,0.00,0.00,0.00,359.56,0.01,1.99
3325640,75.75,89.25,0.00,0.00,0.00,358.84,0.01,1.80
3326140,75.75,89.25,0.00,0.00,0.00,358.84,0.01,1.80
3326640,75.75,89.25,0.00,0.00,0.00,359.03,0.01,2.28
3327140,75.75,89.00,0.00,0.00,0.00,359.03,0.01,2.28
3327640,75.50,89.00,0.00,0.00,0.00,360.18,0.01,2.17
3328140,75.50,89.00,0.00,0.00,0.00,360.18,0.01,2.17
3328640,75.50,89.00,0.00,0.00,0.00,359.29,0.01,1.99
3329140,75.50,89.00,0.00,0.00,0.00,359.29,0.01,1.99
3329640,75.50,89.00,0.00,0.00,0.00,359.47,0.01,1.99
3330140,75.50,88.75,0.00,0.00,0.00,359.47,0.01,1.99
3330640,75.50,88.75,0.00,0.00,0.00,359.07,0.01,1.89
3331140,75.50,88.75,0.00,0.00,0.00,359.07,0.01,1.89
3331640,75.25,88.75,0.00,0.00,0.00,358.11,0.01,1.94
3332140,75.25,88.75,0.00,0.00,0.00,358.11,0.01,1.94
3332640,75.25,88.75,0.00,0.00,0.00,357.99,0.01,1.84
3333140,75.25,88.75,0.00,0.00,0.00,357.99,0.01,1.84
3333640,75.00,88.50,0.00,0.00,0.00,357.78,0.01,2.15
3334140,75.25,88.50,0.00,0.00,0.00,357.78,0.01,2.15
3334640,75.00,88.50,0.00,0.00,0.00,359.24,0.01,2.61
3335140,75.00,88.50,0.00,0.00,0.00,359.24,0.01,2.61
3335640,75.00,88.50,0.00,0.00,0.00,360.07,0.01,1.85
3336140,75.00,88.50,0.00,0.00,0.00,360.07,0.01,1.85
3336640,75.00,88.25,0.00,0.00,0.00,359.24,0.01,2.16
3337140,75.00,88.25,0.00,0.00,0.00,359.24,0.01,2.16
3337640,75.00,88.25,0.00,0.00,0.00,360.82,0.00,1.47
3338140,75.00,88.25,0.00,0.00,0.00,360.82,0.00,1.47
3338640,75.00,88.25,0.00,0.00,0.00,358.79,0.01,2.07
3339140,75.00,88.25,0.00,0.00,0.00,358.79,0.01,2.07
3339640,75.00,88.00,0.00,0.00,0.00,358.69,0.01,2.03
3340140,74.75,88.00,0.00,0.00,0.00,358.69,0.01,2.03
3340640,75.00,88.00,0.00,0.00,0.00,360.14,0.01,1.95
3341140,75.00,88.00,0.00,0.00,0.00,360.14,0.01,1.95
3341640,74.75,88.00,0.00,0.00,0.00,357.35,0.01,1.98
3342140,74.75,87.75,0.00,0.00,0.00,357.35,0.01,1.98
3342640,75.00,87.75,0.00,0.00,0.00,357.37,0.01,2.27
3343140,74.75,87.75,0.00,0.00,0.00,357.37,0.01,2.27
3343640,74.75,87.75,0.00,0.00,0.00,356.49,0.01,2.14
3344140,74.75,87.50,0.00,0.00,0.00,356.49,0.01,2.14
3344640,74.75,87.50,0.00,0.00,0.00,361.02,0.01,1.95
3345140,74.75,87.50,0.00,0.00,0.00,361.02,0.01,1.95
3345640,74.75,87.50,0.00,0.00,0.00,356.95,0.01,2.10
3346140,74.75,87.25,0.00,0.00,0.00,356.95,0.01,2.10
3346640,74.75,87.25,0.00,0.00,0.00,357.91,0.01,1.98
3347140,74.75,87.25,0.00,0.00,0.00,357.91,0.01,1.98
3347640,74.50,87.25,0.00,0.00,0.00,359.10,0.01,2.24
3348140,74.25,87.00,0.00,0.00,0.00,359.10,0.01,2.24
3348640,74.50,87.00,0.00,0.00,0.00,359.80,0.01,2.40
3349140,74.50,87.00,0.00,0.00,0.00,359.80,0.01,2.40
3349640,74.50,87.00,0.00,0.00,0.00,359.96,0.00,1.70
3350140,74.50,86.75,0.00,0.00,0.00,359.96,0.00,1.70
3350640,74.25,86.75,0.00,0.00,0.00,359.45,0.01,2.08
3351140,74.25,86.75,0.00,0.00,0.00,359.45,0.01,2.08
3351640,74.25,86.50,0.00,0.00,0.00,357.28,0.01,1.98
3352140,74.25,86.50,0.00,0.00,0.00,357.28,0.01,1.98
3352640,74.25,86.50,0.00,0.00,0.00,358.27,0.01,1.94
3353140,74.25,86.25,0.00,0.00,0.00,358.27,0.01,1.94
3353640,74.25,86.25,0.00,0.00,0.00,359.07,0.01,2.28
3354140,74.25,86.25,0.00,0.00,0.00,359.07,0.01,2.28
3354640,74.00,86.25,0.00,0.00,0.00,358.86,0.01,1.89
3355140,74.00,86.00,0.00,0.00,0.00,358.86,0.01,1.89
3355640,74.00,86.00,0.00,0.00,0.00,359.28,0.01,2.03
3356140,74.00,86.00,0.00,0.00,0.00,359.28,0.01,2.03
3356640,74.00,86.00,0.00,0.00,0.00,358.97,0.01,2.12
3357140,74.00,86.00,0.00,0.00,0.00,358.97,0.01,2.12
3357640,74.00,86.00,0.00,0.00,0.00,358.90,0.01,2.24
3358140,74.00,85.75,0.00,0.00,0.00,358.90,0.01,2.24
3358640,74.00,85.75,0.00,0.00,0.00,359.84,0.01,2.03
3359140,74.00,85.75,0.00,0.00,0.00,359.84,0.01,2.03
3359640,73.75,85.75,0.00,0.00,0.00,359.13,0.01,2.07
3360140,73.75,85.75,0.00,0.00,0.00,359.13,0.01,2.07
3360640,73.75,85.75,0.00,0.00,0.00,360.70,0.01,2.08
3361140,73.50,85.75,0.00,0.00,0.00,360.70,0.01,2.08
3361640,73.50,85.75,0.00,0.00,0.00,359.53,0.01,2.16
3362140,73.25,85.75,0.00,0.00,0.00,359.53,0.01,2.16
3362640,73.25,85.75,0.00,0.00,0.00,358.52,0.01,2.03
3363140,73.00,85.50,0.00,0.00,0.00,358.52,0.01,2.03
3363640,73.25,85.50,0.00,0.00,0.00,358.83,0.01,1.98
3364140,73.00,85.50,0.00,0.00,0.00,358.83,0.01,1.98
3364640,73.00,85.50,0.00,0.00,0.00,357.54,0.01,1.93
3365140,73.00,85.50,0.00,0.00,0.00,357.54,0.01,1.93
3365640,73.00,85.50,0.00,0.00,0.00,357.70,0.01,2.11
3366140,73.00,85.50,0.00,0.00,0.00,357.70,0.01,2.11
3366640,72.75,85.25,0.00,0.00,0.00,359.21,0.00,1.64
3367140,72.75,85.25,0.00,0.00,0.00,359.21,0.00,1.64
3367640,72.75,85.25,0.00,0.00,0.00,358.69,0.00,1.74
3368140,72.75,85.25,0.00,0.00,0.00,358.69,0.00,1.74
3368640,72.75,85.25,0.00,0.00,0.00,359.41,0.01,1.80
3369140,72.75,85.25,0.00,0.00,0.00,359.41,0.01,1.80
3369640,72.75,85.25,0.00,0.00,0.00,357.90,0.01,2.07
3370140,72.75,85.25,0.00,0.00,0.00,357.90,0.01,2.07
3370640,72.75,85.25,0.00,0.00,0.00,358.57,0.01,2.54
3371140,73.75,85.25,0.00,0.00,0.00,358.57,0.01,2.54
3371640,73.50,85.25,0.00,0.00,0.00,358.66,0.01,1.89
3372140,73.50,85.25,0.00,0.00,0.00,358.66,0.01,1.89
3372640,73.50,85.25,0.00,0.00,0.00,359.73,0.01,2.20
3373140,73.50,85.00,0.00,0.00,0.00,359.73,0.01,2.20
3373640,73.25,85.25,0.00,0.00,0.00,359.75,0.01,1.80
3374140,73.25,85.00,0.00,0.00,0.00,359.75,0.01,1.80
3374640,73.75,85.00,0.00,0.00,0.00,359.42,0.01,1.99
3375140,73.50,84.75,0.00,0.00,0.00,359.42,0.01,1.99
3375640,73.25,84.75,0.00,0.00,0.00,358.91,0.01,2.24
3376140,73.25,84.75,0.00,0.00,0.00,358.91,0.01,2.24
3376640,73.25,84.75,0.00,0.00,0.00,358.66,0.01,1.98
3377140,73.50,84.75,0.00,0.00,0.00,358.66,0.01,1.98
3377640,73.00,84.50,0.00,0.00,0.00,358.47,0.01,2.20
3378140,73.00,84.50,0.00,0.00,0.00,358.47,0.01,2.20
3378640,73.00,84.50,0.00,0.00,0.00,358.50,0.00,1.69
3379140,73.00,84.50,0.00,0.00,0.00,358.50,0.00,1.69
3379640,72.75,84.50,0.00,0.00,0.00,359.26,0.01,1.94
3380140,73.00,84.25,0.00,0.00,0.00,359.26,0.01,1.94
3380640,73.00,84.25,0.00,0.00,0.00,358.74,0.01,2.16
3381140,73.00,84.25,0.00,0.00,0.00,358.74,0.01,2.16
3381640,73.25,84.25,0.00,0.00,0.00,359.04,0.01,2.12
3382140,72.75,84.25,0.00,0.00,0.00,359.04,0.01,2.12
3382640,72.75,84.50,0.00,0.00,0.00,358.37,0.01,2.20
3383140,73.75,84.75,0.00,0.00,0.00,358.37,0.01,2.20
3383640,75.00,85.25,0.00,0.00,0.00,358.37,0.01,2.43
3384140,74.25,85.50,0.00,0.00,0.00,358.37,0.01,2.43
3384640,75.00,85.50,0.00,0.00,0.00,358.91,0.01,1.94
3385140,74.75,85.25,0.00,0.00,0.00,358.91,0.01,1.94
3385640,74.75,85.25,0.00,0.00,0.00,360.87,0.01,2.41
3386140,74.50,85.25,0.00,0.00,0.00,360.87,0.01,2.41
3386640,74.50,85.25,0.00,0.00,0.00,359.40,0.01,1.99
3387140,74.50,85.25,0.00,0.00,0.00,359.40,0.01,1.99
3387640,74.25,85.25,0.00,0.00,0.00,359.28,0.01,1.94
3388140,74.25,85.25,0.00,0.00,0.00,359.28,0.01,1.94
3388640,74.25,85.25,0.00,0.00,0.00,359.37,0.01,2.16
3389140,74.25,85.25,0.00,0.00,0.00,359.37,0.01,2.16
3389640,74.25,85.25,0.00,0.00,0.00,357.91,0.01,2.02
3390140,74.25,85.25,0.00,0.00,0.00,357.91,0.01,2.02
3390640,74.00,85.00,0.00,0.00,0.00,359.25,0.01,2.36
3391140,74.25,85.00,0.00,0.00,0.00,359.25,0.01,2.36
3391640,74.00,85.00,0.00,0.00,0.00,358.23,0.01,1.94
3392140,74.00,85.00,0.00,0.00,0.00,358.23,0.01,1.94
3392640,74.00,85.00,0.00,0.00,0.00,358.35,0.01,1.79
3393140,74.00,85.00,0.00,0.00,0.00,358.35,0.01,1.79
3393640,74.00,84.75,0.00,0.00,0.00,358.18,0.01,2.03
3394140,74.00,84.75,0.00,0.00,0.00,358.18,0.01,2.03
3394640,74.00,84.50,0.00,0.00,0.00,358.59,0.01,2.16
3395140,74.00,84.50,0.00,0.00,0.00,358.59,0.01,2.16
3395640,74.00,84.50,0.00,0.00,0.00,359.03,0.01,1.85
3396140,73.75,84.25,0.00,0.00,0.00,359.03,0.01,1.85
3396640,74.00,84.25,0.00,0.00,0.00,359.37,0.01,2.32
3397140,74.00,84.25,0.00,0.00,0.00,359.37,0.01,2.32
3397640,73.75,84.00,0.00,0.00,0.00,358.81,0.01,2.24
3398140,73.75,84.25,0.00,0.00,0.00,358.81,0.01,2.24
3398640,73.75,84.00,0.00,0.00,0.00,358.36,0.01,2.07
3399140,73.75,84.00,0.00,0.00,0.00,358.36,0.01,2.07
3399640,73.75,84.00,0.00,0.00,0.00,357.87,0.01,1.84
3400140,73.50,83.75,0.00,0.00,0.00,357.87,0.01,1.84
3400640,73.50,83.75,0.00,0.00,0.00,357.34,0.01,1.98
3401140,73.50,83.75,0.00,0.00,0.00,357.34,0.01,1.98
3401640,73.50,83.75,0.00,0.00,0.00,358.61,0.01,1.98
3402140,73.50,83.75,0.00,0.00,0.00,358.61,0.01,1.98
3402640,73.25,83.75,0.00,0.00,0.00,358.84,0.01,2.12
3403140,73.25,83.50,0.00,0.00,0.00,358.84,0.01,2.12
3403640,73.25,83.50,0.00,0.00,0.00,358.52,0.01,1.98
3404140,73.25,83.50,0.00,0.00,0.00,358.52,0.01,1.98
3404640,73.25,83.50,0.00,0.00,0.00,358.23,0.01,2.03
3405140,73.25,83.50,0.00,0.00,0.00,358.23,0.01,2.03
3405640,73.25,83.25,0.00,0.00,0.00,358.33,0.01,2.07
3406140,73.25,83.25,0.00,0.00,0.00,358.33,0.01,2.07
3406640,73.25,83.25,0.00,0.00,0.00,358.89,0.01,1.84
3407140,73.00,83.25,0.00,0.00,0.00,358.89,0.01,1.84
3407640,73.00,83.25,0.00,0.00,0.00,359.26,0.01,2.28
3408140,73.00,83.00,0.00,0.00,0.00,359.26,0.01,2.28
3408640,73.00,83.00,0.00,0.00,0.00,358.94,0.01,1.80
3409140,73.00,83.00,0.00,0.00,0.00,358.94,0.01,1.80
3409640,73.00,83.00,0.00,0.00,0.00,359.08,0.01,2.16
3410140,73.00,83.00,0.00,0.00,0.00,359.08,0.01,2.16
3410640,72.75,83.00,0.00,0.00,0.00,358.14,0.01,2.23
3411140,72.75,82.75,0.00,0.00,0.00,358.14,0.01,2.23
3411640,73.00,82.75,0.00,0.00,0.00,358.87,0.01,2.12
3412140,72.75,82.75,0.00,0.00,0.00,358.87,0.01,2.12
3412640,72.75,82.75,0.00,0.00,0.00,358.61,0.01,2.20
3413140,72.75,82.75,0.00,0.00,0.00,358.61,0.01,2.20
3413640,72.75,82.75,0.00,0.00,0.00,358.20,0.01,1.89
3414140,72.75,82.75,0.00,0.00,0.00,358.20,0.01,1.89
3414640,72.75,82.75,0.00,0.00,0.00,358.04,0.01,1.89
3415140,72.50,82.75,0.00,0.00,0.00,358.04,0.01,1.89
3415640,72.75,82.50,0.00,0.00,0.00,358.79,0.01,2.20
3416140,72.50,82.50,0.00,0.00,0.00,358.79,0.01,2.20
3416640,72.50,82.50,0.00,0.00,0.00,357.19,0.01,2.11
3417140,72.50,82.50,0.00,0.00,0.00,357.19,0.01,2.11
3417640,72.50,82.25,0.00,0.00,0.00,358.47,0.01,2.46
3418140,72.50,82.25,0.00,0.00,0.00,358.47,0.01,2.46
3418640,72.50,82.25,0.00,0.00,0.00,358.37,0.01,2.07
3419140,72.50,82.25,0.00,0.00,0.00,358.37,0.01,2.07
3419640,72.50,82.25,0.00,0.00,0.00,358.82,0.01,2.24
3420140,72.50,82.00,0.00,0.00,0.00,358.82,0.01,2.24
3420640,72.50,82.00,0.00,0.00,0.00,359.17,0.01,2.20
3421140,72.50,82.00,0.00,0.00,0.00,359.17,0.01,2.20
3421640,72.25,82.00,0.00,0.00,0.00,358.00,0.01,1.98
3422140,72.25,81.75,0.00,0.00,0.00,358.00,0.01,1.98
3422640,72.25,81.75,0.00,0.00,0.00,358.14,0.01,1.84
3423140,72.50,82.00,0.00,0.00,0.00,358.14,0.01,1.84
3423640,72.75,81.75,0.00,0.00,0.00,357.77,0.01,2.15
3424140,72.75,81.75,0.00,0.00,0.00,357.77,0.01,2.15
3424640,73.00,81.75,0.00,0.00,0.00,357.80,0.01,2.27
3425140,72.75,81.75,0.00,0.00,0.00,357.80,0.01,2.27
3425640,72.75,81.75,0.00,0.00,0.00,357.36,0.01,2.23
3426140,72.50,81.75,0.00,0.00,0.00,357.36,0.01,2.23
3426640,72.75,81.50,0.00,0.00,0.00,358.61,0.01,2.11
3427140,72.75,81.25,0.00,0.00,0.00,358.61,0.01,2.11
3427640,72.75,81.25,0.00,0.00,0.00,358.53,0.01,1.98
3428140,72.75,81.00,0.00,0.00,0.00,358.53,0.01,1.98
3428640,72.75,81.00,0.00,0.00,0.00,358.19,0.01,2.07
3429140,72.50,80.75,0.00,0.00,0.00,358.19,0.01,2.07
3429640,72.50,80.75,0.00,0.00,0.00,358.22,0.01,2.07
3430140,72.50,80.50,0.00,0.00,0.00,358.22,0.01,2.07
3430640,72.50,80.50,0.00,0.00,0.00,358.92,0.01,2.16
3431140,72.50,80.25,0.00,0.00,0.00,358.92,0.01,2.16
3431640,72.50,80.25,0.00,0.00,0.00,358.39,0.01,2.11
3432140,72.25,80.00,0.00,0.00,0.00,358.39,0.01,2.11
3432640,72.25,80.00,0.00,0.00,0.00,358.74,0.01,1.98
3433140,72.00,79.75,0.00,0.00,0.00,358.74,0.01,1.98
3433640,72.00,79.75,0.00,0.00,0.00,357.71,0.00,1.74
3434140,72.00,79.75,0.00,0.00,0.00,357.71,0.00,1.74
3434640,71.50,79.50,0.00,0.00,0.00,357.65,0.01,1.79
3435140,71.00,79.50,0.00,0.00,0.00,357.65,0.01,1.79
3435640,70.75,79.50,0.00,0.00,0.00,358.02,0.01,2.15
3436140,70.50,79.25,0.00,0.00,0.00,358.02,0.01,2.15
3436640,70.25,79.25,0.00,0.00,0.00,357.52,0.00,1.69
3437140,70.25,79.25,0.00,0.00,0.00,357.52,0.00,1.69
3437640,71.25,79.25,0.00,0.00,0.00,358.55,0.00,1.52
3438140,69.75,79.25,0.00,0.00,0.00,358.55,0.00,1.52
3438640,69.75,78.75,0.00,0.00,0.00,357.67,0.01,2.27
3439140,70.50,79.00,0.00,0.00,0.00,357.67,0.01,2.27
3439640,71.25,79.00,0.00,0.00,0.00,358.17,0.01,1.98
3440140,71.25,79.00,0.00,0.00,0.00,358.17,0.01,1.98
3440640,71.25,79.00,0.00,0.00,0.00,358.63,0.01,2.07
3441140,71.25,79.00,0.00,0.00,0.00,358.63,0.01,2.07
3441640,71.00,79.00,0.00,0.00,0.00,358.04,0.01,2.15
3442140,70.00,79.00,0.00,0.00,0.00,358.04,0.01,2.15
3442640,70.25,79.00,0.00,0.00,0.00,357.19,0.01,2.31
3443140,70.75,79.00,0.00,0.00,0.00,357.19,0.01,2.31
3443640,71.25,79.00,0.00,0.00,0.00,357.76,0.01,2.39
3444140,71.25,79.25,0.00,0.00,0.00,357.76,0.01,2.39
3444640,71.00,79.25,0.00,0.00,0.00,356.96,0.01,2.06
3445140,71.00,79.25,0.00,0.00,0.00,356.96,0.01,2.06
3445640,71.00,79.25,0.00,0.00,0.00,358.04,0.01,2.31
3446140,71.00,79.25,0.00,0.00,0.00,358.04,0.01,2.31
3446640,71.00,79.25,0.00,0.00,0.00,358.08,0.01,2.19
3447140,70.50,79.25,0.00,0.00,0.00,358.08,0.01,2.19
3447640,70.75,79.25,0.00,0.00,0.00,357.83,0.01,2.02
3448140,71.00,79.25,0.00,0.00,0.00,357.83,0.01,2.02
3448640,70.75,79.25,0.00,0.00,0.00,359.40,0.01,1.80
3449140,70.50,79.25,0.00,0.00,0.00,359.40,0.01,1.80
3449640,70.50,79.25,0.00,0.00,0.00,357.90,0.01,2.19
3450140,70.75,79.25,0.00,0.00,0.00,357.90,0.01,2.19
3450640,70.75,79.00,0.00,0.00,0.00,358.42,0.01,1.98
3451140,70.75,78.75,0.00,0.00,0.00,358.42,0.01,1.98
3451640,70.50,78.50,0.00,0.00,0.00,358.75,0.01,2.12
3452140,70.50,78.00,0.00,0.00,0.00,358.75,0.01,2.12
3452640,70.50,78.25,0.00,0.00,0.00,357.33,0.01,2.15
3453140,70.50,78.00,0.00,0.00,0.00,357.33,0.01,2.15
3453640,70.50,77.50,0.00,0.00,0.00,358.20,0.01,2.35
3454140,70.50,77.50,0.00,0.00,0.00,358.20,0.01,2.35
3454640,70.50,77.50,0.00,0.00,0.00,358.39,0.01,1.89
3455140,70.25,77.25,0.00,0.00,0.00,358.39,0.01,1.89
3455640,70.25,77.25,0.00,0.00,0.00,358.44,0.01,2.11
3456140,70.50,77.25,0.00,0.00,0.00,358.44,0.01,2.11
3456640,70.25,77.25,0.00,0.00,0.00,357.46,0.01,2.27
3457140,70.25,77.25,0.00,0.00,0.00,357.46,0.01,2.27
3457640,70.25,77.25,0.00,0.00,0.00,356.49,0.01,2.38
3458140,70.25,77.00,0.00,0.00,0.00,356.49,0.01,2.38
3458640,70.25,77.00,0.00,0.00,0.00,357.24,0.01,1.98
3459140,70.25,77.00,0.00,0.00,0.00,357.24,0.01,1.98
3459640,70.00,77.00,0.00,0.00,0.00,357.35,0.01,2.11
3460140,70.00,77.00,0.00,0.00,0.00,357.35,0.01,2.11
3460640,70.00,76.75,0.00,0.00,0.00,357.37,0.01,2.19
3461140,70.00,76.75,0.00,0.00,0.00,357.37,0.01,2.19
3461640,70.00,76.75,0.00,0.00,0.00,357.15,0.01,2.23
3462140,70.00,76.75,0.00,0.00,0.00,357.15,0.01,2.23
3462640,70.00,76.75,0.00,0.00,0.00,357.85,0.01,2.11
3463140,70.00,76.75,0.00,0.00,0.00,357.85,0.01,2.11
3463640,70.00,76.75,0.00,0.00,0.00,358.27,0.01,2.15
3464140,70.00,76.75,0.00,0.00,0.00,358.27,0.01,2.15
3464640,70.00,77.00,0.00,0.00,0.00,357.60,0.01,2.35
3465140,70.00,76.75,0.00,0.00,0.00,357.60,0.01,2.35
3465640,70.00,76.50,0.00,0.00,0.00,357.33,0.01,2.15
3466140,70.00,76.50,0.00,0.00,0.00,357.33,0.01,2.15
3466640,70.00,76.50,0.00,0.00,0.00,358.36,0.01,2.31
3467140,70.00,76.25,0.00,0.00,0.00,358.36,0.01,2.31
3467640,70.00,76.25,0.00,0.00,0.00,358.31,0.01,2.80
3468140,70.00,76.25,0.00,0.00,0.00,358.31,0.01,2.80
3468640,70.00,76.25,0.00,0.00,0.00,358.19,0.01,1.89
3469140,70.00,76.25,0.00,0.00,0.00,358.19,0.01,1.89
3469640,70.00,76.50,0.00,0.00,0.00,358.90,0.01,1.89
3470140,70.00,76.75,0.00,0.00,0.00,358.90,0.01,1.89
3470640,69.75,76.75,0.00,0.00,0.00,358.54,0.01,1.98
3471140,69.75,76.50,0.00,0.00,0.00,358.54,0.01,1.98
3471640,69.75,76.25,0.00,0.00,0.00,356.76,0.01,2.23
3472140,69.75,76.75,0.00,0.00,0.00,356.76,0.01,2.23
3472640,69.75,77.00,0.00,0.00,0.00,357.30,0.01,2.23
3473140,69.50,76.75,0.00,0.00,0.00,357.30,0.01,2.23
3473640,69.50,76.75,0.00,0.00,0.00,358.03,0.01,2.02
3474140,69.50,76.75,0.00,0.00,0.00,358.03,0.01,2.02
3474640,69.50,76.50,0.00,0.00,0.00,357.93,0.01,1.98
3475140,69.25,76.50,0.00,0.00,0.00,357.93,0.01,1.98
3475640,69.00,76.50,0.00,0.00,0.00,357.55,0.01,2.11
3476140,69.00,76.50,0.00,0.00,0.00,357.55,0.01,2.11
3476640,69.00,76.50,0.00,0.00,0.00,357.74,0.01,2.19
3477140,69.00,76.50,0.00,0.00,0.00,357.74,0.01,2.19
3477640,69.00,76.50,0.00,0.00,0.00,358.14,0.01,1.84
3478140,68.75,76.50,0.00,0.00,0.00,358.14,0.01,1.84
3478640,68.75,76.50,0.00,0.00,0.00,358.05,0.00,1.69
3479140,68.75,76.50,0.00,0.00,0.00,358.05,0.00,1.69
3479640,68.75,76.50,0.00,0.00,0.00,358.07,0.01,2.02
3480140,68.75,76.50,0.00,0.00,0.00,358.07,0.01,2.02
3480640,68.50,76.50,0.00,0.00,0.00,357.38,0.00,1.74
3481140,68.50,76.25,0.00,0.00,0.00,357.38,0.00,1.74
3481640,68.25,76.25,0.00,0.00,0.00,357.69,0.00,1.74
3482140,68.25,76.25,0.00,0.00,0.00,357.69,0.00,1.74
3482640,68.00,76.00,0.00,0.00,0.00,357.06,0.01,2.11
3483140,68.00,76.00,0.00,0.00,0.00,357.06,0.01,2.11
3483640,68.00,75.75,0.00,0.00,0.00,358.09,0.01,2.23
3484140,68.00,75.75,0.00,0.00,0.00,358.09,0.01,2.23
3484640,68.00,75.50,0.00,0.00,0.00,356.74,0.01,1.97
3485140,68.00,75.50,0.00,0.00,0.00,356.74,0.01,1.97
3485640,68.00,75.25,0.00,0.00,0.00,357.15,0.01,2.38
3486140,68.00,75.25,0.00,0.00,0.00,357.15,0.01,2.38
3486640,68.00,75.00,0.00,0.00,0.00,357.12,0.01,2.15
3487140,68.00,75.00,0.00,0.00,0.00,357.12,0.01,2.15
3487640,67.75,74.75,0.00,0.00,0.00,357.79,0.01,2.02
3488140,67.75,74.75,0.00,0.00,0.00,357.79,0.01,2.02
3488640,67.75,74.75,0.00,0.00,0.00,357.59,0.01,2.07
3489140,67.75,74.50,0.00,0.00,0.00,357.59,0.01,2.07
3489640,67.75,74.75,0.00,0.00,0.00,358.01,0.01,2.19
3490140,67.75,74.50,0.00,0.00,0.00,358.01,0.01,2.19
3490640,67.75,74.50,0.00,0.00,0.00,357.85,0.01,1.98
3491140,67.50,74.50,0.00,0.00,0.00,357.85,0.01,1.98
3491640,67.50,74.50,0.00,0.00,0.00,357.05,0.01,1.84
3492140,67.50,74.50,0.00,0.00,0.00,357.05,0.01,1.84
3492640,67.50,74.50,0.00,0.00,0.00,356.99,0.01,1.88
3493140,67.50,74.50,0.00,0.00,0.00,356.99,0.01,1.88
3493640,67.50,74.25,0.00,0.00,0.00,357.97,0.01,1.93
3494140,67.50,74.00,0.00,0.00,0.00,357.97,0.01,1.93
3494640,67.50,74.25,0.00,0.00,0.00,358.08,0.01,1.93
3495140,67.25,74.25,0.00,0.00,0.00,358.08,0.01,1.93
3495640,67.25,74.00,0.00,0.00,0.00,357.57,0.01,1.93
3496140,67.25,74.25,0.00,0.00,0.00,357.57,0.01,1.93
3496640,67.25,74.00,0.00,0.00,0.00,356.72,0.01,1.83
3497140,67.25,74.00,0.00,0.00,0.00,356.72,0.01,1.83
3497640,67.25,73.75,0.00,0.00,0.00,356.37,0.01,1.93
3498140,67.25,73.75,0.00,0.00,0.00,356.37,0.01,1.93
3498640,67.25,73.75,0.00,0.00,0.00,356.51,0.01,2.14
3499140,67.00,73.75,0.00,0.00,0.00,356.51,0.01,2.14
3499640,67.00,73.75,0.00,0.00,0.00,356.98,0.00,1.58
3500140,67.00,73.75,0.00,0.00,0.00,356.98,0.00,1.58
3500640,67.00,73.50,0.00,0.00,0.00,357.23,0.01,2.19
3501140,66.75,73.50,0.00,0.00,0.00,357.23,0.01,2.19
3501640,66.75,73.50,0.00,0.00,0.00,356.96,0.01,2.15
3502140,66.75,73.50,0.00,0.00,0.00,356.96,0.01,2.15
3502640,66.50,73.50,0.00,0.00,0.00,357.03,0.00,1.74
3503140,66.50,73.50,0.00,0.00,0.00,357.03,0.00,1.74
3503640,66.50,73.25,0.00,0.00,0.00,357.98,0.01,2.23
3504140,66.25,73.25,0.00,0.00,0.00,357.98,0.01,2.23
3504640,66.25,73.25,0.00,0.00,0.00,358.55,0.01,1.94
3505140,66.00,73.25,0.00,0.00,0.00,358.55,0.01,1.94
3505640,66.00,73.25,0.00,0.00,0.00,357.64,0.01,2.53
3506140,66.00,73.25,0.00,0.00,0.00,357.64,0.01,2.53
3506640,66.00,73.25,0.00,0.00,0.00,357.67,0.01,2.02
3507140,66.00,73.25,0.00,0.00,0.00,357.67,0.01,2.02
3507640,66.00,73.25,0.00,0.00,0.00,357.62,0.01,1.84
3508140,66.00,73.25,0.00,0.00,0.00,357.62,0.01,1.84
3508640,66.25,73.25,0.00,0.00,0.00,356.14,0.01,2.18
3509140,66.00,73.25,0.00,0.00,0.00,356.14,0.01,2.18
3509640,66.25,73.00,0.00,0.00,0.00,358.01,0.01,2.07
3510140,66.50,73.00,0.00,0.00,0.00,358.01,0.01,2.07
3510640,66.50,73.00,0.00,0.00,0.00,357.88,0.01,2.07
3511140,66.50,73.00,0.00,0.00,0.00,357.88,0.01,2.07
3511640,66.50,73.00,0.00,0.00,0.00,356.85,0.01,1.93
3512140,66.75,72.75,0.00,0.00,0.00,356.85,0.01,1.93
3512640,66.75,72.75,0.00,0.00,0.00,356.96,0.01,1.97
3513140,67.00,72.75,0.00,0.00,0.00,356.96,0.01,1.97
3513640,67.00,72.75,0.00,0.00,0.00,357.65,0.01,2.31
3514140,67.00,72.75,0.00,0.00,0.00,357.65,0.01,2.31
3514640,67.00,72.75,0.00,0.00,0.00,357.29,0.01,1.88
3515140,67.25,72.75,0.00,0.00,0.00,357.29,0.01,1.88
3515640,67.25,72.75,0.00,0.00,0.00,357.86,0.01,2.07
3516140,67.25,72.75,0.00,0.00,0.00,357.86,0.01,2.07
3516640,67.25,72.75,0.00,0.00,0.00,357.39,0.01,2.02
3517140,67.25,72.75,0.00,0.00,0.00,357.39,0.01,2.02
3517640,67.25,72.75,0.00,0.00,0.00,357.03,0.01,1.84
3518140,67.00,72.50,0.00,0.00,0.00,357.03,0.01,1.84
3518640,67.00,72.75,0.00,0.00,0.00,357.38,0.01,2.15
3519140,67.00,72.75,0.00,0.00,0.00,357.38,0.01,2.15
3519640,67.00,72.75,0.00,0.00,0.00,357.31,0.01,2.11
3520140,67.00,72.75,0.00,0.00,0.00,357.31,0.01,2.11
3520640,67.00,72.75,0.00,0.00,0.00,356.52,0.00,1.63
3521140,67.00,72.75,0.00,0.00,0.00,356.52,0.00,1.63
3521640,67.00,72.50,0.00,0.00,0.00,357.08,0.01,1.84
3522140,67.00,72.50,0.00,0.00,0.00,357.08,0.01,1.84
3522640,67.00,72.25,0.00,0.00,0.00,356.73,0.01,2.02
3523140,66.75,72.25,0.00,0.00,0.00,356.73,0.01,2.02
3523640,66.75,72.25,0.00,0.00,0.00,356.97,0.01,2.15
3524140,67.00,72.25,0.00,0.00,0.00,356.97,0.01,2.15
3524640,66.75,72.25,0.00,0.00,0.00,357.82,0.01,2.15
3525140,66.75,72.00,0.00,0.00,0.00,357.82,0.01,2.15
3525640,66.75,72.00,0.00,0.00,0.00,357.27,0.01,2.31
3526140,66.75,72.00,0.00,0.00,0.00,357.27,0.01,2.31
3526640,66.75,72.00,0.00,0.00,0.00,358.03,0.01,1.98
3527140,66.50,71.75,0.00,0.00,0.00,358.03,0.01,1.98
3527640,66.50,71.75,0.00,0.00,0.00,359.68,0.01,2.16
3528140,66.50,71.50,0.00,0.00,0.00,359.68,0.01,2.16
3528640,66.50,71.50,0.00,0.00,0.00,359.68,0.01,2.03
3529140,66.25,71.25,0.00,0.00,0.00,359.68,0.01,2.03
3529640,66.25,71.25,0.00,0.00,0.00,357.93,0.01,1.89
3530140,66.25,71.25,0.00,0.00,0.00,357.93,0.01,1.89
3530640,66.25,71.25,0.00,0.00,0.00,358.22,0.01,2.24
3531140,66.25,71.00,0.00,0.00,0.00,358.22,0.01,2.24
3531640,66.25,71.00,0.00,0.00,0.00,358.84,0.01,2.39
3532140,66.25,71.25,0.00,0.00,0.00,358.84,0.01,2.39
3532640,66.25,71.25,0.00,0.00,0.00,358.32,0.01,2.15
3533140,66.25,71.00,0.00,0.00,0.00,358.32,0.01,2.15
3533640,66.25,71.00,0.00,0.00,0.00,357.53,0.01,2.02
3534140,66.25,71.00,0.00,0.00,0.00,357.53,0.01,2.02
3534640,66.25,71.00,0.00,0.00,0.00,358.07,0.01,2.07
3535140,66.25,71.00,0.00,0.00,0.00,358.07,0.01,2.07
3535640,66.25,70.75,0.00,0.00,0.00,358.73,0.01,2.36
3536140,66.25,70.75,0.00,0.00,0.00,358.73,0.01,2.36
3536640,66.25,70.75,0.00,0.00,0.00,358.18,0.01,2.15
3537140,66.25,70.75,0.00,0.00,0.00,358.18,0.01,2.15
3537640,66.25,70.75,0.00,0.00,0.00,358.96,0.01,1.99
3538140,66.25,70.75,0.00,0.00,0.00,358.96,0.01,1.99
3538640,66.25,70.75,0.00,0.00,0.00,358.21,0.01,2.11
3539140,66.25,70.75,0.00,0.00,0.00,358.21,0.01,2.11
3539640,66.25,70.75,0.00,0.00,0.00,358.57,0.01,1.89
3540140,66.25,71.00,0.00,0.00,0.00,358.57,0.01,1.89
3540640,66.25,71.00,0.00,0.00,0.00,358.40,0.01,2.07
3541140,66.25,71.25,0.00,0.00,0.00,358.40,0.01,2.07
3541640,66.25,71.25,0.00,0.00,0.00,358.94,0.01,1.99
3542140,66.25,71.25,0.00,0.00,0.00,358.94,0.01,1.99
3542640,66.25,71.25,0.00,0.00,0.00,358.97,0.01,2.16
3543140,66.25,71.25,0.00,0.00,0.00,358.97,0.01,2.16
3543640,66.25,71.25,0.00,0.00,0.00,357.93,0.01,2.11
3544140,66.00,71.25,0.00,0.00,0.00,357.93,0.01,2.11
3544640,66.25,71.25,0.00,0.00,0.00,359.01,0.01,1.80
3545140,66.25,71.25,0.00,0.00,0.00,359.01,0.01,1.80
3545640,66.25,71.25,0.00,0.00,0.00,358.67,0.01,1.89
3546140,66.25,71.25,0.00,0.00,0.00,358.67,0.01,1.89
3546640,66.00,71.25,0.00,0.00,0.00,359.76,0.01,2.32
3547140,66.25,71.00,0.00,0.00,0.00,359.76,0.01,2.32
3547640,66.25,71.00,0.00,0.00,0.00,359.25,0.01,2.32
3548140,66.25,71.00,0.00,0.00,0.00,359.25,0.01,2.32
3548640,66.25,71.00,0.00,0.00,0.00,358.05,0.01,2.23
3549140,66.25,71.00,0.00,0.00,0.00,358.05,0.01,2.23
3549640,66.25,71.00,0.00,0.00,0.00,358.18,0.01,1.98
3550140,66.00,71.00,0.00,0.00,0.00,358.18,0.01,1.98
3550640,66.25,71.00,0.00,0.00,0.00,358.80,0.01,2.07
3551140,66.00,71.00,0.00,0.00,0.00,358.80,0.01,2.07
3551640,66.25,70.75,0.00,0.00,0.00,358.43,0.00,1.69
3552140,66.00,71.00,0.00,0.00,0.00,358.43,0.00,1.69
3552640,66.00,70.75,0.00,0.00,0.00,358.62,0.01,1.79
3553140,66.00,70.75,0.00,0.00,0.00,358.62,0.01,1.79
3553640,66.00,70.75,0.00,0.00,0.00,358.97,0.01,1.89
3554140,66.00,70.75,0.00,0.00,0.00,358.97,0.01,1.89
3554640,66.00,70.75,0.00,0.00,0.00,358.44,0.01,2.07
3555140,66.00,70.75,0.00,0.00,0.00,358.44,0.01,2.07
3555640,66.00,70.50,0.00,0.00,0.00,358.48,0.01,2.16
3556140,66.00,70.75,0.00,0.00,0.00,358.48,0.01,2.16
3556640,66.00,70.50,0.00,0.00,0.00,358.43,0.00,1.74
3557140,65.75,70.50,0.00,0.00,0.00,358.43,0.00,1.74
3557640,66.00,70.50,0.00,0.00,0.00,358.56,0.01,2.20
3558140,65.75,70.50,0.00,0.00,0.00,358.56,0.01,2.20
3558640,65.75,70.50,0.00,0.00,0.00,358.96,0.01,3.11
3559140,65.75,70.50,0.00,0.00,0.00,358.96,0.01,3.11
3559640,65.75,70.50,0.00,0.00,0.00,357.81,0.01,2.02
3560140,65.75,70.50,0.00,0.00,0.00,357.81,0.01,2.02
3560640,65.50,70.50,0.00,0.00,0.00,358.02,0.01,2.19
3561140,65.50,70.50,0.00,0.00,0.00,358.02,0.01,2.19
3561640,65.50,70.50,0.00,0.00,0.00,358.31,0.01,1.89
3562140,65.50,70.50,0.00,0.00,0.00,358.31,0.01,1.89
3562640,65.25,70.50,0.00,0.00,0.00,358.76,0.01,2.16
3563140,65.25,70.50,0.00,0.00,0.00,358.76,0.01,2.16
3563640,65.25,70.50,0.00,0.00,0.00,358.38,0.01,2.07
3564140,65.25,70.25,0.00,0.00,0.00,358.38,0.01,2.07
3564640,65.00,70.25,0.00,0.00,0.00,358.61,0.01,2.11
3565140,65.00,70.00,0.00,0.00,0.00,358.61,0.01,2.11
3565640,65.25,70.00,0.00,0.00,0.00,358.85,0.01,2.12
3566140,65.00,69.75,0.00,0.00,0.00,358.85,0.01,2.12
3566640,65.00,69.75,0.00,0.00,0.00,359.08,0.01,1.89
3567140,65.00,69.50,0.00,0.00,0.00,359.08,0.01,1.89
3567640,65.00,69.50,0.00,0.00,0.00,359.95,0.01,1.85
3568140,65.00,69.50,0.00,0.00,0.00,359.95,0.01,1.85
3568640,65.00,69.50,0.00,0.00,0.00,359.12,0.01,2.03
3569140,65.00,69.50,0.00,0.00,0.00,359.12,0.01,2.03
3569640,64.75,69.25,0.00,0.00,0.00,358.90,0.01,2.03
3570140,64.75,69.25,0.00,0.00,0.00,358.90,0.01,2.03
3570640,64.75,69.25,0.00,0.00,0.00,358.72,0.01,2.43
3571140,64.75,69.00,0.00,0.00,0.00,358.72,0.01,2.43
3571640,64.75,69.00,0.00,0.00,0.00,358.35,0.00,1.69
3572140,64.75,68.75,0.00,0.00,0.00,358.35,0.00,1.69
3572640,64.75,68.75,0.00,0.00,0.00,358.71,0.00,1.64
3573140,64.75,68.75,0.00,0.00,0.00,358.71,0.00,1.64
3573640,64.75,68.75,0.00,0.00,0.00,358.27,0.01,2.11
3574140,64.75,68.75,0.00,0.00,0.00,358.27,0.01,2.11
3574640,64.75,68.75,0.00,0.00,0.00,357.68,0.00,1.74
3575140,64.75,68.75,0.00,0.00,0.00,357.68,0.00,1.74
3575640,64.75,68.75,0.00,0.00,0.00,358.63,0.01,1.94
3576140,64.75,68.75,0.00,0.00,0.00,358.63,0.01,1.94
3576640,64.75,68.75,0.00,0.00,0.00,359.33,0.01,2.12
3577140,64.50,68.75,0.00,0.00,0.00,359.33,0.01,2.12
3577640,64.75,68.75,0.00,0.00,0.00,359.79,0.01,2.16
3578140,64.50,68.50,0.00,0.00,0.00,359.79,0.01,2.16
3578640,64.50,68.25,0.00,0.00,0.00,359.07,0.01,2.16
3579140,64.50,68.00,0.00,0.00,0.00,359.07,0.01,2.16
3579640,64.50,68.00,0.00,0.00,0.00,357.31,0.01,2.06
3580140,64.50,67.75,0.00,0.00,0.00,357.31,0.01,2.06
3580640,64.50,67.50,0.00,0.00,0.00,358.29,0.01,1.89
3581140,64.50,65.50,0.00,0.00,0.00,358.29,0.01,1.89
3581640,64.25,67.75,0.00,0.00,0.00,357.84,0.01,2.19
3582140,64.25,67.50,0.00,0.00,0.00,357.84,0.01,2.19
3582640,64.25,67.50,0.00,0.00,0.00,358.73,0.01,1.98
3583140,64.25,67.50,0.00,0.00,0.00,358.73,0.01,1.98
3583640,64.25,67.25,0.00,0.00,0.00,358.22,0.01,2.46
3584140,64.25,67.25,0.00,0.00,0.00,358.22,0.01,2.46
3584640,64.00,67.25,0.00,0.00,0.00,358.50,0.01,1.89
3585140,64.00,67.25,0.00,0.00,0.00,358.50,0.01,1.89
3585640,64.00,67.25,0.00,0.00,0.00,356.98,0.00,1.68
3586140,64.00,67.25,0.00,0.00,0.00,356.98,0.00,1.68
3586640,64.00,67.50,0.00,0.00,0.00,357.39,0.01,2.31
3587140,64.00,67.50,0.00,0.00,0.00,357.39,0.01,2.31
3587640,64.00,67.50,0.00,0.00,0.00,358.45,0.00,1.64
3588140,64.00,67.50,0.00,0.00,0.00,358.45,0.00,1.64
3588640,64.00,67.50,0.00,0.00,0.00,357.94,0.01,1.98
3589140,63.75,67.50,0.00,0.00,0.00,357.94,0.01,1.98
3589640,63.75,67.50,0.00,0.00,0.00,357.84,0.01,1.93
3590140,63.75,67.75,0.00,0.00,0.00,357.84,0.01,1.93
3590640,63.75,67.75,0.00,0.00,0.00,358.08,0.01,2.07
3591140,63.75,67.50,0.00,0.00,0.00,358.08,0.01,2.07
3591640,63.75,67.50,0.00,0.00,0.00,358.01,0.01,2.02
3592140,63.75,67.50,0.00,0.00,0.00,358.01,0.01,2.02
3592640,63.75,66.25,0.00,0.00,0.00,358.76,0.01,2.03
3593140,64.00,66.25,0.00,0.00,0.00,358.76,0.01,2.03
3593640,64.00,66.25,0.00,0.00,0.00,358.68,0.01,2.28
3594140,63.75,66.00,0.00,0.00,0.00,358.68,0.01,2.28
3594640,63.75,65.75,0.00,0.00,0.00,358.75,0.01,2.07
3595140,64.00,64.75,0.00,0.00,0.00,358.75,0.01,2.07
3595640,63.75,64.75,0.00,0.00,0.00,358.24,0.01,2.03
3596140,63.75,64.50,0.00,0.00,0.00,358.24,0.01,2.03
3596640,63.50,64.50,0.00,0.00,0.00,358.19,0.01,1.79
3597140,63.25,64.25,0.00,0.00,0.00,358.19,0.01,1.79
3597640,63.50,64.25,0.00,0.00,0.00,357.57,0.01,2.15
3598140,63.25,64.50,0.00,0.00,0.00,357.57,0.01,2.15
3598640,63.25,64.50,0.00,0.00,0.00,357.29,0.01,2.23
3599140,63.25,64.50,0.00,0.00,0.00,357.29,0.01,2.23
3599640,63.25,64.75,0.00,0.00,0.00,358.33,0.01,2.28
3600140,63.25,64.50,0.00,0.00,0.00,358.33,0.01,2.28
3600640,63.25,66.50,0.00,0.00,0.00,359.09,0.01,1.94
3601140,63.25,66.50,0.00,0.00,0.00,359.09,0.01,1.94
3601640,63.25,66.25,0.00,0.00,0.00,358.50,0.01,2.03
3602140,63.00,66.25,0.00,0.00,0.00,358.50,0.01,2.03
3602640,63.00,66.25,0.00,0.00,0.00,358.03,0.01,1.93
3603140,63.25,66.00,0.00,0.00,0.00,358.03,0.01,1.93
3603640,63.25,65.75,0.00,0.00,0.00,358.32,0.01,2.03
3604140,63.25,65.75,0.00,0.00,0.00,358.32,0.01,2.03
3604640,63.25,65.75,0.00,0.00,0.00,358.88,0.01,2.36
3605140,63.75,65.75,0.00,0.00,0.00,358.88,0.01,2.36
3605640,61.75,62.00,0.00,0.00,0.00,358.86,0.01,2.28
3606140,58.75,57.75,0.00,0.00,0.00,358.86,0.01,2.28
3606640,56.25,54.50,0.00,0.00,0.00,358.73,0.01,1.89
3607140,52.50,50.50,0.00,0.00,0.00,358.73,0.01,1.89
3607640,50.25,47.25,0.00,0.00,0.00,359.09,0.01,1.99
3608140,47.75,44.00,0.00,0.00,0.00,359.09,0.01,1.99
3608640,46.00,41.75,0.00,0.00,0.00,359.00,0.00,1.75
3609140,44.25,39.50,0.00,0.00,0.00,359.00,0.00,1.75
3609640,42.25,37.75,0.00,0.00,0.00,358.58,0.01,2.03
3610140,40.50,35.75,0.00,0.00,0.00,358.58,0.01,2.03
3610640,39.00,34.25,0.00,0.00,0.00,358.30,0.01,2.39
3611140,37.50,32.75,0.00,0.00,0.00,358.30,0.01,2.39
3611640,36.00,31.50,0.00,0.00,0.00,357.73,0.01,2.02
3612140,35.00,30.25,0.00,0.00,0.00,357.73,0.01,2.02
3612640,34.25,29.25,0.00,0.00,0.00,358.26,0.01,2.11
3613140,33.50,28.25,0.00,0.00,0.00,358.26,0.01,2.11
3613640,32.50,27.50,0.00,0.00,0.00,357.41,0.01,2.15
3614140,31.50,27.00,0.00,0.00,0.00,357.41,0.01,2.15
3614640,31.25,26.50,0.00,0.00,0.00,358.43,0.01,2.11
3615140,30.50,26.00,0.00,0.00,0.00,358.43,0.01,2.11
3615640,30.00,25.50,0.00,0.00,0.00,358.43,0.01,2.07
3616140,29.25,25.25,0.00,0.00,0.00,358.43,0.01,2.07
3616640,28.75,25.00,0.00,0.00,0.00,359.06,0.01,1.94
3617140,28.25,24.75,0.00,0.00,0.00,359.06,0.01,1.94
3617640,27.75,24.75,0.00,0.00,0.00,357.98,0.01,1.98
3618140,27.25,24.50,0.00,0.00,0.00,357.98,0.01,1.98
3618640,27.00,24.25,0.00,0.00,0.00,357.27,0.01,1.84
3619140,26.50,24.00,0.00,0.00,0.00,357.27,0.01,1.84
3619640,26.25,24.00,0.00,0.00,0.00,357.90,0.01,1.98
3620140,26.00,23.75,0.00,0.00,0.00,357.90,0.01,1.98
3620640,25.50,23.75,0.00,0.00,0.00,358.54,0.01,2.32
3621140,25.25,23.75,0.00,0.00,0.00,358.54,0.01,2.32
3621640,25.00,23.50,0.00,0.00,0.00,358.75,0.01,1.89
3622140,25.00,23.50,0.00,0.00,0.00,358.75,0.01,1.89
3622640,24.75,23.25,0.00,0.00,0.00,358.62,0.01,1.79
3623140,24.25,23.00,0.00,0.00,0.00,358.62,0.01,1.79
3623640,24.00,22.75,0.00,0.00,0.00,358.04,0.01,2.15
3624140,24.00,22.50,0.00,0.00,0.00,358.04,0.01,2.15
3624640,23.75,22.50,0.00,0.00,0.00,357.79,0.01,2.31
3625140,23.75,22.25,0.00,0.00,0.00,357.79,0.01,2.31
3625640,23.50,22.25,0.00,0.00,0.00,358.29,0.01,2.11
3626140,23.50,22.00,0.00,0.00,0.00,358.29,0.01,2.11
3626640,23.25,22.00,0.00,0.00,0.00,357.55,0.01,2.19
3627140,23.00,21.75,0.00,0.00,0.00,357.55,0.01,2.19
3627640,23.00,21.75,0.00,0.00,0.00,357.87,0.01,1.89
3628140,22.75,21.75,0.00,0.00,0.00,357.87,0.01,1.89
3628640,22.75,21.50,0.00,0.00,0.00,357.15,0.01,1.98
3629140,22.50,21.50,0.00,0.00,0.00,357.15,0.01,1.98
3629640,22.50,21.50,0.00,0.00,0.00,358.29,0.01,2.07
3630140,22.50,21.50,0.00,0.00,0.00,358.29,0.01,2.07
3630640,22.25,21.25,0.00,0.00,0.00,357.83,0.01,1.93
3631140,22.25,21.25,0.00,0.00,0.00,357.83,0.01,1.93
3631640,21.75,21.25,0.00,0.00,0.00,359.21,0.01,2.08
3632140,22.25,21.25,0.00,0.00,0.00,359.21,0.01,2.08
3632640,22.00,21.25,0.00,0.00,0.00,358.74,0.00,1.58
3633140,22.00,21.25,0.00,0.00,0.00,358.74,0.00,1.58
3633640,22.00,21.00,0.00,0.00,0.00,358.46,0.01,1.98
3634140,22.00,21.00,0.00,0.00,0.00,358.46,0.01,1.98
3634640,22.00,21.00,0.00,0.00,0.00,358.34,0.01,2.39
3635140,21.75,21.00,0.00,0.00,0.00,358.34,0.01,2.39
3635640,21.75,21.00,0.00,0.00,0.00,358.10,0.01,1.98
3636140,21.75,21.00,0.00,0.00,0.00,358.10,0.01,1.98
3636640,21.75,21.00,0.00,0.00,0.00,358.45,0.01,1.94
3637140,21.50,21.00,0.00,0.00,0.00,358.45,0.01,1.94
3637640,21.50,21.00,0.00,0.00,0.00,358.26,0.01,1.98
3638140,21.25,21.00,0.00,0.00,0.00,358.26,0.01,1.98
3638640,21.25,21.00,0.00,0.00,0.00,357.45,0.01,2.06
3639140,21.25,20.75,0.00,0.00,0.00,357.45,0.01,2.06
3639640,21.25,21.00,0.00,0.00,0.00,358.33,0.01,1.84
3640140,21.25,21.00,0.00,0.00,0.00,358.33,0.01,1.84
3640640,21.25,20.75,0.00,0.00,0.00,358.06,0.01,2.19
3641140,21.00,20.75,0.00,0.00,0.00,358.06,0.01,2.19
3641640,21.00,20.75,0.00,0.00,0.00,358.47,0.01,1.98
3642140,20.75,20.75,0.00,0.00,0.00,358.47,0.01,1.98
3642640,20.50,20.75,0.00,0.00,0.00,358.73,0.01,2.07
3643140,20.50,20.75,0.00,0.00,0.00,358.73,0.01,2.07
3643640,20.50,20.75,0.00,0.00,0.00,357.92,0.01,1.89
3644140,20.25,20.50,0.00,0.00,0.00,357.92,0.01,1.89
3644640,20.25,20.50,0.00,0.00,0.00,358.03,0.01,2.11
3645140,20.25,20.50,0.00,0.00,0.00,358.03,0.01,2.11
3645640,20.25,20.50,0.00,0.00,0.00,358.52,0.01,2.16
3646140,20.25,20.75,0.00,0.00,0.00,358.52,0.01,2.16
3646640,20.25,20.75,0.00,0.00,0.00,358.46,0.01,2.24
3647140,20.25,20.75,0.00,0.00,0.00,358.46,0.01,2.24
3647640,20.00,20.75,0.00,0.00,0.00,358.38,0.01,2.15
3648140,20.00,20.75,0.00,0.00,0.00,358.38,0.01,2.15
3648640,20.00,20.75,0.00,0.00,0.00,358.78,0.01,2.12
3649140,20.25,20.75,0.00,0.00,0.00,358.78,0.01,2.12
3649640,20.00,20.75,0.00,0.00,0.00,358.39,0.01,2.03
3650140,20.00,20.75,0.00,0.00,0.00,358.39,0.01,2.03
3650640,20.00,20.75,0.00,0.00,0.00,357.91,0.01,2.02
3651140,20.00,20.75,0.00,0.00,0.00,357.91,0.01,2.02
3651640,20.00,20.75,0.00,0.00,0.00,358.26,0.01,1.89
3652140,20.00,20.75,0.00,0.00,0.00,358.26,0.01,1.89
3652640,20.00,20.75,0.00,0.00,0.00,357.68,0.01,1.89
3653140,20.00,20.75,0.00,0.00,0.00,357.68,0.01,1.89
3653640,20.00,20.75,0.00,0.00,0.00,358.40,0.01,1.89
3654140,20.25,20.75,0.00,0.00,0.00,358.40,0.01,1.89
3654640,20.25,20.50,0.00,0.00,0.00,358.95,0.01,1.89
3655140,20.25,20.75,0.00,0.00,0.00,358.95,0.01,1.89
3655640,20.25,20.50,0.00,0.00,0.00,358.06,0.01,2.07
3656140,20.25,20.75,0.00,0.00,0.00,358.06,0.01,2.07
3656640,20.50,20.50,0.00,0.00,0.00,358.28,0.01,2.03
3657140,20.50,20.75,0.00,0.00,0.00,358.28,0.01,2.03
3657640,20.50,20.50,0.00,0.00,0.00,358.24,0.01,2.15
3658140,20.50,20.75,0.00,0.00,0.00,358.24,0.01,2.15
3658640,20.75,20.75,0.00,0.00,0.00,358.66,0.01,2.11
3659140,20.75,20.50,0.00,0.00,0.00,358.66,0.01,2.11
3659640,20.75,20.75,0.00,0.00,0.00,358.64,0.01,1.98
3660140,20.75,20.75,0.00,0.00,0.00,358.64,0.01,1.98
3660640,20.75,20.75,0.00,0.00,0.00,358.28,0.01,2.03
3661140,20.75,20.50,0.00,0.00,0.00,358.28,0.01,2.03
3661640,20.75,20.75,0.00,0.00,0.00,358.78,0.01,2.24
3662140,20.75,20.75,0.00,0.00,0.00,358.78,0.01,2.24
3662640,20.75,20.75,0.00,0.00,0.00,357.72,0.01,1.89
3663140,20.75,20.50,0.00,0.00,0.00,357.72,0.01,1.89
3663640,20.75,20.50,0.00,0.00,0.00,357.41,0.01,2.11
3664140,20.50,20.50,0.00,0.00,0.00,357.41,0.01,2.11
3664640,20.50,20.50,0.00,0.00,0.00,358.06,0.01,2.15
3665140,20.50,20.50,0.00,0.00,0.00,358.06,0.01,2.15
3665640,20.50,20.50,0.00,0.00,0.00,357.06,0.01,2.19
3666140,20.25,20.50,0.00,0.00,0.00,357.06,0.01,2.19
3666640,20.25,20.50,0.00,0.00,0.00,358.07,0.01,1.98
3667140,20.50,20.75,0.00,0.00,0.00,358.07,0.01,1.98
3667640,20.25,20.50,0.00,0.00,0.00,357.70,0.01,1.93
3668140,20.25,20.50,0.00,0.00,0.00,357.70,0.01,1.93
3668640,20.25,20.75,0.00,0.00,0.00,358.26,0.01,2.15
3669140,20.00,20.75,0.00,0.00,0.00,358.26,0.01,2.15
3669640,20.00,20.75,0.00,0.00,0.00,358.29,0.01,2.43
3670140,20.00,20.75,0.00,0.00,0.00,358.29,0.01,2.43
3670640,20.00,20.75,0.00,0.00,0.00,357.31,0.01,1.98
3671140,20.00,20.75,0.00,0.00,0.00,357.31,0.01,1.98
3671640,20.00,20.75,0.00,0.00,0.00,358.09,0.01,1.98
3672140,20.00,20.75,0.00,0.00,0.00,358.09,0.01,1.98
3672640,20.00,20.75,0.00,0.00,0.00,358.80,0.01,2.20
3673140,20.00,20.75,0.00,0.00,0.00,358.80,0.01,2.20
3673640,19.75,20.75,0.00,0.00,0.00,358.70,0.01,2.16
3674140,20.00,20.75,0.00,0.00,0.00,358.70,0.01,2.16
3674640,20.00,20.75,0.00,0.00,0.00,358.69,0.01,2.07
3675140,19.75,20.75,0.00,0.00,0.00,358.69,0.01,2.07
3675640,20.00,20.75,0.00,0.00,0.00,358.19,0.01,1.94
3676140,20.00,20.75,0.00,0.00,0.00,358.19,0.01,1.94
3676640,20.00,20.75,0.00,0.00,0.00,357.39,0.01,1.98
3677140,19.75,20.75,0.00,0.00,0.00,357.39,0.01,1.98
3677640,20.00,20.75,0.00,0.00,0.00,358.17,0.01,1.79
3678140,19.75,20.75,0.00,0.00,0.00,358.17,0.01,1.79
3678640,19.75,20.75,0.00,0.00,0.00,359.10,0.01,2.12
3679140,19.75,20.75,0.00,0.00,0.00,359.10,0.01,2.12
3679640,19.75,20.75,0.00,0.00,0.00,357.64,0.01,2.27
3680140,19.75,20.75,0.00,0.00,0.00,357.64,0.01,2.27
3680640,20.00,20.75,0.00,0.00,0.00,358.70,0.01,1.84
3681140,20.00,20.75,0.00,0.00,0.00,358.70,0.01,1.84
3681640,20.00,20.75,0.00,0.00,0.00,358.03,0.01,2.27
3682140,20.00,20.75,0.00,0.00,0.00,358.03,0.01,2.27
3682640,20.00,20.75,0.00,0.00,0.00,358.15,0.01,2.19
3683140,20.00,20.75,0.00,0.00,0.00,358.15,0.01,2.19
3683640,20.25,20.75,0.00,0.00,0.00,358.31,0.01,1.89
3684140,20.25,20.75,0.00,0.00,0.00,358.31,0.01,1.89
3684640,20.25,20.75,0.00,0.00,0.00,358.47,0.01,2.11
3685140,20.25,20.75,0.00,0.00,0.00,358.47,0.01,2.11
3685640,20.25,20.50,0.00,0.00,0.00,358.03,0.01,1.89
3686140,20.25,20.75,0.00,0.00,0.00,358.03,0.01,1.89
3686640,20.25,20.75,0.00,0.00,0.00,358.59,0.01,1.89
3687140,20.25,20.75,0.00,0.00,0.00,358.59,0.01,1.89
3687640,20.25,20.50,0.00,0.00,0.00,358.86,0.01,2.07
3688140,20.25,20.50,0.00,0.00,0.00,358.86,0.01,2.07
3688640,20.25,20.50,0.00,0.00,0.00,357.33,0.01,2.27
3689140,20.25,20.50,0.00,0.00,0.00,357.33,0.01,2.27
3689640,20.25,20.50,0.00,0.00,0.00,358.92,0.00,1.75
3690140,20.25,20.50,0.00,0.00,0.00,358.92,0.00,1.75
3690640,20.25,20.75,0.00,0.00,0.00,358.37,0.01,2.11
3691140,20.25,20.50,0.00,0.00,0.00,358.37,0.01,2.11
3691640,20.25,20.50,0.00,0.00,0.00,358.80,0.01,2.24
3692140,20.25,20.50,0.00,0.00,0.00,358.80,0.01,2.24
3692640,20.00,20.75,0.00,0.00,0.00,358.09,0.01,1.89
3693140,20.00,20.75,0.00,0.00,0.00,358.09,0.01,1.89
3693640,20.00,20.75,0.00,0.00,0.00,357.99,0.01,2.15
3694140,20.00,20.75,0.00,0.00,0.00,357.99,0.01,2.15
3694640,20.00,20.75,0.00,0.00,0.00,357.16,0.01,2.23
3695140,20.00,20.50,0.00,0.00,0.00,357.16,0.01,2.23
3695640,20.00,20.75,0.00,0.00,0.00,357.75,0.01,2.07
3696140,20.00,20.75,0.00,0.00,0.00,357.75,0.01,2.07
3696640,20.00,20.75,0.00,0.00,0.00,357.24,0.01,1.98
3697140,20.00,20.75,0.00,0.00,0.00,357.24,0.01,1.98
3697640,20.00,20.75,0.00,0.00,0.00,358.42,0.01,1.84
3698140,20.00,20.50,0.00,0.00,0.00,358.42,0.01,1.84
3698640,20.00,20.75,0.00,0.00,0.00,357.92,0.01,1.89
3699140,20.00,20.75,0.00,0.00,0.00,357.92,0.01,1.89
3699640,20.00,20.75,0.00,0.00,0.00,356.88,0.01,1.93
3700140,20.00,20.75,0.00,0.00,0.00,356.88,0.01,1.93
3700640,20.00,20.75,0.00,0.00,0.00,357.03,0.01,2.31
3701140,20.00,20.75,0.00,0.00,0.00,357.03,0.01,2.31
3701640,20.00,20.75,0.00,0.00,0.00,357.28,0.01,1.93
3702140,19.75,20.75,0.00,0.00,0.00,357.28,0.01,1.93
3702640,19.75,20.75,0.00,0.00,0.00,357.82,0.01,2.02
3703140,19.75,20.75,0.00,0.00,0.00,357.82,0.01,2.02
3703640,19.75,20.75,0.00,0.00,0.00,357.85,0.01,1.98
3704140,19.75,20.75,0.00,0.00,0.00,357.85,0.01,1.98
3704640,19.75,20.75,0.00,0.00,0.00,357.05,0.00,1.68
3705140,19.75,20.75,0.00,0.00,0.00,357.05,0.00,1.68
3705640,19.75,20.75,0.00,0.00,0.00,357.81,0.01,2.15
3706140,19.75,20.75,0.00,0.00,0.00,357.81,0.01,2.15
3706640,19.75,20.75,0.00,0.00,0.00,356.79,0.01,2.15
3707140,19.75,20.75,0.00,0.00,0.00,356.79,0.01,2.15
3707640,20.00,20.75,0.00,0.00,0.00,358.35,0.01,1.94
3708140,20.00,20.75,0.00,0.00,0.00,358.35,0.01,1.94
3708640,20.00,20.75,0.00,0.00,0.00,357.86,0.01,1.98
3709140,20.00,20.75,0.00,0.00,0.00,357.86,0.01,1.98
3709640,20.00,20.75,0.00,0.00,0.00,358.01,0.01,1.89
3710140,20.00,20.75,0.00,0.00,0.00,358.01,0.01,1.89
3710640,20.00,20.75,0.00,0.00,0.00,358.24,0.00,1.69
3711140,20.00,20.75,0.00,0.00,0.00,358.24,0.00,1.69
3711640,20.00,20.75,0.00,0.00,0.00,357.94,0.01,2.46
3712140,20.00,20.75,0.00,0.00,0.00,357.94,0.01,2.46
3712640,20.25,20.75,0.00,0.00,0.00,358.28,0.01,1.89
3713140,20.00,20.75,0.00,0.00,0.00,358.28,0.01,1.89
3713640,20.25,20.75,0.00,0.00,0.00,357.49,0.01,2.27
3714140,20.25,20.75,0.00,0.00,0.00,357.49,0.01,2.27
3714640,20.00,20.75,0.00,0.00,0.00,357.52,0.00,1.63
3715140,20.25,20.75,0.00,0.00,0.00,357.52,0.00,1.63
3715640,20.00,20.75,0.00,0.00,0.00,357.77,0.01,1.98
3716140,20.00,20.75,0.00,0.00,0.00,357.77,0.01,1.98
3716640,20.25,20.75,0.00,0.00,0.00,357.67,0.01,2.11
3717140,20.00,20.75,0.00,0.00,0.00,357.67,0.01,2.11
3717640,20.00,20.75,0.00,0.00,0.00,358.49,0.00,1.34
3718140,20.00,20.75,0.00,0.00,0.00,358.49,0.00,1.34
3718640,20.00,20.75,0.00,0.00,0.00,358.28,0.01,2.11
3719140,20.00,20.75,0.00,0.00,0.00,358.28,0.01,2.11
3719640,20.00,20.75,0.00,0.00,0.00,358.25,0.01,2.20
3720140,20.00,20.75,0.00,0.00,0.00,358.25,0.01,2.20
3720640,20.00,20.75,0.00,0.00,0.00,357.95,0.01,2.23
3721140,20.00,20.75,0.00,0.00,0.00,357.95,0.01,2.23
3721640,20.00,20.75,0.00,0.00,0.00,357.56,0.01,2.15
3722140,20.00,20.75,0.00,0.00,0.00,357.56,0.01,2.15
3722640,20.00,20.75,0.00,0.00,0.00,357.06,0.01,1.93
3723140,20.00,20.75,0.00,0.00,0.00,357.06,0.01,1.93
3723640,20.00,20.50,0.00,0.00,0.00,358.38,0.01,2.11
3724140,20.00,20.50,0.00,0.00,0.00,358.38,0.01,2.11
3724640,20.00,20.50,0.00,0.00,0.00,358.33,0.01,2.28
3725140,20.00,20.75,0.00,0.00,0.00,358.33,0.01,2.28
3725640,20.00,20.50,0.00,0.00,0.00,358.37,0.01,2.11
3726140,20.00,20.50,0.00,0.00,0.00,358.37,0.01,2.11
3726640,20.00,20.75,0.00,0.00,0.00,358.38,0.01,2.15
3727140,20.00,20.50,0.00,0.00,0.00,358.38,0.01,2.15
3727640,20.00,20.50,0.00,0.00,0.00,357.53,0.01,2.07
3728140,20.00,20.50,0.00,0.00,0.00,357.53,0.01,2.07
3728640,20.00,20.75,0.00,0.00,0.00,357.96,0.01,1.89
3729140,20.00,20.50,0.00,0.00,0.00,357.96,0.01,1.89
3729640,20.00,20.50,0.00,0.00,0.00,357.48,0.01,2.02
3730140,20.00,20.50,0.00,0.00,0.00,357.48,0.01,2.02
3730640,20.00,20.50,0.00,0.00,0.00,356.94,0.01,1.93
3731140,20.00,20.50,0.00,0.00,0.00,356.94,0.01,1.93
3731640,20.00,20.75,0.00,0.00,0.00,357.42,0.01,2.19
3732140,20.00,20.75,0.00,0.00,0.00,357.42,0.01,2.19
3732640,20.25,20.75,0.00,0.00,0.00,358.41,0.01,2.24
3733140,20.00,20.75,0.00,0.00,0.00,358.41,0.01,2.24
3733640,20.25,20.75,0.00,0.00,0.00,357.14,0.01,2.15
3734140,20.00,20.75,0.00,0.00,0.00,357.14,0.01,2.15
3734640,20.25,20.75,0.00,0.00,0.00,358.03,0.01,1.79
3735140,20.25,20.75,0.00,0.00,0.00,358.03,0.01,1.79
3735640,20.25,20.75,0.00,0.00,0.00,358.76,0.01,2.03
3736140,20.00,20.75,0.00,0.00,0.00,358.76,0.01,2.03
3736640,20.00,20.75,0.00,0.00,0.00,358.31,0.01,1.79
3737140,20.00,20.75,0.00,0.00,0.00,358.31,0.01,1.79
3737640,20.00,20.75,0.00,0.00,0.00,358.68,0.01,2.16
3738140,20.00,20.75,0.00,0.00,0.00,358.68,0.01,2.16
3738640,20.00,20.75,0.00,0.00,0.00,358.19,0.01,2.27
3739140,20.00,20.75,0.00,0.00,0.00,358.19,0.01,2.27
3739640,20.00,20.75,0.00,0.00,0.00,357.62,0.01,2.02
3740140,20.00,20.75,0.00,0.00,0.00,357.62,0.01,2.02
3740640,20.00,20.75,0.00,0.00,0.00,356.83,0.01,1.93
3741140,20.00,20.75,0.00,0.00,0.00,356.83,0.01,1.93
3741640,20.00,20.75,0.00,0.00,0.00,357.04,0.01,1.97
3742140,20.00,20.75,0.00,0.00,0.00,357.04,0.01,1.97
3742640,20.00,20.50,0.00,0.00,0.00,356.92,0.01,1.83
3743140,20.00,20.50,0.00,0.00,0.00,356.92,0.01,1.83
3743640,20.00,20.50,0.00,0.00,0.00,358.32,0.01,2.15
3744140,20.00,20.75,0.00,0.00,0.00,358.32,0.01,2.15
3744640,19.75,20.75,0.00,0.00,0.00,357.92,0.01,2.23
3745140,19.75,20.50,0.00,0.00,0.00,357.92,0.01,2.23
3745640,19.75,20.50,0.00,0.00,0.00,358.11,0.01,1.79
3746140,19.75,20.50,0.00,0.00,0.00,358.11,0.01,1.79
3746640,19.75,20.50,0.00,0.00,0.00,357.25,0.01,2.46
3747140,19.75,20.50,0.00,0.00,0.00,357.25,0.01,2.46
3747640,19.75,20.50,0.00,0.00,0.00,357.89,0.01,2.11
3748140,19.75,20.50,0.00,0.00,0.00,357.89,0.01,2.11
3748640,19.75,20.50,0.00,0.00,0.00,358.55,0.01,2.16
3749140,19.75,20.75,0.00,0.00,0.00,358.55,0.01,2.16
3749640,19.75,20.75,0.00,0.00,0.00,358.39,0.01,2.24
3750140,19.75,20.75,0.00,0.00,0.00,358.39,0.01,2.24
3750640,19.75,20.75,0.00,0.00,0.00,357.32,0.01,1.79
3751140,19.75,20.75,0.00,0.00,0.00,357.32,0.01,1.79
3751640,19.75,20.75,0.00,0.00,0.00,357.94,0.01,2.27
3752140,19.75,20.75,0.00,0.00,0.00,357.94,0.01,2.27
3752640,19.50,20.75,0.00,0.00,0.00,357.13,0.01,1.98
3753140,19.50,20.75,0.00,0.00,0.00,357.13,0.01,1.98
3753640,19.50,20.75,0.00,0.00,0.00,357.17,0.01,2.11
3754140,19.75,20.75,0.00,0.00,0.00,357.17,0.01,2.11
3754640,19.75,20.75,0.00,0.00,0.00,357.89,0.01,2.19
3755140,19.75,20.75,0.00,0.00,0.00,357.89,0.01,2.19
3755640,19.75,20.75,0.00,0.00,0.00,358.13,0.00,1.58
3756140,19.50,20.75,0.00,0.00,0.00,358.13,0.00,1.58
3756640,19.50,20.75,0.00,0.00,0.00,358.27,0.01,2.07
3757140,19.75,20.75,0.00,0.00,0.00,358.27,0.01,2.07
3757640,19.50,20.75,0.00,0.00,0.00,357.72,0.01,2.02
3758140,19.50,20.75,0.00,0.00,0.00,357.72,0.01,2.02
3758640,19.75,20.75,0.00,0.00,0.00,356.65,0.01,2.26
3759140,19.75,20.75,0.00,0.00,0.00,356.65,0.01,2.26
3759640,19.75,20.50,0.00,0.00,0.00,357.35,0.01,1.98
3760140,19.75,20.75,0.00,0.00,0.00,357.35,0.01,1.98
3760640,19.75,20.75,0.00,0.00,0.00,356.76,0.01,2.15
3761140,19.75,20.75,0.00,0.00,0.00,356.76,0.01,2.15
3761640,19.75,20.50,0.00,0.00,0.00,357.69,0.01,2.15
3762140,19.75,20.50,0.00,0.00,0.00,357.69,0.01,2.15
3762640,19.75,20.50,0.00,0.00,0.00,357.86,0.01,1.93
3763140,19.75,20.75,0.00,0.00,0.00,357.86,0.01,1.93
3763640,19.75,20.50,0.00,0.00,0.00,358.27,0.01,2.35
3764140,19.75,20.50,0.00,0.00,0.00,358.27,0.01,2.35
3764640,19.75,20.50,0.00,0.00,0.00,359.12,0.01,1.80
3765140,19.75,20.50,0.00,0.00,0.00,359.12,0.01,1.80
3765640,20.00,20.50,0.00,0.00,0.00,358.30,0.01,1.98
3766140,19.75,20.50,0.00,0.00,0.00,358.30,0.01,1.98
3766640,19.75,20.50,0.00,0.00,0.00,357.26,0.01,2.15
3767140,19.75,20.50,0.00,0.00,0.00,357.26,0.01,2.15
3767640,19.75,20.50,0.00,0.00,0.00,357.85,0.01,1.93
3768140,19.75,20.50,0.00,0.00,0.00,357.85,0.01,1.93
3768640,19.75,20.50,0.00,0.00,0.00,357.20,0.01,2.02
3769140,19.75,20.50,0.00,0.00,0.00,357.20,0.01,2.02
3769640,19.75,20.50,0.00,0.00,0.00,357.66,0.01,2.23
3770140,19.75,20.50,0.00,0.00,0.00,357.66,0.01,2.23
3770640,19.75,20.50,0.00,0.00,0.00,358.12,0.01,2.19
3771140,19.75,20.50,0.00,0.00,0.00,358.12,0.01,2.19
3771640,19.75,20.50,0.00,0.00,0.00,357.46,0.01,2.11
3772140,19.75,20.50,0.00,0.00,0.00,357.46,0.01,2.11
3772640,19.50,20.50,0.00,0.00,0.00,357.94,0.01,1.79
3773140,19.75,20.50,0.00,0.00,0.00,357.94,0.01,1.79
3773640,19.50,20.50,0.00,0.00,0.00,358.51,0.01,2.03
3774140,19.75,20.50,0.00,0.00,0.00,358.51,0.01,2.03
3774640,19.75,20.50,0.00,0.00,0.00,358.18,0.01,2.35
3775140,19.75,20.50,0.00,0.00,0.00,358.18,0.01,2.35
3775640,19.75,20.50,0.00,0.00,0.00,358.18,0.01,1.94
3776140,19.75,20.50,0.00,0.00,0.00,358.18,0.01,1.94
3776640,19.75,20.50,0.00,0.00,0.00,357.82,0.01,1.98
3777140,19.75,20.50,0.00,0.00,0.00,357.82,0.01,1.98
3777640,19.75,20.50,0.00,0.00,0.00,357.40,0.01,1.98
3778140,19.75,20.50,0.00,0.00,0.00,357.40,0.01,1.98
3778640,19.75,20.50,0.00,0.00,0.00,357.52,0.01,1.93
3779140,19.75,20.50,0.00,0.00,0.00,357.52,0.01,1.93
3779640,19.50,20.50,0.00,0.00,0.00,357.47,0.00,1.74
3780140,19.50,20.50,0.00,0.00,0.00,357.47,0.00,1.74
3780640,19.75,20.50,0.00,0.00,0.00,357.87,0.01,2.27
3781140,19.50,20.50,0.00,0.00,0.00,357.87,0.01,2.27
3781640,19.50,20.50,0.00,0.00,0.00,356.85,0.01,2.10
3782140,19.50,20.50,0.00,0.00,0.00,356.85,0.01,2.10
3782640,19.50,20.50,0.00,0.00,0.00,357.70,0.01,2.15
3783140,19.50,20.50,0.00,0.00,0.00,357.70,0.01,2.15
3783640,19.75,20.50,0.00,0.00,0.00,358.39,0.01,2.15
3784140,19.50,20.50,0.00,0.00,0.00,358.39,0.01,2.15
3784640,19.50,20.50,0.00,0.00,0.00,357.51,0.01,1.89
3785140,19.50,20.50,0.00,0.00,0.00,357.51,0.01,1.89
3785640,19.50,20.75,0.00,0.00,0.00,358.19,0.01,1.94
3786140,19.50,20.50,0.00,0.00,0.00,358.19,0.01,1.94
3786640,19.75,20.75,0.00,0.00,0.00,358.59,0.01,2.28
3787140,19.50,20.50,0.00,0.00,0.00,358.59,0.01,2.28
3787640,19.50,20.50,0.00,0.00,0.00,358.06,0.01,1.93
3788140,19.50,20.50,0.00,0.00,0.00,358.06,0.01,1.93
3788640,19.50,20.50,0.00,0.00,0.00,357.88,0.01,2.15
3789140,19.50,20.50,0.00,0.00,0.00,357.88,0.01,2.15
3789640,19.50,20.50,0.00,0.00,0.00,357.90,0.01,1.93
3790140,19.50,20.50,0.00,0.00,0.00,357.90,0.01,1.93
3790640,19.50,20.50,0.00,0.00,0.00,356.56,0.01,2.30
3791140,19.50,20.50,0.00,0.00,0.00,356.56,0.01,2.30
3791640,19.75,20.50,0.00,0.00,0.00,357.48,0.01,2.15
3792140,19.75,20.75,0.00,0.00,0.00,357.48,0.01,2.15
3792640,19.75,20.50,0.00,0.00,0.00,358.42,0.01,1.79
3793140,19.50,20.50,0.00,0.00,0.00,358.42,0.01,1.79
3793640,19.50,20.50,0.00,0.00,0.00,358.03,0.01,2.11
3794140,19.75,20.50,0.00,0.00,0.00,358.03,0.01,2.11
3794640,19.50,20.50,0.00,0.00,0.00,358.48,0.01,2.28
3795140,19.75,20.50,0.00,0.00,0.00,358.48,0.01,2.28
3795640,19.75,20.50,0.00,0.00,0.00,357.31,0.01,2.15
3796140,19.75,20.50,0.00,0.00,0.00,357.31,0.01,2.15
3796640,19.75,20.50,0.00,0.00,0.00,357.35,0.01,1.93
3797140,19.75,20.75,0.00,0.00,0.00,357.35,0.01,1.93
3797640,19.75,20.50,0.00,0.00,0.00,356.78,0.01,1.97
3798140,19.75,20.50,0.00,0.00,0.00,356.78,0.01,1.97
3798640,19.75,20.75,0.00,0.00,0.00,357.12,0.01,2.27
3799140,19.75,20.75,0.00,0.00,0.00,357.12,0.01,2.27
3799640,19.75,20.75,0.00,0.00,0.00,356.71,0.01,2.30
3800140,19.75,20.75,0.00,0.00,0.00,356.71,0.01,2.30
3800640,19.75,20.75,0.00,0.00,0.00,357.42,0.01,2.11
3801140,19.75,20.75,0.00,0.00,0.00,357.42,0.01,2.11
3801640,19.75,20.75,0.00,0.00,0.00,356.55,0.01,2.34
3802140,19.75,20.75,0.00,0.00,0.00,356.55,0.01,2.34
3802640,19.75,20.75,0.00,0.00,0.00,357.24,0.01,1.79
3803140,19.75,20.75,0.00,0.00,0.00,357.24,0.01,1.79
3803640,19.50,20.75,0.00,0.00,0.00,357.58,0.01,2.19
3804140,19.75,20.75,0.00,0.00,0.00,357.58,0.01,2.19
3804640,19.75,20.75,0.00,0.00,0.00,357.77,0.01,1.93
3805140,19.75,20.75,0.00,0.00,0.00,357.77,0.01,1.93
3805640,19.75,20.75,0.00,0.00,0.00,357.59,0.01,1.84
3806140,19.75,20.75,0.00,0.00,0.00,357.59,0.01,1.84
3806640,19.75,20.75,0.00,0.00,0.00,356.56,0.01,1.88
3807140,19.75,20.75,0.00,0.00,0.00,356.56,0.01,1.88
3807640,19.75,20.75,0.00,0.00,0.00,356.93,0.01,2.19
3808140,19.75,20.75,0.00,0.00,0.00,356.93,0.01,2.19
3808640,19.75,20.75,0.00,0.00,0.00,356.78,0.01,1.78
3809140,19.75,20.75,0.00,0.00,0.00,356.78,0.01,1.78
3809640,19.75,20.75,0.00,0.00,0.00,357.07,0.00,1.68
3810140,19.75,20.75,0.00,0.00,0.00,357.07,0.00,1.68
3810640,19.75,20.75,0.00,0.00,0.00,357.16,0.01,1.93
3811140,19.75,20.75,0.00,0.00,0.00,357.16,0.01,1.93
3811640,19.75,20.75,0.00,0.00,0.00,356.57,0.01,2.10
3812140,19.75,20.75,0.00,0.00,0.00,356.57,0.01,2.10
3812640,19.75,20.75,0.00,0.00,0.00,356.98,0.01,1.83
3813140,19.75,20.75,0.00,0.00,0.00,356.98,0.01,1.83
3813640,19.75,20.75,0.00,0.00,0.00,357.82,0.01,2.07
3814140,19.75,20.75,0.00,0.00,0.00,357.82,0.01,2.07
3814640,19.75,20.75,0.00,0.00,0.00,357.42,0.01,2.19
3815140,19.50,20.75,0.00,0.00,0.00,357.42,0.01,2.19
3815640,19.75,20.75,0.00,0.00,0.00,358.23,0.01,2.11
3816140,19.75,20.75,0.00,0.00,0.00,358.23,0.01,2.11
3816640,19.75,20.75,0.00,0.00,0.00,358.06,0.01,2.02
3817140,19.75,20.75,0.00,0.00,0.00,358.06,0.01,2.02
3817640,19.75,20.75,0.00,0.00,0.00,358.46,0.01,1.94
3818140,19.75,20.75,0.00,0.00,0.00,358.46,0.01,1.94
3818640,19.75,20.75,0.00,0.00,0.00,357.46,0.01,1.84
3819140,19.75,20.75,0.00,0.00,0.00,357.46,0.01,1.84
3819640,19.50,20.75,0.00,0.00,0.00,358.35,0.01,2.24
3820140,19.75,20.75,0.00,0.00,0.00,358.35,0.01,2.24
3820640,19.75,20.75,0.00,0.00,0.00,357.25,0.01,2.02
3821140,19.75,20.75,0.00,0.00,0.00,357.25,0.01,2.02
3821640,19.50,20.75,0.00,0.00,0.00,357.94,0.01,1.98
3822140,19.50,20.75,0.00,0.00,0.00,357.94,0.01,1.98
3822640,19.75,20.75,0.00,0.00,0.00,357.76,0.01,2.23
3823140,19.50,20.75,0.00,0.00,0.00,357.76,0.01,2.23
3823640,19.50,20.75,0.00,0.00,0.00,357.67,0.01,1.93
3824140,19.50,20.75,0.00,0.00,0.00,357.67,0.01,1.93
3824640,19.50,20.75,0.00,0.00,0.00,358.05,0.01,2.11
3825140,19.50,20.75,0.00,0.00,0.00,358.05,0.01,2.11
3825640,19.50,20.75,0.00,0.00,0.00,356.65,0.01,2.19
3826140,19.75,20.75,0.00,0.00,0.00,356.65,0.01,2.19
3826640,19.50,20.75,0.00,0.00,0.00,357.54,0.01,2.23
3827140,19.75,20.75,0.00,0.00,0.00,357.54,0.01,2.23
3827640,19.75,20.75,0.00,0.00,0.00,357.72,0.01,2.07
3828140,19.75,20.75,0.00,0.00,0.00,357.72,0.01,2.07
3828640,19.75,20.75,0.00,0.00,0.00,356.91,0.01,2.19
3829140,19.75,20.75,0.00,0.00,0.00,356.91,0.01,2.19
3829640,19.75,20.75,0.00,0.00,0.00,356.78,0.01,1.83
3830140,19.75,20.75,0.00,0.00,0.00,356.78,0.01,1.83
3830640,19.75,20.75,0.00,0.00,0.00,357.21,0.01,1.93
3831140,19.75,20.75,0.00,0.00,0.00,357.21,0.01,1.93
3831640,19.75,20.75,0.00,0.00,0.00,358.21,0.01,1.79
3832140,19.75,20.75,0.00,0.00,0.00,358.21,0.01,1.79
3832640,19.75,20.75,0.00,0.00,0.00,357.62,0.01,2.07
3833140,19.75,20.75,0.00,0.00,0.00,357.62,0.01,2.07
3833640,19.75,20.75,0.00,0.00,0.00,357.53,0.01,1.89
3834140,19.75,20.75,0.00,0.00,0.00,357.53,0.01,1.89
3834640,19.75,20.75,0.00,0.00,0.00,357.17,0.00,1.74
3835140,19.75,21.00,0.00,0.00,0.00,357.17,0.00,1.74
3835640,19.75,21.00,0.00,0.00,0.00,357.56,0.01,2.31
3836140,19.75,21.00,0.00,0.00,0.00,357.56,0.01,2.31
3836640,19.75,20.75,0.00,0.00,0.00,357.14,0.01,1.98
3837140,19.75,21.00,0.00,0.00,0.00,357.14,0.01,1.98
3837640,19.75,21.00,0.00,0.00,0.00,357.94,0.01,2.02
3838140,19.75,21.00,0.00,0.00,0.00,357.94,0.01,2.02
3838640,19.75,20.75,0.00,0.00,0.00,357.98,0.01,2.15
3839140,19.75,21.00,0.00,0.00,0.00,357.98,0.01,2.15
3839640,19.75,20.75,0.00,0.00,0.00,357.94,0.01,2.15
3840140,19.75,21.00,0.00,0.00,0.00,357.94,0.01,2.15
3840640,19.75,21.00,0.00,0.00,0.00,357.79,0.01,2.31
3841140,19.75,21.00,0.00,0.00,0.00,357.79,0.01,2.31
3841640,19.75,21.00,0.00,0.00,0.00,357.14,0.01,1.93
3842140,19.75,21.00,0.00,0.00,0.00,357.14,0.01,1.93
3842640,20.00,21.00,0.00,0.00,0.00,357.61,0.01,2.11
3843140,19.75,21.00,0.00,0.00,0.00,357.61,0.01,2.11
3843640,19.75,21.00,0.00,0.00,0.00,357.08,0.01,2.23
3844140,20.00,21.00,0.00,0.00,0.00,357.08,0.01,2.23
3844640,20.00,21.00,0.00,0.00,0.00,356.89,0.01,1.79
3845140,20.00,21.00,0.00,0.00,0.00,356.89,0.01,1.79
3845640,20.00,21.00,0.00,0.00,0.00,357.52,0.01,2.15
3846140,20.00,21.00,0.00,0.00,0.00,357.52,0.01,2.15
3846640,19.75,21.00,0.00,0.00,0.00,358.02,0.01,2.43
3847140,20.00,21.00,0.00,0.00,0.00,358.02,0.01,2.43
3847640,19.75,21.00,0.00,0.00,0.00,357.42,0.01,1.79
3848140,20.00,21.00,0.00,0.00,0.00,357.42,0.01,1.79
3848640,20.00,20.75,0.00,0.00,0.00,357.93,0.01,2.11
3849140,20.00,21.00,0.00,0.00,0.00,357.93,0.01,2.11
3849640,20.00,21.00,0.00,0.00,0.00,358.13,0.01,1.94
3850140,20.00,21.00,0.00,0.00,0.00,358.13,0.01,1.94
3850640,20.00,21.00,0.00,0.00,0.00,356.89,0.01,2.15
3851140,20.00,20.75,0.00,0.00,0.00,356.89,0.01,2.15
3851640,20.00,21.00,0.00,0.00,0.00,357.74,0.00,1.74
3852140,20.00,21.00,0.00,0.00,0.00,357.74,0.00,1.74
3852640,20.00,21.00,0.00,0.00,0.00,358.18,0.01,2.31
3853140,20.00,21.00,0.00,0.00,0.00,358.18,0.01,2.31
3853640,20.00,21.00,0.00,0.00,0.00,357.75,0.01,2.27
3854140,20.00,21.00,0.00,0.00,0.00,357.75,0.01,2.27
3854640,20.00,20.75,0.00,0.00,0.00,358.08,0.01,2.03
3855140,20.00,21.00,0.00,0.00,0.00,358.08,0.01,2.03
3855640,20.00,21.00,0.00,0.00,0.00,356.97,0.01,2.10
3856140,20.00,21.00,0.00,0.00,0.00,356.97,0.01,2.10
3856640,20.00,21.00,0.00,0.00,0.00,356.05,0.01,2.06
3857140,20.00,21.00,0.00,0.00,0.00,356.05,0.01,2.06
3857640,20.00,21.00,0.00,0.00,0.00,356.67,0.01,2.06
3858140,20.00,21.00,0.00,0.00,0.00,356.67,0.01,2.06
3858640,20.00,21.00,0.00,0.00,0.00,355.96,0.01,1.97
3859140,20.00,21.00,0.00,0.00,0.00,355.96,0.01,1.97
3859640,20.00,21.00,0.00,0.00,0.00,357.07,0.01,2.23
3860140,20.00,21.00,0.00,0.00,0.00,357.07,0.01,2.23
3860640,20.00,21.00,0.00,0.00,0.00,356.87,0.01,2.23
3861140,20.00,21.00,0.00,0.00,0.00,356.87,0.01,2.23
3861640,20.00,21.00,0.00,0.00,0.00,356.80,0.01,2.27
3862140,20.00,21.00,0.00,0.00,0.00,356.80,0.01,2.27
3862640,20.00,21.00,0.00,0.00,0.00,357.47,0.01,1.98
3863140,20.00,21.00,0.00,0.00,0.00,357.47,0.01,1.98
3863640,20.00,21.00,0.00,0.00,0.00,357.67,0.00,1.63
3864140,20.00,21.00,0.00,0.00,0.00,357.67,0.00,1.63
3864640,20.00,21.00,0.00,0.00,0.00,357.20,0.01,1.88
3865140,20.00,21.00,0.00,0.00,0.00,357.20,0.01,1.88
3865640,20.00,21.00,0.00,0.00,0.00,357.63,0.01,2.07
3866140,20.00,21.00,0.00,0.00,0.00,357.63,0.01,2.07
3866640,20.00,21.00,0.00,0.00,0.00,357.63,0.01,2.07
3867140,20.00,21.00,0.00,0.00,0.00,357.63,0.01,2.07
3867640,20.00,21.00,0.00,0.00,0.00,356.69,0.01,1.97
3868140,20.00,21.00,0.00,0.00,0.00,356.69,0.01,1.97
3868640,20.00,21.00,0.00,0.00,0.00,356.39,0.01,1.93
3869140,20.00,21.00,0.00,0.00,0.00,356.39,0.01,1.93
3869640,20.00,21.00,0.00,0.00,0.00,357.34,0.01,1.88
3870140,20.00,21.00,0.00,0.00,0.00,357.34,0.01,1.88
3870640,20.00,21.00,0.00,0.00,0.00,357.99,0.01,2.15
3871140,20.00,21.00,0.00,0.00,0.00,357.99,0.01,2.15
3871640,20.00,21.00,0.00,0.00,0.00,357.96,0.01,2.27
3872140,20.00,21.00,0.00,0.00,0.00,357.96,0.01,2.27
3872640,20.00,21.00,0.00,0.00,0.00,357.21,0.01,1.79
3873140,20.00,21.00,0.00,0.00,0.00,357.21,0.01,1.79
3873640,20.00,21.00,0.00,0.00,0.00,356.73,0.01,1.97
3874140,20.00,21.00,0.00,0.00,0.00,356.73,0.01,1.97
3874640,20.00,21.00,0.00,0.00,0.00,357.01,0.01,2.02
3875140,20.00,21.00,0.00,0.00,0.00,357.01,0.01,2.02
3875640,20.25,21.00,0.00,0.00,0.00,357.39,0.00,1.74
3876140,20.00,21.00,0.00,0.00,0.00,357.39,0.00,1.74
3876640,20.00,21.00,0.00,0.00,0.00,356.88,0.01,1.93
3877140,20.00,21.00,0.00,0.00,0.00,356.88,0.01,1.93
3877640,20.00,21.00,0.00,0.00,0.00,357.06,0.01,2.11
3878140,20.00,21.00,0.00,0.00,0.00,357.06,0.01,2.11
3878640,20.00,21.00,0.00,0.00,0.00,356.66,0.01,2.14
3879140,20.00,21.00,0.00,0.00,0.00,356.66,0.01,2.14
3879640,20.00,21.00,0.00,0.00,0.00,356.68,0.01,2.02
3880140,20.00,21.00,0.00,0.00,0.00,356.68,0.01,2.02
3880640,20.00,21.00,0.00,0.00,0.00,357.89,0.01,2.07
3881140,20.00,21.00,0.00,0.00,0.00,357.89,0.01,2.07
3881640,20.00,21.00,0.00,0.00,0.00,357.23,0.01,2.46
3882140,20.00,21.00,0.00,0.00,0.00,357.23,0.01,2.46
3882640,20.00,21.00,0.00,0.00,0.00,356.08,0.01,2.30
3883140,20.00,21.00,0.00,0.00,0.00,356.08,0.01,2.30
3883640,20.00,21.00,0.00,0.00,0.00,358.03,0.01,1.89
3884140,20.00,21.00,0.00,0.00,0.00,358.03,0.01,1.89
3884640,20.00,21.00,0.00,0.00,0.00,356.74,0.01,1.83
3885140,20.00,21.00,0.00,0.00,0.00,356.74,0.01,1.83
3885640,20.00,21.00,0.00,0.00,0.00,356.66,0.01,2.02
3886140,20.00,21.00,0.00,0.00,0.00,356.66,0.01,2.02
3886640,20.00,21.00,0.00,0.00,0.00,357.81,0.01,2.02
3887140,20.00,21.00,0.00,0.00,0.00,357.81,0.01,2.02
3887640,20.00,21.00,0.00,0.00,0.00,356.90,0.01,1.88
3888140,20.00,21.00,0.00,0.00,0.00,356.90,0.01,1.88
3888640,20.00,21.00,0.00,0.00,0.00,356.47,0.01,2.14
3889140,20.00,21.00,0.00,0.00,0.00,356.47,0.01,2.14
3889640,20.00,21.00,0.00,0.00,0.00,357.34,0.01,2.02
3890140,20.00,21.00,0.00,0.00,0.00,357.34,0.01,2.02
3890640,20.00,21.00,0.00,0.00,0.00,356.84,0.01,2.23
3891140,20.00,21.00,0.00,0.00,0.00,356.84,0.01,2.23
3891640,20.00,21.00,0.00,0.00,0.00,356.99,0.01,2.02
3892140,20.00,21.00,0.00,0.00,0.00,356.99,0.01,2.02
3892640,20.00,21.00,0.00,0.00,0.00,357.24,0.01,2.15
3893140,19.75,21.00,0.00,0.00,0.00,357.24,0.01,2.15
3893640,20.00,21.00,0.00,0.00,0.00,358.20,0.01,1.94
3894140,19.75,21.00,0.00,0.00,0.00,358.20,0.01,1.94
3894640,19.75,21.00,0.00,0.00,0.00,357.14,0.01,1.84
3895140,19.75,21.00,0.00,0.00,0.00,357.14,0.01,1.84
3895640,20.00,21.00,0.00,0.00,0.00,356.78,0.01,2.30
3896140,19.75,21.00,0.00,0.00,0.00,356.78,0.01,2.30
3896640,20.00,21.00,0.00,0.00,0.00,356.42,0.01,2.10
3897140,20.00,21.00,0.00,0.00,0.00,356.42,0.01,2.10
3897640,20.00,21.00,0.00,0.00,0.00,356.47,0.01,1.88
3898140,20.00,21.00,0.00,0.00,0.00,356.47,0.01,1.88
3898640,20.00,21.00,0.00,0.00,0.00,356.76,0.01,2.02
3899140,20.00,21.00,0.00,0.00,0.00,356.76,0.01,2.02
3899640,20.00,21.00,0.00,0.00,0.00,356.99,0.01,2.60
3900140,20.00,21.00,0.00,0.00,0.00,356.99,0.01,2.60
3900640,20.00,20.75,0.00,0.00,0.00,357.70,0.01,2.23
3901140,20.00,20.75,0.00,0.00,0.00,357.70,0.01,2.23
3901640,20.00,21.00,0.00,0.00,0.00,357.99,0.01,2.07
3902140,20.00,21.00,0.00,0.00,0.00,357.99,0.01,2.07
3902640,20.00,21.00,0.00,0.00,0.00,358.18,0.01,2.11
3903140,20.00,21.00,0.00,0.00,0.00,358.18,0.01,2.11
3903640,20.00,21.00,0.00,0.00,0.00,357.87,0.01,1.98
3904140,20.00,21.00,0.00,0.00,0.00,357.87,0.01,1.98
3904640,20.00,21.00,0.00,0.00,0.00,357.72,0.01,2.35
3905140,20.00,21.00,0.00,0.00,0.00,357.72,0.01,2.35
3905640,20.00,21.00,0.00,0.00,0.00,356.70,0.01,1.97
3906140,20.00,21.00,0.00,0.00,0.00,356.70,0.01,1.97
3906640,20.00,21.00,0.00,0.00,0.00,357.36,0.01,2.02
3907140,20.00,21.00,0.00,0.00,0.00,357.36,0.01,2.02
3907640,20.00,21.00,0.00,0.00,0.00,356.77,0.01,2.45
3908140,20.00,21.00,0.00,0.00,0.00,356.77,0.01,2.45
3908640,20.00,20.75,0.00,0.00,0.00,357.48,0.01,2.53
3909140,20.00,21.00,0.00,0.00,0.00,357.48,0.01,2.53
3909640,20.00,21.00,0.00,0.00,0.00,356.66,0.01,2.23
3910140,20.00,21.00,0.00,0.00,0.00,356.66,0.01,2.23
3910640,20.00,21.00,0.00,0.00,0.00,356.76,0.01,2.02
3911140,20.00,20.75,0.00,0.00,0.00,356.76,0.01,2.02
3911640,20.00,21.00,0.00,0.00,0.00,356.85,0.00,1.63
3912140,20.00,21.00,0.00,0.00,0.00,356.85,0.00,1.63
3912640,20.00,21.00,0.00,0.00,0.00,357.38,0.01,1.93
3913140,20.00,20.75,0.00,0.00,0.00,357.38,0.01,1.93
3913640,20.00,21.00,0.00,0.00,0.00,357.16,0.01,2.06
3914140,20.00,21.00,0.00,0.00,0.00,357.16,0.01,2.06
3914640,20.00,21.00,0.00,0.00,0.00,357.55,0.01,1.93
3915140,20.00,21.00,0.00,0.00,0.00,357.55,0.01,1.93
3915640,20.00,21.00,0.00,0.00,0.00,357.05,0.01,1.93
3916140,20.00,21.00,0.00,0.00,0.00,357.05,0.01,1.93
3916640,20.00,21.00,0.00,0.00,0.00,358.06,0.01,2.31
3917140,20.00,21.00,0.00,0.00,0.00,358.06,0.01,2.31
3917640,20.00,21.00,0.00,0.00,0.00,357.52,0.01,2.11
3918140,20.00,21.00,0.00,0.00,0.00,357.52,0.01,2.11
3918640,20.00,21.00,0.00,0.00,0.00,356.88,0.01,1.97
3919140,20.00,21.00,0.00,0.00,0.00,356.88,0.01,1.97
3919640,20.00,21.00,0.00,0.00,0.00,356.62,0.01,2.02
3920140,20.00,21.00,0.00,0.00,0.00,356.62,0.01,2.02
3920640,20.00,21.00,0.00,0.00,0.00,356.69,0.01,2.19
3921140,20.00,21.00,0.00,0.00,0.00,356.69,0.01,2.19
3921640,20.00,21.00,0.00,0.00,0.00,356.28,0.01,2.34
3922140,20.00,21.00,0.00,0.00,0.00,356.28,0.01,2.34
3922640,20.00,21.00,0.00,0.00,0.00,356.87,0.01,2.02
3923140,20.00,21.00,0.00,0.00,0.00,356.87,0.01,2.02
3923640,20.00,21.00,0.00,0.00,0.00,356.77,0.01,2.06
3924140,20.00,21.00,0.00,0.00,0.00,356.77,0.01,2.06
3924640,20.00,21.00,0.00,0.00,0.00,357.22,0.01,2.11
3925140,20.00,21.00,0.00,0.00,0.00,357.22,0.01,2.11
3925640,20.00,21.00,0.00,0.00,0.00,356.83,0.01,2.19
3926140,20.00,21.00,0.00,0.00,0.00,356.83,0.01,2.19
3926640,20.00,21.00,0.00,0.00,0.00,357.14,0.01,2.15
3927140,20.00,21.00,0.00,0.00,0.00,357.14,0.01,2.15
3927640,20.25,21.00,0.00,0.00,0.00,357.51,0.01,2.02
3928140,20.00,21.00,0.00,0.00,0.00,357.51,0.01,2.02
3928640,20.00,21.00,0.00,0.00,0.00,357.63,0.00,1.58
3929140,20.00,21.00,0.00,0.00,0.00,357.63,0.00,1.58
3929640,20.00,21.00,0.00,0.00,0.00,356.43,0.00,1.68
3930140,20.00,21.00,0.00,0.00,0.00,356.43,0.00,1.68
3930640,20.25,21.00,0.00,0.00,0.00,357.09,0.00,1.74
3931140,20.25,21.00,0.00,0.00,0.00,357.09,0.00,1.74
3931640,20.00,21.00,0.00,0.00,0.00,356.45,0.01,1.88
3932140,20.25,21.00,0.00,0.00,0.00,356.45,0.01,1.88
3932640,20.00,21.00,0.00,0.00,0.00,356.66,0.01,1.78
3933140,20.00,21.00,0.00,0.00,0.00,356.66,0.01,1.78
3933640,20.00,21.00,0.00,0.00,0.00,356.96,0.01,2.10
3934140,20.25,21.00,0.00,0.00,0.00,356.96,0.01,2.10
3934640,20.00,21.00,0.00,0.00,0.00,356.86,0.01,2.02
3935140,20.00,21.00,0.00,0.00,0.00,356.86,0.01,2.02
3935640,20.25,21.00,0.00,0.00,0.00,357.92,0.01,2.23
3936140,20.25,21.00,0.00,0.00,0.00,357.92,0.01,2.23
3936640,20.25,21.00,0.00,0.00,0.00,357.46,0.01,2.02
3937140,20.25,21.00,0.00,0.00,0.00,357.46,0.01,2.02
3937640,20.00,21.00,0.00,0.00,0.00,356.73,0.01,2.27
3938140,20.25,21.00,0.00,0.00,0.00,356.73,0.01,2.27
3938640,20.25,21.00,0.00,0.00,0.00,356.64,0.01,2.02
3939140,20.00,21.00,0.00,0.00,0.00,356.64,0.01,2.02
3939640,20.25,21.00,0.00,0.00,0.00,355.85,0.00,1.57
3940140,20.00,21.00,0.00,0.00,0.00,355.85,0.00,1.57
3940640,20.25,21.00,0.00,0.00,0.00,356.99,0.01,1.79
3941140,20.00,21.00,0.00,0.00,0.00,356.99,0.01,1.79
3941640,20.00,21.00,0.00,0.00,0.00,356.98,0.01,1.93
3942140,20.00,21.00,0.00,0.00,0.00,356.98,0.01,1.93
3942640,20.00,21.00,0.00,0.00,0.00,355.25,0.01,1.96
3943140,20.00,21.00,0.00,0.00,0.00,355.25,0.01,1.96
3943640,20.00,21.00,0.00,0.00,0.00,357.04,0.01,2.11
3944140,20.00,21.00,0.00,0.00,0.00,357.04,0.01,2.11
3944640,20.00,21.00,0.00,0.00,0.00,357.27,0.01,2.02
3945140,20.00,21.00,0.00,0.00,0.00,357.27,0.01,2.02
3945640,20.00,21.00,0.00,0.00,0.00,356.89,0.01,2.02
3946140,20.00,21.00,0.00,0.00,0.00,356.89,0.01,2.02
3946640,20.00,21.00,0.00,0.00,0.00,356.79,0.01,1.88
3947140,20.00,21.00,0.00,0.00,0.00,356.79,0.01,1.88
3947640,20.00,21.00,0.00,0.00,0.00,356.86,0.01,2.02
3948140,20.00,21.00,0.00,0.00,0.00,356.86,0.01,2.02
3948640,20.00,21.00,0.00,0.00,0.00,356.46,0.01,2.34
3949140,20.00,21.00,0.00,0.00,0.00,356.46,0.01,2.34
3949640,20.00,21.25,0.00,0.00,0.00,356.18,0.00,1.68
3950140,20.00,21.00,0.00,0.00,0.00,356.18,0.00,1.68
3950640,20.00,21.00,0.00,0.00,0.00,356.67,0.01,2.14
3951140,20.00,21.25,0.00,0.00,0.00,356.67,0.01,2.14
3951640,20.00,21.25,0.00,0.00,0.00,356.48,0.01,1.88
3952140,20.00,21.25,0.00,0.00,0.00,356.48,0.01,1.88
3952640,20.00,21.25,0.00,0.00,0.00,357.39,0.01,1.93
3953140,20.00,21.00,0.00,0.00,0.00,357.39,0.01,1.93
3953640,20.00,21.00,0.00,0.00,0.00,356.83,0.01,2.06
3954140,19.75,21.00,0.00,0.00,0.00,356.83,0.01,2.06
3954640,20.00,21.25,0.00,0.00,0.00,356.50,0.00,1.73
3955140,20.00,21.00,0.00,0.00,0.00,356.50,0.00,1.73
3955640,20.00,21.00,0.00,0.00,0.00,356.78,0.01,1.97
3956140,20.00,21.00,0.00,0.00,0.00,356.78,0.01,1.97
3956640,20.00,21.00,0.00,0.00,0.00,357.98,0.01,1.89
3957140,20.00,21.00,0.00,0.00,0.00,357.98,0.01,1.89
3957640,20.00,21.00,0.00,0.00,0.00,357.64,0.01,1.84
3958140,20.00,21.00,0.00,0.00,0.00,357.64,0.01,1.84
3958640,20.00,21.00,0.00,0.00,0.00,356.26,0.01,2.01
3959140,20.00,21.00,0.00,0.00,0.00,356.26,0.01,2.01
3959640,19.75,21.00,0.00,0.00,0.00,358.32,0.01,2.03
3960140,19.75,21.00,0.00,0.00,0.00,358.32,0.01,2.03
3960640,19.75,21.00,0.00,0.00,0.00,356.65,0.01,2.06
3961140,19.75,21.00,0.00,0.00,0.00,356.65,0.01,2.06
3961640,19.75,21.00,0.00,0.00,0.00,356.37,0.01,2.22
3962140,19.75,21.00,0.00,0.00,0.00,356.37,0.01,2.22
3962640,19.75,21.00,0.00,0.00,0.00,356.22,0.01,1.97
3963140,19.75,21.00,0.00,0.00,0.00,356.22,0.01,1.97
3963640,19.75,20.75,0.00,0.00,0.00,356.12,0.01,2.06
3964140,19.50,21.00,0.00,0.00,0.00,356.12,0.01,2.06
3964640,19.50,20.75,0.00,0.00,0.00,356.33,0.01,1.93
3965140,19.50,21.00,0.00,0.00,0.00,356.33,0.01,1.93
3965640,19.50,20.75,0.00,0.00,0.00,355.64,0.00,1.62
3966140,19.50,20.75,0.00,0.00,0.00,355.64,0.00,1.62
3966640,19.50,20.75,0.00,0.00,0.00,357.41,0.01,2.15
3967140,19.50,21.00,0.00,0.00,0.00,357.41,0.01,2.15
3967640,19.75,20.75,0.00,0.00,0.00,356.01,0.01,2.22
3968140,19.75,20.75,0.00,0.00,0.00,356.01,0.01,2.22
3968640,19.75,21.00,0.00,0.00,0.00,356.90,0.01,2.10
3969140,19.50,20.75,0.00,0.00,0.00,356.90,0.01,2.10
3969640,19.50,20.75,0.00,0.00,0.00,356.75,0.01,2.15
3970140,19.50,20.75,0.00,0.00,0.00,356.75,0.01,2.15
3970640,19.50,20.75,0.00,0.00,0.00,356.71,0.01,1.88
3971140,19.50,21.00,0.00,0.00,0.00,356.71,0.01,1.88
3971640,19.50,20.75,0.00,0.00,0.00,356.54,0.01,1.78
3972140,19.50,20.75,0.00,0.00,0.00,356.54,0.01,1.78
3972640,19.50,20.75,0.00,0.00,0.00,356.07,0.01,2.01
3973140,19.50,21.00,0.00,0.00,0.00,356.07,0.01,2.01
3973640,19.50,20.75,0.00,0.00,0.00,355.82,0.01,2.14
3974140,19.50,21.00,0.00,0.00,0.00,355.82,0.01,2.14
3974640,19.75,20.75,0.00,0.00,0.00,356.07,0.01,1.88
3975140,19.75,21.00,0.00,0.00,0.00,356.07,0.01,1.88
3975640,19.50,21.00,0.00,0.00,0.00,356.61,0.01,2.06
3976140,19.50,21.00,0.00,0.00,0.00,356.61,0.01,2.06
3976640,19.75,21.00,0.00,0.00,0.00,355.74,0.01,2.01
3977140,19.75,20.75,0.00,0.00,0.00,355.74,0.01,2.01
3977640,19.75,21.00,0.00,0.00,0.00,356.55,0.01,2.34
3978140,19.50,21.00,0.00,0.00,0.00,356.55,0.01,2.34
3978640,19.75,20.75,0.00,0.00,0.00,356.92,0.01,2.15
3979140,19.75,20.75,0.00,0.00,0.00,356.92,0.01,2.15
3979640,19.75,21.00,0.00,0.00,0.00,357.32,0.01,2.06
3980140,19.75,21.00,0.00,0.00,0.00,357.32,0.01,2.06
3980640,19.75,21.00,0.00,0.00,0.00,356.89,0.01,2.15
3981140,19.75,21.00,0.00,0.00,0.00,356.89,0.01,2.15
3981640,19.75,21.00,0.00,0.00,0.00,357.25,0.00,1.74
3982140,19.75,21.00,0.00,0.00,0.00,357.25,0.00,1.74
3982640,19.75,21.00,0.00,0.00,0.00,356.87,0.01,2.42
3983140,19.75,21.00,0.00,0.00,0.00,356.87,0.01,2.42
3983640,19.75,21.00,0.00,0.00,0.00,356.69,0.01,2.10
3984140,19.75,21.00,0.00,0.00,0.00,356.69,0.01,2.10
3984640,20.00,21.00,0.00,0.00,0.00,357.11,0.01,2.11
3985140,19.75,21.00,0.00,0.00,0.00,357.11,0.01,2.11
3985640,19.75,21.00,0.00,0.00,0.00,356.74,0.01,2.06
3986140,19.75,21.00,0.00,0.00,0.00,356.74,0.01,2.06
3986640,19.75,21.00,0.00,0.00,0.00,356.61,0.01,1.93
3987140,19.75,21.00,0.00,0.00,0.00,356.61,0.01,1.93
3987640,19.75,21.00,0.00,0.00,0.00,356.78,0.01,1.93
3988140,20.00,21.00,0.00,0.00,0.00,356.78,0.01,1.93
3988640,20.00,21.00,0.00,0.00,0.00,356.56,0.01,1.88
3989140,19.75,21.00,0.00,0.00,0.00,356.56,0.01,1.88
3989640,19.75,21.00,0.00,0.00,0.00,356.80,0.01,1.88
3990140,19.75,21.00,0.00,0.00,0.00,356.80,0.01,1.88
3990640,19.75,21.00,0.00,0.00,0.00,356.51,0.01,2.02
3991140,19.75,21.00,0.00,0.00,0.00,356.51,0.01,2.02
3991640,19.75,21.00,0.00,0.00,0.00,356.71,0.01,1.93
3992140,19.75,21.00,0.00,0.00,0.00,356.71,0.01,1.93
3992640,19.75,21.00,0.00,0.00,0.00,357.71,0.01,1.93
3993140,19.75,21.00,0.00,0.00,0.00,357.71,0.01,1.93
3993640,19.75,21.00,0.00,0.00,0.00,356.46,0.01,2.26
3994140,19.75,21.00,0.00,0.00,0.00,356.46,0.01,2.26
3994640,19.75,21.00,0.00,0.00,0.00,356.36,0.01,1.83
3995140,19.75,21.00,0.00,0.00,0.00,356.36,0.01,1.83
3995640,19.75,21.00,0.00,0.00,0.00,356.64,0.01,1.88
3996140,20.00,21.00,0.00,0.00,0.00,356.64,0.01,1.88
3996640,19.75,21.00,0.00,0.00,0.00,356.00,0.01,2.01
3997140,19.75,21.00,0.00,0.00,0.00,356.00,0.01,2.01
3997640,20.00,21.00,0.00,0.00,0.00,356.57,0.01,1.93
3998140,19.75,21.00,0.00,0.00,0.00,356.57,0.01,1.93
3998640,20.00,21.00,0.00,0.00,0.00,356.87,0.01,1.88
3999140,20.00,21.00,0.00,0.00,0.00,356.87,0.01,1.88
3999640,19.75,21.00,0.00,0.00,0.00,356.77,0.00,1.57
4000140,19.75,21.00,0.00,0.00,0.00,356.77,0.00,1.57
4000640,20.00,21.00,0.00,0.00,0.00,356.27,0.01,1.93
4001140,20.00,21.00,0.00,0.00,0.00,356.27,0.01,1.93
4001640,20.00,21.00,0.00,0.00,0.00,355.57,0.01,1.88
4002140,20.00,21.00,0.00,0.00,0.00,355.57,0.01,1.88
4002640,20.00,21.00,0.00,0.00,0.00,355.78,0.01,2.26
4003140,20.00,21.00,0.00,0.00,0.00,355.78,0.01,2.26
4003640,19.75,21.00,0.00,0.00,0.00,356.87,0.01,1.83
4004140,19.75,20.75,0.00,0.00,0.00,356.87,0.01,1.83
4004640,19.75,21.00,0.00,0.00,0.00,356.05,0.01,1.83
4005140,20.00,21.00,0.00,0.00,0.00,356.05,0.01,1.83
4005640,19.75,21.00,0.00,0.00,0.00,356.62,0.00,1.73
4006140,20.00,21.00,0.00,0.00,0.00,356.62,0.00,1.73
4006640,19.75,21.00,0.00,0.00,0.00,356.74,0.01,2.06
4007140,19.75,21.00,0.00,0.00,0.00,356.74,0.01,2.06
4007640,19.75,21.00,0.00,0.00,0.00,357.07,0.00,1.74
4008140,20.00,21.00,0.00,0.00,0.00,357.07,0.00,1.74
4008640,20.00,21.00,0.00,0.00,0.00,356.29,0.01,2.01
4009140,19.75,21.00,0.00,0.00,0.00,356.29,0.01,2.01
4009640,19.75,21.00,0.00,0.00,0.00,356.57,0.01,2.38
4010140,19.75,21.00,0.00,0.00,0.00,356.57,0.01,2.38
4010640,19.75,21.00,0.00,0.00,0.00,356.13,0.01,2.06
4011140,19.75,21.00,0.00,0.00,0.00,356.13,0.01,2.06
4011640,19.75,20.75,0.00,0.00,0.00,357.17,0.01,1.98
4012140,20.00,21.00,0.00,0.00,0.00,357.17,0.01,1.98
4012640,19.75,21.00,0.00,0.00,0.00,357.05,0.01,2.34
4013140,19.75,21.00,0.00,0.00,0.00,357.05,0.01,2.34
4013640,19.75,21.00,0.00,0.00,0.00,356.34,0.01,1.83
4014140,20.00,21.00,0.00,0.00,0.00,356.34,0.01,1.83
4014640,20.00,21.00,0.00,0.00,0.00,356.26,0.01,2.01
4015140,20.00,21.00,0.00,0.00,0.00,356.26,0.01,2.01
4015640,20.00,21.00,0.00,0.00,0.00,356.29,0.01,2.49
4016140,20.00,21.00,0.00,0.00,0.00,356.29,0.01,2.49
4016640,20.00,21.00,0.00,0.00,0.00,356.49,0.01,2.06
4017140,20.00,21.00,0.00,0.00,0.00,356.49,0.01,2.06
4017640,20.00,21.00,0.00,0.00,0.00,357.30,0.00,1.63
4018140,20.00,21.00,0.00,0.00,0.00,357.30,0.00,1.63
4018640,20.00,21.00,0.00,0.00,0.00,356.86,0.01,1.79
4019140,20.00,21.00,0.00,0.00,0.00,356.86,0.01,1.79
4019640,20.00,21.00,0.00,0.00,0.00,356.97,0.01,1.93
4020140,20.00,21.00,0.00,0.00,0.00,356.97,0.01,1.93
4020640,20.00,21.00,0.00,0.00,0.00,356.82,0.01,2.02
4021140,20.00,21.00,0.00,0.00,0.00,356.82,0.01,2.02
4021640,20.00,21.00,0.00,0.00,0.00,356.59,0.01,2.06
4022140,20.00,21.00,0.00,0.00,0.00,356.59,0.01,2.06
4022640,20.00,21.00,0.00,0.00,0.00,356.67,0.01,1.88
4023140,20.00,21.00,0.00,0.00,0.00,356.67,0.01,1.88
4023640,20.00,21.00,0.00,0.00,0.00,356.88,0.01,1.83
4024140,20.00,21.00,0.00,0.00,0.00,356.88,0.01,1.83
4024640,20.00,21.00,0.00,0.00,0.00,356.65,0.01,1.83
4025140,20.00,21.00,0.00,0.00,0.00,356.65,0.01,1.83
4025640,20.00,21.00,0.00,0.00,0.00,357.68,0.01,1.93
4026140,20.00,21.00,0.00,0.00,0.00,357.68,0.01,1.93
4026640,20.00,21.00,0.00,0.00,0.00,356.53,0.01,2.02
4027140,19.75,21.00,0.00,0.00,0.00,356.53,0.01,2.02
4027640,20.00,21.00,0.00,0.00,0.00,357.52,0.01,1.89
4028140,20.00,21.00,0.00,0.00,0.00,357.52,0.01,1.89
4028640,20.00,21.00,0.00,0.00,0.00,356.67,0.01,2.34
4029140,20.00,21.00,0.00,0.00,0.00,356.67,0.01,2.34
4029640,19.75,21.00,0.00,0.00,0.00,356.47,0.01,2.18
4030140,19.75,21.00,0.00,0.00,0.00,356.47,0.01,2.18
4030640,19.75,21.00,0.00,0.00,0.00,356.34,0.00,1.73
4031140,19.75,21.00,0.00,0.00,0.00,356.34,0.00,1.73
4031640,19.75,21.00,0.00,0.00,0.00,356.30,0.01,1.93
4032140,19.75,21.00,0.00,0.00,0.00,356.30,0.01,1.93
4032640,19.75,21.00,0.00,0.00,0.00,356.70,0.01,1.97
4033140,19.75,21.00,0.00,0.00,0.00,356.70,0.01,1.97
4033640,19.75,21.00,0.00,0.00,0.00,356.98,0.01,2.31
4034140,19.75,21.00,0.00,0.00,0.00,356.98,0.01,2.31
4034640,19.75,21.00,0.00,0.00,0.00,357.30,0.01,1.84
4035140,19.75,21.00,0.00,0.00,0.00,357.30,0.01,1.84
4035640,19.75,21.00,0.00,0.00,0.00,356.93,0.00,1.74
4036140,19.75,21.00,0.00,0.00,0.00,356.93,0.00,1.74
4036640,19.75,21.00,0.00,0.00,0.00,357.03,0.00,1.74
4037140,20.00,21.00,0.00,0.00,0.00,357.03,0.00,1.74
4037640,19.75,21.00,0.00,0.00,0.00,356.04,0.00,1.73
4038140,19.75,21.00,0.00,0.00,0.00,356.04,0.00,1.73
4038640,20.00,21.00,0.00,0.00,0.00,356.36,0.01,2.10
4039140,19.75,21.00,0.00,0.00,0.00,356.36,0.01,2.10
4039640,20.00,21.00,0.00,0.00,0.00,356.18,0.01,1.83
4040140,20.00,21.00,0.00,0.00,0.00,356.18,0.01,1.83
4040640,20.00,21.00,0.00,0.00,0.00,355.51,0.01,2.14
4041140,20.00,21.00,0.00,0.00,0.00,355.51,0.01,2.14
4041640,20.00,21.00,0.00,0.00,0.00,356.34,0.01,1.97
4042140,20.00,21.00,0.00,0.00,0.00,356.34,0.01,1.97
4042640,20.00,21.00,0.00,0.00,0.00,356.66,0.01,1.88
4043140,20.00,21.00,0.00,0.00,0.00,356.66,0.01,1.88
4043640,20.00,21.00,0.00,0.00,0.00,357.14,0.01,2.06
4044140,20.00,21.00,0.00,0.00,0.00,357.14,0.01,2.06
4044640,20.00,21.00,0.00,0.00,0.00,356.50,0.01,2.18
4045140,20.00,21.00,0.00,0.00,0.00,356.50,0.01,2.18
4045640,20.00,21.00,0.00,0.00,0.00,355.63,0.01,2.10
4046140,20.00,21.00,0.00,0.00,0.00,355.63,0.01,2.10
4046640,20.00,21.00,0.00,0.00,0.00,356.63,0.01,2.38
4047140,20.00,21.00,0.00,0.00,0.00,356.63,0.01,2.38
4047640,20.00,21.00,0.00,0.00,0.00,356.65,0.01,1.78
4048140,20.00,21.00,0.00,0.00,0.00,356.65,0.01,1.78
4048640,20.00,21.00,0.00,0.00,0.00,356.89,0.01,1.93
4049140,20.00,21.00,0.00,0.00,0.00,356.89,0.01,1.93
4049640,20.00,21.00,0.00,0.00,0.00,355.94,0.01,1.97
4050140,20.00,21.00,0.00,0.00,0.00,355.94,0.01,1.97
4050640,20.00,21.00,0.00,0.00,0.00,357.16,0.01,1.79
4051140,20.00,21.00,0.00,0.00,0.00,357.16,0.01,1.79
4051640,20.00,21.00,0.00,0.00,0.00,356.62,0.01,1.83
4052140,20.00,21.00,0.00,0.00,0.00,356.62,0.01,1.83
4052640,20.00,21.00,0.00,0.00,0.00,356.42,0.00,1.73
4053140,20.00,21.00,0.00,0.00,0.00,356.42,0.00,1.73
4053640,20.00,21.00,0.00,0.00,0.00,356.86,0.01,2.10
4054140,20.00,21.00,0.00,0.00,0.00,356.86,0.01,2.10
4054640,20.00,21.00,0.00,0.00,0.00,356.84,0.01,2.02
4055140,20.00,21.00,0.00,0.00,0.00,356.84,0.01,2.02
4055640,20.00,21.00,0.00,0.00,0.00,356.86,0.01,2.42
4056140,20.00,21.00,0.00,0.00,0.00,356.86,0.01,2.42
4056640,20.00,21.00,0.00,0.00,0.00,356.17,0.01,2.10
4057140,20.00,21.00,0.00,0.00,0.00,356.17,0.01,2.10
4057640,20.00,21.00,0.00,0.00,0.00,357.00,0.00,1.68
4058140,20.00,21.00,0.00,0.00,0.00,357.00,0.00,1.68
4058640,20.00,21.00,0.00,0.00,0.00,356.74,0.01,2.10
4059140,20.00,21.00,0.00,0.00,0.00,356.74,0.01,2.10
4059640,20.25,21.00,0.00,0.00,0.00,356.68,0.01,1.88
4060140,20.00,21.00,0.00,0.00,0.00,356.68,0.01,1.88
4060640,20.00,21.00,0.00,0.00,0.00,356.43,0.01,2.02
4061140,20.00,21.00,0.00,0.00,0.00,356.43,0.01,2.02
4061640,20.00,21.00,0.00,0.00,0.00,356.80,0.01,1.97
4062140,20.00,21.00,0.00,0.00,0.00,356.80,0.01,1.97
4062640,20.25,21.00,0.00,0.00,0.00,356.52,0.01,2.10
4063140,20.25,21.00,0.00,0.00,0.00,356.52,0.01,2.10
4063640,20.25,21.00,0.00,0.00,0.00,356.51,0.01,2.26
4064140,20.00,21.00,0.00,0.00,0.00,356.51,0.01,2.26
4064640,20.00,21.00,0.00,0.00,0.00,356.74,0.00,1.73
4065140,20.00,21.00,0.00,0.00,0.00,356.74,0.00,1.73
4065640,20.00,21.00,0.00,0.00,0.00,357.33,0.01,1.98
4066140,20.00,21.00,0.00,0.00,0.00,357.33,0.01,1.98
4066640,20.00,21.00,0.00,0.00,0.00,356.06,0.01,2.14
4067140,20.00,21.00,0.00,0.00,0.00,356.06,0.01,2.14
4067640,20.00,21.00,0.00,0.00,0.00,356.44,0.01,2.02
4068140,20.00,21.00,0.00,0.00,0.00,356.44,0.01,2.02
4068640,20.00,21.00,0.00,0.00,0.00,356.47,0.01,2.14
4069140,20.00,21.00,0.00,0.00,0.00,356.47,0.01,2.14
4069640,20.00,21.00,0.00,0.00,0.00,356.83,0.01,2.10
4070140,20.00,21.00,0.00,0.00,0.00,356.83,0.01,2.10
4070640,20.00,21.00,0.00,0.00,0.00,356.52,0.01,2.06
4071140,20.00,21.00,0.00,0.00,0.00,356.52,0.01,2.06
4071640,20.00,21.00,0.00,0.00,0.00,357.17,0.01,1.98
4072140,20.00,21.00,0.00,0.00,0.00,357.17,0.01,1.98
4072640,20.00,21.00,0.00,0.00,0.00,357.32,0.01,1.79
4073140,20.00,21.00,0.00,0.00,0.00,357.32,0.01,1.79
4073640,20.00,21.00,0.00,0.00,0.00,356.79,0.01,1.83
4074140,20.00,21.00,0.00,0.00,0.00,356.79,0.01,1.83
4074640,20.00,21.00,0.00,0.00,0.00,356.47,0.01,1.93
4075140,20.00,21.00,0.00,0.00,0.00,356.47,0.01,1.93
4075640,20.00,21.00,0.00,0.00,0.00,356.15,0.01,2.01
4076140,19.75,21.00,0.00,0.00,0.00,356.15,0.01,2.01
4076640,20.00,21.00,0.00,0.00,0.00,356.64,0.01,2.06
4077140,20.00,21.00,0.00,0.00,0.00,356.64,0.01,2.06
4077640,20.00,21.00,0.00,0.00,0.00,356.27,0.01,1.97
4078140,19.75,21.00,0.00,0.00,0.00,356.27,0.01,1.97
4078640,20.00,21.00,0.00,0.00,0.00,356.69,0.01,2.14
4079140,19.75,21.00,0.00,0.00,0.00,356.69,0.01,2.14
4079640,20.00,21.00,0.00,0.00,0.00,356.41,0.01,1.93
4080140,19.75,21.00,0.00,0.00,0.00,356.41,0.01,1.93
4080640,19.75,21.00,0.00,0.00,0.00,355.07,0.01,2.05
4081140,19.75,21.00,0.00,0.00,0.00,355.07,0.01,2.05
4081640,20.00,21.00,0.00,0.00,0.00,355.80,0.01,2.22
4082140,19.75,21.00,0.00,0.00,0.00,355.80,0.01,2.22
4082640,19.75,21.00,0.00,0.00,0.00,355.25,0.01,1.96
4083140,20.00,21.00,0.00,0.00,0.00,355.25,0.01,1.96
4083640,20.00,21.00,0.00,0.00,0.00,354.33,0.01,2.13
4084140,19.75,21.00,0.00,0.00,0.00,354.33,0.01,2.13
4084640,19.75,21.00,0.00,0.00,0.00,354.43,0.01,2.13
4085140,20.00,21.00,0.00,0.00,0.00,354.43,0.01,2.13
4085640,20.00,21.00,0.00,0.00,0.00,354.60,0.01,1.96
4086140,20.00,21.00,0.00,0.00,0.00,354.60,0.01,1.96
4086640,20.00,21.00,0.00,0.00,0.00,355.65,0.00,1.68
4087140,20.00,21.00,0.00,0.00,0.00,355.65,0.00,1.68
4087640,20.00,21.00,0.00,0.00,0.00,354.96,0.01,1.96
4088140,20.00,21.00,0.00,0.00,0.00,354.96,0.01,1.96
4088640,20.00,21.00,0.00,0.00,0.00,353.52,0.01,1.86
4089140,20.00,21.00,0.00,0.00,0.00,353.52,0.01,1.86
4089640,20.00,21.00,0.00,0.00,0.00,354.53,0.01,2.00
4090140,20.00,21.00,0.00,0.00,0.00,354.53,0.01,2.00
4090640,20.00,21.00,0.00,0.00,0.00,354.58,0.01,2.01
4091140,20.00,21.00,0.00,0.00,0.00,354.58,0.01,2.01
4091640,20.00,21.00,0.00,0.00,0.00,355.42,0.01,1.92
4092140,20.00,21.25,0.00,0.00,0.00,355.42,0.01,1.92
4092640,20.00,21.00,0.00,0.00,0.00,355.42,0.01,1.83
4093140,20.00,21.00,0.00,0.00,0.00,355.42,0.01,1.83
4093640,20.00,21.00,0.00,0.00,0.00,354.82,0.01,2.05
4094140,20.00,21.00,0.00,0.00,0.00,354.82,0.01,2.05
4094640,20.25,21.00,0.00,0.00,0.00,355.19,0.01,1.92
4095140,20.25,21.00,0.00,0.00,0.00,355.19,0.01,1.92
4095640,20.00,21.00,0.00,0.00,0.00,354.35,0.01,2.00
4096140,20.00,21.00,0.00,0.00,0.00,354.35,0.01,2.00
4096640,20.00,21.00,0.00,0.00,0.00,354.47,0.01,1.92
4097140,20.00,21.00,0.00,0.00,0.00,354.47,0.01,1.92
4097640,20.00,21.00,0.00,0.00,0.00,354.68,0.01,1.87
4098140,20.00,21.00,0.00,0.00,0.00,354.68,0.01,1.87
4098640,20.00,21.00,0.00,0.00,0.00,354.90,0.01,1.96
4099140,20.00,21.00,0.00,0.00,0.00,354.90,0.01,1.96
4099640,20.00,21.00,0.00,0.00,0.00,354.26,0.01,2.13
4100140,20.00,21.25,0.00,0.00,0.00,354.26,0.01,2.13
4100640,20.00,21.00,0.00,0.00,0.00,355.06,0.01,2.13
4101140,20.00,21.00,0.00,0.00,0.00,355.06,0.01,2.13
4101640,20.00,21.00,0.00,0.00,0.00,354.45,0.01,2.17
4102140,20.00,21.00,0.00,0.00,0.00,354.45,0.01,2.17
4102640,20.00,21.00,0.00,0.00,0.00,354.36,0.01,2.00
4103140,20.00,21.25,0.00,0.00,0.00,354.36,0.01,2.00
4103640,19.75,21.00,0.00,0.00,0.00,354.92,0.01,1.78
4104140,20.00,21.00,0.00,0.00,0.00,354.92,0.01,1.78
4104640,20.00,21.00,0.00,0.00,0.00,354.55,0.01,2.25
4105140,20.00,21.25,0.00,0.00,0.00,354.55,0.01,2.25
4105640,19.75,21.00,0.00,0.00,0.00,355.69,0.01,2.05
4106140,20.00,21.00,0.00,0.00,0.00,355.69,0.01,2.05
4106640,19.75,21.00,0.00,0.00,0.00,355.28,0.01,2.01
4107140,20.00,21.00,0.00,0.00,0.00,355.28,0.01,2.01
4107640,20.00,21.25,0.00,0.00,0.00,355.36,0.01,2.18
4108140,19.75,21.00,0.00,0.00,0.00,355.36,0.01,2.18
4108640,20.00,21.00,0.00,0.00,0.00,355.26,0.01,1.92
4109140,19.75,21.25,0.00,0.00,0.00,355.26,0.01,1.92
4109640,20.00,21.00,0.00,0.00,0.00,355.05,0.00,1.57
4110140,20.00,21.00,0.00,0.00,0.00,355.05,0.00,1.57
4110640,20.00,21.25,0.00,0.00,0.00,354.52,0.01,2.09
4111140,20.00,21.25,0.00,0.00,0.00,354.52,0.01,2.09
4111640,20.00,21.25,0.00,0.00,0.00,354.91,0.01,2.09
4112140,20.00,21.00,0.00,0.00,0.00,354.91,0.01,2.09
4112640,20.00,21.25,0.00,0.00,0.00,355.34,0.01,2.18
4113140,20.00,21.25,0.00,0.00,0.00,355.34,0.01,2.18
4113640,20.00,21.00,0.00,0.00,0.00,354.15,0.01,1.91
4114140,20.00,21.25,0.00,0.00,0.00,354.15,0.01,1.91
4114640,20.00,21.25,0.00,0.00,0.00,354.98,0.01,2.13
4115140,20.00,21.25,0.00,0.00,0.00,354.98,0.01,2.13
4115640,20.00,21.25,0.00,0.00,0.00,354.19,0.00,1.72
4116140,20.00,21.00,0.00,0.00,0.00,354.19,0.00,1.72
4116640,20.00,21.25,0.00,0.00,0.00,354.36,0.00,1.67
4117140,20.00,21.25,0.00,0.00,0.00,354.36,0.00,1.67
4117640,20.00,21.25,0.00,0.00,0.00,355.03,0.01,2.13
4118140,20.00,21.00,0.00,0.00,0.00,355.03,0.01,2.13
4118640,20.00,21.25,0.00,0.00,0.00,355.59,0.01,1.78
4119140,20.00,21.00,0.00,0.00,0.00,355.59,0.01,1.78
4119640,20.00,21.25,0.00,0.00,0.00,355.14,0.01,2.22
4120140,20.00,21.00,0.00,0.00,0.00,355.14,0.01,2.22
4120640,20.00,21.25,0.00,0.00,0.00,355.35,0.01,2.30
4121140,20.00,21.25,0.00,0.00,0.00,355.35,0.01,2.30
4121640,20.00,21.25,0.00,0.00,0.00,355.54,0.00,1.73
4122140,20.00,21.25,0.00,0.00,0.00,355.54,0.00,1.73
4122640,20.00,21.25,0.00,0.00,0.00,355.33,0.01,1.92
4123140,20.00,21.00,0.00,0.00,0.00,355.33,0.01,1.92
4123640,20.00,21.25,0.00,0.00,0.00,354.75,0.01,2.21
4124140,20.00,21.25,0.00,0.00,0.00,354.75,0.01,2.21
4124640,20.00,21.00,0.00,0.00,0.00,354.55,0.01,2.21
4125140,20.00,21.00,0.00,0.00,0.00,354.55,0.01,2.21
4125640,20.00,21.00,0.00,0.00,0.00,354.59,0.01,2.21
4126140,20.00,21.00,0.00,0.00,0.00,354.59,0.01,2.21
4126640,20.00,21.00,0.00,0.00,0.00,354.37,0.01,2.00
4127140,20.00,21.00,0.00,0.00,0.00,354.37,0.01,2.00
4127640,20.00,21.25,0.00,0.00,0.00,354.26,0.01,1.96
4128140,20.00,21.00,0.00,0.00,0.00,354.26,0.01,1.96
4128640,20.00,21.25,0.00,0.00,0.00,353.32,0.01,1.86
4129140,20.00,21.25,0.00,0.00,0.00,353.32,0.01,1.86
4129640,20.00,21.25,0.00,0.00,0.00,354.46,0.01,1.92
4130140,20.00,21.25,0.00,0.00,0.00,354.46,0.01,1.92
4130640,20.00,21.25,0.00,0.00,0.00,354.93,0.01,1.87
4131140,20.00,21.25,0.00,0.00,0.00,354.93,0.01,1.87
4131640,20.00,21.00,0.00,0.00,0.00,355.11,0.01,2.37
4132140,20.00,21.25,0.00,0.00,0.00,355.11,0.01,2.37
4132640,20.00,21.00,0.00,0.00,0.00,355.80,0.01,2.22
4133140,20.00,21.25,0.00,0.00,0.00,355.80,0.01,2.22
4133640,20.00,21.25,0.00,0.00,0.00,355.48,0.00,1.45
4134140,20.00,21.00,0.00,0.00,0.00,355.48,0.00,1.45
4134640,20.00,21.00,0.00,0.00,0.00,355.16,0.01,2.14
4135140,20.00,21.00,0.00,0.00,0.00,355.16,0.01,2.14
4135640,20.00,21.00,0.00,0.00,0.00,355.16,0.01,2.01
4136140,20.00,21.00,0.00,0.00,0.00,355.16,0.01,2.01
4136640,20.00,21.00,0.00,0.00,0.00,354.39,0.01,2.00
4137140,20.00,21.00,0.00,0.00,0.00,354.39,0.01,2.00
4137640,20.00,21.00,0.00,0.00,0.00,355.16,0.01,1.92
4138140,20.00,21.00,0.00,0.00,0.00,355.16,0.01,1.92
4138640,20.00,21.00,0.00,0.00,0.00,353.55,0.01,1.91
4139140,20.25,21.00,0.00,0.00,0.00,353.55,0.01,1.91
4139640,20.00,21.00,0.00,0.00,0.00,354.34,0.00,1.62
4140140,20.25,21.00,0.00,0.00,0.00,354.34,0.00,1.62
4140640,20.25,21.00,0.00,0.00,0.00,354.95,0.01,1.82
4141140,20.00,21.00,0.00,0.00,0.00,354.95,0.01,1.82
4141640,20.00,21.00,0.00,0.00,0.00,354.92,0.01,2.25
4142140,20.25,21.25,0.00,0.00,0.00,354.92,0.01,2.25
4142640,20.00,21.25,0.00,0.00,0.00,355.24,0.01,2.26
4143140,20.25,21.25,0.00,0.00,0.00,355.24,0.01,2.26
4143640,20.25,21.25,0.00,0.00,0.00,354.54,0.01,1.96
4144140,20.25,21.25,0.00,0.00,0.00,354.54,0.01,1.96
4144640,20.25,21.25,0.00,0.00,0.00,355.09,0.01,1.92
4145140,20.25,21.25,0.00,0.00,0.00,355.09,0.01,1.92
4145640,20.25,21.25,0.00,0.00,0.00,354.84,0.01,1.92
4146140,20.25,21.25,0.00,0.00,0.00,354.84,0.01,1.92
4146640,20.25,21.50,0.00,0.00,0.00,355.54,0.01,2.26
4147140,20.50,21.50,0.00,0.00,0.00,355.54,0.01,2.26
4147640,20.50,21.50,0.00,0.00,0.00,355.59,0.01,2.10
4148140,20.50,21.50,0.00,0.00,0.00,355.59,0.01,2.10
4148640,20.50,21.50,0.00,0.00,0.00,354.39,0.00,1.72
4149140,20.50,21.75,0.00,0.00,0.00,354.39,0.00,1.72
4149640,20.50,21.75,0.00,0.00,0.00,354.52,0.01,2.00
4150140,20.50,21.75,0.00,0.00,0.00,354.52,0.01,2.00
4150640,20.50,21.50,0.00,0.00,0.00,354.87,0.01,1.82
4151140,20.50,21.75,0.00,0.00,0.00,354.87,0.01,1.82
4151640,20.50,21.50,0.00,0.00,0.00,355.08,0.01,1.96
4152140,20.50,21.75,0.00,0.00,0.00,355.08,0.01,1.96
4152640,20.50,21.50,0.00,0.00,0.00,353.66,0.01,2.00
4153140,20.50,21.50,0.00,0.00,0.00,353.66,0.01,2.00
4153640,20.50,21.50,0.00,0.00,0.00,354.69,0.01,2.09
4154140,20.25,21.50,0.00,0.00,0.00,354.69,0.01,2.09
4154640,20.25,21.50,0.00,0.00,0.00,354.59,0.00,1.72
4155140,20.25,21.50,0.00,0.00,0.00,354.59,0.00,1.72
4155640,20.25,21.50,0.00,0.00,0.00,354.44,0.01,2.17
4156140,20.25,21.50,0.00,0.00,0.00,354.44,0.01,2.17
4156640,20.25,21.50,0.00,0.00,0.00,355.85,0.01,1.88
4157140,20.25,21.50,0.00,0.00,0.00,355.85,0.01,1.88
4157640,20.25,21.50,0.00,0.00,0.00,356.31,0.01,2.41
4158140,20.25,21.50,0.00,0.00,0.00,356.31,0.01,2.41
4158640,20.25,21.50,0.00,0.00,0.00,357.00,0.01,2.15
4159140,20.25,21.50,0.00,0.00,0.00,357.00,0.01,2.15
4159640,20.25,21.50,0.00,0.00,0.00,355.67,0.01,2.10
4160140,20.25,21.50,0.00,0.00,0.00,355.67,0.01,2.10
4160640,20.25,21.25,0.00,0.00,0.00,356.45,0.01,1.88
4161140,20.25,21.50,0.00,0.00,0.00,356.45,0.01,1.88
4161640,20.25,21.50,0.00,0.00,0.00,356.35,0.01,2.30
4162140,20.25,21.25,0.00,0.00,0.00,356.35,0.01,2.30
4162640,20.25,21.50,0.00,0.00,0.00,356.98,0.01,2.06
