loss,insulation_to_air_overall_heat_transfer_coefficient_to_environment,pipe_endcaps_to_air_thermal_conductance,heater_weight_1,heater_weight_2,heater_weight_3,heater_weight_4,fluid_to_steel_pipe_convective_heat_transfer_coefficient,steel_thermal_mass_multiplier,TC1_thermal_resistance,TC2_thermal_resistance,TC3_thermal_resistance,TC4_thermal_resistance,TC5_thermal_resistance
19.494929540980046,9.530303484794349,0.23850317615143615,0.06116815535094061,0.32593662317145544,0.800030416251087,0.08088376822257311,1039.8435657727748,11.889791852308615,3.021766878378581,88.23726947875168,11.554339535704155,22.34397702633403,23.05689347267232
18.206967782654424,0.03692379914657143,1.2455972209440618,0.40562274799457076,0.9929098902829889,0.5970173285708932,0.9773968459276304,837.806379267512,8.950795165159132,45.72050636462414,6.3211546542140695,60.47442841146899,20.571996046277576,81.25881673810662
27.764205882942292,1.5192731189137496,2.846453424278619,0.5782644964752821,0.3635285934461756,0.6821119346786854,0.7855039281202953,52.39931316948479,0.6300083493509091,52.3576455247182,72.85068863277033,14.368378117297775,64.84487154819605,29.84010579134594
19.13625662809153,7.914627035859387,2.47275720952933,0.16122791066778766,0.039788675838249556,0.6158066086258571,0.819063647977586,962.0874726863291,5.682525182349375,6.220834983807159,73.89402006102631,46.60996451676461,40.376579067588054,44.81829928073709
15.980197974095661,1.573902764175441,0.8990371892828639,0.18529947938091546,0.40888534830745416,0.8432806696923857,0.7328941602476234,1462.236724198589,10.674770081527631,76.6377748662702,74.35342270698115,85.5881342268704,35.16205635936367,46.49267140599457
15.079288078916846,7.475958658513869,0.14906240887351674,0.4726631751232583,0.106164427982056,0.4768768531245145,0.1639416529928892,11.413416772105734,6.546557460693439,98.28228374929485,61.38922206108852,30.59926526835333,80.7374855393269,12.289390756625174
19.13568442286976,6.033409785792444,3.299009874607127,0.10218817882263305,0.3146103237871684,0.5820034715018455,0.3620629238107078,1964.0262140297505,3.9089242108001656,83.86617228815011,10.62187253991256,45.78190195197482,57.59849418910046,27.079349528830363
49.108211159573656,9.474924384534502,3.19106617828411,0.9715865818166857,0.31421836647703205,0.5295154139668063,0.8561489265887,483.4758594813988,2.927219068025617,66.58987191001287,12.90434908489253,4.5386172519708055,67.99230961047002,7.228956367641517
10.979150585287723,5.717418480955547,0.9519123197150893,0.013050601485688158,0.48798290784462206,0.2989771815887016,0.11842412305293895,45.11708459361461,9.473465360052218,77.4561216516637,79.8627117227322,57.53792956526059,24.73484045228906,95.57111352603725
18.844195403075123,3.3940362623017064,1.2012994310125085,0.3441291658990971,0.24759325546970604,0.44460882775273736,0.7381428760210629,490.5775237144114,15.980455013986255,62.66537739725197,6.8656475242751815,48.92009877564221,68.07990320760362,34.68832590260067
15.06821243672468,0.28736026149853783,1.9829759938156835,0.2985970526302666,0.2423647031852465,0.37082120955816233,0.30536982543381525,941.3605098785063,10.141777765402114,40.294605460492306,38.64158291934646,0.9457563459197599,33.523910802500914,96.33383176366151
24.250563823667395,5.797679128472077,3.7480742090446544,0.4599895939190486,0.2962724393208348,0.25954253175557407,0.018551188911378275,906.8177678408919,14.459115609495615,83.19845922392012,7.363989129283512,37.49014052532302,36.31370096002185,36.37541240939734
26.276541246299594,6.98194676745362,3.589519280997986,0.3936963338787519,0.4536170476746785,0.7613882605225268,0.6591833467471545,1867.2629246414729,0.3020963900620788,98.4538243643338,59.941890950822334,97.55435058914291,44.50836255969419,46.77855637553481
20.04205593453702,7.968607366821559,3.1604173816492453,0.04202384497917913,0.7673154854071381,0.3506076151178796,0.16253252942221574,985.8835211405462,10.205399908261036,31.864355399391954,25.55227317372656,68.55195455103296,47.05902094162731,56.008389431256475
16.11841251386237,5.9374567321151455,0.18221940873867393,0.2946618966349934,0.7349510027817586,0.9121468864665503,0.786028833128874,1648.3828506126647,7.916783595283209,60.079437415624454,8.98237637301531,30.125315715654526,63.57816956560043,71.04991200219519
17.926069650606053,4.021417767722904,2.5452169015933,0.02136093960043679,0.8678486391878366,0.8393972744623429,0.3875897207080658,526.2981984249917,1.4177304582271326,9.783167380644395,95.20243598397096,83.61720577181165,80.87793916238086,14.90482567734872
23.21606614414523,6.98194676745362,3.589519280997986,0.3936963338787519,0.4536170476746785,0.8033993390216871,0.6591833467471545,1867.2629246414729,10.43661222081187,51.43520052101587,59.941890950822334,97.55435058914291,44.50836255969419,46.77855637553481
19.13625662809153,7.914627035859387,2.47275720952933,0.16122791066778766,0.039788675838249556,0.6158066086258571,0.819063647977586,962.0874726863291,5.682525182349375,6.220834983807159,73.89402006102631,46.60996451676461,40.376579067588054,44.81829928073709
27.764205882942292,1.5192731189137496,2.846453424278619,0.5782644964752821,0.3635285934461756,0.6821119346786854,0.7855039281202953,52.39931316948479,0.6300083493509091,52.3576455247182,72.85068863277033,14.368378117297775,64.84487154819605,29.84010579134594
19.494929540980046,9.530303484794349,0.23850317615143615,0.06116815535094061,0.32593662317145544,0.800030416251087,0.08088376822257311,1039.8435657727748,11.889791852308615,3.021766878378581,88.23726947875168,11.554339535704155,22.34397702633403,23.05689347267232
18.206967782654424,0.03692379914657143,1.2455972209440618,0.40562274799457076,0.9929098902829889,0.5970173285708932,0.9773968459276304,837.806379267512,8.950795165159132,45.72050636462414,6.3211546542140695,60.47442841146899,20.571996046277576,81.25881673810662
9.184795003419733,0.9824287909308131,0.4471006158957623,0.15398568316493622,0.1648361269474924,0.811300912887303,0.7909563937818178,322.4644226770014,3.922089852971109,84.60287451277974,44.295001379709944,82.38583056999498,67.38513856421812,15.461702824409157
19.13568442286976,6.033409785792444,3.299009874607127,0.10218817882263305,0.3146103237871684,0.5820034715018455,0.3620629238107078,1964.0262140297505,3.9089242108001656,83.86617228815011,10.62187253991256,45.78190195197482,57.59849418910046,27.079349528830363
15.079288078916846,7.475958658513869,0.14906240887351674,0.4726631751232583,0.106164427982056,0.4768768531245145,0.1639416529928892,11.413416772105734,6.546557460693439,98.28228374929485,61.38922206108852,30.59926526835333,80.7374855393269,12.289390756625174
37.35708194271714,8.02800661904726,4.134416949194973,0.8796432612590029,0.08614707112640074,0.45274983142758357,0.17352091842873696,525.7161767136992,6.311786020049244,85.5071674778347,42.77374114961169,84.74196037690929,15.64055633983081,59.97534994666707
10.979150585287723,5.717418480955547,0.9519123197150893,0.013050601485688158,0.48798290784462206,0.2989771815887016,0.11842412305293895,45.11708459361461,9.473465360052218,77.4561216516637,79.8627117227322,57.53792956526059,24.73484045228906,95.57111352603725
24.250563823667395,5.797679128472077,3.7480742090446544,0.4599895939190486,0.2962724393208348,0.25954253175557407,0.018551188911378275,906.8177678408919,14.459115609495615,83.19845922392012,7.363989129283512,37.49014052532302,36.31370096002185,36.37541240939734
18.844195403075123,3.3940362623017064,1.2012994310125085,0.3441291658990971,0.24759325546970604,0.44460882775273736,0.7381428760210629,490.5775237144114,15.980455013986255,62.66537739725197,6.8656475242751815,48.92009877564221,68.07990320760362,34.68832590260067
15.06821243672468,0.28736026149853783,1.9829759938156835,0.2985970526302666,0.2423647031852465,0.37082120955816233,0.30536982543381525,941.3605098785063,10.141777765402114,40.294605460492306,38.64158291934646,0.9457563459197599,33.523910802500914,96.33383176366151
20.04205593453702,7.968607366821559,3.1604173816492453,0.04202384497917913,0.7673154854071381,0.3506076151178796,0.16253252942221574,985.8835211405462,10.205399908261036,31.864355399391954,25.55227317372656,68.55195455103296,47.05902094162731,56.008389431256475
12.997321522112397,1.4888349096523463,0.042669242689263934,0.04466075603830823,0.8473091405645518,0.19388228363129736,0.1677405962274068,245.9800572191895,17.53506815689639,24.658867138540188,81.8389274839318,62.22891127304203,35.88187198513077,87.11556863055023
13.347768722614461,0.5732583646167017,1.0163465819855682,0.2968872357728005,0.010100224312567713,0.4470409002192469,0.7529932025264117,1305.848326443975,6.720088418772893,93.62789126855435,3.79973824057576,89.9279506854316,89.4325250030782,24.7449397939168
19.92851739821354,2.987957544619986,1.4493193067219998,0.425002246065439,0.6849275830666463,0.08870982727081245,0.04789932294201002,696.5944158536724,8.77862230437078,99.22308893343326,40.197633134685034,63.238863216529666,28.79701473283643,89.67103814423452
27.764205882942292,1.5192731189137496,2.846453424278619,0.5782644964752821,0.3635285934461756,0.6821119346786854,0.7855039281202953,52.39931316948479,0.6300083493509091,52.3576455247182,72.85068863277033,14.368378117297775,64.84487154819605,29.84010579134594
19.13625662809153,7.914627035859387,2.47275720952933,0.16122791066778766,0.039788675838249556,0.6158066086258571,0.819063647977586,962.0874726863291,5.682525182349375,6.220834983807159,73.89402006102631,46.60996451676461,40.376579067588054,44.81829928073709
9.184795003419733,0.9824287909308131,0.4471006158957623,0.15398568316493622,0.1648361269474924,0.811300912887303,0.7909563937818178,322.4644226770014,3.922089852971109,84.60287451277974,44.295001379709944,82.38583056999498,67.38513856421812,15.461702824409157
19.494929540980046,9.530303484794349,0.23850317615143615,0.06116815535094061,0.32593662317145544,0.800030416251087,0.08088376822257311,1039.8435657727748,11.889791852308615,3.021766878378581,88.23726947875168,11.554339535704155,22.34397702633403,23.05689347267232
18.206967782654424,0.03692379914657143,1.2455972209440618,0.40562274799457076,0.9929098902829889,0.5970173285708932,0.9773968459276304,837.806379267512,8.950795165159132,45.72050636462414,6.3211546542140695,60.47442841146899,20.571996046277576,81.25881673810662
17.575646117961252,7.75046531332445,0.660783391276691,0.07328084567346017,0.34144201223003995,0.39012037801603583,0.23584327804933874,1307.1424872573305,1.947914608288119,85.42896199018196,6.43407206833553,3.0466327057404925,65.23103660942436,32.30854645049695
5.53980380810311,5.933984319875779,0.01825262616829071,0.09569011452700785,0.6039021590007932,0.7019330467278848,0.03116660202362563,1775.1642536578313,2.9646103972057856,49.2074513891145,51.57746370647087,24.48241751298848,68.452179736453,27.65156400067918
18.29045733861899,3.6396751489185215,2.4493538535730655,0.05839188964559972,0.6006759470934416,0.6723266055829346,0.038269827530743504,1710.4118401118342,11.163775089339495,92.12693033078362,54.81450543635473,21.159419467743398,43.08412008167778,99.94763892498827
12.854666855216097,2.159837904703036,0.31949291230460747,0.35669205686320893,0.837023520993971,0.023051137619865353,0.4247428997952053,179.28740714794455,4.059171508449231,7.850485152158971,3.334850050809011,44.10376961434832,57.74781477830599,11.15279826052395
10.979150585287723,5.717418480955547,0.9519123197150893,0.013050601485688158,0.48798290784462206,0.2989771815887016,0.11842412305293895,45.11708459361461,9.473465360052218,77.4561216516637,79.8627117227322,57.53792956526059,24.73484045228906,95.57111352603725
18.844195403075123,3.3940362623017064,1.2012994310125085,0.3441291658990971,0.24759325546970604,0.44460882775273736,0.7381428760210629,490.5775237144114,15.980455013986255,62.66537739725197,6.8656475242751815,48.92009877564221,68.07990320760362,34.68832590260067
15.06821243672468,0.28736026149853783,1.9829759938156835,0.2985970526302666,0.2423647031852465,0.37082120955816233,0.30536982543381525,941.3605098785063,10.141777765402114,40.294605460492306,38.64158291934646,0.9457563459197599,33.523910802500914,96.33383176366151
20.04205593453702,7.968607366821559,3.1604173816492453,0.04202384497917913,0.7673154854071381,0.3506076151178796,0.16253252942221574,985.8835211405462,10.205399908261036,31.864355399391954,25.55227317372656,68.55195455103296,47.05902094162731,56.008389431256475
12.997321522112397,1.4888349096523463,0.042669242689263934,0.04466075603830823,0.8473091405645518,0.19388228363129736,0.1677405962274068,245.9800572191895,17.53506815689639,24.658867138540188,81.8389274839318,62.22891127304203,35.88187198513077,87.11556863055023
13.347768722614461,0.5732583646167017,1.0163465819855682,0.2968872357728005,0.010100224312567713,0.4470409002192469,0.7529932025264117,1305.848326443975,6.720088418772893,93.62789126855435,3.79973824057576,89.9279506854316,89.4325250030782,24.7449397939168
27.764205882942292,1.5192731189137496,2.846453424278619,0.5782644964752821,0.3635285934461756,0.6821119346786854,0.7855039281202953,52.39931316948479,0.6300083493509091,52.3576455247182,72.85068863277033,14.368378117297775,64.84487154819605,29.84010579134594
19.494929540980046,9.530303484794349,0.23850317615143615,0.06116815535094061,0.32593662317145544,0.800030416251087,0.08088376822257311,1039.8435657727748,11.889791852308615,3.021766878378581,88.23726947875168,11.554339535704155,22.34397702633403,23.05689347267232
14.942965780160034,4.7047711452963386,3.7832365852625878,0.22974749345029474,0.7709591194997284,0.530529378633843,0.6255712477916862,36.63057140625707,11.792169778250473,78.98746587831819,38.99650035867268,91.73101123865723,6.967008074597882,41.26110623005695
19.13625662809153,7.914627035859387,2.47275720952933,0.16122791066778766,0.039788675838249556,0.6158066086258571,0.819063647977586,962.0874726863291,5.682525182349375,6.220834983807159,73.89402006102631,46.60996451676461,40.376579067588054,44.81829928073709
6.985527158741749,1.8089377077906812,0.2907368825393324,0.13373325743050385,0.2984430994956271,0.11636563762032473,0.8377511082721953,156.65879820706527,4.410912680428499,3.268933610703334,48.7212563949847,71.54598761826661,57.96851122042796,14.638834973825208
5.53980380810311,5.933984319875779,0.01825262616829071,0.09569011452700785,0.6039021590007932,0.7019330467278848,0.03116660202362563,1775.1642536578313,2.9646103972057856,49.2074513891145,51.57746370647087,24.48241751298848,68.452179736453,27.65156400067918
19.92851739821354,2.987957544619986,1.4493193067219998,0.425002246065439,0.6849275830666463,0.08870982727081245,0.04789932294201002,696.5944158536724,8.77862230437078,99.22308893343326,40.197633134685034,63.238863216529666,28.79701473283643,89.67103814423452
17.575646117961252,7.75046531332445,0.660783391276691,0.07328084567346017,0.34144201223003995,0.39012037801603583,0.23584327804933874,1307.1424872573305,1.947914608288119,85.42896199018196,6.43407206833553,3.0466327057404925,65.23103660942436,32.30854645049695
18.29045733861899,3.6396751489185215,2.4493538535730655,0.05839188964559972,0.6006759470934416,0.6723266055829346,0.038269827530743504,1710.4118401118342,11.163775089339495,92.12693033078362,54.81450543635473,21.159419467743398,43.08412008167778,99.94763892498827
12.854666855216097,2.159837904703036,0.31949291230460747,0.35669205686320893,0.837023520993971,0.023051137619865353,0.4247428997952053,179.28740714794455,4.059171508449231,7.850485152158971,3.334850050809011,44.10376961434832,57.74781477830599,11.15279826052395
10.979150585287723,5.717418480955547,0.9519123197150893,0.013050601485688158,0.48798290784462206,0.2989771815887016,0.11842412305293895,45.11708459361461,9.473465360052218,77.4561216516637,79.8627117227322,57.53792956526059,24.73484045228906,95.57111352603725
15.06821243672468,0.28736026149853783,1.9829759938156835,0.2985970526302666,0.2423647031852465,0.37082120955816233,0.30536982543381525,941.3605098785063,10.141777765402114,40.294605460492306,38.64158291934646,0.9457563459197599,33.523910802500914,96.33383176366151
13.81037331194464,0.37024610546092795,4.687586029270427,0.18154148911790227,0.15860046913935005,0.43097788503565876,0.9674009123129046,114.7185380080053,18.00728967165682,45.312753912107674,93.34209663429004,98.24093018689547,43.2064302701525,55.07360845315854
17.682521869734035,2.987957544619986,0.7768370994754259,0.425002246065439,0.6849275830666463,0.08870982727081245,0.6840384024616,536.9713520936867,6.193039136458467,77.65123761765605,40.197633134685034,23.317462550952676,26.074202678246095,89.67103814423452
20.04205593453702,7.968607366821559,3.1604173816492453,0.04202384497917913,0.7673154854071381,0.3506076151178796,0.16253252942221574,985.8835211405462,10.205399908261036,31.864355399391954,25.55227317372656,68.55195455103296,47.05902094162731,56.008389431256475
12.997321522112397,1.4888349096523463,0.042669242689263934,0.04466075603830823,0.8473091405645518,0.19388228363129736,0.1677405962274068,245.9800572191895,17.53506815689639,24.658867138540188,81.8389274839318,62.22891127304203,35.88187198513077,87.11556863055023
21.28450945393316,9.58106425469587,3.9049341198955627,0.4556786405400917,0.2882138809948997,0.062326597468209295,0.4885528800531727,85.5522743319118,11.19903821346402,44.09522498127131,2.386551900099361,11.243708726246146,21.86814394443717,44.93725998071692
19.494929540980046,9.530303484794349,0.23850317615143615,0.06116815535094061,0.32593662317145544,0.800030416251087,0.08088376822257311,1039.8435657727748,11.889791852308615,3.021766878378581,88.23726947875168,11.554339535704155,22.34397702633403,23.05689347267232
13.347768722614461,0.5732583646167017,1.0163465819855682,0.2968872357728005,0.010100224312567713,0.4470409002192469,0.7529932025264117,1305.848326443975,6.720088418772893,93.62789126855435,3.79973824057576,89.9279506854316,89.4325250030782,24.7449397939168
14.629673530334456,3.9679136573251683,1.9407816407902485,0.08103969597423713,0.6216550703388272,0.6234856435519303,0.24165707374392958,249.6910835684522,9.160329496848734,10.56375490965039,16.159111293948428,14.596461838566311,91.40947443918981,93.80138194711633
6.985527158741749,1.8089377077906812,0.2907368825393324,0.13373325743050385,0.2984430994956271,0.11636563762032473,0.8377511082721953,156.65879820706527,4.410912680428499,3.268933610703334,48.7212563949847,71.54598761826661,57.96851122042796,14.638834973825208
5.53980380810311,5.933984319875779,0.01825262616829071,0.09569011452700785,0.6039021590007932,0.7019330467278848,0.03116660202362563,1775.1642536578313,2.9646103972057856,49.2074513891145,51.57746370647087,24.48241751298848,68.452179736453,27.65156400067918
19.13625662809153,7.914627035859387,2.47275720952933,0.16122791066778766,0.039788675838249556,0.6158066086258571,0.819063647977586,962.0874726863291,5.682525182349375,6.220834983807159,73.89402006102631,46.60996451676461,40.376579067588054,44.81829928073709
17.575646117961252,7.75046531332445,0.660783391276691,0.07328084567346017,0.34144201223003995,0.39012037801603583,0.23584327804933874,1307.1424872573305,1.947914608288119,85.42896199018196,6.43407206833553,3.0466327057404925,65.23103660942436,32.30854645049695
15.06821243672468,0.28736026149853783,1.9829759938156835,0.2985970526302666,0.2423647031852465,0.37082120955816233,0.30536982543381525,941.3605098785063,10.141777765402114,40.294605460492306,38.64158291934646,0.9457563459197599,33.523910802500914,96.33383176366151
18.29045733861899,3.6396751489185215,2.4493538535730655,0.05839188964559972,0.6006759470934416,0.6723266055829346,0.038269827530743504,1710.4118401118342,11.163775089339495,92.12693033078362,54.81450543635473,21.159419467743398,43.08412008167778,99.94763892498827
10.979150585287723,5.717418480955547,0.9519123197150893,0.013050601485688158,0.48798290784462206,0.2989771815887016,0.11842412305293895,45.11708459361461,9.473465360052218,77.4561216516637,79.8627117227322,57.53792956526059,24.73484045228906,95.57111352603725
4.92737729099382,0.6324104503001076,0.12288648007593796,0.09529643474717908,0.8111035152253958,0.020605081499871152,0.217808828803388,776.7282585999191,5.280103768647053,27.298060987207375,89.55239850039543,25.329306306289762,81.77899815643448,16.21039962342885
12.751209240847542,0.06810437233095656,0.624643532719777,0.07922707180566502,0.2671454571539615,0.42012906464408345,0.9539770640124227,703.0226824444202,14.516496819224573,58.39796804702757,26.107028409513777,87.49806206467156,59.05895820170523,5.5907639382182905
13.81037331194464,0.37024610546092795,4.687586029270427,0.18154148911790227,0.15860046913935005,0.43097788503565876,0.9674009123129046,114.7185380080053,18.00728967165682,45.312753912107674,93.34209663429004,98.24093018689547,43.2064302701525,55.07360845315854
15.06821243672468,0.28736026149853783,1.9829759938156835,0.2985970526302666,0.2423647031852465,0.37082120955816233,0.30536982543381525,941.3605098785063,10.141777765402114,40.294605460492306,38.64158291934646,0.9457563459197599,33.523910802500914,96.33383176366151
21.28450945393316,9.58106425469587,3.9049341198955627,0.4556786405400917,0.2882138809948997,0.062326597468209295,0.4885528800531727,85.5522743319118,11.19903821346402,44.09522498127131,2.386551900099361,11.243708726246146,21.86814394443717,44.93725998071692
19.494929540980046,9.530303484794349,0.23850317615143615,0.06116815535094061,0.32593662317145544,0.800030416251087,0.08088376822257311,1039.8435657727748,11.889791852308615,3.021766878378581,88.23726947875168,11.554339535704155,22.34397702633403,23.05689347267232
14.629673530334456,3.9679136573251683,1.9407816407902485,0.08103969597423713,0.6216550703388272,0.6234856435519303,0.24165707374392958,249.6910835684522,9.160329496848734,10.56375490965039,16.159111293948428,14.596461838566311,91.40947443918981,93.80138194711633
20.04205593453702,7.968607366821559,3.1604173816492453,0.04202384497917913,0.7673154854071381,0.3506076151178796,0.16253252942221574,985.8835211405462,10.205399908261036,31.864355399391954,25.55227317372656,68.55195455103296,47.05902094162731,56.008389431256475
12.997321522112397,1.4888349096523463,0.042669242689263934,0.04466075603830823,0.8473091405645518,0.19388228363129736,0.1677405962274068,245.9800572191895,17.53506815689639,24.658867138540188,81.8389274839318,62.22891127304203,35.88187198513077,87.11556863055023
5.53980380810311,5.933984319875779,0.01825262616829071,0.09569011452700785,0.6039021590007932,0.7019330467278848,0.03116660202362563,1775.1642536578313,2.9646103972057856,49.2074513891145,51.57746370647087,24.48241751298848,68.452179736453,27.65156400067918
6.985527158741749,1.8089377077906812,0.2907368825393324,0.13373325743050385,0.2984430994956271,0.11636563762032473,0.8377511082721953,156.65879820706527,4.410912680428499,3.268933610703334,48.7212563949847,71.54598761826661,57.96851122042796,14.638834973825208
13.347768722614461,0.5732583646167017,1.0163465819855682,0.2968872357728005,0.010100224312567713,0.4470409002192469,0.7529932025264117,1305.848326443975,6.720088418772893,93.62789126855435,3.79973824057576,89.9279506854316,89.4325250030782,24.7449397939168
18.950044023211188,1.2437353231463488,4.231977717955653,0.24613319922717877,0.8392718082444555,0.6093771227602185,0.7725204855006768,1620.803591772793,14.470722746226734,76.33495035314617,20.918618522521637,12.878185349645545,54.47365473936521,27.942662644087754
17.575646117961252,7.75046531332445,0.660783391276691,0.07328084567346017,0.34144201223003995,0.39012037801603583,0.23584327804933874,1307.1424872573305,1.947914608288119,85.42896199018196,6.43407206833553,3.0466327057404925,65.23103660942436,32.30854645049695
18.093445377910626,3.6396751489185215,2.4493538535730655,0.05839188964559972,0.6006759470934416,0.12278883551337849,0.8646482620023437,1710.4118401118342,11.163775089339495,50.85049721635559,54.81450543635473,21.159419467743398,43.08412008167778,99.94763892498827
21.28450945393316,9.58106425469587,3.9049341198955627,0.4556786405400917,0.2882138809948997,0.062326597468209295,0.4885528800531727,85.5522743319118,11.19903821346402,44.09522498127131,2.386551900099361,11.243708726246146,21.86814394443717,44.93725998071692
10.979150585287723,5.717418480955547,0.9519123197150893,0.013050601485688158,0.48798290784462206,0.2989771815887016,0.11842412305293895,45.11708459361461,9.473465360052218,77.4561216516637,79.8627117227322,57.53792956526059,24.73484045228906,95.57111352603725
4.92737729099382,0.6324104503001076,0.12288648007593796,0.09529643474717908,0.8111035152253958,0.020605081499871152,0.217808828803388,776.7282585999191,5.280103768647053,27.298060987207375,89.55239850039543,25.329306306289762,81.77899815643448,16.21039962342885
12.751209240847542,0.06810437233095656,0.624643532719777,0.07922707180566502,0.2671454571539615,0.42012906464408345,0.9539770640124227,703.0226824444202,14.516496819224573,58.39796804702757,26.107028409513777,87.49806206467156,59.05895820170523,5.5907639382182905
13.81037331194464,0.37024610546092795,4.687586029270427,0.18154148911790227,0.15860046913935005,0.43097788503565876,0.9674009123129046,114.7185380080053,18.00728967165682,45.312753912107674,93.34209663429004,98.24093018689547,43.2064302701525,55.07360845315854
19.494929540980046,9.530303484794349,0.23850317615143615,0.06116815535094061,0.32593662317145544,0.800030416251087,0.08088376822257311,1039.8435657727748,11.889791852308615,3.021766878378581,88.23726947875168,11.554339535704155,22.34397702633403,23.05689347267232
14.629673530334456,3.9679136573251683,1.9407816407902485,0.08103969597423713,0.6216550703388272,0.6234856435519303,0.24165707374392958,249.6910835684522,9.160329496848734,10.56375490965039,16.159111293948428,14.596461838566311,91.40947443918981,93.80138194711633
15.06821243672468,0.28736026149853783,1.9829759938156835,0.2985970526302666,0.2423647031852465,0.37082120955816233,0.30536982543381525,941.3605098785063,10.141777765402114,40.294605460492306,38.64158291934646,0.9457563459197599,33.523910802500914,96.33383176366151
5.53980380810311,5.933984319875779,0.01825262616829071,0.09569011452700785,0.6039021590007932,0.7019330467278848,0.03116660202362563,1775.1642536578313,2.9646103972057856,49.2074513891145,51.57746370647087,24.48241751298848,68.452179736453,27.65156400067918
20.04205593453702,7.968607366821559,3.1604173816492453,0.04202384497917913,0.7673154854071381,0.3506076151178796,0.16253252942221574,985.8835211405462,10.205399908261036,31.864355399391954,25.55227317372656,68.55195455103296,47.05902094162731,56.008389431256475
12.997321522112397,1.4888349096523463,0.042669242689263934,0.04466075603830823,0.8473091405645518,0.19388228363129736,0.1677405962274068,245.9800572191895,17.53506815689639,24.658867138540188,81.8389274839318,62.22891127304203,35.88187198513077,87.11556863055023
13.347768722614461,0.5732583646167017,1.0163465819855682,0.2968872357728005,0.010100224312567713,0.4470409002192469,0.7529932025264117,1305.848326443975,6.720088418772893,93.62789126855435,3.79973824057576,89.9279506854316,89.4325250030782,24.7449397939168
6.985527158741749,1.8089377077906812,0.2907368825393324,0.13373325743050385,0.2984430994956271,0.11636563762032473,0.8377511082721953,156.65879820706527,4.410912680428499,3.268933610703334,48.7212563949847,71.54598761826661,57.96851122042796,14.638834973825208
12.766811792603777,0.35063418996718526,0.026817305020944926,0.4875202017002852,0.45393717143710327,0.7382050046722943,0.20789853596167496,527.6617912983279,11.480607871218982,69.37968212371408,90.507029057518,88.1501936070967,67.05814672960432,85.54734727999676
21.28450945393316,9.58106425469587,3.9049341198955627,0.4556786405400917,0.2882138809948997,0.062326597468209295,0.4885528800531727,85.5522743319118,11.19903821346402,44.09522498127131,2.386551900099361,11.243708726246146,21.86814394443717,44.93725998071692
15.570485765815715,0.12474961023473514,2.861303846030331,0.212111465506955,0.5733720556083521,0.7456174777107071,0.7757975660168153,1384.1894514415562,1.9085110366960187,34.95697229266189,83.99306334924893,12.6321865270107,94.69840837357722,2.2254775110001743
13.81037331194464,0.37024610546092795,4.687586029270427,0.18154148911790227,0.15860046913935005,0.43097788503565876,0.9674009123129046,114.7185380080053,18.00728967165682,45.312753912107674,93.34209663429004,98.24093018689547,43.2064302701525,55.07360845315854
17.575646117961252,7.75046531332445,0.660783391276691,0.07328084567346017,0.34144201223003995,0.39012037801603583,0.23584327804933874,1307.1424872573305,1.947914608288119,85.42896199018196,6.43407206833553,3.0466327057404925,65.23103660942436,32.30854645049695
10.979150585287723,5.717418480955547,0.9519123197150893,0.013050601485688158,0.48798290784462206,0.2989771815887016,0.11842412305293895,45.11708459361461,9.473465360052218,77.4561216516637,79.8627117227322,57.53792956526059,24.73484045228906,95.57111352603725
12.751209240847542,0.06810437233095656,0.624643532719777,0.07922707180566502,0.2671454571539615,0.42012906464408345,0.9539770640124227,703.0226824444202,14.516496819224573,58.39796804702757,26.107028409513777,87.49806206467156,59.05895820170523,5.5907639382182905
4.92737729099382,0.6324104503001076,0.12288648007593796,0.09529643474717908,0.8111035152253958,0.020605081499871152,0.217808828803388,776.7282585999191,5.280103768647053,27.298060987207375,89.55239850039543,25.329306306289762,81.77899815643448,16.21039962342885
19.494929540980046,9.530303484794349,0.23850317615143615,0.06116815535094061,0.32593662317145544,0.800030416251087,0.08088376822257311,1039.8435657727748,11.889791852308615,3.021766878378581,88.23726947875168,11.554339535704155,22.34397702633403,23.05689347267232
14.629673530334456,3.9679136573251683,1.9407816407902485,0.08103969597423713,0.6216550703388272,0.6234856435519303,0.24165707374392958,249.6910835684522,9.160329496848734,10.56375490965039,16.159111293948428,14.596461838566311,91.40947443918981,93.80138194711633
5.53980380810311,5.933984319875779,0.01825262616829071,0.09569011452700785,0.6039021590007932,0.7019330467278848,0.03116660202362563,1775.1642536578313,2.9646103972057856,49.2074513891145,51.57746370647087,24.48241751298848,68.452179736453,27.65156400067918
15.06821243672468,0.28736026149853783,1.9829759938156835,0.2985970526302666,0.2423647031852465,0.37082120955816233,0.30536982543381525,941.3605098785063,10.141777765402114,40.294605460492306,38.64158291934646,0.9457563459197599,33.523910802500914,96.33383176366151
12.997321522112397,1.4888349096523463,0.042669242689263934,0.04466075603830823,0.8473091405645518,0.19388228363129736,0.1677405962274068,245.9800572191895,17.53506815689639,24.658867138540188,81.8389274839318,62.22891127304203,35.88187198513077,87.11556863055023
18.265114416055436,0.11631679894653427,3.8041907312060355,0.4263471646054062,0.8800533210078745,0.9798106067970012,0.6774103534416727,305.7043361873317,11.982122444460622,46.06734727667771,29.540110805975498,9.810343119459063,43.379227764227956,9.69184301030738
15.399589355642881,2.511723356498586,1.6354483891208929,0.08878265836422691,0.009552305960051029,0.46550379126475017,0.5159228025090855,1172.4404970406792,6.514781582209193,10.285719100075942,61.00070500874513,84.64720474865935,14.075337374016893,49.2513828536704
12.766811792603777,0.35063418996718526,0.026817305020944926,0.4875202017002852,0.45393717143710327,0.7382050046722943,0.20789853596167496,527.6617912983279,11.480607871218982,69.37968212371408,90.507029057518,88.1501936070967,67.05814672960432,85.54734727999676
13.347768722614461,0.5732583646167017,1.0163465819855682,0.2968872357728005,0.010100224312567713,0.4470409002192469,0.7529932025264117,1305.848326443975,6.720088418772893,93.62789126855435,3.79973824057576,89.9279506854316,89.4325250030782,24.7449397939168
6.985527158741749,1.8089377077906812,0.2907368825393324,0.13373325743050385,0.2984430994956271,0.11636563762032473,0.8377511082721953,156.65879820706527,4.410912680428499,3.268933610703334,48.7212563949847,71.54598761826661,57.96851122042796,14.638834973825208
15.570485765815715,0.12474961023473514,2.861303846030331,0.212111465506955,0.5733720556083521,0.7456174777107071,0.7757975660168153,1384.1894514415562,1.9085110366960187,34.95697229266189,83.99306334924893,12.6321865270107,94.69840837357722,2.2254775110001743
17.575646117961252,7.75046531332445,0.660783391276691,0.07328084567346017,0.34144201223003995,0.39012037801603583,0.23584327804933874,1307.1424872573305,1.947914608288119,85.42896199018196,6.43407206833553,3.0466327057404925,65.23103660942436,32.30854645049695
13.81037331194464,0.37024610546092795,4.687586029270427,0.18154148911790227,0.15860046913935005,0.43097788503565876,0.9674009123129046,114.7185380080053,18.00728967165682,45.312753912107674,93.34209663429004,98.24093018689547,43.2064302701525,55.07360845315854
10.979150585287723,5.717418480955547,0.9519123197150893,0.013050601485688158,0.48798290784462206,0.2989771815887016,0.11842412305293895,45.11708459361461,9.473465360052218,77.4561216516637,79.8627117227322,57.53792956526059,24.73484045228906,95.57111352603725
16.404782239848277,0.07118441997199779,0.0865672139228606,0.6196950233813563,0.9130480000018022,0.4178466347235039,0.6020761280491427,1403.4237216810147,7.554679878487224,87.44401490947584,60.504013517611554,18.45720599271791,89.54912669031535,84.22722406518223
14.629673530334456,3.9679136573251683,1.9407816407902485,0.08103969597423713,0.6216550703388272,0.6234856435519303,0.24165707374392958,249.6910835684522,9.160329496848734,10.56375490965039,16.159111293948428,14.596461838566311,91.40947443918981,93.80138194711633
4.92737729099382,0.6324104503001076,0.12288648007593796,0.09529643474717908,0.8111035152253958,0.020605081499871152,0.217808828803388,776.7282585999191,5.280103768647053,27.298060987207375,89.55239850039543,25.329306306289762,81.77899815643448,16.21039962342885
12.751209240847542,0.06810437233095656,0.624643532719777,0.07922707180566502,0.2671454571539615,0.42012906464408345,0.9539770640124227,703.0226824444202,14.516496819224573,58.39796804702757,26.107028409513777,87.49806206467156,59.05895820170523,5.5907639382182905
5.53980380810311,5.933984319875779,0.01825262616829071,0.09569011452700785,0.6039021590007932,0.7019330467278848,0.03116660202362563,1775.1642536578313,2.9646103972057856,49.2074513891145,51.57746370647087,24.48241751298848,68.452179736453,27.65156400067918
15.399589355642881,2.511723356498586,1.6354483891208929,0.08878265836422691,0.009552305960051029,0.46550379126475017,0.5159228025090855,1172.4404970406792,6.514781582209193,10.285719100075942,61.00070500874513,84.64720474865935,14.075337374016893,49.2513828536704
16.404782239848277,0.07118441997199779,0.0865672139228606,0.6196950233813563,0.9130480000018022,0.4178466347235039,0.6020761280491427,1403.4237216810147,7.554679878487224,87.44401490947584,60.504013517611554,18.45720599271791,89.54912669031535,84.22722406518223
15.06821243672468,0.28736026149853783,1.9829759938156835,0.2985970526302666,0.2423647031852465,0.37082120955816233,0.30536982543381525,941.3605098785063,10.141777765402114,40.294605460492306,38.64158291934646,0.9457563459197599,33.523910802500914,96.33383176366151
12.766811792603777,0.35063418996718526,0.026817305020944926,0.4875202017002852,0.45393717143710327,0.7382050046722943,0.20789853596167496,527.6617912983279,11.480607871218982,69.37968212371408,90.507029057518,88.1501936070967,67.05814672960432,85.54734727999676
12.997321522112397,1.4888349096523463,0.042669242689263934,0.04466075603830823,0.8473091405645518,0.19388228363129736,0.1677405962274068,245.9800572191895,17.53506815689639,24.658867138540188,81.8389274839318,62.22891127304203,35.88187198513077,87.11556863055023
13.347768722614461,0.5732583646167017,1.0163465819855682,0.2968872357728005,0.010100224312567713,0.4470409002192469,0.7529932025264117,1305.848326443975,6.720088418772893,93.62789126855435,3.79973824057576,89.9279506854316,89.4325250030782,24.7449397939168
6.985527158741749,1.8089377077906812,0.2907368825393324,0.13373325743050385,0.2984430994956271,0.11636563762032473,0.8377511082721953,156.65879820706527,4.410912680428499,3.268933610703334,48.7212563949847,71.54598761826661,57.96851122042796,14.638834973825208
18.265114416055436,0.11631679894653427,3.8041907312060355,0.4263471646054062,0.8800533210078745,0.9798106067970012,0.6774103534416727,305.7043361873317,11.982122444460622,46.06734727667771,29.540110805975498,9.810343119459063,43.379227764227956,9.69184301030738
15.570485765815715,0.12474961023473514,2.861303846030331,0.212111465506955,0.5733720556083521,0.7456174777107071,0.7757975660168153,1384.1894514415562,1.9085110366960187,34.95697229266189,83.99306334924893,12.6321865270107,94.69840837357722,2.2254775110001743
17.575646117961252,7.75046531332445,0.660783391276691,0.07328084567346017,0.34144201223003995,0.39012037801603583,0.23584327804933874,1307.1424872573305,1.947914608288119,85.42896199018196,6.43407206833553,3.0466327057404925,65.23103660942436,32.30854645049695
13.81037331194464,0.37024610546092795,4.687586029270427,0.18154148911790227,0.15860046913935005,0.43097788503565876,0.9674009123129046,114.7185380080053,18.00728967165682,45.312753912107674,93.34209663429004,98.24093018689547,43.2064302701525,55.07360845315854
16.404782239848277,0.07118441997199779,0.0865672139228606,0.6196950233813563,0.9130480000018022,0.4178466347235039,0.6020761280491427,1403.4237216810147,7.554679878487224,87.44401490947584,60.504013517611554,18.45720599271791,89.54912669031535,84.22722406518223
14.629673530334456,3.9679136573251683,1.9407816407902485,0.08103969597423713,0.6216550703388272,0.6234856435519303,0.24165707374392958,249.6910835684522,9.160329496848734,10.56375490965039,16.159111293948428,14.596461838566311,91.40947443918981,93.80138194711633
10.979150585287723,5.717418480955547,0.9519123197150893,0.013050601485688158,0.48798290784462206,0.2989771815887016,0.11842412305293895,45.11708459361461,9.473465360052218,77.4561216516637,79.8627117227322,57.53792956526059,24.73484045228906,95.57111352603725
11.665466257313543,2.044253257222156,1.731725487727544,0.09650977802286999,0.5252216777738022,0.22615868259899136,0.18500758401423578,246.74986159783893,1.6020644935001593,25.36678414628821,52.614727865256874,28.69009202999092,44.45484183628356,33.39539444166897
5.53980380810311,5.933984319875779,0.01825262616829071,0.09569011452700785,0.6039021590007932,0.7019330467278848,0.03116660202362563,1775.1642536578313,2.9646103972057856,49.2074513891145,51.57746370647087,24.48241751298848,68.452179736453,27.65156400067918
4.92737729099382,0.6324104503001076,0.12288648007593796,0.09529643474717908,0.8111035152253958,0.020605081499871152,0.217808828803388,776.7282585999191,5.280103768647053,27.298060987207375,89.55239850039543,25.329306306289762,81.77899815643448,16.21039962342885
12.751209240847542,0.06810437233095656,0.624643532719777,0.07922707180566502,0.2671454571539615,0.42012906464408345,0.9539770640124227,703.0226824444202,14.516496819224573,58.39796804702757,26.107028409513777,87.49806206467156,59.05895820170523,5.5907639382182905
15.399589355642881,2.511723356498586,1.6354483891208929,0.08878265836422691,0.009552305960051029,0.46550379126475017,0.5159228025090855,1172.4404970406792,6.514781582209193,10.285719100075942,61.00070500874513,84.64720474865935,14.075337374016893,49.2513828536704
12.766811792603777,0.35063418996718526,0.026817305020944926,0.4875202017002852,0.45393717143710327,0.7382050046722943,0.20789853596167496,527.6617912983279,11.480607871218982,69.37968212371408,90.507029057518,88.1501936070967,67.05814672960432,85.54734727999676
15.06821243672468,0.28736026149853783,1.9829759938156835,0.2985970526302666,0.2423647031852465,0.37082120955816233,0.30536982543381525,941.3605098785063,10.141777765402114,40.294605460492306,38.64158291934646,0.9457563459197599,33.523910802500914,96.33383176366151
4.92737729099382,0.6324104503001076,0.12288648007593796,0.09529643474717908,0.8111035152253958,0.020605081499871152,0.217808828803388,776.7282585999191,5.280103768647053,27.298060987207375,89.55239850039543,25.329306306289762,81.77899815643448,16.21039962342885
13.347768722614461,0.5732583646167017,1.0163465819855682,0.2968872357728005,0.010100224312567713,0.4470409002192469,0.7529932025264117,1305.848326443975,6.720088418772893,93.62789126855435,3.79973824057576,89.9279506854316,89.4325250030782,24.7449397939168
6.985527158741749,1.8089377077906812,0.2907368825393324,0.13373325743050385,0.2984430994956271,0.11636563762032473,0.8377511082721953,156.65879820706527,4.410912680428499,3.268933610703334,48.7212563949847,71.54598761826661,57.96851122042796,14.638834973825208
15.570485765815715,0.12474961023473514,2.861303846030331,0.212111465506955,0.5733720556083521,0.7456174777107071,0.7757975660168153,1384.1894514415562,1.9085110366960187,34.95697229266189,83.99306334924893,12.6321865270107,94.69840837357722,2.2254775110001743
18.265114416055436,0.11631679894653427,3.8041907312060355,0.4263471646054062,0.8800533210078745,0.9798106067970012,0.6774103534416727,305.7043361873317,11.982122444460622,46.06734727667771,29.540110805975498,9.810343119459063,43.379227764227956,9.69184301030738
16.404782239848277,0.07118441997199779,0.0865672139228606,0.6196950233813563,0.9130480000018022,0.4178466347235039,0.6020761280491427,1403.4237216810147,7.554679878487224,87.44401490947584,60.504013517611554,18.45720599271791,89.54912669031535,84.22722406518223
13.81037331194464,0.37024610546092795,4.687586029270427,0.18154148911790227,0.15860046913935005,0.43097788503565876,0.9674009123129046,114.7185380080053,18.00728967165682,45.312753912107674,93.34209663429004,98.24093018689547,43.2064302701525,55.07360845315854
14.629673530334456,3.9679136573251683,1.9407816407902485,0.08103969597423713,0.6216550703388272,0.6234856435519303,0.24165707374392958,249.6910835684522,9.160329496848734,10.56375490965039,16.159111293948428,14.596461838566311,91.40947443918981,93.80138194711633
10.979150585287723,5.717418480955547,0.9519123197150893,0.013050601485688158,0.48798290784462206,0.2989771815887016,0.11842412305293895,45.11708459361461,9.473465360052218,77.4561216516637,79.8627117227322,57.53792956526059,24.73484045228906,95.57111352603725
5.53980380810311,5.933984319875779,0.01825262616829071,0.09569011452700785,0.6039021590007932,0.7019330467278848,0.03116660202362563,1775.1642536578313,2.9646103972057856,49.2074513891145,51.57746370647087,24.48241751298848,68.452179736453,27.65156400067918
6.985527158741749,1.8089377077906812,0.2907368825393324,0.13373325743050385,0.2984430994956271,0.11636563762032473,0.8377511082721953,156.65879820706527,4.410912680428499,3.268933610703334,48.7212563949847,71.54598761826661,57.96851122042796,14.638834973825208
11.665466257313543,2.044253257222156,1.731725487727544,0.09650977802286999,0.5252216777738022,0.22615868259899136,0.18500758401423578,246.74986159783893,1.6020644935001593,25.36678414628821,52.614727865256874,28.69009202999092,44.45484183628356,33.39539444166897
4.92737729099382,0.6324104503001076,0.12288648007593796,0.09529643474717908,0.8111035152253958,0.020605081499871152,0.217808828803388,776.7282585999191,5.280103768647053,27.298060987207375,89.55239850039543,25.329306306289762,81.77899815643448,16.21039962342885
12.751209240847542,0.06810437233095656,0.624643532719777,0.07922707180566502,0.2671454571539615,0.42012906464408345,0.9539770640124227,703.0226824444202,14.516496819224573,58.39796804702757,26.107028409513777,87.49806206467156,59.05895820170523,5.5907639382182905
15.399589355642881,2.511723356498586,1.6354483891208929,0.08878265836422691,0.009552305960051029,0.46550379126475017,0.5159228025090855,1172.4404970406792,6.514781582209193,10.285719100075942,61.00070500874513,84.64720474865935,14.075337374016893,49.2513828536704
12.766811792603777,0.35063418996718526,0.026817305020944926,0.4875202017002852,0.45393717143710327,0.7382050046722943,0.20789853596167496,527.6617912983279,11.480607871218982,69.37968212371408,90.507029057518,88.1501936070967,67.05814672960432,85.54734727999676
5.53980380810311,5.933984319875779,0.01825262616829071,0.09569011452700785,0.6039021590007932,0.7019330467278848,0.03116660202362563,1775.1642536578313,2.9646103972057856,49.2074513891145,51.57746370647087,24.48241751298848,68.452179736453,27.65156400067918
14.041369574228002,0.12474961023473514,2.861303846030331,0.212111465506955,0.5733720556083521,0.7456174777107071,0.7757975660168153,808.5695169493558,1.9085110366960187,48.728719812268565,37.65476559709013,71.85732488454981,94.69840837357722,2.2254775110001743
15.06821243672468,0.28736026149853783,1.9829759938156835,0.2985970526302666,0.2423647031852465,0.37082120955816233,0.30536982543381525,941.3605098785063,10.141777765402114,40.294605460492306,38.64158291934646,0.9457563459197599,33.523910802500914,96.33383176366151
4.92737729099382,0.6324104503001076,0.12288648007593796,0.09529643474717908,0.8111035152253958,0.020605081499871152,0.217808828803388,776.7282585999191,5.280103768647053,27.298060987207375,89.55239850039543,25.329306306289762,81.77899815643448,16.21039962342885
13.347768722614461,0.5732583646167017,1.0163465819855682,0.2968872357728005,0.010100224312567713,0.4470409002192469,0.7529932025264117,1305.848326443975,6.720088418772893,93.62789126855435,3.79973824057576,89.9279506854316,89.4325250030782,24.7449397939168
16.404782239848277,0.07118441997199779,0.0865672139228606,0.6196950233813563,0.9130480000018022,0.4178466347235039,0.6020761280491427,1403.4237216810147,7.554679878487224,87.44401490947584,60.504013517611554,18.45720599271791,89.54912669031535,84.22722406518223
14.629673530334456,3.9679136573251683,1.9407816407902485,0.08103969597423713,0.6216550703388272,0.6234856435519303,0.24165707374392958,249.6910835684522,9.160329496848734,10.56375490965039,16.159111293948428,14.596461838566311,91.40947443918981,93.80138194711633
18.265114416055436,0.11631679894653427,3.8041907312060355,0.4263471646054062,0.8800533210078745,0.9798106067970012,0.6774103534416727,305.7043361873317,11.982122444460622,46.06734727667771,29.540110805975498,9.810343119459063,43.379227764227956,9.69184301030738
13.81037331194464,0.37024610546092795,4.687586029270427,0.18154148911790227,0.15860046913935005,0.43097788503565876,0.9674009123129046,114.7185380080053,18.00728967165682,45.312753912107674,93.34209663429004,98.24093018689547,43.2064302701525,55.07360845315854
10.979150585287723,5.717418480955547,0.9519123197150893,0.013050601485688158,0.48798290784462206,0.2989771815887016,0.11842412305293895,45.11708459361461,9.473465360052218,77.4561216516637,79.8627117227322,57.53792956526059,24.73484045228906,95.57111352603725
6.985527158741749,1.8089377077906812,0.2907368825393324,0.13373325743050385,0.2984430994956271,0.11636563762032473,0.8377511082721953,156.65879820706527,4.410912680428499,3.268933610703334,48.7212563949847,71.54598761826661,57.96851122042796,14.638834973825208
4.92737729099382,0.6324104503001076,0.12288648007593796,0.09529643474717908,0.8111035152253958,0.020605081499871152,0.217808828803388,776.7282585999191,5.280103768647053,27.298060987207375,89.55239850039543,25.329306306289762,81.77899815643448,16.21039962342885
15.399589355642881,2.511723356498586,1.6354483891208929,0.08878265836422691,0.009552305960051029,0.46550379126475017,0.5159228025090855,1172.4404970406792,6.514781582209193,10.285719100075942,61.00070500874513,84.64720474865935,14.075337374016893,49.2513828536704
11.665466257313543,2.044253257222156,1.731725487727544,0.09650977802286999,0.5252216777738022,0.22615868259899136,0.18500758401423578,246.74986159783893,1.6020644935001593,25.36678414628821,52.614727865256874,28.69009202999092,44.45484183628356,33.39539444166897
12.751209240847542,0.06810437233095656,0.624643532719777,0.07922707180566502,0.2671454571539615,0.42012906464408345,0.9539770640124227,703.0226824444202,14.516496819224573,58.39796804702757,26.107028409513777,87.49806206467156,59.05895820170523,5.5907639382182905
4.92737729099382,0.6324104503001076,0.12288648007593796,0.09529643474717908,0.8111035152253958,0.020605081499871152,0.217808828803388,776.7282585999191,5.280103768647053,27.298060987207375,89.55239850039543,25.329306306289762,81.77899815643448,16.21039962342885
5.53980380810311,5.933984319875779,0.01825262616829071,0.09569011452700785,0.6039021590007932,0.7019330467278848,0.03116660202362563,1775.1642536578313,2.9646103972057856,49.2074513891145,51.57746370647087,24.48241751298848,68.452179736453,27.65156400067918
12.766811792603777,0.35063418996718526,0.026817305020944926,0.4875202017002852,0.45393717143710327,0.7382050046722943,0.20789853596167496,527.6617912983279,11.480607871218982,69.37968212371408,90.507029057518,88.1501936070967,67.05814672960432,85.54734727999676
14.041369574228002,0.12474961023473514,2.861303846030331,0.212111465506955,0.5733720556083521,0.7456174777107071,0.7757975660168153,808.5695169493558,1.9085110366960187,48.728719812268565,37.65476559709013,71.85732488454981,94.69840837357722,2.2254775110001743
16.274298463366392,1.8466419469011393,2.6832548615851355,0.12610225496195804,0.7560847815907873,0.5250136579158381,0.6777264965945708,1738.6934514725901,5.313197558372914,12.055786097926282,94.49892595749714,1.0545347222001724,11.451184020680643,97.29468272523897
6.985527158741749,1.8089377077906812,0.2907368825393324,0.13373325743050385,0.2984430994956271,0.11636563762032473,0.8377511082721953,156.65879820706527,4.410912680428499,3.268933610703334,48.7212563949847,71.54598761826661,57.96851122042796,14.638834973825208
11.590859408801897,0.6312672740945122,0.19580937406570553,0.20118561255423287,0.22205454411922992,0.05442799756941809,0.906525522128337,36.8717316184883,14.109246342938533,83.50532598910122,0.36792625536919843,91.43940595895688,58.49441662420858,96.29318470066457
13.827106750084575,0.9102802533632541,1.095258773294175,0.20830597249931682,0.2996778781998316,0.5380997446732823,0.27104804689004536,1585.855510632063,6.063272064433101,72.68531869821231,67.43717826228907,33.57742371206906,50.203649839533156,21.574971974277712
13.347768722614461,0.5732583646167017,1.0163465819855682,0.2968872357728005,0.010100224312567713,0.4470409002192469,0.7529932025264117,1305.848326443975,6.720088418772893,93.62789126855435,3.79973824057576,89.9279506854316,89.4325250030782,24.7449397939168
18.265114416055436,0.11631679894653427,3.8041907312060355,0.4263471646054062,0.8800533210078745,0.9798106067970012,0.6774103534416727,305.7043361873317,11.982122444460622,46.06734727667771,29.540110805975498,9.810343119459063,43.379227764227956,9.69184301030738
13.81037331194464,0.37024610546092795,4.687586029270427,0.18154148911790227,0.15860046913935005,0.43097788503565876,0.9674009123129046,114.7185380080053,18.00728967165682,45.312753912107674,93.34209663429004,98.24093018689547,43.2064302701525,55.07360845315854
4.92737729099382,0.6324104503001076,0.12288648007593796,0.09529643474717908,0.8111035152253958,0.020605081499871152,0.217808828803388,776.7282585999191,5.280103768647053,27.298060987207375,89.55239850039543,25.329306306289762,81.77899815643448,16.21039962342885
10.979150585287723,5.717418480955547,0.9519123197150893,0.013050601485688158,0.48798290784462206,0.2989771815887016,0.11842412305293895,45.11708459361461,9.473465360052218,77.4561216516637,79.8627117227322,57.53792956526059,24.73484045228906,95.57111352603725
11.665466257313543,2.044253257222156,1.731725487727544,0.09650977802286999,0.5252216777738022,0.22615868259899136,0.18500758401423578,246.74986159783893,1.6020644935001593,25.36678414628821,52.614727865256874,28.69009202999092,44.45484183628356,33.39539444166897
4.92737729099382,0.6324104503001076,0.12288648007593796,0.09529643474717908,0.8111035152253958,0.020605081499871152,0.217808828803388,776.7282585999191,5.280103768647053,27.298060987207375,89.55239850039543,25.329306306289762,81.77899815643448,16.21039962342885
5.53980380810311,5.933984319875779,0.01825262616829071,0.09569011452700785,0.6039021590007932,0.7019330467278848,0.03116660202362563,1775.1642536578313,2.9646103972057856,49.2074513891145,51.57746370647087,24.48241751298848,68.452179736453,27.65156400067918
12.751209240847542,0.06810437233095656,0.624643532719777,0.07922707180566502,0.2671454571539615,0.42012906464408345,0.9539770640124227,703.0226824444202,14.516496819224573,58.39796804702757,26.107028409513777,87.49806206467156,59.05895820170523,5.5907639382182905
4.92737729099382,0.6324104503001076,0.12288648007593796,0.09529643474717908,0.8111035152253958,0.020605081499871152,0.217808828803388,776.7282585999191,5.280103768647053,27.298060987207375,89.55239850039543,25.329306306289762,81.77899815643448,16.21039962342885
13.347768722614461,0.5732583646167017,1.0163465819855682,0.2968872357728005,0.010100224312567713,0.4470409002192469,0.7529932025264117,1305.848326443975,6.720088418772893,93.62789126855435,3.79973824057576,89.9279506854316,89.4325250030782,24.7449397939168
16.274298463366392,1.8466419469011393,2.6832548615851355,0.12610225496195804,0.7560847815907873,0.5250136579158381,0.6777264965945708,1738.6934514725901,5.313197558372914,12.055786097926282,94.49892595749714,1.0545347222001724,11.451184020680643,97.29468272523897
12.766811792603777,0.35063418996718526,0.026817305020944926,0.4875202017002852,0.45393717143710327,0.7382050046722943,0.20789853596167496,527.6617912983279,11.480607871218982,69.37968212371408,90.507029057518,88.1501936070967,67.05814672960432,85.54734727999676
14.041369574228002,0.12474961023473514,2.861303846030331,0.212111465506955,0.5733720556083521,0.7456174777107071,0.7757975660168153,808.5695169493558,1.9085110366960187,48.728719812268565,37.65476559709013,71.85732488454981,94.69840837357722,2.2254775110001743
6.985527158741749,1.8089377077906812,0.2907368825393324,0.13373325743050385,0.2984430994956271,0.11636563762032473,0.8377511082721953,156.65879820706527,4.410912680428499,3.268933610703334,48.7212563949847,71.54598761826661,57.96851122042796,14.638834973825208
11.590859408801897,0.6312672740945122,0.19580937406570553,0.20118561255423287,0.22205454411922992,0.05442799756941809,0.906525522128337,36.8717316184883,14.109246342938533,83.50532598910122,0.36792625536919843,91.43940595895688,58.49441662420858,96.29318470066457
13.827106750084575,0.9102802533632541,1.095258773294175,0.20830597249931682,0.2996778781998316,0.5380997446732823,0.27104804689004536,1585.855510632063,6.063272064433101,72.68531869821231,67.43717826228907,33.57742371206906,50.203649839533156,21.574971974277712
17.21549085015256,4.068834553521923,3.5409281861526494,0.4798898482390134,0.8308581496892405,0.383612428240027,0.9387501585224179,5.998158115375196,5.929745323378025,53.213531418617116,79.1653113752299,39.14384819978526,76.77033456703037,16.60976713377833
4.92737729099382,0.6324104503001076,0.12288648007593796,0.09529643474717908,0.8111035152253958,0.020605081499871152,0.217808828803388,776.7282585999191,5.280103768647053,27.298060987207375,89.55239850039543,25.329306306289762,81.77899815643448,16.21039962342885
13.81037331194464,0.37024610546092795,4.687586029270427,0.18154148911790227,0.15860046913935005,0.43097788503565876,0.9674009123129046,114.7185380080053,18.00728967165682,45.312753912107674,93.34209663429004,98.24093018689547,43.2064302701525,55.07360845315854
10.979150585287723,5.717418480955547,0.9519123197150893,0.013050601485688158,0.48798290784462206,0.2989771815887016,0.11842412305293895,45.11708459361461,9.473465360052218,77.4561216516637,79.8627117227322,57.53792956526059,24.73484045228906,95.57111352603725
11.665466257313543,2.044253257222156,1.731725487727544,0.09650977802286999,0.5252216777738022,0.22615868259899136,0.18500758401423578,246.74986159783893,1.6020644935001593,25.36678414628821,52.614727865256874,28.69009202999092,44.45484183628356,33.39539444166897
4.92737729099382,0.6324104503001076,0.12288648007593796,0.09529643474717908,0.8111035152253958,0.020605081499871152,0.217808828803388,776.7282585999191,5.280103768647053,27.298060987207375,89.55239850039543,25.329306306289762,81.77899815643448,16.21039962342885
4.92737729099382,0.6324104503001076,0.12288648007593796,0.09529643474717908,0.8111035152253958,0.020605081499871152,0.217808828803388,776.7282585999191,5.280103768647053,27.298060987207375,89.55239850039543,25.329306306289762,81.77899815643448,16.21039962342885
16.274298463366392,1.8466419469011393,2.6832548615851355,0.12610225496195804,0.7560847815907873,0.5250136579158381,0.6777264965945708,1738.6934514725901,5.313197558372914,12.055786097926282,94.49892595749714,1.0545347222001724,11.451184020680643,97.29468272523897
11.590859408801897,0.6312672740945122,0.19580937406570553,0.20118561255423287,0.22205454411922992,0.05442799756941809,0.906525522128337,36.8717316184883,14.109246342938533,83.50532598910122,0.36792625536919843,91.43940595895688,58.49441662420858,96.29318470066457
4.92737729099382,0.6324104503001076,0.12288648007593796,0.09529643474717908,0.8111035152253958,0.020605081499871152,0.217808828803388,776.7282585999191,5.280103768647053,27.298060987207375,89.55239850039543,25.329306306289762,81.77899815643448,16.21039962342885
4.92737729099382,0.6324104503001076,0.12288648007593796,0.09529643474717908,0.8111035152253958,0.020605081499871152,0.217808828803388,776.7282585999191,5.280103768647053,27.298060987207375,89.55239850039543,25.329306306289762,81.77899815643448,16.21039962342885
4.92737729099382,0.6324104503001076,0.12288648007593796,0.09529643474717908,0.8111035152253958,0.020605081499871152,0.217808828803388,776.7282585999191,5.280103768647053,27.298060987207375,89.55239850039543,25.329306306289762,81.77899815643448,16.21039962342885
13.347768722614461,0.5732583646167017,1.0163465819855682,0.2968872357728005,0.010100224312567713,0.4470409002192469,0.7529932025264117,1305.848326443975,6.720088418772893,93.62789126855435,3.79973824057576,89.9279506854316,89.4325250030782,24.7449397939168
14.041369574228002,0.12474961023473514,2.861303846030331,0.212111465506955,0.5733720556083521,0.7456174777107071,0.7757975660168153,808.5695169493558,1.9085110366960187,48.728719812268565,37.65476559709013,71.85732488454981,94.69840837357722,2.2254775110001743
6.985527158741749,1.8089377077906812,0.2907368825393324,0.13373325743050385,0.2984430994956271,0.11636563762032473,0.8377511082721953,156.65879820706527,4.410912680428499,3.268933610703334,48.7212563949847,71.54598761826661,57.96851122042796,14.638834973825208
12.766811792603777,0.35063418996718526,0.026817305020944926,0.4875202017002852,0.45393717143710327,0.7382050046722943,0.20789853596167496,527.6617912983279,11.480607871218982,69.37968212371408,90.507029057518,88.1501936070967,67.05814672960432,85.54734727999676
13.827106750084575,0.9102802533632541,1.095258773294175,0.20830597249931682,0.2996778781998316,0.5380997446732823,0.27104804689004536,1585.855510632063,6.063272064433101,72.68531869821231,67.43717826228907,33.57742371206906,50.203649839533156,21.574971974277712
11.590859408801897,0.6312672740945122,0.19580937406570553,0.20118561255423287,0.22205454411922992,0.05442799756941809,0.906525522128337,36.8717316184883,14.109246342938533,83.50532598910122,0.36792625536919843,91.43940595895688,58.49441662420858,96.29318470066457
17.21549085015256,4.068834553521923,3.5409281861526494,0.4798898482390134,0.8308581496892405,0.383612428240027,0.9387501585224179,5.998158115375196,5.929745323378025,53.213531418617116,79.1653113752299,39.14384819978526,76.77033456703037,16.60976713377833
13.347768722614461,0.5732583646167017,1.0163465819855682,0.2968872357728005,0.010100224312567713,0.4470409002192469,0.7529932025264117,1305.848326443975,6.720088418772893,93.62789126855435,3.79973824057576,89.9279506854316,89.4325250030782,24.7449397939168
13.81037331194464,0.37024610546092795,4.687586029270427,0.18154148911790227,0.15860046913935005,0.43097788503565876,0.9674009123129046,114.7185380080053,18.00728967165682,45.312753912107674,93.34209663429004,98.24093018689547,43.2064302701525,55.07360845315854
12.766811792603777,0.35063418996718526,0.026817305020944926,0.4875202017002852,0.45393717143710327,0.7382050046722943,0.20789853596167496,527.6617912983279,11.480607871218982,69.37968212371408,90.507029057518,88.1501936070967,67.05814672960432,85.54734727999676
4.92737729099382,0.6324104503001076,0.12288648007593796,0.09529643474717908,0.8111035152253958,0.020605081499871152,0.217808828803388,776.7282585999191,5.280103768647053,27.298060987207375,89.55239850039543,25.329306306289762,81.77899815643448,16.21039962342885
10.979150585287723,5.717418480955547,0.9519123197150893,0.013050601485688158,0.48798290784462206,0.2989771815887016,0.11842412305293895,45.11708459361461,9.473465360052218,77.4561216516637,79.8627117227322,57.53792956526059,24.73484045228906,95.57111352603725
11.665466257313543,2.044253257222156,1.731725487727544,0.09650977802286999,0.5252216777738022,0.22615868259899136,0.18500758401423578,246.74986159783893,1.6020644935001593,25.36678414628821,52.614727865256874,28.69009202999092,44.45484183628356,33.39539444166897
16.274298463366392,1.8466419469011393,2.6832548615851355,0.12610225496195804,0.7560847815907873,0.5250136579158381,0.6777264965945708,1738.6934514725901,5.313197558372914,12.055786097926282,94.49892595749714,1.0545347222001724,11.451184020680643,97.29468272523897
4.92737729099382,0.6324104503001076,0.12288648007593796,0.09529643474717908,0.8111035152253958,0.020605081499871152,0.217808828803388,776.7282585999191,5.280103768647053,27.298060987207375,89.55239850039543,25.329306306289762,81.77899815643448,16.21039962342885
4.92737729099382,0.6324104503001076,0.12288648007593796,0.09529643474717908,0.8111035152253958,0.020605081499871152,0.217808828803388,776.7282585999191,5.280103768647053,27.298060987207375,89.55239850039543,25.329306306289762,81.77899815643448,16.21039962342885
4.92737729099382,0.6324104503001076,0.12288648007593796,0.09529643474717908,0.8111035152253958,0.020605081499871152,0.217808828803388,776.7282585999191,5.280103768647053,27.298060987207375,89.55239850039543,25.329306306289762,81.77899815643448,16.21039962342885
4.92737729099382,0.6324104503001076,0.12288648007593796,0.09529643474717908,0.8111035152253958,0.020605081499871152,0.217808828803388,776.7282585999191,5.280103768647053,27.298060987207375,89.55239850039543,25.329306306289762,81.77899815643448,16.21039962342885
6.985527158741749,1.8089377077906812,0.2907368825393324,0.13373325743050385,0.2984430994956271,0.11636563762032473,0.8377511082721953,156.65879820706527,4.410912680428499,3.268933610703334,48.7212563949847,71.54598761826661,57.96851122042796,14.638834973825208
14.041369574228002,0.12474961023473514,2.861303846030331,0.212111465506955,0.5733720556083521,0.7456174777107071,0.7757975660168153,808.5695169493558,1.9085110366960187,48.728719812268565,37.65476559709013,71.85732488454981,94.69840837357722,2.2254775110001743
6.004487399131513,1.3196111745938757,0.11362861133269375,0.07842356108604236,0.9576068986360108,0.7067422357182848,0.9079343881412864,1740.2281598829788,1.9006436956731994,26.272631418585103,42.410079844145706,96.56097655492309,16.042217506152866,28.887737336325426
13.827106750084575,0.9102802533632541,1.095258773294175,0.20830597249931682,0.2996778781998316,0.5380997446732823,0.27104804689004536,1585.855510632063,6.063272064433101,72.68531869821231,67.43717826228907,33.57742371206906,50.203649839533156,21.574971974277712
13.81037331194464,0.37024610546092795,4.687586029270427,0.18154148911790227,0.15860046913935005,0.43097788503565876,0.9674009123129046,114.7185380080053,18.00728967165682,45.312753912107674,93.34209663429004,98.24093018689547,43.2064302701525,55.07360845315854
17.21549085015256,4.068834553521923,3.5409281861526494,0.4798898482390134,0.8308581496892405,0.383612428240027,0.9387501585224179,5.998158115375196,5.929745323378025,53.213531418617116,79.1653113752299,39.14384819978526,76.77033456703037,16.60976713377833
4.92737729099382,0.6324104503001076,0.12288648007593796,0.09529643474717908,0.8111035152253958,0.020605081499871152,0.217808828803388,776.7282585999191,5.280103768647053,27.298060987207375,89.55239850039543,25.329306306289762,81.77899815643448,16.21039962342885
4.92737729099382,0.6324104503001076,0.12288648007593796,0.09529643474717908,0.8111035152253958,0.020605081499871152,0.217808828803388,776.7282585999191,5.280103768647053,27.298060987207375,89.55239850039543,25.329306306289762,81.77899815643448,16.21039962342885
12.766811792603777,0.35063418996718526,0.026817305020944926,0.4875202017002852,0.45393717143710327,0.7382050046722943,0.20789853596167496,527.6617912983279,11.480607871218982,69.37968212371408,90.507029057518,88.1501936070967,67.05814672960432,85.54734727999676
13.347768722614461,0.5732583646167017,1.0163465819855682,0.2968872357728005,0.010100224312567713,0.4470409002192469,0.7529932025264117,1305.848326443975,6.720088418772893,93.62789126855435,3.79973824057576,89.9279506854316,89.4325250030782,24.7449397939168
16.274298463366392,1.8466419469011393,2.6832548615851355,0.12610225496195804,0.7560847815907873,0.5250136579158381,0.6777264965945708,1738.6934514725901,5.313197558372914,12.055786097926282,94.49892595749714,1.0545347222001724,11.451184020680643,97.29468272523897
10.979150585287723,5.717418480955547,0.9519123197150893,0.013050601485688158,0.48798290784462206,0.2989771815887016,0.11842412305293895,45.11708459361461,9.473465360052218,77.4561216516637,79.8627117227322,57.53792956526059,24.73484045228906,95.57111352603725
11.665466257313543,2.044253257222156,1.731725487727544,0.09650977802286999,0.5252216777738022,0.22615868259899136,0.18500758401423578,246.74986159783893,1.6020644935001593,25.36678414628821,52.614727865256874,28.69009202999092,44.45484183628356,33.39539444166897
4.92737729099382,0.6324104503001076,0.12288648007593796,0.09529643474717908,0.8111035152253958,0.020605081499871152,0.217808828803388,776.7282585999191,5.280103768647053,27.298060987207375,89.55239850039543,25.329306306289762,81.77899815643448,16.21039962342885
4.92737729099382,0.6324104503001076,0.12288648007593796,0.09529643474717908,0.8111035152253958,0.020605081499871152,0.217808828803388,776.7282585999191,5.280103768647053,27.298060987207375,89.55239850039543,25.329306306289762,81.77899815643448,16.21039962342885
4.92737729099382,0.6324104503001076,0.12288648007593796,0.09529643474717908,0.8111035152253958,0.020605081499871152,0.217808828803388,776.7282585999191,5.280103768647053,27.298060987207375,89.55239850039543,25.329306306289762,81.77899815643448,16.21039962342885
6.824072845699255,0.21326395729564881,0.06616784629343542,0.31855164564715177,0.4413652852893081,0.5466530316870603,0.9877283883598197,560.5940600824397,7.5842710869659555,44.607991907276755,50.772507307386796,36.05618497897274,20.023327196803503,84.48565844573164
14.041369574228002,0.12474961023473514,2.861303846030331,0.212111465506955,0.5733720556083521,0.7456174777107071,0.7757975660168153,808.5695169493558,1.9085110366960187,48.728719812268565,37.65476559709013,71.85732488454981,94.69840837357722,2.2254775110001743
10.979150585287723,5.717418480955547,0.9519123197150893,0.013050601485688158,0.48798290784462206,0.2989771815887016,0.11842412305293895,45.11708459361461,9.473465360052218,77.4561216516637,79.8627117227322,57.53792956526059,24.73484045228906,95.57111352603725
6.004487399131513,1.3196111745938757,0.11362861133269375,0.07842356108604236,0.9576068986360108,0.7067422357182848,0.9079343881412864,1740.2281598829788,1.9006436956731994,26.272631418585103,42.410079844145706,96.56097655492309,16.042217506152866,28.887737336325426
4.92737729099382,0.6324104503001076,0.12288648007593796,0.09529643474717908,0.8111035152253958,0.020605081499871152,0.217808828803388,776.7282585999191,5.280103768647053,27.298060987207375,89.55239850039543,25.329306306289762,81.77899815643448,16.21039962342885
13.827106750084575,0.9102802533632541,1.095258773294175,0.20830597249931682,0.2996778781998316,0.5380997446732823,0.27104804689004536,1585.855510632063,6.063272064433101,72.68531869821231,67.43717826228907,33.57742371206906,50.203649839533156,21.574971974277712
4.92737729099382,0.6324104503001076,0.12288648007593796,0.09529643474717908,0.8111035152253958,0.020605081499871152,0.217808828803388,776.7282585999191,5.280103768647053,27.298060987207375,89.55239850039543,25.329306306289762,81.77899815643448,16.21039962342885
13.81037331194464,0.37024610546092795,4.687586029270427,0.18154148911790227,0.15860046913935005,0.43097788503565876,0.9674009123129046,114.7185380080053,18.00728967165682,45.312753912107674,93.34209663429004,98.24093018689547,43.2064302701525,55.07360845315854
12.766811792603777,0.35063418996718526,0.026817305020944926,0.4875202017002852,0.45393717143710327,0.7382050046722943,0.20789853596167496,527.6617912983279,11.480607871218982,69.37968212371408,90.507029057518,88.1501936070967,67.05814672960432,85.54734727999676
4.92737729099382,0.6324104503001076,0.12288648007593796,0.09529643474717908,0.8111035152253958,0.020605081499871152,0.217808828803388,776.7282585999191,5.280103768647053,27.298060987207375,89.55239850039543,25.329306306289762,81.77899815643448,16.21039962342885
4.92737729099382,0.6324104503001076,0.12288648007593796,0.09529643474717908,0.8111035152253958,0.020605081499871152,0.217808828803388,776.7282585999191,5.280103768647053,27.298060987207375,89.55239850039543,25.329306306289762,81.77899815643448,16.21039962342885
17.21549085015256,4.068834553521923,3.5409281861526494,0.4798898482390134,0.8308581496892405,0.383612428240027,0.9387501585224179,5.998158115375196,5.929745323378025,53.213531418617116,79.1653113752299,39.14384819978526,76.77033456703037,16.60976713377833
4.92737729099382,0.6324104503001076,0.12288648007593796,0.09529643474717908,0.8111035152253958,0.020605081499871152,0.217808828803388,776.7282585999191,5.280103768647053,27.298060987207375,89.55239850039543,25.329306306289762,81.77899815643448,16.21039962342885
13.347768722614461,0.5732583646167017,1.0163465819855682,0.2968872357728005,0.010100224312567713,0.4470409002192469,0.7529932025264117,1305.848326443975,6.720088418772893,93.62789126855435,3.79973824057576,89.9279506854316,89.4325250030782,24.7449397939168
11.665466257313543,2.044253257222156,1.731725487727544,0.09650977802286999,0.5252216777738022,0.22615868259899136,0.18500758401423578,246.74986159783893,1.6020644935001593,25.36678414628821,52.614727865256874,28.69009202999092,44.45484183628356,33.39539444166897
4.92737729099382,0.6324104503001076,0.12288648007593796,0.09529643474717908,0.8111035152253958,0.020605081499871152,0.217808828803388,776.7282585999191,5.280103768647053,27.298060987207375,89.55239850039543,25.329306306289762,81.77899815643448,16.21039962342885
6.824072845699255,0.21326395729564881,0.06616784629343542,0.31855164564715177,0.4413652852893081,0.5466530316870603,0.9877283883598197,560.5940600824397,7.5842710869659555,44.607991907276755,50.772507307386796,36.05618497897274,20.023327196803503,84.48565844573164
17.21549085015256,4.068834553521923,3.5409281861526494,0.4798898482390134,0.8308581496892405,0.383612428240027,0.9387501585224179,5.998158115375196,5.929745323378025,53.213531418617116,79.1653113752299,39.14384819978526,76.77033456703037,16.60976713377833
4.92737729099382,0.6324104503001076,0.12288648007593796,0.09529643474717908,0.8111035152253958,0.020605081499871152,0.217808828803388,776.7282585999191,5.280103768647053,27.298060987207375,89.55239850039543,25.329306306289762,81.77899815643448,16.21039962342885
14.041369574228002,0.12474961023473514,2.861303846030331,0.212111465506955,0.5733720556083521,0.7456174777107071,0.7757975660168153,808.5695169493558,1.9085110366960187,48.728719812268565,37.65476559709013,71.85732488454981,94.69840837357722,2.2254775110001743
6.004487399131513,1.3196111745938757,0.11362861133269375,0.07842356108604236,0.9576068986360108,0.7067422357182848,0.9079343881412864,1740.2281598829788,1.9006436956731994,26.272631418585103,42.410079844145706,96.56097655492309,16.042217506152866,28.887737336325426
10.979150585287723,5.717418480955547,0.9519123197150893,0.013050601485688158,0.48798290784462206,0.2989771815887016,0.11842412305293895,45.11708459361461,9.473465360052218,77.4561216516637,79.8627117227322,57.53792956526059,24.73484045228906,95.57111352603725
4.92737729099382,0.6324104503001076,0.12288648007593796,0.09529643474717908,0.8111035152253958,0.020605081499871152,0.217808828803388,776.7282585999191,5.280103768647053,27.298060987207375,89.55239850039543,25.329306306289762,81.77899815643448,16.21039962342885
4.92737729099382,0.6324104503001076,0.12288648007593796,0.09529643474717908,0.8111035152253958,0.020605081499871152,0.217808828803388,776.7282585999191,5.280103768647053,27.298060987207375,89.55239850039543,25.329306306289762,81.77899815643448,16.21039962342885
13.827106750084575,0.9102802533632541,1.095258773294175,0.20830597249931682,0.2996778781998316,0.5380997446732823,0.27104804689004536,1585.855510632063,6.063272064433101,72.68531869821231,67.43717826228907,33.57742371206906,50.203649839533156,21.574971974277712
12.766811792603777,0.35063418996718526,0.026817305020944926,0.4875202017002852,0.45393717143710327,0.7382050046722943,0.20789853596167496,527.6617912983279,11.480607871218982,69.37968212371408,90.507029057518,88.1501936070967,67.05814672960432,85.54734727999676
4.92737729099382,0.6324104503001076,0.12288648007593796,0.09529643474717908,0.8111035152253958,0.020605081499871152,0.217808828803388,776.7282585999191,5.280103768647053,27.298060987207375,89.55239850039543,25.329306306289762,81.77899815643448,16.21039962342885
13.81037331194464,0.37024610546092795,4.687586029270427,0.18154148911790227,0.15860046913935005,0.43097788503565876,0.9674009123129046,114.7185380080053,18.00728967165682,45.312753912107674,93.34209663429004,98.24093018689547,43.2064302701525,55.07360845315854
4.92737729099382,0.6324104503001076,0.12288648007593796,0.09529643474717908,0.8111035152253958,0.020605081499871152,0.217808828803388,776.7282585999191,5.280103768647053,27.298060987207375,89.55239850039543,25.329306306289762,81.77899815643448,16.21039962342885
11.665466257313543,2.044253257222156,1.731725487727544,0.09650977802286999,0.5252216777738022,0.22615868259899136,0.18500758401423578,246.74986159783893,1.6020644935001593,25.36678414628821,52.614727865256874,28.69009202999092,44.45484183628356,33.39539444166897
4.92737729099382,0.6324104503001076,0.12288648007593796,0.09529643474717908,0.8111035152253958,0.020605081499871152,0.217808828803388,776.7282585999191,5.280103768647053,27.298060987207375,89.55239850039543,25.329306306289762,81.77899815643448,16.21039962342885
13.347768722614461,0.5732583646167017,1.0163465819855682,0.2968872357728005,0.010100224312567713,0.4470409002192469,0.7529932025264117,1305.848326443975,6.720088418772893,93.62789126855435,3.79973824057576,89.9279506854316,89.4325250030782,24.7449397939168
4.92737729099382,0.6324104503001076,0.12288648007593796,0.09529643474717908,0.8111035152253958,0.020605081499871152,0.217808828803388,776.7282585999191,5.280103768647053,27.298060987207375,89.55239850039543,25.329306306289762,81.77899815643448,16.21039962342885
4.92737729099382,0.6324104503001076,0.12288648007593796,0.09529643474717908,0.8111035152253958,0.020605081499871152,0.217808828803388,776.7282585999191,5.280103768647053,27.298060987207375,89.55239850039543,25.329306306289762,81.77899815643448,16.21039962342885
6.824072845699255,0.21326395729564881,0.06616784629343542,0.31855164564715177,0.4413652852893081,0.5466530316870603,0.9877283883598197,560.5940600824397,7.5842710869659555,44.607991907276755,50.772507307386796,36.05618497897274,20.023327196803503,84.48565844573164
4.92737729099382,0.6324104503001076,0.12288648007593796,0.09529643474717908,0.8111035152253958,0.020605081499871152,0.217808828803388,776.7282585999191,5.280103768647053,27.298060987207375,89.55239850039543,25.329306306289762,81.77899815643448,16.21039962342885
4.92737729099382,0.6324104503001076,0.12288648007593796,0.09529643474717908,0.8111035152253958,0.020605081499871152,0.217808828803388,776.7282585999191,5.280103768647053,27.298060987207375,89.55239850039543,25.329306306289762,81.77899815643448,16.21039962342885
12.766811792603777,0.35063418996718526,0.026817305020944926,0.4875202017002852,0.45393717143710327,0.7382050046722943,0.20789853596167496,527.6617912983279,11.480607871218982,69.37968212371408,90.507029057518,88.1501936070967,67.05814672960432,85.54734727999676
6.004487399131513,1.3196111745938757,0.11362861133269375,0.07842356108604236,0.9576068986360108,0.7067422357182848,0.9079343881412864,1740.2281598829788,1.9006436956731994,26.272631418585103,42.410079844145706,96.56097655492309,16.042217506152866,28.887737336325426
14.041369574228002,0.12474961023473514,2.861303846030331,0.212111465506955,0.5733720556083521,0.7456174777107071,0.7757975660168153,808.5695169493558,1.9085110366960187,48.728719812268565,37.65476559709013,71.85732488454981,94.69840837357722,2.2254775110001743
17.21549085015256,4.068834553521923,3.5409281861526494,0.4798898482390134,0.8308581496892405,0.383612428240027,0.9387501585224179,5.998158115375196,5.929745323378025,53.213531418617116,79.1653113752299,39.14384819978526,76.77033456703037,16.60976713377833
10.979150585287723,5.717418480955547,0.9519123197150893,0.013050601485688158,0.48798290784462206,0.2989771815887016,0.11842412305293895,45.11708459361461,9.473465360052218,77.4561216516637,79.8627117227322,57.53792956526059,24.73484045228906,95.57111352603725
12.766811792603777,0.35063418996718526,0.026817305020944926,0.4875202017002852,0.45393717143710327,0.7382050046722943,0.20789853596167496,527.6617912983279,11.480607871218982,69.37968212371408,90.507029057518,88.1501936070967,67.05814672960432,85.54734727999676
13.827106750084575,0.9102802533632541,1.095258773294175,0.20830597249931682,0.2996778781998316,0.5380997446732823,0.27104804689004536,1585.855510632063,6.063272064433101,72.68531869821231,67.43717826228907,33.57742371206906,50.203649839533156,21.574971974277712
13.81037331194464,0.37024610546092795,4.687586029270427,0.18154148911790227,0.15860046913935005,0.43097788503565876,0.9674009123129046,114.7185380080053,18.00728967165682,45.312753912107674,93.34209663429004,98.24093018689547,43.2064302701525,55.07360845315854
4.92737729099382,0.6324104503001076,0.12288648007593796,0.09529643474717908,0.8111035152253958,0.020605081499871152,0.217808828803388,776.7282585999191,5.280103768647053,27.298060987207375,89.55239850039543,25.329306306289762,81.77899815643448,16.21039962342885
14.041369574228002,0.12474961023473514,2.861303846030331,0.212111465506955,0.5733720556083521,0.7456174777107071,0.7757975660168153,808.5695169493558,1.9085110366960187,48.728719812268565,37.65476559709013,71.85732488454981,94.69840837357722,2.2254775110001743
4.92737729099382,0.6324104503001076,0.12288648007593796,0.09529643474717908,0.8111035152253958,0.020605081499871152,0.217808828803388,776.7282585999191,5.280103768647053,27.298060987207375,89.55239850039543,25.329306306289762,81.77899815643448,16.21039962342885
11.665466257313543,2.044253257222156,1.731725487727544,0.09650977802286999,0.5252216777738022,0.22615868259899136,0.18500758401423578,246.74986159783893,1.6020644935001593,25.36678414628821,52.614727865256874,28.69009202999092,44.45484183628356,33.39539444166897
17.21549085015256,4.068834553521923,3.5409281861526494,0.4798898482390134,0.8308581496892405,0.383612428240027,0.9387501585224179,5.998158115375196,5.929745323378025,53.213531418617116,79.1653113752299,39.14384819978526,76.77033456703037,16.60976713377833
13.347768722614461,0.5732583646167017,1.0163465819855682,0.2968872357728005,0.010100224312567713,0.4470409002192469,0.7529932025264117,1305.848326443975,6.720088418772893,93.62789126855435,3.79973824057576,89.9279506854316,89.4325250030782,24.7449397939168
4.92737729099382,0.6324104503001076,0.12288648007593796,0.09529643474717908,0.8111035152253958,0.020605081499871152,0.217808828803388,776.7282585999191,5.280103768647053,27.298060987207375,89.55239850039543,25.329306306289762,81.77899815643448,16.21039962342885
4.92737729099382,0.6324104503001076,0.12288648007593796,0.09529643474717908,0.8111035152253958,0.020605081499871152,0.217808828803388,776.7282585999191,5.280103768647053,27.298060987207375,89.55239850039543,25.329306306289762,81.77899815643448,16.21039962342885
4.92737729099382,0.6324104503001076,0.12288648007593796,0.09529643474717908,0.8111035152253958,0.020605081499871152,0.217808828803388,776.7282585999191,5.280103768647053,27.298060987207375,89.55239850039543,25.329306306289762,81.77899815643448,16.21039962342885
6.824072845699255,0.21326395729564881,0.06616784629343542,0.31855164564715177,0.4413652852893081,0.5466530316870603,0.9877283883598197,560.5940600824397,7.5842710869659555,44.607991907276755,50.772507307386796,36.05618497897274,20.023327196803503,84.48565844573164
6.004487399131513,1.3196111745938757,0.11362861133269375,0.07842356108604236,0.9576068986360108,0.7067422357182848,0.9079343881412864,1740.2281598829788,1.9006436956731994,26.272631418585103,42.410079844145706,96.56097655492309,16.042217506152866,28.887737336325426
4.92737729099382,0.6324104503001076,0.12288648007593796,0.09529643474717908,0.8111035152253958,0.020605081499871152,0.217808828803388,776.7282585999191,5.280103768647053,27.298060987207375,89.55239850039543,25.329306306289762,81.77899815643448,16.21039962342885
13.81037331194464,0.37024610546092795,4.687586029270427,0.18154148911790227,0.15860046913935005,0.43097788503565876,0.9674009123129046,114.7185380080053,18.00728967165682,45.312753912107674,93.34209663429004,98.24093018689547,43.2064302701525,55.07360845315854
10.979150585287723,5.717418480955547,0.9519123197150893,0.013050601485688158,0.48798290784462206,0.2989771815887016,0.11842412305293895,45.11708459361461,9.473465360052218,77.4561216516637,79.8627117227322,57.53792956526059,24.73484045228906,95.57111352603725
17.21549085015256,4.068834553521923,3.5409281861526494,0.4798898482390134,0.8308581496892405,0.383612428240027,0.9387501585224179,5.998158115375196,5.929745323378025,53.213531418617116,79.1653113752299,39.14384819978526,76.77033456703037,16.60976713377833
12.766811792603777,0.35063418996718526,0.026817305020944926,0.4875202017002852,0.45393717143710327,0.7382050046722943,0.20789853596167496,527.6617912983279,11.480607871218982,69.37968212371408,90.507029057518,88.1501936070967,67.05814672960432,85.54734727999676
4.92737729099382,0.6324104503001076,0.12288648007593796,0.09529643474717908,0.8111035152253958,0.020605081499871152,0.217808828803388,776.7282585999191,5.280103768647053,27.298060987207375,89.55239850039543,25.329306306289762,81.77899815643448,16.21039962342885
13.827106750084575,0.9102802533632541,1.095258773294175,0.20830597249931682,0.2996778781998316,0.5380997446732823,0.27104804689004536,1585.855510632063,6.063272064433101,72.68531869821231,67.43717826228907,33.57742371206906,50.203649839533156,21.574971974277712
14.041369574228002,0.12474961023473514,2.861303846030331,0.212111465506955,0.5733720556083521,0.7456174777107071,0.7757975660168153,808.5695169493558,1.9085110366960187,48.728719812268565,37.65476559709013,71.85732488454981,94.69840837357722,2.2254775110001743
4.92737729099382,0.6324104503001076,0.12288648007593796,0.09529643474717908,0.8111035152253958,0.020605081499871152,0.217808828803388,776.7282585999191,5.280103768647053,27.298060987207375,89.55239850039543,25.329306306289762,81.77899815643448,16.21039962342885
11.665466257313543,2.044253257222156,1.731725487727544,0.09650977802286999,0.5252216777738022,0.22615868259899136,0.18500758401423578,246.74986159783893,1.6020644935001593,25.36678414628821,52.614727865256874,28.69009202999092,44.45484183628356,33.39539444166897
10.979150585287723,5.717418480955547,0.9519123197150893,0.013050601485688158,0.48798290784462206,0.2989771815887016,0.11842412305293895,45.11708459361461,9.473465360052218,77.4561216516637,79.8627117227322,57.53792956526059,24.73484045228906,95.57111352603725
4.92737729099382,0.6324104503001076,0.12288648007593796,0.09529643474717908,0.8111035152253958,0.020605081499871152,0.217808828803388,776.7282585999191,5.280103768647053,27.298060987207375,89.55239850039543,25.329306306289762,81.77899815643448,16.21039962342885
4.92737729099382,0.6324104503001076,0.12288648007593796,0.09529643474717908,0.8111035152253958,0.020605081499871152,0.217808828803388,776.7282585999191,5.280103768647053,27.298060987207375,89.55239850039543,25.329306306289762,81.77899815643448,16.21039962342885
4.92737729099382,0.6324104503001076,0.12288648007593796,0.09529643474717908,0.8111035152253958,0.020605081499871152,0.217808828803388,776.7282585999191,5.280103768647053,27.298060987207375,89.55239850039543,25.329306306289762,81.77899815643448,16.21039962342885
13.347768722614461,0.5732583646167017,1.0163465819855682,0.2968872357728005,0.010100224312567713,0.4470409002192469,0.7529932025264117,1305.848326443975,6.720088418772893,93.62789126855435,3.79973824057576,89.9279506854316,89.4325250030782,24.7449397939168
6.004487399131513,1.3196111745938757,0.11362861133269375,0.07842356108604236,0.9576068986360108,0.7067422357182848,0.9079343881412864,1740.2281598829788,1.9006436956731994,26.272631418585103,42.410079844145706,96.56097655492309,16.042217506152866,28.887737336325426
6.824072845699255,0.21326395729564881,0.06616784629343542,0.31855164564715177,0.4413652852893081,0.5466530316870603,0.9877283883598197,560.5940600824397,7.5842710869659555,44.607991907276755,50.772507307386796,36.05618497897274,20.023327196803503,84.48565844573164
4.92737729099382,0.6324104503001076,0.12288648007593796,0.09529643474717908,0.8111035152253958,0.020605081499871152,0.217808828803388,776.7282585999191,5.280103768647053,27.298060987207375,89.55239850039543,25.329306306289762,81.77899815643448,16.21039962342885
13.81037331194464,0.37024610546092795,4.687586029270427,0.18154148911790227,0.15860046913935005,0.43097788503565876,0.9674009123129046,114.7185380080053,18.00728967165682,45.312753912107674,93.34209663429004,98.24093018689547,43.2064302701525,55.07360845315854
10.979150585287723,5.717418480955547,0.9519123197150893,0.013050601485688158,0.48798290784462206,0.2989771815887016,0.11842412305293895,45.11708459361461,9.473465360052218,77.4561216516637,79.8627117227322,57.53792956526059,24.73484045228906,95.57111352603725
17.21549085015256,4.068834553521923,3.5409281861526494,0.4798898482390134,0.8308581496892405,0.383612428240027,0.9387501585224179,5.998158115375196,5.929745323378025,53.213531418617116,79.1653113752299,39.14384819978526,76.77033456703037,16.60976713377833
4.92737729099382,0.6324104503001076,0.12288648007593796,0.09529643474717908,0.8111035152253958,0.020605081499871152,0.217808828803388,776.7282585999191,5.280103768647053,27.298060987207375,89.55239850039543,25.329306306289762,81.77899815643448,16.21039962342885
11.172265321590103,1.7821129864265026,1.0119787016768667,0.20068734301110747,0.4204398072779212,0.5713869520363801,0.44337467522661816,4.066208930733768,14.305438473026667,14.889504370209131,0.8258323394618995,51.261284443571455,1.2531363204168855,76.75639271243443
4.92737729099382,0.6324104503001076,0.12288648007593796,0.09529643474717908,0.8111035152253958,0.020605081499871152,0.217808828803388,776.7282585999191,5.280103768647053,27.298060987207375,89.55239850039543,25.329306306289762,81.77899815643448,16.21039962342885
13.827106750084575,0.9102802533632541,1.095258773294175,0.20830597249931682,0.2996778781998316,0.5380997446732823,0.27104804689004536,1585.855510632063,6.063272064433101,72.68531869821231,67.43717826228907,33.57742371206906,50.203649839533156,21.574971974277712
12.766811792603777,0.35063418996718526,0.026817305020944926,0.4875202017002852,0.45393717143710327,0.7382050046722943,0.20789853596167496,527.6617912983279,11.480607871218982,69.37968212371408,90.507029057518,88.1501936070967,67.05814672960432,85.54734727999676
4.92737729099382,0.6324104503001076,0.12288648007593796,0.09529643474717908,0.8111035152253958,0.020605081499871152,0.217808828803388,776.7282585999191,5.280103768647053,27.298060987207375,89.55239850039543,25.329306306289762,81.77899815643448,16.21039962342885
14.041369574228002,0.12474961023473514,2.861303846030331,0.212111465506955,0.5733720556083521,0.7456174777107071,0.7757975660168153,808.5695169493558,1.9085110366960187,48.728719812268565,37.65476559709013,71.85732488454981,94.69840837357722,2.2254775110001743
11.665466257313543,2.044253257222156,1.731725487727544,0.09650977802286999,0.5252216777738022,0.22615868259899136,0.18500758401423578,246.74986159783893,1.6020644935001593,25.36678414628821,52.614727865256874,28.69009202999092,44.45484183628356,33.39539444166897
4.92737729099382,0.6324104503001076,0.12288648007593796,0.09529643474717908,0.8111035152253958,0.020605081499871152,0.217808828803388,776.7282585999191,5.280103768647053,27.298060987207375,89.55239850039543,25.329306306289762,81.77899815643448,16.21039962342885
4.92737729099382,0.6324104503001076,0.12288648007593796,0.09529643474717908,0.8111035152253958,0.020605081499871152,0.217808828803388,776.7282585999191,5.280103768647053,27.298060987207375,89.55239850039543,25.329306306289762,81.77899815643448,16.21039962342885
17.21549085015256,4.068834553521923,3.5409281861526494,0.4798898482390134,0.8308581496892405,0.383612428240027,0.9387501585224179,5.998158115375196,5.929745323378025,53.213531418617116,79.1653113752299,39.14384819978526,76.77033456703037,16.60976713377833
4.92737729099382,0.6324104503001076,0.12288648007593796,0.09529643474717908,0.8111035152253958,0.020605081499871152,0.217808828803388,776.7282585999191,5.280103768647053,27.298060987207375,89.55239850039543,25.329306306289762,81.77899815643448,16.21039962342885
11.172265321590103,1.7821129864265026,1.0119787016768667,0.20068734301110747,0.4204398072779212,0.5713869520363801,0.44337467522661816,4.066208930733768,14.305438473026667,14.889504370209131,0.8258323394618995,51.261284443571455,1.2531363204168855,76.75639271243443
6.004487399131513,1.3196111745938757,0.11362861133269375,0.07842356108604236,0.9576068986360108,0.7067422357182848,0.9079343881412864,1740.2281598829788,1.9006436956731994,26.272631418585103,42.410079844145706,96.56097655492309,16.042217506152866,28.887737336325426
6.824072845699255,0.21326395729564881,0.06616784629343542,0.31855164564715177,0.4413652852893081,0.5466530316870603,0.9877283883598197,560.5940600824397,7.5842710869659555,44.607991907276755,50.772507307386796,36.05618497897274,20.023327196803503,84.48565844573164
13.827106750084575,0.9102802533632541,1.095258773294175,0.20830597249931682,0.2996778781998316,0.5380997446732823,0.27104804689004536,1585.855510632063,6.063272064433101,72.68531869821231,67.43717826228907,33.57742371206906,50.203649839533156,21.574971974277712
4.92737729099382,0.6324104503001076,0.12288648007593796,0.09529643474717908,0.8111035152253958,0.020605081499871152,0.217808828803388,776.7282585999191,5.280103768647053,27.298060987207375,89.55239850039543,25.329306306289762,81.77899815643448,16.21039962342885
13.81037331194464,0.37024610546092795,4.687586029270427,0.18154148911790227,0.15860046913935005,0.43097788503565876,0.9674009123129046,114.7185380080053,18.00728967165682,45.312753912107674,93.34209663429004,98.24093018689547,43.2064302701525,55.07360845315854
4.92737729099382,0.6324104503001076,0.12288648007593796,0.09529643474717908,0.8111035152253958,0.020605081499871152,0.217808828803388,776.7282585999191,5.280103768647053,27.298060987207375,89.55239850039543,25.329306306289762,81.77899815643448,16.21039962342885
4.92737729099382,0.6324104503001076,0.12288648007593796,0.09529643474717908,0.8111035152253958,0.020605081499871152,0.217808828803388,776.7282585999191,5.280103768647053,27.298060987207375,89.55239850039543,25.329306306289762,81.77899815643448,16.21039962342885
10.979150585287723,5.717418480955547,0.9519123197150893,0.013050601485688158,0.48798290784462206,0.2989771815887016,0.11842412305293895,45.11708459361461,9.473465360052218,77.4561216516637,79.8627117227322,57.53792956526059,24.73484045228906,95.57111352603725
6.004487399131513,1.3196111745938757,0.11362861133269375,0.07842356108604236,0.9576068986360108,0.7067422357182848,0.9079343881412864,1740.2281598829788,1.9006436956731994,26.272631418585103,42.410079844145706,96.56097655492309,16.042217506152866,28.887737336325426
12.766811792603777,0.35063418996718526,0.026817305020944926,0.4875202017002852,0.45393717143710327,0.7382050046722943,0.20789853596167496,527.6617912983279,11.480607871218982,69.37968212371408,90.507029057518,88.1501936070967,67.05814672960432,85.54734727999676
14.041369574228002,0.12474961023473514,2.861303846030331,0.212111465506955,0.5733720556083521,0.7456174777107071,0.7757975660168153,808.5695169493558,1.9085110366960187,48.728719812268565,37.65476559709013,71.85732488454981,94.69840837357722,2.2254775110001743
11.665466257313543,2.044253257222156,1.731725487727544,0.09650977802286999,0.5252216777738022,0.22615868259899136,0.18500758401423578,246.74986159783893,1.6020644935001593,25.36678414628821,52.614727865256874,28.69009202999092,44.45484183628356,33.39539444166897
4.92737729099382,0.6324104503001076,0.12288648007593796,0.09529643474717908,0.8111035152253958,0.020605081499871152,0.217808828803388,776.7282585999191,5.280103768647053,27.298060987207375,89.55239850039543,25.329306306289762,81.77899815643448,16.21039962342885
4.92737729099382,0.6324104503001076,0.12288648007593796,0.09529643474717908,0.8111035152253958,0.020605081499871152,0.217808828803388,776.7282585999191,5.280103768647053,27.298060987207375,89.55239850039543,25.329306306289762,81.77899815643448,16.21039962342885
4.92737729099382,0.6324104503001076,0.12288648007593796,0.09529643474717908,0.8111035152253958,0.020605081499871152,0.217808828803388,776.7282585999191,5.280103768647053,27.298060987207375,89.55239850039543,25.329306306289762,81.77899815643448,16.21039962342885
14.577838045895987,0.4594843041869814,0.5531223533800865,0.23058431973684218,0.39525560010992766,0.3825746049791885,0.3233368410328049,561.5039043518932,16.552503447572832,72.54557481315268,62.41606098037696,31.16838081197892,77.11399212723337,76.74741573863558
4.92737729099382,0.6324104503001076,0.12288648007593796,0.09529643474717908,0.8111035152253958,0.020605081499871152,0.217808828803388,776.7282585999191,5.280103768647053,27.298060987207375,89.55239850039543,25.329306306289762,81.77899815643448,16.21039962342885
6.004487399131513,1.3196111745938757,0.11362861133269375,0.07842356108604236,0.9576068986360108,0.7067422357182848,0.9079343881412864,1740.2281598829788,1.9006436956731994,26.272631418585103,42.410079844145706,96.56097655492309,16.042217506152866,28.887737336325426
11.172265321590103,1.7821129864265026,1.0119787016768667,0.20068734301110747,0.4204398072779212,0.5713869520363801,0.44337467522661816,4.066208930733768,14.305438473026667,14.889504370209131,0.8258323394618995,51.261284443571455,1.2531363204168855,76.75639271243443
12.766811792603777,0.35063418996718526,0.026817305020944926,0.4875202017002852,0.45393717143710327,0.7382050046722943,0.20789853596167496,527.6617912983279,11.480607871218982,69.37968212371408,90.507029057518,88.1501936070967,67.05814672960432,85.54734727999676
6.824072845699255,0.21326395729564881,0.06616784629343542,0.31855164564715177,0.4413652852893081,0.5466530316870603,0.9877283883598197,560.5940600824397,7.5842710869659555,44.607991907276755,50.772507307386796,36.05618497897274,20.023327196803503,84.48565844573164
13.827106750084575,0.9102802533632541,1.095258773294175,0.20830597249931682,0.2996778781998316,0.5380997446732823,0.27104804689004536,1585.855510632063,6.063272064433101,72.68531869821231,67.43717826228907,33.57742371206906,50.203649839533156,21.574971974277712
13.81037331194464,0.37024610546092795,4.687586029270427,0.18154148911790227,0.15860046913935005,0.43097788503565876,0.9674009123129046,114.7185380080053,18.00728967165682,45.312753912107674,93.34209663429004,98.24093018689547,43.2064302701525,55.07360845315854
4.92737729099382,0.6324104503001076,0.12288648007593796,0.09529643474717908,0.8111035152253958,0.020605081499871152,0.217808828803388,776.7282585999191,5.280103768647053,27.298060987207375,89.55239850039543,25.329306306289762,81.77899815643448,16.21039962342885
4.92737729099382,0.6324104503001076,0.12288648007593796,0.09529643474717908,0.8111035152253958,0.020605081499871152,0.217808828803388,776.7282585999191,5.280103768647053,27.298060987207375,89.55239850039543,25.329306306289762,81.77899815643448,16.21039962342885
10.979150585287723,5.717418480955547,0.9519123197150893,0.013050601485688158,0.48798290784462206,0.2989771815887016,0.11842412305293895,45.11708459361461,9.473465360052218,77.4561216516637,79.8627117227322,57.53792956526059,24.73484045228906,95.57111352603725
4.92737729099382,0.6324104503001076,0.12288648007593796,0.09529643474717908,0.8111035152253958,0.020605081499871152,0.217808828803388,776.7282585999191,5.280103768647053,27.298060987207375,89.55239850039543,25.329306306289762,81.77899815643448,16.21039962342885
13.827106750084575,0.9102802533632541,1.095258773294175,0.20830597249931682,0.2996778781998316,0.5380997446732823,0.27104804689004536,1585.855510632063,6.063272064433101,72.68531869821231,67.43717826228907,33.57742371206906,50.203649839533156,21.574971974277712
7.367600258503895,1.9301186174208258,0.23576473758975913,0.017155118520314663,0.7337929877591182,0.11737684892171117,0.26920302705101,220.5191218789086,1.0797456425577927,74.0043339951449,60.671801820768664,76.4416011783486,75.5179834972121,95.45986864324972
4.92737729099382,0.6324104503001076,0.12288648007593796,0.09529643474717908,0.8111035152253958,0.020605081499871152,0.217808828803388,776.7282585999191,5.280103768647053,27.298060987207375,89.55239850039543,25.329306306289762,81.77899815643448,16.21039962342885
4.92737729099382,0.6324104503001076,0.12288648007593796,0.09529643474717908,0.8111035152253958,0.020605081499871152,0.217808828803388,776.7282585999191,5.280103768647053,27.298060987207375,89.55239850039543,25.329306306289762,81.77899815643448,16.21039962342885
4.92737729099382,0.6324104503001076,0.12288648007593796,0.09529643474717908,0.8111035152253958,0.020605081499871152,0.217808828803388,776.7282585999191,5.280103768647053,27.298060987207375,89.55239850039543,25.329306306289762,81.77899815643448,16.21039962342885
14.577838045895987,0.4594843041869814,0.5531223533800865,0.23058431973684218,0.39525560010992766,0.3825746049791885,0.3233368410328049,561.5039043518932,16.552503447572832,72.54557481315268,62.41606098037696,31.16838081197892,77.11399212723337,76.74741573863558
4.92737729099382,0.6324104503001076,0.12288648007593796,0.09529643474717908,0.8111035152253958,0.020605081499871152,0.217808828803388,776.7282585999191,5.280103768647053,27.298060987207375,89.55239850039543,25.329306306289762,81.77899815643448,16.21039962342885
6.004487399131513,1.3196111745938757,0.11362861133269375,0.07842356108604236,0.9576068986360108,0.7067422357182848,0.9079343881412864,1740.2281598829788,1.9006436956731994,26.272631418585103,42.410079844145706,96.56097655492309,16.042217506152866,28.887737336325426
11.172265321590103,1.7821129864265026,1.0119787016768667,0.20068734301110747,0.4204398072779212,0.5713869520363801,0.44337467522661816,4.066208930733768,14.305438473026667,14.889504370209131,0.8258323394618995,51.261284443571455,1.2531363204168855,76.75639271243443
12.766811792603777,0.35063418996718526,0.026817305020944926,0.4875202017002852,0.45393717143710327,0.7382050046722943,0.20789853596167496,527.6617912983279,11.480607871218982,69.37968212371408,90.507029057518,88.1501936070967,67.05814672960432,85.54734727999676
6.824072845699255,0.21326395729564881,0.06616784629343542,0.31855164564715177,0.4413652852893081,0.5466530316870603,0.9877283883598197,560.5940600824397,7.5842710869659555,44.607991907276755,50.772507307386796,36.05618497897274,20.023327196803503,84.48565844573164
13.81037331194464,0.37024610546092795,4.687586029270427,0.18154148911790227,0.15860046913935005,0.43097788503565876,0.9674009123129046,114.7185380080053,18.00728967165682,45.312753912107674,93.34209663429004,98.24093018689547,43.2064302701525,55.07360845315854
13.827106750084575,0.9102802533632541,1.095258773294175,0.20830597249931682,0.2996778781998316,0.5380997446732823,0.27104804689004536,1585.855510632063,6.063272064433101,72.68531869821231,67.43717826228907,33.57742371206906,50.203649839533156,21.574971974277712
4.92737729099382,0.6324104503001076,0.12288648007593796,0.09529643474717908,0.8111035152253958,0.020605081499871152,0.217808828803388,776.7282585999191,5.280103768647053,27.298060987207375,89.55239850039543,25.329306306289762,81.77899815643448,16.21039962342885
4.92737729099382,0.6324104503001076,0.12288648007593796,0.09529643474717908,0.8111035152253958,0.020605081499871152,0.217808828803388,776.7282585999191,5.280103768647053,27.298060987207375,89.55239850039543,25.329306306289762,81.77899815643448,16.21039962342885
4.92737729099382,0.6324104503001076,0.12288648007593796,0.09529643474717908,0.8111035152253958,0.020605081499871152,0.217808828803388,776.7282585999191,5.280103768647053,27.298060987207375,89.55239850039543,25.329306306289762,81.77899815643448,16.21039962342885
14.577838045895987,0.4594843041869814,0.5531223533800865,0.23058431973684218,0.39525560010992766,0.3825746049791885,0.3233368410328049,561.5039043518932,16.552503447572832,72.54557481315268,62.41606098037696,31.16838081197892,77.11399212723337,76.74741573863558
10.979150585287723,5.717418480955547,0.9519123197150893,0.013050601485688158,0.48798290784462206,0.2989771815887016,0.11842412305293895,45.11708459361461,9.473465360052218,77.4561216516637,79.8627117227322,57.53792956526059,24.73484045228906,95.57111352603725
11.172265321590103,1.7821129864265026,1.0119787016768667,0.20068734301110747,0.4204398072779212,0.5713869520363801,0.44337467522661816,4.066208930733768,14.305438473026667,14.889504370209131,0.8258323394618995,51.261284443571455,1.2531363204168855,76.75639271243443
4.92737729099382,0.6324104503001076,0.12288648007593796,0.09529643474717908,0.8111035152253958,0.020605081499871152,0.217808828803388,776.7282585999191,5.280103768647053,27.298060987207375,89.55239850039543,25.329306306289762,81.77899815643448,16.21039962342885
4.92737729099382,0.6324104503001076,0.12288648007593796,0.09529643474717908,0.8111035152253958,0.020605081499871152,0.217808828803388,776.7282585999191,5.280103768647053,27.298060987207375,89.55239850039543,25.329306306289762,81.77899815643448,16.21039962342885
7.367600258503895,1.9301186174208258,0.23576473758975913,0.017155118520314663,0.7337929877591182,0.11737684892171117,0.26920302705101,220.5191218789086,1.0797456425577927,74.0043339951449,60.671801820768664,76.4416011783486,75.5179834972121,95.45986864324972
6.004487399131513,1.3196111745938757,0.11362861133269375,0.07842356108604236,0.9576068986360108,0.7067422357182848,0.9079343881412864,1740.2281598829788,1.9006436956731994,26.272631418585103,42.410079844145706,96.56097655492309,16.042217506152866,28.887737336325426
4.92737729099382,0.6324104503001076,0.12288648007593796,0.09529643474717908,0.8111035152253958,0.020605081499871152,0.217808828803388,776.7282585999191,5.280103768647053,27.298060987207375,89.55239850039543,25.329306306289762,81.77899815643448,16.21039962342885
4.92737729099382,0.6324104503001076,0.12288648007593796,0.09529643474717908,0.8111035152253958,0.020605081499871152,0.217808828803388,776.7282585999191,5.280103768647053,27.298060987207375,89.55239850039543,25.329306306289762,81.77899815643448,16.21039962342885
12.766811792603777,0.35063418996718526,0.026817305020944926,0.4875202017002852,0.45393717143710327,0.7382050046722943,0.20789853596167496,527.6617912983279,11.480607871218982,69.37968212371408,90.507029057518,88.1501936070967,67.05814672960432,85.54734727999676
6.824072845699255,0.21326395729564881,0.06616784629343542,0.31855164564715177,0.4413652852893081,0.5466530316870603,0.9877283883598197,560.5940600824397,7.5842710869659555,44.607991907276755,50.772507307386796,36.05618497897274,20.023327196803503,84.48565844573164
4.92737729099382,0.6324104503001076,0.12288648007593796,0.09529643474717908,0.8111035152253958,0.020605081499871152,0.217808828803388,776.7282585999191,5.280103768647053,27.298060987207375,89.55239850039543,25.329306306289762,81.77899815643448,16.21039962342885
13.81037331194464,0.37024610546092795,4.687586029270427,0.18154148911790227,0.15860046913935005,0.43097788503565876,0.9674009123129046,114.7185380080053,18.00728967165682,45.312753912107674,93.34209663429004,98.24093018689547,43.2064302701525,55.07360845315854
4.92737729099382,0.6324104503001076,0.12288648007593796,0.09529643474717908,0.8111035152253958,0.020605081499871152,0.217808828803388,776.7282585999191,5.280103768647053,27.298060987207375,89.55239850039543,25.329306306289762,81.77899815643448,16.21039962342885
4.92737729099382,0.6324104503001076,0.12288648007593796,0.09529643474717908,0.8111035152253958,0.020605081499871152,0.217808828803388,776.7282585999191,5.280103768647053,27.298060987207375,89.55239850039543,25.329306306289762,81.77899815643448,16.21039962342885
4.92737729099382,0.6324104503001076,0.12288648007593796,0.09529643474717908,0.8111035152253958,0.020605081499871152,0.217808828803388,776.7282585999191,5.280103768647053,27.298060987207375,89.55239850039543,25.329306306289762,81.77899815643448,16.21039962342885
13.827106750084575,0.9102802533632541,1.095258773294175,0.20830597249931682,0.2996778781998316,0.5380997446732823,0.27104804689004536,1585.855510632063,6.063272064433101,72.68531869821231,67.43717826228907,33.57742371206906,50.203649839533156,21.574971974277712
14.577838045895987,0.4594843041869814,0.5531223533800865,0.23058431973684218,0.39525560010992766,0.3825746049791885,0.3233368410328049,561.5039043518932,16.552503447572832,72.54557481315268,62.41606098037696,31.16838081197892,77.11399212723337,76.74741573863558
4.92737729099382,0.6324104503001076,0.12288648007593796,0.09529643474717908,0.8111035152253958,0.020605081499871152,0.217808828803388,776.7282585999191,5.280103768647053,27.298060987207375,89.55239850039543,25.329306306289762,81.77899815643448,16.21039962342885
4.92737729099382,0.6324104503001076,0.12288648007593796,0.09529643474717908,0.8111035152253958,0.020605081499871152,0.217808828803388,776.7282585999191,5.280103768647053,27.298060987207375,89.55239850039543,25.329306306289762,81.77899815643448,16.21039962342885
11.172265321590103,1.7821129864265026,1.0119787016768667,0.20068734301110747,0.4204398072779212,0.5713869520363801,0.44337467522661816,4.066208930733768,14.305438473026667,14.889504370209131,0.8258323394618995,51.261284443571455,1.2531363204168855,76.75639271243443
6.824072845699255,0.21326395729564881,0.06616784629343542,0.31855164564715177,0.4413652852893081,0.5466530316870603,0.9877283883598197,560.5940600824397,7.5842710869659555,44.607991907276755,50.772507307386796,36.05618497897274,20.023327196803503,84.48565844573164
4.92737729099382,0.6324104503001076,0.12288648007593796,0.09529643474717908,0.8111035152253958,0.020605081499871152,0.217808828803388,776.7282585999191,5.280103768647053,27.298060987207375,89.55239850039543,25.329306306289762,81.77899815643448,16.21039962342885
13.81037331194464,0.37024610546092795,4.687586029270427,0.18154148911790227,0.15860046913935005,0.43097788503565876,0.9674009123129046,114.7185380080053,18.00728967165682,45.312753912107674,93.34209663429004,98.24093018689547,43.2064302701525,55.07360845315854
7.367600258503895,1.9301186174208258,0.23576473758975913,0.017155118520314663,0.7337929877591182,0.11737684892171117,0.26920302705101,220.5191218789086,1.0797456425577927,74.0043339951449,60.671801820768664,76.4416011783486,75.5179834972121,95.45986864324972
6.004487399131513,1.3196111745938757,0.11362861133269375,0.07842356108604236,0.9576068986360108,0.7067422357182848,0.9079343881412864,1740.2281598829788,1.9006436956731994,26.272631418585103,42.410079844145706,96.56097655492309,16.042217506152866,28.887737336325426
4.92737729099382,0.6324104503001076,0.12288648007593796,0.09529643474717908,0.8111035152253958,0.020605081499871152,0.217808828803388,776.7282585999191,5.280103768647053,27.298060987207375,89.55239850039543,25.329306306289762,81.77899815643448,16.21039962342885
4.92737729099382,0.6324104503001076,0.12288648007593796,0.09529643474717908,0.8111035152253958,0.020605081499871152,0.217808828803388,776.7282585999191,5.280103768647053,27.298060987207375,89.55239850039543,25.329306306289762,81.77899815643448,16.21039962342885
12.766811792603777,0.35063418996718526,0.026817305020944926,0.4875202017002852,0.45393717143710327,0.7382050046722943,0.20789853596167496,527.6617912983279,11.480607871218982,69.37968212371408,90.507029057518,88.1501936070967,67.05814672960432,85.54734727999676
4.92737729099382,0.6324104503001076,0.12288648007593796,0.09529643474717908,0.8111035152253958,0.020605081499871152,0.217808828803388,776.7282585999191,5.280103768647053,27.298060987207375,89.55239850039543,25.329306306289762,81.77899815643448,16.21039962342885
4.92737729099382,0.6324104503001076,0.12288648007593796,0.09529643474717908,0.8111035152253958,0.020605081499871152,0.217808828803388,776.7282585999191,5.280103768647053,27.298060987207375,89.55239850039543,25.329306306289762,81.77899815643448,16.21039962342885
4.92737729099382,0.6324104503001076,0.12288648007593796,0.09529643474717908,0.8111035152253958,0.020605081499871152,0.217808828803388,776.7282585999191,5.280103768647053,27.298060987207375,89.55239850039543,25.329306306289762,81.77899815643448,16.21039962342885
13.81037331194464,0.37024610546092795,4.687586029270427,0.18154148911790227,0.15860046913935005,0.43097788503565876,0.9674009123129046,114.7185380080053,18.00728967165682,45.312753912107674,93.34209663429004,98.24093018689547,43.2064302701525,55.07360845315854
13.814924540620817,0.9102802533632541,1.095258773294175,0.20830597249931682,0.2996778781998316,0.5380997446732823,0.27104804689004536,1585.855510632063,6.063272064433101,72.68531869821231,67.43717826228907,45.90823514872266,86.26272074980939,21.574971974277712
4.92737729099382,0.6324104503001076,0.12288648007593796,0.09529643474717908,0.8111035152253958,0.020605081499871152,0.217808828803388,776.7282585999191,5.280103768647053,27.298060987207375,89.55239850039543,25.329306306289762,81.77899815643448,16.21039962342885
4.92737729099382,0.6324104503001076,0.12288648007593796,0.09529643474717908,0.8111035152253958,0.020605081499871152,0.217808828803388,776.7282585999191,5.280103768647053,27.298060987207375,89.55239850039543,25.329306306289762,81.77899815643448,16.21039962342885
14.577838045895987,0.4594843041869814,0.5531223533800865,0.23058431973684218,0.39525560010992766,0.3825746049791885,0.3233368410328049,561.5039043518932,16.552503447572832,72.54557481315268,62.41606098037696,31.16838081197892,77.11399212723337,76.74741573863558
4.92737729099382,0.6324104503001076,0.12288648007593796,0.09529643474717908,0.8111035152253958,0.020605081499871152,0.217808828803388,776.7282585999191,5.280103768647053,27.298060987207375,89.55239850039543,25.329306306289762,81.77899815643448,16.21039962342885
12.766811792603777,0.35063418996718526,0.026817305020944926,0.4875202017002852,0.45393717143710327,0.7382050046722943,0.20789853596167496,527.6617912983279,11.480607871218982,69.37968212371408,90.507029057518,88.1501936070967,67.05814672960432,85.54734727999676
11.172265321590103,1.7821129864265026,1.0119787016768667,0.20068734301110747,0.4204398072779212,0.5713869520363801,0.44337467522661816,4.066208930733768,14.305438473026667,14.889504370209131,0.8258323394618995,51.261284443571455,1.2531363204168855,76.75639271243443
6.824072845699255,0.21326395729564881,0.06616784629343542,0.31855164564715177,0.4413652852893081,0.5466530316870603,0.9877283883598197,560.5940600824397,7.5842710869659555,44.607991907276755,50.772507307386796,36.05618497897274,20.023327196803503,84.48565844573164
4.92737729099382,0.6324104503001076,0.12288648007593796,0.09529643474717908,0.8111035152253958,0.020605081499871152,0.217808828803388,776.7282585999191,5.280103768647053,27.298060987207375,89.55239850039543,25.329306306289762,81.77899815643448,16.21039962342885
7.367600258503895,1.9301186174208258,0.23576473758975913,0.017155118520314663,0.7337929877591182,0.11737684892171117,0.26920302705101,220.5191218789086,1.0797456425577927,74.0043339951449,60.671801820768664,76.4416011783486,75.5179834972121,95.45986864324972
6.004487399131513,1.3196111745938757,0.11362861133269375,0.07842356108604236,0.9576068986360108,0.7067422357182848,0.9079343881412864,1740.2281598829788,1.9006436956731994,26.272631418585103,42.410079844145706,96.56097655492309,16.042217506152866,28.887737336325426
4.92737729099382,0.6324104503001076,0.12288648007593796,0.09529643474717908,0.8111035152253958,0.020605081499871152,0.217808828803388,776.7282585999191,5.280103768647053,27.298060987207375,89.55239850039543,25.329306306289762,81.77899815643448,16.21039962342885
4.92737729099382,0.6324104503001076,0.12288648007593796,0.09529643474717908,0.8111035152253958,0.020605081499871152,0.217808828803388,776.7282585999191,5.280103768647053,27.298060987207375,89.55239850039543,25.329306306289762,81.77899815643448,16.21039962342885
4.92737729099382,0.6324104503001076,0.12288648007593796,0.09529643474717908,0.8111035152253958,0.020605081499871152,0.217808828803388,776.7282585999191,5.280103768647053,27.298060987207375,89.55239850039543,25.329306306289762,81.77899815643448,16.21039962342885
14.577838045895987,0.4594843041869814,0.5531223533800865,0.23058431973684218,0.39525560010992766,0.3825746049791885,0.3233368410328049,561.5039043518932,16.552503447572832,72.54557481315268,62.41606098037696,31.16838081197892,77.11399212723337,76.74741573863558
4.92737729099382,0.6324104503001076,0.12288648007593796,0.09529643474717908,0.8111035152253958,0.020605081499871152,0.217808828803388,776.7282585999191,5.280103768647053,27.298060987207375,89.55239850039543,25.329306306289762,81.77899815643448,16.21039962342885
4.92737729099382,0.6324104503001076,0.12288648007593796,0.09529643474717908,0.8111035152253958,0.020605081499871152,0.217808828803388,776.7282585999191,5.280103768647053,27.298060987207375,89.55239850039543,25.329306306289762,81.77899815643448,16.21039962342885
4.92737729099382,0.6324104503001076,0.12288648007593796,0.09529643474717908,0.8111035152253958,0.020605081499871152,0.217808828803388,776.7282585999191,5.280103768647053,27.298060987207375,89.55239850039543,25.329306306289762,81.77899815643448,16.21039962342885
13.814924540620817,0.9102802533632541,1.095258773294175,0.20830597249931682,0.2996778781998316,0.5380997446732823,0.27104804689004536,1585.855510632063,6.063272064433101,72.68531869821231,67.43717826228907,45.90823514872266,86.26272074980939,21.574971974277712
13.81037331194464,0.37024610546092795,4.687586029270427,0.18154148911790227,0.15860046913935005,0.43097788503565876,0.9674009123129046,114.7185380080053,18.00728967165682,45.312753912107674,93.34209663429004,98.24093018689547,43.2064302701525,55.07360845315854
4.92737729099382,0.6324104503001076,0.12288648007593796,0.09529643474717908,0.8111035152253958,0.020605081499871152,0.217808828803388,776.7282585999191,5.280103768647053,27.298060987207375,89.55239850039543,25.329306306289762,81.77899815643448,16.21039962342885
4.92737729099382,0.6324104503001076,0.12288648007593796,0.09529643474717908,0.8111035152253958,0.020605081499871152,0.217808828803388,776.7282585999191,5.280103768647053,27.298060987207375,89.55239850039543,25.329306306289762,81.77899815643448,16.21039962342885
12.766811792603777,0.35063418996718526,0.026817305020944926,0.4875202017002852,0.45393717143710327,0.7382050046722943,0.20789853596167496,527.6617912983279,11.480607871218982,69.37968212371408,90.507029057518,88.1501936070967,67.05814672960432,85.54734727999676
14.577838045895987,0.4594843041869814,0.5531223533800865,0.23058431973684218,0.39525560010992766,0.3825746049791885,0.3233368410328049,561.5039043518932,16.552503447572832,72.54557481315268,62.41606098037696,31.16838081197892,77.11399212723337,76.74741573863558
6.824072845699255,0.21326395729564881,0.06616784629343542,0.31855164564715177,0.4413652852893081,0.5466530316870603,0.9877283883598197,560.5940600824397,7.5842710869659555,44.607991907276755,50.772507307386796,36.05618497897274,20.023327196803503,84.48565844573164
4.92737729099382,0.6324104503001076,0.12288648007593796,0.09529643474717908,0.8111035152253958,0.020605081499871152,0.217808828803388,776.7282585999191,5.280103768647053,27.298060987207375,89.55239850039543,25.329306306289762,81.77899815643448,16.21039962342885
4.92737729099382,0.6324104503001076,0.12288648007593796,0.09529643474717908,0.8111035152253958,0.020605081499871152,0.217808828803388,776.7282585999191,5.280103768647053,27.298060987207375,89.55239850039543,25.329306306289762,81.77899815643448,16.21039962342885
6.004487399131513,1.3196111745938757,0.11362861133269375,0.07842356108604236,0.9576068986360108,0.7067422357182848,0.9079343881412864,1740.2281598829788,1.9006436956731994,26.272631418585103,42.410079844145706,96.56097655492309,16.042217506152866,28.887737336325426
11.172265321590103,1.7821129864265026,1.0119787016768667,0.20068734301110747,0.4204398072779212,0.5713869520363801,0.44337467522661816,4.066208930733768,14.305438473026667,14.889504370209131,0.8258323394618995,51.261284443571455,1.2531363204168855,76.75639271243443
7.367600258503895,1.9301186174208258,0.23576473758975913,0.017155118520314663,0.7337929877591182,0.11737684892171117,0.26920302705101,220.5191218789086,1.0797456425577927,74.0043339951449,60.671801820768664,76.4416011783486,75.5179834972121,95.45986864324972
13.814924540620817,0.9102802533632541,1.095258773294175,0.20830597249931682,0.2996778781998316,0.5380997446732823,0.27104804689004536,1585.855510632063,6.063272064433101,72.68531869821231,67.43717826228907,45.90823514872266,86.26272074980939,21.574971974277712
4.92737729099382,0.6324104503001076,0.12288648007593796,0.09529643474717908,0.8111035152253958,0.020605081499871152,0.217808828803388,776.7282585999191,5.280103768647053,27.298060987207375,89.55239850039543,25.329306306289762,81.77899815643448,16.21039962342885
4.92737729099382,0.6324104503001076,0.12288648007593796,0.09529643474717908,0.8111035152253958,0.020605081499871152,0.217808828803388,776.7282585999191,5.280103768647053,27.298060987207375,89.55239850039543,25.329306306289762,81.77899815643448,16.21039962342885
4.92737729099382,0.6324104503001076,0.12288648007593796,0.09529643474717908,0.8111035152253958,0.020605081499871152,0.217808828803388,776.7282585999191,5.280103768647053,27.298060987207375,89.55239850039543,25.329306306289762,81.77899815643448,16.21039962342885
4.92737729099382,0.6324104503001076,0.12288648007593796,0.09529643474717908,0.8111035152253958,0.020605081499871152,0.217808828803388,776.7282585999191,5.280103768647053,27.298060987207375,89.55239850039543,25.329306306289762,81.77899815643448,16.21039962342885
12.766811792603777,0.35063418996718526,0.026817305020944926,0.4875202017002852,0.45393717143710327,0.7382050046722943,0.20789853596167496,527.6617912983279,11.480607871218982,69.37968212371408,90.507029057518,88.1501936070967,67.05814672960432,85.54734727999676
4.92737729099382,0.6324104503001076,0.12288648007593796,0.09529643474717908,0.8111035152253958,0.020605081499871152,0.217808828803388,776.7282585999191,5.280103768647053,27.298060987207375,89.55239850039543,25.329306306289762,81.77899815643448,16.21039962342885
14.577838045895987,0.4594843041869814,0.5531223533800865,0.23058431973684218,0.39525560010992766,0.3825746049791885,0.3233368410328049,561.5039043518932,16.552503447572832,72.54557481315268,62.41606098037696,31.16838081197892,77.11399212723337,76.74741573863558
6.824072845699255,0.21326395729564881,0.06616784629343542,0.31855164564715177,0.4413652852893081,0.5466530316870603,0.9877283883598197,560.5940600824397,7.5842710869659555,44.607991907276755,50.772507307386796,36.05618497897274,20.023327196803503,84.48565844573164
11.172265321590103,1.7821129864265026,1.0119787016768667,0.20068734301110747,0.4204398072779212,0.5713869520363801,0.44337467522661816,4.066208930733768,14.305438473026667,14.889504370209131,0.8258323394618995,51.261284443571455,1.2531363204168855,76.75639271243443
4.92737729099382,0.6324104503001076,0.12288648007593796,0.09529643474717908,0.8111035152253958,0.020605081499871152,0.217808828803388,776.7282585999191,5.280103768647053,27.298060987207375,89.55239850039543,25.329306306289762,81.77899815643448,16.21039962342885
13.814924540620817,0.9102802533632541,1.095258773294175,0.20830597249931682,0.2996778781998316,0.5380997446732823,0.27104804689004536,1585.855510632063,6.063272064433101,72.68531869821231,67.43717826228907,45.90823514872266,86.26272074980939,21.574971974277712
4.92737729099382,0.6324104503001076,0.12288648007593796,0.09529643474717908,0.8111035152253958,0.020605081499871152,0.217808828803388,776.7282585999191,5.280103768647053,27.298060987207375,89.55239850039543,25.329306306289762,81.77899815643448,16.21039962342885
4.92737729099382,0.6324104503001076,0.12288648007593796,0.09529643474717908,0.8111035152253958,0.020605081499871152,0.217808828803388,776.7282585999191,5.280103768647053,27.298060987207375,89.55239850039543,25.329306306289762,81.77899815643448,16.21039962342885
13.81037331194464,0.37024610546092795,4.687586029270427,0.18154148911790227,0.15860046913935005,0.43097788503565876,0.9674009123129046,114.7185380080053,18.00728967165682,45.312753912107674,93.34209663429004,98.24093018689547,43.2064302701525,55.07360845315854
4.92737729099382,0.6324104503001076,0.12288648007593796,0.09529643474717908,0.8111035152253958,0.020605081499871152,0.217808828803388,776.7282585999191,5.280103768647053,27.298060987207375,89.55239850039543,25.329306306289762,81.77899815643448,16.21039962342885
4.92737729099382,0.6324104503001076,0.12288648007593796,0.09529643474717908,0.8111035152253958,0.020605081499871152,0.217808828803388,776.7282585999191,5.280103768647053,27.298060987207375,89.55239850039543,25.329306306289762,81.77899815643448,16.21039962342885
6.004487399131513,1.3196111745938757,0.11362861133269375,0.07842356108604236,0.9576068986360108,0.7067422357182848,0.9079343881412864,1740.2281598829788,1.9006436956731994,26.272631418585103,42.410079844145706,96.56097655492309,16.042217506152866,28.887737336325426
14.577838045895987,0.4594843041869814,0.5531223533800865,0.23058431973684218,0.39525560010992766,0.3825746049791885,0.3233368410328049,561.5039043518932,16.552503447572832,72.54557481315268,62.41606098037696,31.16838081197892,77.11399212723337,76.74741573863558
7.367600258503895,1.9301186174208258,0.23576473758975913,0.017155118520314663,0.7337929877591182,0.11737684892171117,0.26920302705101,220.5191218789086,1.0797456425577927,74.0043339951449,60.671801820768664,76.4416011783486,75.5179834972121,95.45986864324972
4.92737729099382,0.6324104503001076,0.12288648007593796,0.09529643474717908,0.8111035152253958,0.020605081499871152,0.217808828803388,776.7282585999191,5.280103768647053,27.298060987207375,89.55239850039543,25.329306306289762,81.77899815643448,16.21039962342885
4.92737729099382,0.6324104503001076,0.12288648007593796,0.09529643474717908,0.8111035152253958,0.020605081499871152,0.217808828803388,776.7282585999191,5.280103768647053,27.298060987207375,89.55239850039543,25.329306306289762,81.77899815643448,16.21039962342885
4.92737729099382,0.6324104503001076,0.12288648007593796,0.09529643474717908,0.8111035152253958,0.020605081499871152,0.217808828803388,776.7282585999191,5.280103768647053,27.298060987207375,89.55239850039543,25.329306306289762,81.77899815643448,16.21039962342885
4.92737729099382,0.6324104503001076,0.12288648007593796,0.09529643474717908,0.8111035152253958,0.020605081499871152,0.217808828803388,776.7282585999191,5.280103768647053,27.298060987207375,89.55239850039543,25.329306306289762,81.77899815643448,16.21039962342885
12.766811792603777,0.35063418996718526,0.026817305020944926,0.4875202017002852,0.45393717143710327,0.7382050046722943,0.20789853596167496,527.6617912983279,11.480607871218982,69.37968212371408,90.507029057518,88.1501936070967,67.05814672960432,85.54734727999676
6.004487399131513,1.3196111745938757,0.11362861133269375,0.07842356108604236,0.9576068986360108,0.7067422357182848,0.9079343881412864,1740.2281598829788,1.9006436956731994,26.272631418585103,42.410079844145706,96.56097655492309,16.042217506152866,28.887737336325426
6.824072845699255,0.21326395729564881,0.06616784629343542,0.31855164564715177,0.4413652852893081,0.5466530316870603,0.9877283883598197,560.5940600824397,7.5842710869659555,44.607991907276755,50.772507307386796,36.05618497897274,20.023327196803503,84.48565844573164
4.92737729099382,0.6324104503001076,0.12288648007593796,0.09529643474717908,0.8111035152253958,0.020605081499871152,0.217808828803388,776.7282585999191,5.280103768647053,27.298060987207375,89.55239850039543,25.329306306289762,81.77899815643448,16.21039962342885
11.172265321590103,1.7821129864265026,1.0119787016768667,0.20068734301110747,0.4204398072779212,0.5713869520363801,0.44337467522661816,4.066208930733768,14.305438473026667,14.889504370209131,0.8258323394618995,51.261284443571455,1.2531363204168855,76.75639271243443
4.92737729099382,0.6324104503001076,0.12288648007593796,0.09529643474717908,0.8111035152253958,0.020605081499871152,0.217808828803388,776.7282585999191,5.280103768647053,27.298060987207375,89.55239850039543,25.329306306289762,81.77899815643448,16.21039962342885
4.92737729099382,0.6324104503001076,0.12288648007593796,0.09529643474717908,0.8111035152253958,0.020605081499871152,0.217808828803388,776.7282585999191,5.280103768647053,27.298060987207375,89.55239850039543,25.329306306289762,81.77899815643448,16.21039962342885
4.92737729099382,0.6324104503001076,0.12288648007593796,0.09529643474717908,0.8111035152253958,0.020605081499871152,0.217808828803388,776.7282585999191,5.280103768647053,27.298060987207375,89.55239850039543,25.329306306289762,81.77899815643448,16.21039962342885
4.92737729099382,0.6324104503001076,0.12288648007593796,0.09529643474717908,0.8111035152253958,0.020605081499871152,0.217808828803388,776.7282585999191,5.280103768647053,27.298060987207375,89.55239850039543,25.329306306289762,81.77899815643448,16.21039962342885
13.814924540620817,0.9102802533632541,1.095258773294175,0.20830597249931682,0.2996778781998316,0.5380997446732823,0.27104804689004536,1585.855510632063,6.063272064433101,72.68531869821231,67.43717826228907,45.90823514872266,86.26272074980939,21.574971974277712
13.81037331194464,0.37024610546092795,4.687586029270427,0.18154148911790227,0.15860046913935005,0.43097788503565876,0.9674009123129046,114.7185380080053,18.00728967165682,45.312753912107674,93.34209663429004,98.24093018689547,43.2064302701525,55.07360845315854
4.92737729099382,0.6324104503001076,0.12288648007593796,0.09529643474717908,0.8111035152253958,0.020605081499871152,0.217808828803388,776.7282585999191,5.280103768647053,27.298060987207375,89.55239850039543,25.329306306289762,81.77899815643448,16.21039962342885
14.577838045895987,0.4594843041869814,0.5531223533800865,0.23058431973684218,0.39525560010992766,0.3825746049791885,0.3233368410328049,561.5039043518932,16.552503447572832,72.54557481315268,62.41606098037696,31.16838081197892,77.11399212723337,76.74741573863558
6.824072845699255,0.21326395729564881,0.06616784629343542,0.31855164564715177,0.4413652852893081,0.5466530316870603,0.9877283883598197,560.5940600824397,7.5842710869659555,44.607991907276755,50.772507307386796,36.05618497897274,20.023327196803503,84.48565844573164
7.367600258503895,1.9301186174208258,0.23576473758975913,0.017155118520314663,0.7337929877591182,0.11737684892171117,0.26920302705101,220.5191218789086,1.0797456425577927,74.0043339951449,60.671801820768664,76.4416011783486,75.5179834972121,95.45986864324972
4.92737729099382,0.6324104503001076,0.12288648007593796,0.09529643474717908,0.8111035152253958,0.020605081499871152,0.217808828803388,776.7282585999191,5.280103768647053,27.298060987207375,89.55239850039543,25.329306306289762,81.77899815643448,16.21039962342885
4.92737729099382,0.6324104503001076,0.12288648007593796,0.09529643474717908,0.8111035152253958,0.020605081499871152,0.217808828803388,776.7282585999191,5.280103768647053,27.298060987207375,89.55239850039543,25.329306306289762,81.77899815643448,16.21039962342885
6.004487399131513,1.3196111745938757,0.11362861133269375,0.07842356108604236,0.9576068986360108,0.7067422357182848,0.9079343881412864,1740.2281598829788,1.9006436956731994,26.272631418585103,42.410079844145706,96.56097655492309,16.042217506152866,28.887737336325426
4.92737729099382,0.6324104503001076,0.12288648007593796,0.09529643474717908,0.8111035152253958,0.020605081499871152,0.217808828803388,776.7282585999191,5.280103768647053,27.298060987207375,89.55239850039543,25.329306306289762,81.77899815643448,16.21039962342885
12.766811792603777,0.35063418996718526,0.026817305020944926,0.4875202017002852,0.45393717143710327,0.7382050046722943,0.20789853596167496,527.6617912983279,11.480607871218982,69.37968212371408,90.507029057518,88.1501936070967,67.05814672960432,85.54734727999676
4.92737729099382,0.6324104503001076,0.12288648007593796,0.09529643474717908,0.8111035152253958,0.020605081499871152,0.217808828803388,776.7282585999191,5.280103768647053,27.298060987207375,89.55239850039543,25.329306306289762,81.77899815643448,16.21039962342885
4.92737729099382,0.6324104503001076,0.12288648007593796,0.09529643474717908,0.8111035152253958,0.020605081499871152,0.217808828803388,776.7282585999191,5.280103768647053,27.298060987207375,89.55239850039543,25.329306306289762,81.77899815643448,16.21039962342885
14.577838045895987,0.4594843041869814,0.5531223533800865,0.23058431973684218,0.39525560010992766,0.3825746049791885,0.3233368410328049,561.5039043518932,16.552503447572832,72.54557481315268,62.41606098037696,31.16838081197892,77.11399212723337,76.74741573863558
4.92737729099382,0.6324104503001076,0.12288648007593796,0.09529643474717908,0.8111035152253958,0.020605081499871152,0.217808828803388,776.7282585999191,5.280103768647053,27.298060987207375,89.55239850039543,25.329306306289762,81.77899815643448,16.21039962342885
11.172265321590103,1.7821129864265026,1.0119787016768667,0.20068734301110747,0.4204398072779212,0.5713869520363801,0.44337467522661816,4.066208930733768,14.305438473026667,14.889504370209131,0.8258323394618995,51.261284443571455,1.2531363204168855,76.75639271243443
4.92737729099382,0.6324104503001076,0.12288648007593796,0.09529643474717908,0.8111035152253958,0.020605081499871152,0.217808828803388,776.7282585999191,5.280103768647053,27.298060987207375,89.55239850039543,25.329306306289762,81.77899815643448,16.21039962342885
4.92737729099382,0.6324104503001076,0.12288648007593796,0.09529643474717908,0.8111035152253958,0.020605081499871152,0.217808828803388,776.7282585999191,5.280103768647053,27.298060987207375,89.55239850039543,25.329306306289762,81.77899815643448,16.21039962342885
13.81037331194464,0.37024610546092795,4.687586029270427,0.18154148911790227,0.15860046913935005,0.43097788503565876,0.9674009123129046,114.7185380080053,18.00728967165682,45.312753912107674,93.34209663429004,98.24093018689547,43.2064302701525,55.07360845315854
13.814924540620817,0.9102802533632541,1.095258773294175,0.20830597249931682,0.2996778781998316,0.5380997446732823,0.27104804689004536,1585.855510632063,6.063272064433101,72.68531869821231,67.43717826228907,45.90823514872266,86.26272074980939,21.574971974277712
6.824072845699255,0.21326395729564881,0.06616784629343542,0.31855164564715177,0.4413652852893081,0.5466530316870603,0.9877283883598197,560.5940600824397,7.5842710869659555,44.607991907276755,50.772507307386796,36.05618497897274,20.023327196803503,84.48565844573164
7.367600258503895,1.9301186174208258,0.23576473758975913,0.017155118520314663,0.7337929877591182,0.11737684892171117,0.26920302705101,220.5191218789086,1.0797456425577927,74.0043339951449,60.671801820768664,76.4416011783486,75.5179834972121,95.45986864324972
14.577838045895987,0.4594843041869814,0.5531223533800865,0.23058431973684218,0.39525560010992766,0.3825746049791885,0.3233368410328049,561.5039043518932,16.552503447572832,72.54557481315268,62.41606098037696,31.16838081197892,77.11399212723337,76.74741573863558
4.92737729099382,0.6324104503001076,0.12288648007593796,0.09529643474717908,0.8111035152253958,0.020605081499871152,0.217808828803388,776.7282585999191,5.280103768647053,27.298060987207375,89.55239850039543,25.329306306289762,81.77899815643448,16.21039962342885
6.004487399131513,1.3196111745938757,0.11362861133269375,0.07842356108604236,0.9576068986360108,0.7067422357182848,0.9079343881412864,1740.2281598829788,1.9006436956731994,26.272631418585103,42.410079844145706,96.56097655492309,16.042217506152866,28.887737336325426
4.92737729099382,0.6324104503001076,0.12288648007593796,0.09529643474717908,0.8111035152253958,0.020605081499871152,0.217808828803388,776.7282585999191,5.280103768647053,27.298060987207375,89.55239850039543,25.329306306289762,81.77899815643448,16.21039962342885
4.92737729099382,0.6324104503001076,0.12288648007593796,0.09529643474717908,0.8111035152253958,0.020605081499871152,0.217808828803388,776.7282585999191,5.280103768647053,27.298060987207375,89.55239850039543,25.329306306289762,81.77899815643448,16.21039962342885
4.92737729099382,0.6324104503001076,0.12288648007593796,0.09529643474717908,0.8111035152253958,0.020605081499871152,0.217808828803388,776.7282585999191,5.280103768647053,27.298060987207375,89.55239850039543,25.329306306289762,81.77899815643448,16.21039962342885
12.766811792603777,0.35063418996718526,0.026817305020944926,0.4875202017002852,0.45393717143710327,0.7382050046722943,0.20789853596167496,527.6617912983279,11.480607871218982,69.37968212371408,90.507029057518,88.1501936070967,67.05814672960432,85.54734727999676
4.92737729099382,0.6324104503001076,0.12288648007593796,0.09529643474717908,0.8111035152253958,0.020605081499871152,0.217808828803388,776.7282585999191,5.280103768647053,27.298060987207375,89.55239850039543,25.329306306289762,81.77899815643448,16.21039962342885
4.92737729099382,0.6324104503001076,0.12288648007593796,0.09529643474717908,0.8111035152253958,0.020605081499871152,0.217808828803388,776.7282585999191,5.280103768647053,27.298060987207375,89.55239850039543,25.329306306289762,81.77899815643448,16.21039962342885
13.81037331194464,0.37024610546092795,4.687586029270427,0.18154148911790227,0.15860046913935005,0.43097788503565876,0.9674009123129046,114.7185380080053,18.00728967165682,45.312753912107674,93.34209663429004,98.24093018689547,43.2064302701525,55.07360845315854
13.814924540620817,0.9102802533632541,1.095258773294175,0.20830597249931682,0.2996778781998316,0.5380997446732823,0.27104804689004536,1585.855510632063,6.063272064433101,72.68531869821231,67.43717826228907,45.90823514872266,86.26272074980939,21.574971974277712
4.92737729099382,0.6324104503001076,0.12288648007593796,0.09529643474717908,0.8111035152253958,0.020605081499871152,0.217808828803388,776.7282585999191,5.280103768647053,27.298060987207375,89.55239850039543,25.329306306289762,81.77899815643448,16.21039962342885
14.577838045895987,0.4594843041869814,0.5531223533800865,0.23058431973684218,0.39525560010992766,0.3825746049791885,0.3233368410328049,561.5039043518932,16.552503447572832,72.54557481315268,62.41606098037696,31.16838081197892,77.11399212723337,76.74741573863558
4.92737729099382,0.6324104503001076,0.12288648007593796,0.09529643474717908,0.8111035152253958,0.020605081499871152,0.217808828803388,776.7282585999191,5.280103768647053,27.298060987207375,89.55239850039543,25.329306306289762,81.77899815643448,16.21039962342885
11.172265321590103,1.7821129864265026,1.0119787016768667,0.20068734301110747,0.4204398072779212,0.5713869520363801,0.44337467522661816,4.066208930733768,14.305438473026667,14.889504370209131,0.8258323394618995,51.261284443571455,1.2531363204168855,76.75639271243443
4.92737729099382,0.6324104503001076,0.12288648007593796,0.09529643474717908,0.8111035152253958,0.020605081499871152,0.217808828803388,776.7282585999191,5.280103768647053,27.298060987207375,89.55239850039543,25.329306306289762,81.77899815643448,16.21039962342885
4.92737729099382,0.6324104503001076,0.12288648007593796,0.09529643474717908,0.8111035152253958,0.020605081499871152,0.217808828803388,776.7282585999191,5.280103768647053,27.298060987207375,89.55239850039543,25.329306306289762,81.77899815643448,16.21039962342885
7.367600258503895,1.9301186174208258,0.23576473758975913,0.017155118520314663,0.7337929877591182,0.11737684892171117,0.26920302705101,220.5191218789086,1.0797456425577927,74.0043339951449,60.671801820768664,76.4416011783486,75.5179834972121,95.45986864324972
12.469670033621252,1.889638436454706,2.0131143856280276,0.14999459867951015,0.25680923677002054,0.21808601335057132,0.9947441441663808,185.69392027175138,8.733883058829296,92.08542288325114,30.20618018542379,29.671109624968988,74.06160657029574,10.573125309591912
6.004487399131513,1.3196111745938757,0.11362861133269375,0.07842356108604236,0.9576068986360108,0.7067422357182848,0.9079343881412864,1740.2281598829788,1.9006436956731994,26.272631418585103,42.410079844145706,96.56097655492309,16.042217506152866,28.887737336325426
6.824072845699255,0.21326395729564881,0.06616784629343542,0.31855164564715177,0.4413652852893081,0.5466530316870603,0.9877283883598197,560.5940600824397,7.5842710869659555,44.607991907276755,50.772507307386796,36.05618497897274,20.023327196803503,84.48565844573164
4.92737729099382,0.6324104503001076,0.12288648007593796,0.09529643474717908,0.8111035152253958,0.020605081499871152,0.217808828803388,776.7282585999191,5.280103768647053,27.298060987207375,89.55239850039543,25.329306306289762,81.77899815643448,16.21039962342885
4.92737729099382,0.6324104503001076,0.12288648007593796,0.09529643474717908,0.8111035152253958,0.020605081499871152,0.217808828803388,776.7282585999191,5.280103768647053,27.298060987207375,89.55239850039543,25.329306306289762,81.77899815643448,16.21039962342885
4.92737729099382,0.6324104503001076,0.12288648007593796,0.09529643474717908,0.8111035152253958,0.020605081499871152,0.217808828803388,776.7282585999191,5.280103768647053,27.298060987207375,89.55239850039543,25.329306306289762,81.77899815643448,16.21039962342885
12.766811792603777,0.35063418996718526,0.026817305020944926,0.4875202017002852,0.45393717143710327,0.7382050046722943,0.20789853596167496,527.6617912983279,11.480607871218982,69.37968212371408,90.507029057518,88.1501936070967,67.05814672960432,85.54734727999676
4.92737729099382,0.6324104503001076,0.12288648007593796,0.09529643474717908,0.8111035152253958,0.020605081499871152,0.217808828803388,776.7282585999191,5.280103768647053,27.298060987207375,89.55239850039543,25.329306306289762,81.77899815643448,16.21039962342885
4.92737729099382,0.6324104503001076,0.12288648007593796,0.09529643474717908,0.8111035152253958,0.020605081499871152,0.217808828803388,776.7282585999191,5.280103768647053,27.298060987207375,89.55239850039543,25.329306306289762,81.77899815643448,16.21039962342885
6.004487399131513,1.3196111745938757,0.11362861133269375,0.07842356108604236,0.9576068986360108,0.7067422357182848,0.9079343881412864,1740.2281598829788,1.9006436956731994,26.272631418585103,42.410079844145706,96.56097655492309,16.042217506152866,28.887737336325426
4.92737729099382,0.6324104503001076,0.12288648007593796,0.09529643474717908,0.8111035152253958,0.020605081499871152,0.217808828803388,776.7282585999191,5.280103768647053,27.298060987207375,89.55239850039543,25.329306306289762,81.77899815643448,16.21039962342885
13.814924540620817,0.9102802533632541,1.095258773294175,0.20830597249931682,0.2996778781998316,0.5380997446732823,0.27104804689004536,1585.855510632063,6.063272064433101,72.68531869821231,67.43717826228907,45.90823514872266,86.26272074980939,21.574971974277712
4.92737729099382,0.6324104503001076,0.12288648007593796,0.09529643474717908,0.8111035152253958,0.020605081499871152,0.217808828803388,776.7282585999191,5.280103768647053,27.298060987207375,89.55239850039543,25.329306306289762,81.77899815643448,16.21039962342885
14.577838045895987,0.4594843041869814,0.5531223533800865,0.23058431973684218,0.39525560010992766,0.3825746049791885,0.3233368410328049,561.5039043518932,16.552503447572832,72.54557481315268,62.41606098037696,31.16838081197892,77.11399212723337,76.74741573863558
4.92737729099382,0.6324104503001076,0.12288648007593796,0.09529643474717908,0.8111035152253958,0.020605081499871152,0.217808828803388,776.7282585999191,5.280103768647053,27.298060987207375,89.55239850039543,25.329306306289762,81.77899815643448,16.21039962342885
11.172265321590103,1.7821129864265026,1.0119787016768667,0.20068734301110747,0.4204398072779212,0.5713869520363801,0.44337467522661816,4.066208930733768,14.305438473026667,14.889504370209131,0.8258323394618995,51.261284443571455,1.2531363204168855,76.75639271243443
4.92737729099382,0.6324104503001076,0.12288648007593796,0.09529643474717908,0.8111035152253958,0.020605081499871152,0.217808828803388,776.7282585999191,5.280103768647053,27.298060987207375,89.55239850039543,25.329306306289762,81.77899815643448,16.21039962342885
7.367600258503895,1.9301186174208258,0.23576473758975913,0.017155118520314663,0.7337929877591182,0.11737684892171117,0.26920302705101,220.5191218789086,1.0797456425577927,74.0043339951449,60.671801820768664,76.4416011783486,75.5179834972121,95.45986864324972
6.004487399131513,1.3196111745938757,0.11362861133269375,0.07842356108604236,0.9576068986360108,0.7067422357182848,0.9079343881412864,1740.2281598829788,1.9006436956731994,26.272631418585103,42.410079844145706,96.56097655492309,16.042217506152866,28.887737336325426
12.469670033621252,1.889638436454706,2.0131143856280276,0.14999459867951015,0.25680923677002054,0.21808601335057132,0.9947441441663808,185.69392027175138,8.733883058829296,92.08542288325114,30.20618018542379,29.671109624968988,74.06160657029574,10.573125309591912
4.92737729099382,0.6324104503001076,0.12288648007593796,0.09529643474717908,0.8111035152253958,0.020605081499871152,0.217808828803388,776.7282585999191,5.280103768647053,27.298060987207375,89.55239850039543,25.329306306289762,81.77899815643448,16.21039962342885
13.814924540620817,0.9102802533632541,1.095258773294175,0.20830597249931682,0.2996778781998316,0.5380997446732823,0.27104804689004536,1585.855510632063,6.063272064433101,72.68531869821231,67.43717826228907,45.90823514872266,86.26272074980939,21.574971974277712
6.824072845699255,0.21326395729564881,0.06616784629343542,0.31855164564715177,0.4413652852893081,0.5466530316870603,0.9877283883598197,560.5940600824397,7.5842710869659555,44.607991907276755,50.772507307386796,36.05618497897274,20.023327196803503,84.48565844573164
12.766811792603777,0.35063418996718526,0.026817305020944926,0.4875202017002852,0.45393717143710327,0.7382050046722943,0.20789853596167496,527.6617912983279,11.480607871218982,69.37968212371408,90.507029057518,88.1501936070967,67.05814672960432,85.54734727999676
4.92737729099382,0.6324104503001076,0.12288648007593796,0.09529643474717908,0.8111035152253958,0.020605081499871152,0.217808828803388,776.7282585999191,5.280103768647053,27.298060987207375,89.55239850039543,25.329306306289762,81.77899815643448,16.21039962342885
14.577838045895987,0.4594843041869814,0.5531223533800865,0.23058431973684218,0.39525560010992766,0.3825746049791885,0.3233368410328049,561.5039043518932,16.552503447572832,72.54557481315268,62.41606098037696,31.16838081197892,77.11399212723337,76.74741573863558
4.92737729099382,0.6324104503001076,0.12288648007593796,0.09529643474717908,0.8111035152253958,0.020605081499871152,0.217808828803388,776.7282585999191,5.280103768647053,27.298060987207375,89.55239850039543,25.329306306289762,81.77899815643448,16.21039962342885
4.92737729099382,0.6324104503001076,0.12288648007593796,0.09529643474717908,0.8111035152253958,0.020605081499871152,0.217808828803388,776.7282585999191,5.280103768647053,27.298060987207375,89.55239850039543,25.329306306289762,81.77899815643448,16.21039962342885
4.92737729099382,0.6324104503001076,0.12288648007593796,0.09529643474717908,0.8111035152253958,0.020605081499871152,0.217808828803388,776.7282585999191,5.280103768647053,27.298060987207375,89.55239850039543,25.329306306289762,81.77899815643448,16.21039962342885
4.92737729099382,0.6324104503001076,0.12288648007593796,0.09529643474717908,0.8111035152253958,0.020605081499871152,0.217808828803388,776.7282585999191,5.280103768647053,27.298060987207375,89.55239850039543,25.329306306289762,81.77899815643448,16.21039962342885
6.824072845699255,0.21326395729564881,0.06616784629343542,0.31855164564715177,0.4413652852893081,0.5466530316870603,0.9877283883598197,560.5940600824397,7.5842710869659555,44.607991907276755,50.772507307386796,36.05618497897274,20.023327196803503,84.48565844573164
13.814924540620817,0.9102802533632541,1.095258773294175,0.20830597249931682,0.2996778781998316,0.5380997446732823,0.27104804689004536,1585.855510632063,6.063272064433101,72.68531869821231,67.43717826228907,45.90823514872266,86.26272074980939,21.574971974277712
4.92737729099382,0.6324104503001076,0.12288648007593796,0.09529643474717908,0.8111035152253958,0.020605081499871152,0.217808828803388,776.7282585999191,5.280103768647053,27.298060987207375,89.55239850039543,25.329306306289762,81.77899815643448,16.21039962342885
4.92737729099382,0.6324104503001076,0.12288648007593796,0.09529643474717908,0.8111035152253958,0.020605081499871152,0.217808828803388,776.7282585999191,5.280103768647053,27.298060987207375,89.55239850039543,25.329306306289762,81.77899815643448,16.21039962342885
4.92737729099382,0.6324104503001076,0.12288648007593796,0.09529643474717908,0.8111035152253958,0.020605081499871152,0.217808828803388,776.7282585999191,5.280103768647053,27.298060987207375,89.55239850039543,25.329306306289762,81.77899815643448,16.21039962342885
6.004487399131513,1.3196111745938757,0.11362861133269375,0.07842356108604236,0.9576068986360108,0.7067422357182848,0.9079343881412864,1740.2281598829788,1.9006436956731994,26.272631418585103,42.410079844145706,96.56097655492309,16.042217506152866,28.887737336325426
11.172265321590103,1.7821129864265026,1.0119787016768667,0.20068734301110747,0.4204398072779212,0.5713869520363801,0.44337467522661816,4.066208930733768,14.305438473026667,14.889504370209131,0.8258323394618995,51.261284443571455,1.2531363204168855,76.75639271243443
7.367600258503895,1.9301186174208258,0.23576473758975913,0.017155118520314663,0.7337929877591182,0.11737684892171117,0.26920302705101,220.5191218789086,1.0797456425577927,74.0043339951449,60.671801820768664,76.4416011783486,75.5179834972121,95.45986864324972
4.92737729099382,0.6324104503001076,0.12288648007593796,0.09529643474717908,0.8111035152253958,0.020605081499871152,0.217808828803388,776.7282585999191,5.280103768647053,27.298060987207375,89.55239850039543,25.329306306289762,81.77899815643448,16.21039962342885
12.469670033621252,1.889638436454706,2.0131143856280276,0.14999459867951015,0.25680923677002054,0.21808601335057132,0.9947441441663808,185.69392027175138,8.733883058829296,92.08542288325114,30.20618018542379,29.671109624968988,74.06160657029574,10.573125309591912
4.92737729099382,0.6324104503001076,0.12288648007593796,0.09529643474717908,0.8111035152253958,0.020605081499871152,0.217808828803388,776.7282585999191,5.280103768647053,27.298060987207375,89.55239850039543,25.329306306289762,81.77899815643448,16.21039962342885
12.766811792603777,0.35063418996718526,0.026817305020944926,0.4875202017002852,0.45393717143710327,0.7382050046722943,0.20789853596167496,527.6617912983279,11.480607871218982,69.37968212371408,90.507029057518,88.1501936070967,67.05814672960432,85.54734727999676
14.577838045895987,0.4594843041869814,0.5531223533800865,0.23058431973684218,0.39525560010992766,0.3825746049791885,0.3233368410328049,561.5039043518932,16.552503447572832,72.54557481315268,62.41606098037696,31.16838081197892,77.11399212723337,76.74741573863558
4.92737729099382,0.6324104503001076,0.12288648007593796,0.09529643474717908,0.8111035152253958,0.020605081499871152,0.217808828803388,776.7282585999191,5.280103768647053,27.298060987207375,89.55239850039543,25.329306306289762,81.77899815643448,16.21039962342885
6.004487399131513,1.3196111745938757,0.11362861133269375,0.07842356108604236,0.9576068986360108,0.7067422357182848,0.9079343881412864,1740.2281598829788,1.9006436956731994,26.272631418585103,42.410079844145706,96.56097655492309,16.042217506152866,28.887737336325426
4.92737729099382,0.6324104503001076,0.12288648007593796,0.09529643474717908,0.8111035152253958,0.020605081499871152,0.217808828803388,776.7282585999191,5.280103768647053,27.298060987207375,89.55239850039543,25.329306306289762,81.77899815643448,16.21039962342885
4.92737729099382,0.6324104503001076,0.12288648007593796,0.09529643474717908,0.8111035152253958,0.020605081499871152,0.217808828803388,776.7282585999191,5.280103768647053,27.298060987207375,89.55239850039543,25.329306306289762,81.77899815643448,16.21039962342885
11.172265321590103,1.7821129864265026,1.0119787016768667,0.20068734301110747,0.4204398072779212,0.5713869520363801,0.44337467522661816,4.066208930733768,14.305438473026667,14.889504370209131,0.8258323394618995,51.261284443571455,1.2531363204168855,76.75639271243443
4.92737729099382,0.6324104503001076,0.12288648007593796,0.09529643474717908,0.8111035152253958,0.020605081499871152,0.217808828803388,776.7282585999191,5.280103768647053,27.298060987207375,89.55239850039543,25.329306306289762,81.77899815643448,16.21039962342885
4.92737729099382,0.6324104503001076,0.12288648007593796,0.09529643474717908,0.8111035152253958,0.020605081499871152,0.217808828803388,776.7282585999191,5.280103768647053,27.298060987207375,89.55239850039543,25.329306306289762,81.77899815643448,16.21039962342885
6.824072845699255,0.21326395729564881,0.06616784629343542,0.31855164564715177,0.4413652852893081,0.5466530316870603,0.9877283883598197,560.5940600824397,7.5842710869659555,44.607991907276755,50.772507307386796,36.05618497897274,20.023327196803503,84.48565844573164
4.92737729099382,0.6324104503001076,0.12288648007593796,0.09529643474717908,0.8111035152253958,0.020605081499871152,0.217808828803388,776.7282585999191,5.280103768647053,27.298060987207375,89.55239850039543,25.329306306289762,81.77899815643448,16.21039962342885
13.814924540620817,0.9102802533632541,1.095258773294175,0.20830597249931682,0.2996778781998316,0.5380997446732823,0.27104804689004536,1585.855510632063,6.063272064433101,72.68531869821231,67.43717826228907,45.90823514872266,86.26272074980939,21.574971974277712
4.92737729099382,0.6324104503001076,0.12288648007593796,0.09529643474717908,0.8111035152253958,0.020605081499871152,0.217808828803388,776.7282585999191,5.280103768647053,27.298060987207375,89.55239850039543,25.329306306289762,81.77899815643448,16.21039962342885
4.92737729099382,0.6324104503001076,0.12288648007593796,0.09529643474717908,0.8111035152253958,0.020605081499871152,0.217808828803388,776.7282585999191,5.280103768647053,27.298060987207375,89.55239850039543,25.329306306289762,81.77899815643448,16.21039962342885
7.367600258503895,1.9301186174208258,0.23576473758975913,0.017155118520314663,0.7337929877591182,0.11737684892171117,0.26920302705101,220.5191218789086,1.0797456425577927,74.0043339951449,60.671801820768664,76.4416011783486,75.5179834972121,95.45986864324972
11.172265321590103,1.7821129864265026,1.0119787016768667,0.20068734301110747,0.4204398072779212,0.5713869520363801,0.44337467522661816,4.066208930733768,14.305438473026667,14.889504370209131,0.8258323394618995,51.261284443571455,1.2531363204168855,76.75639271243443
4.92737729099382,0.6324104503001076,0.12288648007593796,0.09529643474717908,0.8111035152253958,0.020605081499871152,0.217808828803388,776.7282585999191,5.280103768647053,27.298060987207375,89.55239850039543,25.329306306289762,81.77899815643448,16.21039962342885
4.92737729099382,0.6324104503001076,0.12288648007593796,0.09529643474717908,0.8111035152253958,0.020605081499871152,0.217808828803388,776.7282585999191,5.280103768647053,27.298060987207375,89.55239850039543,25.329306306289762,81.77899815643448,16.21039962342885
11.955627150138794,0.21437007564349125,1.740661005363655,0.05539635917546318,0.7255585419294563,0.39002016005310725,0.3611346988552321,988.753805032351,3.2082000925718557,60.01372207339718,17.958752661598144,46.34012889659222,65.70648229995298,37.95093181197288
12.766811792603777,0.35063418996718526,0.026817305020944926,0.4875202017002852,0.45393717143710327,0.7382050046722943,0.20789853596167496,527.6617912983279,11.480607871218982,69.37968212371408,90.507029057518,88.1501936070967,67.05814672960432,85.54734727999676
6.004487399131513,1.3196111745938757,0.11362861133269375,0.07842356108604236,0.9576068986360108,0.7067422357182848,0.9079343881412864,1740.2281598829788,1.9006436956731994,26.272631418585103,42.410079844145706,96.56097655492309,16.042217506152866,28.887737336325426
14.577838045895987,0.4594843041869814,0.5531223533800865,0.23058431973684218,0.39525560010992766,0.3825746049791885,0.3233368410328049,561.5039043518932,16.552503447572832,72.54557481315268,62.41606098037696,31.16838081197892,77.11399212723337,76.74741573863558
4.92737729099382,0.6324104503001076,0.12288648007593796,0.09529643474717908,0.8111035152253958,0.020605081499871152,0.217808828803388,776.7282585999191,5.280103768647053,27.298060987207375,89.55239850039543,25.329306306289762,81.77899815643448,16.21039962342885
4.92737729099382,0.6324104503001076,0.12288648007593796,0.09529643474717908,0.8111035152253958,0.020605081499871152,0.217808828803388,776.7282585999191,5.280103768647053,27.298060987207375,89.55239850039543,25.329306306289762,81.77899815643448,16.21039962342885
4.92737729099382,0.6324104503001076,0.12288648007593796,0.09529643474717908,0.8111035152253958,0.020605081499871152,0.217808828803388,776.7282585999191,5.280103768647053,27.298060987207375,89.55239850039543,25.329306306289762,81.77899815643448,16.21039962342885
6.824072845699255,0.21326395729564881,0.06616784629343542,0.31855164564715177,0.4413652852893081,0.5466530316870603,0.9877283883598197,560.5940600824397,7.5842710869659555,44.607991907276755,50.772507307386796,36.05618497897274,20.023327196803503,84.48565844573164
4.92737729099382,0.6324104503001076,0.12288648007593796,0.09529643474717908,0.8111035152253958,0.020605081499871152,0.217808828803388,776.7282585999191,5.280103768647053,27.298060987207375,89.55239850039543,25.329306306289762,81.77899815643448,16.21039962342885
4.92737729099382,0.6324104503001076,0.12288648007593796,0.09529643474717908,0.8111035152253958,0.020605081499871152,0.217808828803388,776.7282585999191,5.280103768647053,27.298060987207375,89.55239850039543,25.329306306289762,81.77899815643448,16.21039962342885
4.92737729099382,0.6324104503001076,0.12288648007593796,0.09529643474717908,0.8111035152253958,0.020605081499871152,0.217808828803388,776.7282585999191,5.280103768647053,27.298060987207375,89.55239850039543,25.329306306289762,81.77899815643448,16.21039962342885
12.766811792603777,0.35063418996718526,0.026817305020944926,0.4875202017002852,0.45393717143710327,0.7382050046722943,0.20789853596167496,527.6617912983279,11.480607871218982,69.37968212371408,90.507029057518,88.1501936070967,67.05814672960432,85.54734727999676
4.92737729099382,0.6324104503001076,0.12288648007593796,0.09529643474717908,0.8111035152253958,0.020605081499871152,0.217808828803388,776.7282585999191,5.280103768647053,27.298060987207375,89.55239850039543,25.329306306289762,81.77899815643448,16.21039962342885
13.814924540620817,0.9102802533632541,1.095258773294175,0.20830597249931682,0.2996778781998316,0.5380997446732823,0.27104804689004536,1585.855510632063,6.063272064433101,72.68531869821231,67.43717826228907,45.90823514872266,86.26272074980939,21.574971974277712
4.92737729099382,0.6324104503001076,0.12288648007593796,0.09529643474717908,0.8111035152253958,0.020605081499871152,0.217808828803388,776.7282585999191,5.280103768647053,27.298060987207375,89.55239850039543,25.329306306289762,81.77899815643448,16.21039962342885
4.92737729099382,0.6324104503001076,0.12288648007593796,0.09529643474717908,0.8111035152253958,0.020605081499871152,0.217808828803388,776.7282585999191,5.280103768647053,27.298060987207375,89.55239850039543,25.329306306289762,81.77899815643448,16.21039962342885
7.367600258503895,1.9301186174208258,0.23576473758975913,0.017155118520314663,0.7337929877591182,0.11737684892171117,0.26920302705101,220.5191218789086,1.0797456425577927,74.0043339951449,60.671801820768664,76.4416011783486,75.5179834972121,95.45986864324972
11.172265321590103,1.7821129864265026,1.0119787016768667,0.20068734301110747,0.4204398072779212,0.5713869520363801,0.44337467522661816,4.066208930733768,14.305438473026667,14.889504370209131,0.8258323394618995,51.261284443571455,1.2531363204168855,76.75639271243443
4.92737729099382,0.6324104503001076,0.12288648007593796,0.09529643474717908,0.8111035152253958,0.020605081499871152,0.217808828803388,776.7282585999191,5.280103768647053,27.298060987207375,89.55239850039543,25.329306306289762,81.77899815643448,16.21039962342885
6.824072845699255,0.21326395729564881,0.06616784629343542,0.31855164564715177,0.4413652852893081,0.5466530316870603,0.9877283883598197,560.5940600824397,7.5842710869659555,44.607991907276755,50.772507307386796,36.05618497897274,20.023327196803503,84.48565844573164
4.92737729099382,0.6324104503001076,0.12288648007593796,0.09529643474717908,0.8111035152253958,0.020605081499871152,0.217808828803388,776.7282585999191,5.280103768647053,27.298060987207375,89.55239850039543,25.329306306289762,81.77899815643448,16.21039962342885
6.004487399131513,1.3196111745938757,0.11362861133269375,0.07842356108604236,0.9576068986360108,0.7067422357182848,0.9079343881412864,1740.2281598829788,1.9006436956731994,26.272631418585103,42.410079844145706,96.56097655492309,16.042217506152866,28.887737336325426
11.955627150138794,0.21437007564349125,1.740661005363655,0.05539635917546318,0.7255585419294563,0.39002016005310725,0.3611346988552321,988.753805032351,3.2082000925718557,60.01372207339718,17.958752661598144,46.34012889659222,65.70648229995298,37.95093181197288
4.92737729099382,0.6324104503001076,0.12288648007593796,0.09529643474717908,0.8111035152253958,0.020605081499871152,0.217808828803388,776.7282585999191,5.280103768647053,27.298060987207375,89.55239850039543,25.329306306289762,81.77899815643448,16.21039962342885
10.668284280670816,0.2766156198609538,0.5547125066148356,0.08245948817532267,0.7808339172542015,0.08449748958633552,0.5658650616852752,858.9472375637373,8.210364979619193,24.931168747847924,53.374462136627365,28.141687604068018,62.70771261262828,96.80312749949768
4.92737729099382,0.6324104503001076,0.12288648007593796,0.09529643474717908,0.8111035152253958,0.020605081499871152,0.217808828803388,776.7282585999191,5.280103768647053,27.298060987207375,89.55239850039543,25.329306306289762,81.77899815643448,16.21039962342885
4.92737729099382,0.6324104503001076,0.12288648007593796,0.09529643474717908,0.8111035152253958,0.020605081499871152,0.217808828803388,776.7282585999191,5.280103768647053,27.298060987207375,89.55239850039543,25.329306306289762,81.77899815643448,16.21039962342885
4.92737729099382,0.6324104503001076,0.12288648007593796,0.09529643474717908,0.8111035152253958,0.020605081499871152,0.217808828803388,776.7282585999191,5.280103768647053,27.298060987207375,89.55239850039543,25.329306306289762,81.77899815643448,16.21039962342885
11.172265321590103,1.7821129864265026,1.0119787016768667,0.20068734301110747,0.4204398072779212,0.5713869520363801,0.44337467522661816,4.066208930733768,14.305438473026667,14.889504370209131,0.8258323394618995,51.261284443571455,1.2531363204168855,76.75639271243443
4.92737729099382,0.6324104503001076,0.12288648007593796,0.09529643474717908,0.8111035152253958,0.020605081499871152,0.217808828803388,776.7282585999191,5.280103768647053,27.298060987207375,89.55239850039543,25.329306306289762,81.77899815643448,16.21039962342885
12.766811792603777,0.35063418996718526,0.026817305020944926,0.4875202017002852,0.45393717143710327,0.7382050046722943,0.20789853596167496,527.6617912983279,11.480607871218982,69.37968212371408,90.507029057518,88.1501936070967,67.05814672960432,85.54734727999676
4.92737729099382,0.6324104503001076,0.12288648007593796,0.09529643474717908,0.8111035152253958,0.020605081499871152,0.217808828803388,776.7282585999191,5.280103768647053,27.298060987207375,89.55239850039543,25.329306306289762,81.77899815643448,16.21039962342885
13.814924540620817,0.9102802533632541,1.095258773294175,0.20830597249931682,0.2996778781998316,0.5380997446732823,0.27104804689004536,1585.855510632063,6.063272064433101,72.68531869821231,67.43717826228907,45.90823514872266,86.26272074980939,21.574971974277712
4.92737729099382,0.6324104503001076,0.12288648007593796,0.09529643474717908,0.8111035152253958,0.020605081499871152,0.217808828803388,776.7282585999191,5.280103768647053,27.298060987207375,89.55239850039543,25.329306306289762,81.77899815643448,16.21039962342885
7.367600258503895,1.9301186174208258,0.23576473758975913,0.017155118520314663,0.7337929877591182,0.11737684892171117,0.26920302705101,220.5191218789086,1.0797456425577927,74.0043339951449,60.671801820768664,76.4416011783486,75.5179834972121,95.45986864324972
4.92737729099382,0.6324104503001076,0.12288648007593796,0.09529643474717908,0.8111035152253958,0.020605081499871152,0.217808828803388,776.7282585999191,5.280103768647053,27.298060987207375,89.55239850039543,25.329306306289762,81.77899815643448,16.21039962342885
4.92737729099382,0.6324104503001076,0.12288648007593796,0.09529643474717908,0.8111035152253958,0.020605081499871152,0.217808828803388,776.7282585999191,5.280103768647053,27.298060987207375,89.55239850039543,25.329306306289762,81.77899815643448,16.21039962342885
12.766811792603777,0.35063418996718526,0.026817305020944926,0.4875202017002852,0.45393717143710327,0.7382050046722943,0.20789853596167496,527.6617912983279,11.480607871218982,69.37968212371408,90.507029057518,88.1501936070967,67.05814672960432,85.54734727999676
6.824072845699255,0.21326395729564881,0.06616784629343542,0.31855164564715177,0.4413652852893081,0.5466530316870603,0.9877283883598197,560.5940600824397,7.5842710869659555,44.607991907276755,50.772507307386796,36.05618497897274,20.023327196803503,84.48565844573164
4.92737729099382,0.6324104503001076,0.12288648007593796,0.09529643474717908,0.8111035152253958,0.020605081499871152,0.217808828803388,776.7282585999191,5.280103768647053,27.298060987207375,89.55239850039543,25.329306306289762,81.77899815643448,16.21039962342885
11.955627150138794,0.21437007564349125,1.740661005363655,0.05539635917546318,0.7255585419294563,0.39002016005310725,0.3611346988552321,988.753805032351,3.2082000925718557,60.01372207339718,17.958752661598144,46.34012889659222,65.70648229995298,37.95093181197288
4.92737729099382,0.6324104503001076,0.12288648007593796,0.09529643474717908,0.8111035152253958,0.020605081499871152,0.217808828803388,776.7282585999191,5.280103768647053,27.298060987207375,89.55239850039543,25.329306306289762,81.77899815643448,16.21039962342885
4.92737729099382,0.6324104503001076,0.12288648007593796,0.09529643474717908,0.8111035152253958,0.020605081499871152,0.217808828803388,776.7282585999191,5.280103768647053,27.298060987207375,89.55239850039543,25.329306306289762,81.77899815643448,16.21039962342885
7.367600258503895,1.9301186174208258,0.23576473758975913,0.017155118520314663,0.7337929877591182,0.11737684892171117,0.26920302705101,220.5191218789086,1.0797456425577927,74.0043339951449,60.671801820768664,76.4416011783486,75.5179834972121,95.45986864324972
10.668284280670816,0.2766156198609538,0.5547125066148356,0.08245948817532267,0.7808339172542015,0.08449748958633552,0.5658650616852752,858.9472375637373,8.210364979619193,24.931168747847924,53.374462136627365,28.141687604068018,62.70771261262828,96.80312749949768
4.92737729099382,0.6324104503001076,0.12288648007593796,0.09529643474717908,0.8111035152253958,0.020605081499871152,0.217808828803388,776.7282585999191,5.280103768647053,27.298060987207375,89.55239850039543,25.329306306289762,81.77899815643448,16.21039962342885
4.92737729099382,0.6324104503001076,0.12288648007593796,0.09529643474717908,0.8111035152253958,0.020605081499871152,0.217808828803388,776.7282585999191,5.280103768647053,27.298060987207375,89.55239850039543,25.329306306289762,81.77899815643448,16.21039962342885
11.172265321590103,1.7821129864265026,1.0119787016768667,0.20068734301110747,0.4204398072779212,0.5713869520363801,0.44337467522661816,4.066208930733768,14.305438473026667,14.889504370209131,0.8258323394618995,51.261284443571455,1.2531363204168855,76.75639271243443
4.92737729099382,0.6324104503001076,0.12288648007593796,0.09529643474717908,0.8111035152253958,0.020605081499871152,0.217808828803388,776.7282585999191,5.280103768647053,27.298060987207375,89.55239850039543,25.329306306289762,81.77899815643448,16.21039962342885
4.92737729099382,0.6324104503001076,0.12288648007593796,0.09529643474717908,0.8111035152253958,0.020605081499871152,0.217808828803388,776.7282585999191,5.280103768647053,27.298060987207375,89.55239850039543,25.329306306289762,81.77899815643448,16.21039962342885
13.814924540620817,0.9102802533632541,1.095258773294175,0.20830597249931682,0.2996778781998316,0.5380997446732823,0.27104804689004536,1585.855510632063,6.063272064433101,72.68531869821231,67.43717826228907,45.90823514872266,86.26272074980939,21.574971974277712
4.92737729099382,0.6324104503001076,0.12288648007593796,0.09529643474717908,0.8111035152253958,0.020605081499871152,0.217808828803388,776.7282585999191,5.280103768647053,27.298060987207375,89.55239850039543,25.329306306289762,81.77899815643448,16.21039962342885
4.92737729099382,0.6324104503001076,0.12288648007593796,0.09529643474717908,0.8111035152253958,0.020605081499871152,0.217808828803388,776.7282585999191,5.280103768647053,27.298060987207375,89.55239850039543,25.329306306289762,81.77899815643448,16.21039962342885
4.92737729099382,0.6324104503001076,0.12288648007593796,0.09529643474717908,0.8111035152253958,0.020605081499871152,0.217808828803388,776.7282585999191,5.280103768647053,27.298060987207375,89.55239850039543,25.329306306289762,81.77899815643448,16.21039962342885
6.824072845699255,0.21326395729564881,0.06616784629343542,0.31855164564715177,0.4413652852893081,0.5466530316870603,0.9877283883598197,560.5940600824397,7.5842710869659555,44.607991907276755,50.772507307386796,36.05618497897274,20.023327196803503,84.48565844573164
11.172265321590103,1.7821129864265026,1.0119787016768667,0.20068734301110747,0.4204398072779212,0.5713869520363801,0.44337467522661816,4.066208930733768,14.305438473026667,14.889504370209131,0.8258323394618995,51.261284443571455,1.2531363204168855,76.75639271243443
12.766811792603777,0.35063418996718526,0.026817305020944926,0.4875202017002852,0.45393717143710327,0.7382050046722943,0.20789853596167496,527.6617912983279,11.480607871218982,69.37968212371408,90.507029057518,88.1501936070967,67.05814672960432,85.54734727999676
11.955627150138794,0.21437007564349125,1.740661005363655,0.05539635917546318,0.7255585419294563,0.39002016005310725,0.3611346988552321,988.753805032351,3.2082000925718557,60.01372207339718,17.958752661598144,46.34012889659222,65.70648229995298,37.95093181197288
4.92737729099382,0.6324104503001076,0.12288648007593796,0.09529643474717908,0.8111035152253958,0.020605081499871152,0.217808828803388,776.7282585999191,5.280103768647053,27.298060987207375,89.55239850039543,25.329306306289762,81.77899815643448,16.21039962342885
4.92737729099382,0.6324104503001076,0.12288648007593796,0.09529643474717908,0.8111035152253958,0.020605081499871152,0.217808828803388,776.7282585999191,5.280103768647053,27.298060987207375,89.55239850039543,25.329306306289762,81.77899815643448,16.21039962342885
4.92737729099382,0.6324104503001076,0.12288648007593796,0.09529643474717908,0.8111035152253958,0.020605081499871152,0.217808828803388,776.7282585999191,5.280103768647053,27.298060987207375,89.55239850039543,25.329306306289762,81.77899815643448,16.21039962342885
7.367600258503895,1.9301186174208258,0.23576473758975913,0.017155118520314663,0.7337929877591182,0.11737684892171117,0.26920302705101,220.5191218789086,1.0797456425577927,74.0043339951449,60.671801820768664,76.4416011783486,75.5179834972121,95.45986864324972
4.92737729099382,0.6324104503001076,0.12288648007593796,0.09529643474717908,0.8111035152253958,0.020605081499871152,0.217808828803388,776.7282585999191,5.280103768647053,27.298060987207375,89.55239850039543,25.329306306289762,81.77899815643448,16.21039962342885
10.668284280670816,0.2766156198609538,0.5547125066148356,0.08245948817532267,0.7808339172542015,0.08449748958633552,0.5658650616852752,858.9472375637373,8.210364979619193,24.931168747847924,53.374462136627365,28.141687604068018,62.70771261262828,96.80312749949768
4.92737729099382,0.6324104503001076,0.12288648007593796,0.09529643474717908,0.8111035152253958,0.020605081499871152,0.217808828803388,776.7282585999191,5.280103768647053,27.298060987207375,89.55239850039543,25.329306306289762,81.77899815643448,16.21039962342885
4.92737729099382,0.6324104503001076,0.12288648007593796,0.09529643474717908,0.8111035152253958,0.020605081499871152,0.217808828803388,776.7282585999191,5.280103768647053,27.298060987207375,89.55239850039543,25.329306306289762,81.77899815643448,16.21039962342885
11.172265321590103,1.7821129864265026,1.0119787016768667,0.20068734301110747,0.4204398072779212,0.5713869520363801,0.44337467522661816,4.066208930733768,14.305438473026667,14.889504370209131,0.8258323394618995,51.261284443571455,1.2531363204168855,76.75639271243443
4.92737729099382,0.6324104503001076,0.12288648007593796,0.09529643474717908,0.8111035152253958,0.020605081499871152,0.217808828803388,776.7282585999191,5.280103768647053,27.298060987207375,89.55239850039543,25.329306306289762,81.77899815643448,16.21039962342885
4.92737729099382,0.6324104503001076,0.12288648007593796,0.09529643474717908,0.8111035152253958,0.020605081499871152,0.217808828803388,776.7282585999191,5.280103768647053,27.298060987207375,89.55239850039543,25.329306306289762,81.77899815643448,16.21039962342885
11.955627150138794,0.21437007564349125,1.740661005363655,0.05539635917546318,0.7255585419294563,0.39002016005310725,0.3611346988552321,988.753805032351,3.2082000925718557,60.01372207339718,17.958752661598144,46.34012889659222,65.70648229995298,37.95093181197288
4.92737729099382,0.6324104503001076,0.12288648007593796,0.09529643474717908,0.8111035152253958,0.020605081499871152,0.217808828803388,776.7282585999191,5.280103768647053,27.298060987207375,89.55239850039543,25.329306306289762,81.77899815643448,16.21039962342885
13.814924540620817,0.9102802533632541,1.095258773294175,0.20830597249931682,0.2996778781998316,0.5380997446732823,0.27104804689004536,1585.855510632063,6.063272064433101,72.68531869821231,67.43717826228907,45.90823514872266,86.26272074980939,21.574971974277712
6.824072845699255,0.21326395729564881,0.06616784629343542,0.31855164564715177,0.4413652852893081,0.5466530316870603,0.9877283883598197,560.5940600824397,7.5842710869659555,44.607991907276755,50.772507307386796,36.05618497897274,20.023327196803503,84.48565844573164
4.92737729099382,0.6324104503001076,0.12288648007593796,0.09529643474717908,0.8111035152253958,0.020605081499871152,0.217808828803388,776.7282585999191,5.280103768647053,27.298060987207375,89.55239850039543,25.329306306289762,81.77899815643448,16.21039962342885
12.766811792603777,0.35063418996718526,0.026817305020944926,0.4875202017002852,0.45393717143710327,0.7382050046722943,0.20789853596167496,527.6617912983279,11.480607871218982,69.37968212371408,90.507029057518,88.1501936070967,67.05814672960432,85.54734727999676
4.92737729099382,0.6324104503001076,0.12288648007593796,0.09529643474717908,0.8111035152253958,0.020605081499871152,0.217808828803388,776.7282585999191,5.280103768647053,27.298060987207375,89.55239850039543,25.329306306289762,81.77899815643448,16.21039962342885
11.172265321590103,1.7821129864265026,1.0119787016768667,0.20068734301110747,0.4204398072779212,0.5713869520363801,0.44337467522661816,4.066208930733768,14.305438473026667,14.889504370209131,0.8258323394618995,51.261284443571455,1.2531363204168855,76.75639271243443
4.92737729099382,0.6324104503001076,0.12288648007593796,0.09529643474717908,0.8111035152253958,0.020605081499871152,0.217808828803388,776.7282585999191,5.280103768647053,27.298060987207375,89.55239850039543,25.329306306289762,81.77899815643448,16.21039962342885
11.955627150138794,0.21437007564349125,1.740661005363655,0.05539635917546318,0.7255585419294563,0.39002016005310725,0.3611346988552321,988.753805032351,3.2082000925718557,60.01372207339718,17.958752661598144,46.34012889659222,65.70648229995298,37.95093181197288
4.92737729099382,0.6324104503001076,0.12288648007593796,0.09529643474717908,0.8111035152253958,0.020605081499871152,0.217808828803388,776.7282585999191,5.280103768647053,27.298060987207375,89.55239850039543,25.329306306289762,81.77899815643448,16.21039962342885
4.92737729099382,0.6324104503001076,0.12288648007593796,0.09529643474717908,0.8111035152253958,0.020605081499871152,0.217808828803388,776.7282585999191,5.280103768647053,27.298060987207375,89.55239850039543,25.329306306289762,81.77899815643448,16.21039962342885
4.92737729099382,0.6324104503001076,0.12288648007593796,0.09529643474717908,0.8111035152253958,0.020605081499871152,0.217808828803388,776.7282585999191,5.280103768647053,27.298060987207375,89.55239850039543,25.329306306289762,81.77899815643448,16.21039962342885
13.814924540620817,0.9102802533632541,1.095258773294175,0.20830597249931682,0.2996778781998316,0.5380997446732823,0.27104804689004536,1585.855510632063,6.063272064433101,72.68531869821231,67.43717826228907,45.90823514872266,86.26272074980939,21.574971974277712
7.367600258503895,1.9301186174208258,0.23576473758975913,0.017155118520314663,0.7337929877591182,0.11737684892171117,0.26920302705101,220.5191218789086,1.0797456425577927,74.0043339951449,60.671801820768664,76.4416011783486,75.5179834972121,95.45986864324972
4.92737729099382,0.6324104503001076,0.12288648007593796,0.09529643474717908,0.8111035152253958,0.020605081499871152,0.217808828803388,776.7282585999191,5.280103768647053,27.298060987207375,89.55239850039543,25.329306306289762,81.77899815643448,16.21039962342885
10.668284280670816,0.2766156198609538,0.5547125066148356,0.08245948817532267,0.7808339172542015,0.08449748958633552,0.5658650616852752,858.9472375637373,8.210364979619193,24.931168747847924,53.374462136627365,28.141687604068018,62.70771261262828,96.80312749949768
11.172265321590103,1.7821129864265026,1.0119787016768667,0.20068734301110747,0.4204398072779212,0.5713869520363801,0.44337467522661816,4.066208930733768,14.305438473026667,14.889504370209131,0.8258323394618995,51.261284443571455,1.2531363204168855,76.75639271243443
4.92737729099382,0.6324104503001076,0.12288648007593796,0.09529643474717908,0.8111035152253958,0.020605081499871152,0.217808828803388,776.7282585999191,5.280103768647053,27.298060987207375,89.55239850039543,25.329306306289762,81.77899815643448,16.21039962342885
4.92737729099382,0.6324104503001076,0.12288648007593796,0.09529643474717908,0.8111035152253958,0.020605081499871152,0.217808828803388,776.7282585999191,5.280103768647053,27.298060987207375,89.55239850039543,25.329306306289762,81.77899815643448,16.21039962342885
4.92737729099382,0.6324104503001076,0.12288648007593796,0.09529643474717908,0.8111035152253958,0.020605081499871152,0.217808828803388,776.7282585999191,5.280103768647053,27.298060987207375,89.55239850039543,25.329306306289762,81.77899815643448,16.21039962342885
4.92737729099382,0.6324104503001076,0.12288648007593796,0.09529643474717908,0.8111035152253958,0.020605081499871152,0.217808828803388,776.7282585999191,5.280103768647053,27.298060987207375,89.55239850039543,25.329306306289762,81.77899815643448,16.21039962342885
11.955627150138794,0.21437007564349125,1.740661005363655,0.05539635917546318,0.7255585419294563,0.39002016005310725,0.3611346988552321,988.753805032351,3.2082000925718557,60.01372207339718,17.958752661598144,46.34012889659222,65.70648229995298,37.95093181197288
6.824072845699255,0.21326395729564881,0.06616784629343542,0.31855164564715177,0.4413652852893081,0.5466530316870603,0.9877283883598197,560.5940600824397,7.5842710869659555,44.607991907276755,50.772507307386796,36.05618497897274,20.023327196803503,84.48565844573164
4.92737729099382,0.6324104503001076,0.12288648007593796,0.09529643474717908,0.8111035152253958,0.020605081499871152,0.217808828803388,776.7282585999191,5.280103768647053,27.298060987207375,89.55239850039543,25.329306306289762,81.77899815643448,16.21039962342885
4.92737729099382,0.6324104503001076,0.12288648007593796,0.09529643474717908,0.8111035152253958,0.020605081499871152,0.217808828803388,776.7282585999191,5.280103768647053,27.298060987207375,89.55239850039543,25.329306306289762,81.77899815643448,16.21039962342885
12.766811792603777,0.35063418996718526,0.026817305020944926,0.4875202017002852,0.45393717143710327,0.7382050046722943,0.20789853596167496,527.6617912983279,11.480607871218982,69.37968212371408,90.507029057518,88.1501936070967,67.05814672960432,85.54734727999676
11.172265321590103,1.7821129864265026,1.0119787016768667,0.20068734301110747,0.4204398072779212,0.5713869520363801,0.44337467522661816,4.066208930733768,14.305438473026667,14.889504370209131,0.8258323394618995,51.261284443571455,1.2531363204168855,76.75639271243443
4.92737729099382,0.6324104503001076,0.12288648007593796,0.09529643474717908,0.8111035152253958,0.020605081499871152,0.217808828803388,776.7282585999191,5.280103768647053,27.298060987207375,89.55239850039543,25.329306306289762,81.77899815643448,16.21039962342885
4.92737729099382,0.6324104503001076,0.12288648007593796,0.09529643474717908,0.8111035152253958,0.020605081499871152,0.217808828803388,776.7282585999191,5.280103768647053,27.298060987207375,89.55239850039543,25.329306306289762,81.77899815643448,16.21039962342885
4.92737729099382,0.6324104503001076,0.12288648007593796,0.09529643474717908,0.8111035152253958,0.020605081499871152,0.217808828803388,776.7282585999191,5.280103768647053,27.298060987207375,89.55239850039543,25.329306306289762,81.77899815643448,16.21039962342885
11.955627150138794,0.21437007564349125,1.740661005363655,0.05539635917546318,0.7255585419294563,0.39002016005310725,0.3611346988552321,988.753805032351,3.2082000925718557,60.01372207339718,17.958752661598144,46.34012889659222,65.70648229995298,37.95093181197288
7.367600258503895,1.9301186174208258,0.23576473758975913,0.017155118520314663,0.7337929877591182,0.11737684892171117,0.26920302705101,220.5191218789086,1.0797456425577927,74.0043339951449,60.671801820768664,76.4416011783486,75.5179834972121,95.45986864324972
13.814924540620817,0.9102802533632541,1.095258773294175,0.20830597249931682,0.2996778781998316,0.5380997446732823,0.27104804689004536,1585.855510632063,6.063272064433101,72.68531869821231,67.43717826228907,45.90823514872266,86.26272074980939,21.574971974277712
4.92737729099382,0.6324104503001076,0.12288648007593796,0.09529643474717908,0.8111035152253958,0.020605081499871152,0.217808828803388,776.7282585999191,5.280103768647053,27.298060987207375,89.55239850039543,25.329306306289762,81.77899815643448,16.21039962342885
10.668284280670816,0.2766156198609538,0.5547125066148356,0.08245948817532267,0.7808339172542015,0.08449748958633552,0.5658650616852752,858.9472375637373,8.210364979619193,24.931168747847924,53.374462136627365,28.141687604068018,62.70771261262828,96.80312749949768
4.92737729099382,0.6324104503001076,0.12288648007593796,0.09529643474717908,0.8111035152253958,0.020605081499871152,0.217808828803388,776.7282585999191,5.280103768647053,27.298060987207375,89.55239850039543,25.329306306289762,81.77899815643448,16.21039962342885
6.824072845699255,0.21326395729564881,0.06616784629343542,0.31855164564715177,0.4413652852893081,0.5466530316870603,0.9877283883598197,560.5940600824397,7.5842710869659555,44.607991907276755,50.772507307386796,36.05618497897274,20.023327196803503,84.48565844573164
4.92737729099382,0.6324104503001076,0.12288648007593796,0.09529643474717908,0.8111035152253958,0.020605081499871152,0.217808828803388,776.7282585999191,5.280103768647053,27.298060987207375,89.55239850039543,25.329306306289762,81.77899815643448,16.21039962342885
4.92737729099382,0.6324104503001076,0.12288648007593796,0.09529643474717908,0.8111035152253958,0.020605081499871152,0.217808828803388,776.7282585999191,5.280103768647053,27.298060987207375,89.55239850039543,25.329306306289762,81.77899815643448,16.21039962342885
12.766811792603777,0.35063418996718526,0.026817305020944926,0.4875202017002852,0.45393717143710327,0.7382050046722943,0.20789853596167496,527.6617912983279,11.480607871218982,69.37968212371408,90.507029057518,88.1501936070967,67.05814672960432,85.54734727999676
4.92737729099382,0.6324104503001076,0.12288648007593796,0.09529643474717908,0.8111035152253958,0.020605081499871152,0.217808828803388,776.7282585999191,5.280103768647053,27.298060987207375,89.55239850039543,25.329306306289762,81.77899815643448,16.21039962342885
4.92737729099382,0.6324104503001076,0.12288648007593796,0.09529643474717908,0.8111035152253958,0.020605081499871152,0.217808828803388,776.7282585999191,5.280103768647053,27.298060987207375,89.55239850039543,25.329306306289762,81.77899815643448,16.21039962342885
13.814924540620817,0.9102802533632541,1.095258773294175,0.20830597249931682,0.2996778781998316,0.5380997446732823,0.27104804689004536,1585.855510632063,6.063272064433101,72.68531869821231,67.43717826228907,45.90823514872266,86.26272074980939,21.574971974277712
12.766811792603777,0.35063418996718526,0.026817305020944926,0.4875202017002852,0.45393717143710327,0.7382050046722943,0.20789853596167496,527.6617912983279,11.480607871218982,69.37968212371408,90.507029057518,88.1501936070967,67.05814672960432,85.54734727999676
6.824072845699255,0.21326395729564881,0.06616784629343542,0.31855164564715177,0.4413652852893081,0.5466530316870603,0.9877283883598197,560.5940600824397,7.5842710869659555,44.607991907276755,50.772507307386796,36.05618497897274,20.023327196803503,84.48565844573164
4.92737729099382,0.6324104503001076,0.12288648007593796,0.09529643474717908,0.8111035152253958,0.020605081499871152,0.217808828803388,776.7282585999191,5.280103768647053,27.298060987207375,89.55239850039543,25.329306306289762,81.77899815643448,16.21039962342885
11.172265321590103,1.7821129864265026,1.0119787016768667,0.20068734301110747,0.4204398072779212,0.5713869520363801,0.44337467522661816,4.066208930733768,14.305438473026667,14.889504370209131,0.8258323394618995,51.261284443571455,1.2531363204168855,76.75639271243443
4.92737729099382,0.6324104503001076,0.12288648007593796,0.09529643474717908,0.8111035152253958,0.020605081499871152,0.217808828803388,776.7282585999191,5.280103768647053,27.298060987207375,89.55239850039543,25.329306306289762,81.77899815643448,16.21039962342885
4.92737729099382,0.6324104503001076,0.12288648007593796,0.09529643474717908,0.8111035152253958,0.020605081499871152,0.217808828803388,776.7282585999191,5.280103768647053,27.298060987207375,89.55239850039543,25.329306306289762,81.77899815643448,16.21039962342885
11.955627150138794,0.21437007564349125,1.740661005363655,0.05539635917546318,0.7255585419294563,0.39002016005310725,0.3611346988552321,988.753805032351,3.2082000925718557,60.01372207339718,17.958752661598144,46.34012889659222,65.70648229995298,37.95093181197288
4.92737729099382,0.6324104503001076,0.12288648007593796,0.09529643474717908,0.8111035152253958,0.020605081499871152,0.217808828803388,776.7282585999191,5.280103768647053,27.298060987207375,89.55239850039543,25.329306306289762,81.77899815643448,16.21039962342885
4.92737729099382,0.6324104503001076,0.12288648007593796,0.09529643474717908,0.8111035152253958,0.020605081499871152,0.217808828803388,776.7282585999191,5.280103768647053,27.298060987207375,89.55239850039543,25.329306306289762,81.77899815643448,16.21039962342885
7.367600258503895,1.9301186174208258,0.23576473758975913,0.017155118520314663,0.7337929877591182,0.11737684892171117,0.26920302705101,220.5191218789086,1.0797456425577927,74.0043339951449,60.671801820768664,76.4416011783486,75.5179834972121,95.45986864324972
4.92737729099382,0.6324104503001076,0.12288648007593796,0.09529643474717908,0.8111035152253958,0.020605081499871152,0.217808828803388,776.7282585999191,5.280103768647053,27.298060987207375,89.55239850039543,25.329306306289762,81.77899815643448,16.21039962342885
4.92737729099382,0.6324104503001076,0.12288648007593796,0.09529643474717908,0.8111035152253958,0.020605081499871152,0.217808828803388,776.7282585999191,5.280103768647053,27.298060987207375,89.55239850039543,25.329306306289762,81.77899815643448,16.21039962342885
10.668284280670816,0.2766156198609538,0.5547125066148356,0.08245948817532267,0.7808339172542015,0.08449748958633552,0.5658650616852752,858.9472375637373,8.210364979619193,24.931168747847924,53.374462136627365,28.141687604068018,62.70771261262828,96.80312749949768
4.92737729099382,0.6324104503001076,0.12288648007593796,0.09529643474717908,0.8111035152253958,0.020605081499871152,0.217808828803388,776.7282585999191,5.280103768647053,27.298060987207375,89.55239850039543,25.329306306289762,81.77899815643448,16.21039962342885
4.92737729099382,0.6324104503001076,0.12288648007593796,0.09529643474717908,0.8111035152253958,0.020605081499871152,0.217808828803388,776.7282585999191,5.280103768647053,27.298060987207375,89.55239850039543,25.329306306289762,81.77899815643448,16.21039962342885
4.92737729099382,0.6324104503001076,0.12288648007593796,0.09529643474717908,0.8111035152253958,0.020605081499871152,0.217808828803388,776.7282585999191,5.280103768647053,27.298060987207375,89.55239850039543,25.329306306289762,81.77899815643448,16.21039962342885
4.92737729099382,0.6324104503001076,0.12288648007593796,0.09529643474717908,0.8111035152253958,0.020605081499871152,0.217808828803388,776.7282585999191,5.280103768647053,27.298060987207375,89.55239850039543,25.329306306289762,81.77899815643448,16.21039962342885
4.92737729099382,0.6324104503001076,0.12288648007593796,0.09529643474717908,0.8111035152253958,0.020605081499871152,0.217808828803388,776.7282585999191,5.280103768647053,27.298060987207375,89.55239850039543,25.329306306289762,81.77899815643448,16.21039962342885
4.92737729099382,0.6324104503001076,0.12288648007593796,0.09529643474717908,0.8111035152253958,0.020605081499871152,0.217808828803388,776.7282585999191,5.280103768647053,27.298060987207375,89.55239850039543,25.329306306289762,81.77899815643448,16.21039962342885
12.766811792603777,0.35063418996718526,0.026817305020944926,0.4875202017002852,0.45393717143710327,0.7382050046722943,0.20789853596167496,527.6617912983279,11.480607871218982,69.37968212371408,90.507029057518,88.1501936070967,67.05814672960432,85.54734727999676
4.92737729099382,0.6324104503001076,0.12288648007593796,0.09529643474717908,0.8111035152253958,0.020605081499871152,0.217808828803388,776.7282585999191,5.280103768647053,27.298060987207375,89.55239850039543,25.329306306289762,81.77899815643448,16.21039962342885
4.92737729099382,0.6324104503001076,0.12288648007593796,0.09529643474717908,0.8111035152253958,0.020605081499871152,0.217808828803388,776.7282585999191,5.280103768647053,27.298060987207375,89.55239850039543,25.329306306289762,81.77899815643448,16.21039962342885
7.367600258503895,1.9301186174208258,0.23576473758975913,0.017155118520314663,0.7337929877591182,0.11737684892171117,0.26920302705101,220.5191218789086,1.0797456425577927,74.0043339951449,60.671801820768664,76.4416011783486,75.5179834972121,95.45986864324972
13.814924540620817,0.9102802533632541,1.095258773294175,0.20830597249931682,0.2996778781998316,0.5380997446732823,0.27104804689004536,1585.855510632063,6.063272064433101,72.68531869821231,67.43717826228907,45.90823514872266,86.26272074980939,21.574971974277712
10.668284280670816,0.2766156198609538,0.5547125066148356,0.08245948817532267,0.7808339172542015,0.08449748958633552,0.5658650616852752,858.9472375637373,8.210364979619193,24.931168747847924,53.374462136627365,28.141687604068018,62.70771261262828,96.80312749949768
6.824072845699255,0.21326395729564881,0.06616784629343542,0.31855164564715177,0.4413652852893081,0.5466530316870603,0.9877283883598197,560.5940600824397,7.5842710869659555,44.607991907276755,50.772507307386796,36.05618497897274,20.023327196803503,84.48565844573164
11.172265321590103,1.7821129864265026,1.0119787016768667,0.20068734301110747,0.4204398072779212,0.5713869520363801,0.44337467522661816,4.066208930733768,14.305438473026667,14.889504370209131,0.8258323394618995,51.261284443571455,1.2531363204168855,76.75639271243443
4.92737729099382,0.6324104503001076,0.12288648007593796,0.09529643474717908,0.8111035152253958,0.020605081499871152,0.217808828803388,776.7282585999191,5.280103768647053,27.298060987207375,89.55239850039543,25.329306306289762,81.77899815643448,16.21039962342885
11.955627150138794,0.21437007564349125,1.740661005363655,0.05539635917546318,0.7255585419294563,0.39002016005310725,0.3611346988552321,988.753805032351,3.2082000925718557,60.01372207339718,17.958752661598144,46.34012889659222,65.70648229995298,37.95093181197288
4.92737729099382,0.6324104503001076,0.12288648007593796,0.09529643474717908,0.8111035152253958,0.020605081499871152,0.217808828803388,776.7282585999191,5.280103768647053,27.298060987207375,89.55239850039543,25.329306306289762,81.77899815643448,16.21039962342885
12.766811792603777,0.35063418996718526,0.026817305020944926,0.4875202017002852,0.45393717143710327,0.7382050046722943,0.20789853596167496,527.6617912983279,11.480607871218982,69.37968212371408,90.507029057518,88.1501936070967,67.05814672960432,85.54734727999676
7.367600258503895,1.9301186174208258,0.23576473758975913,0.017155118520314663,0.7337929877591182,0.11737684892171117,0.26920302705101,220.5191218789086,1.0797456425577927,74.0043339951449,60.671801820768664,76.4416011783486,75.5179834972121,95.45986864324972
4.92737729099382,0.6324104503001076,0.12288648007593796,0.09529643474717908,0.8111035152253958,0.020605081499871152,0.217808828803388,776.7282585999191,5.280103768647053,27.298060987207375,89.55239850039543,25.329306306289762,81.77899815643448,16.21039962342885
4.92737729099382,0.6324104503001076,0.12288648007593796,0.09529643474717908,0.8111035152253958,0.020605081499871152,0.217808828803388,776.7282585999191,5.280103768647053,27.298060987207375,89.55239850039543,25.329306306289762,81.77899815643448,16.21039962342885
4.92737729099382,0.6324104503001076,0.12288648007593796,0.09529643474717908,0.8111035152253958,0.020605081499871152,0.217808828803388,776.7282585999191,5.280103768647053,27.298060987207375,89.55239850039543,25.329306306289762,81.77899815643448,16.21039962342885
4.92737729099382,0.6324104503001076,0.12288648007593796,0.09529643474717908,0.8111035152253958,0.020605081499871152,0.217808828803388,776.7282585999191,5.280103768647053,27.298060987207375,89.55239850039543,25.329306306289762,81.77899815643448,16.21039962342885
4.92737729099382,0.6324104503001076,0.12288648007593796,0.09529643474717908,0.8111035152253958,0.020605081499871152,0.217808828803388,776.7282585999191,5.280103768647053,27.298060987207375,89.55239850039543,25.329306306289762,81.77899815643448,16.21039962342885
4.92737729099382,0.6324104503001076,0.12288648007593796,0.09529643474717908,0.8111035152253958,0.020605081499871152,0.217808828803388,776.7282585999191,5.280103768647053,27.298060987207375,89.55239850039543,25.329306306289762,81.77899815643448,16.21039962342885
11.955627150138794,0.21437007564349125,1.740661005363655,0.05539635917546318,0.7255585419294563,0.39002016005310725,0.3611346988552321,988.753805032351,3.2082000925718557,60.01372207339718,17.958752661598144,46.34012889659222,65.70648229995298,37.95093181197288
4.92737729099382,0.6324104503001076,0.12288648007593796,0.09529643474717908,0.8111035152253958,0.020605081499871152,0.217808828803388,776.7282585999191,5.280103768647053,27.298060987207375,89.55239850039543,25.329306306289762,81.77899815643448,16.21039962342885
4.92737729099382,0.6324104503001076,0.12288648007593796,0.09529643474717908,0.8111035152253958,0.020605081499871152,0.217808828803388,776.7282585999191,5.280103768647053,27.298060987207375,89.55239850039543,25.329306306289762,81.77899815643448,16.21039962342885
7.367600258503895,1.9301186174208258,0.23576473758975913,0.017155118520314663,0.7337929877591182,0.11737684892171117,0.26920302705101,220.5191218789086,1.0797456425577927,74.0043339951449,60.671801820768664,76.4416011783486,75.5179834972121,95.45986864324972
13.814924540620817,0.9102802533632541,1.095258773294175,0.20830597249931682,0.2996778781998316,0.5380997446732823,0.27104804689004536,1585.855510632063,6.063272064433101,72.68531869821231,67.43717826228907,45.90823514872266,86.26272074980939,21.574971974277712
4.92737729099382,0.6324104503001076,0.12288648007593796,0.09529643474717908,0.8111035152253958,0.020605081499871152,0.217808828803388,776.7282585999191,5.280103768647053,27.298060987207375,89.55239850039543,25.329306306289762,81.77899815643448,16.21039962342885
6.824072845699255,0.21326395729564881,0.06616784629343542,0.31855164564715177,0.4413652852893081,0.5466530316870603,0.9877283883598197,560.5940600824397,7.5842710869659555,44.607991907276755,50.772507307386796,36.05618497897274,20.023327196803503,84.48565844573164
10.668284280670816,0.2766156198609538,0.5547125066148356,0.08245948817532267,0.7808339172542015,0.08449748958633552,0.5658650616852752,858.9472375637373,8.210364979619193,24.931168747847924,53.374462136627365,28.141687604068018,62.70771261262828,96.80312749949768
11.172265321590103,1.7821129864265026,1.0119787016768667,0.20068734301110747,0.4204398072779212,0.5713869520363801,0.44337467522661816,4.066208930733768,14.305438473026667,14.889504370209131,0.8258323394618995,51.261284443571455,1.2531363204168855,76.75639271243443
12.766811792603777,0.35063418996718526,0.026817305020944926,0.4875202017002852,0.45393717143710327,0.7382050046722943,0.20789853596167496,527.6617912983279,11.480607871218982,69.37968212371408,90.507029057518,88.1501936070967,67.05814672960432,85.54734727999676
11.955627150138794,0.21437007564349125,1.740661005363655,0.05539635917546318,0.7255585419294563,0.39002016005310725,0.3611346988552321,988.753805032351,3.2082000925718557,60.01372207339718,17.958752661598144,46.34012889659222,65.70648229995298,37.95093181197288
4.92737729099382,0.6324104503001076,0.12288648007593796,0.09529643474717908,0.8111035152253958,0.020605081499871152,0.217808828803388,776.7282585999191,5.280103768647053,27.298060987207375,89.55239850039543,25.329306306289762,81.77899815643448,16.21039962342885
7.367600258503895,1.9301186174208258,0.23576473758975913,0.017155118520314663,0.7337929877591182,0.11737684892171117,0.26920302705101,220.5191218789086,1.0797456425577927,74.0043339951449,60.671801820768664,76.4416011783486,75.5179834972121,95.45986864324972
4.92737729099382,0.6324104503001076,0.12288648007593796,0.09529643474717908,0.8111035152253958,0.020605081499871152,0.217808828803388,776.7282585999191,5.280103768647053,27.298060987207375,89.55239850039543,25.329306306289762,81.77899815643448,16.21039962342885
4.92737729099382,0.6324104503001076,0.12288648007593796,0.09529643474717908,0.8111035152253958,0.020605081499871152,0.217808828803388,776.7282585999191,5.280103768647053,27.298060987207375,89.55239850039543,25.329306306289762,81.77899815643448,16.21039962342885
4.92737729099382,0.6324104503001076,0.12288648007593796,0.09529643474717908,0.8111035152253958,0.020605081499871152,0.217808828803388,776.7282585999191,5.280103768647053,27.298060987207375,89.55239850039543,25.329306306289762,81.77899815643448,16.21039962342885
11.172265321590103,1.7821129864265026,1.0119787016768667,0.20068734301110747,0.4204398072779212,0.5713869520363801,0.44337467522661816,4.066208930733768,14.305438473026667,14.889504370209131,0.8258323394618995,51.261284443571455,1.2531363204168855,76.75639271243443
4.92737729099382,0.6324104503001076,0.12288648007593796,0.09529643474717908,0.8111035152253958,0.020605081499871152,0.217808828803388,776.7282585999191,5.280103768647053,27.298060987207375,89.55239850039543,25.329306306289762,81.77899815643448,16.21039962342885
4.92737729099382,0.6324104503001076,0.12288648007593796,0.09529643474717908,0.8111035152253958,0.020605081499871152,0.217808828803388,776.7282585999191,5.280103768647053,27.298060987207375,89.55239850039543,25.329306306289762,81.77899815643448,16.21039962342885
4.92737729099382,0.6324104503001076,0.12288648007593796,0.09529643474717908,0.8111035152253958,0.020605081499871152,0.217808828803388,776.7282585999191,5.280103768647053,27.298060987207375,89.55239850039543,25.329306306289762,81.77899815643448,16.21039962342885
4.92737729099382,0.6324104503001076,0.12288648007593796,0.09529643474717908,0.8111035152253958,0.020605081499871152,0.217808828803388,776.7282585999191,5.280103768647053,27.298060987207375,89.55239850039543,25.329306306289762,81.77899815643448,16.21039962342885
4.92737729099382,0.6324104503001076,0.12288648007593796,0.09529643474717908,0.8111035152253958,0.020605081499871152,0.217808828803388,776.7282585999191,5.280103768647053,27.298060987207375,89.55239850039543,25.329306306289762,81.77899815643448,16.21039962342885
13.814924540620817,0.9102802533632541,1.095258773294175,0.20830597249931682,0.2996778781998316,0.5380997446732823,0.27104804689004536,1585.855510632063,6.063272064433101,72.68531869821231,67.43717826228907,45.90823514872266,86.26272074980939,21.574971974277712
4.92737729099382,0.6324104503001076,0.12288648007593796,0.09529643474717908,0.8111035152253958,0.020605081499871152,0.217808828803388,776.7282585999191,5.280103768647053,27.298060987207375,89.55239850039543,25.329306306289762,81.77899815643448,16.21039962342885
6.824072845699255,0.21326395729564881,0.06616784629343542,0.31855164564715177,0.4413652852893081,0.5466530316870603,0.9877283883598197,560.5940600824397,7.5842710869659555,44.607991907276755,50.772507307386796,36.05618497897274,20.023327196803503,84.48565844573164
4.92737729099382,0.6324104503001076,0.12288648007593796,0.09529643474717908,0.8111035152253958,0.020605081499871152,0.217808828803388,776.7282585999191,5.280103768647053,27.298060987207375,89.55239850039543,25.329306306289762,81.77899815643448,16.21039962342885
4.92737729099382,0.6324104503001076,0.12288648007593796,0.09529643474717908,0.8111035152253958,0.020605081499871152,0.217808828803388,776.7282585999191,5.280103768647053,27.298060987207375,89.55239850039543,25.329306306289762,81.77899815643448,16.21039962342885
4.92737729099382,0.6324104503001076,0.12288648007593796,0.09529643474717908,0.8111035152253958,0.020605081499871152,0.217808828803388,776.7282585999191,5.280103768647053,27.298060987207375,89.55239850039543,25.329306306289762,81.77899815643448,16.21039962342885
11.172265321590103,1.7821129864265026,1.0119787016768667,0.20068734301110747,0.4204398072779212,0.5713869520363801,0.44337467522661816,4.066208930733768,14.305438473026667,14.889504370209131,0.8258323394618995,51.261284443571455,1.2531363204168855,76.75639271243443
4.92737729099382,0.6324104503001076,0.12288648007593796,0.09529643474717908,0.8111035152253958,0.020605081499871152,0.217808828803388,776.7282585999191,5.280103768647053,27.298060987207375,89.55239850039543,25.329306306289762,81.77899815643448,16.21039962342885
11.955627150138794,0.21437007564349125,1.740661005363655,0.05539635917546318,0.7255585419294563,0.39002016005310725,0.3611346988552321,988.753805032351,3.2082000925718557,60.01372207339718,17.958752661598144,46.34012889659222,65.70648229995298,37.95093181197288
7.367600258503895,1.9301186174208258,0.23576473758975913,0.017155118520314663,0.7337929877591182,0.11737684892171117,0.26920302705101,220.5191218789086,1.0797456425577927,74.0043339951449,60.671801820768664,76.4416011783486,75.5179834972121,95.45986864324972
12.766811792603777,0.35063418996718526,0.026817305020944926,0.4875202017002852,0.45393717143710327,0.7382050046722943,0.20789853596167496,527.6617912983279,11.480607871218982,69.37968212371408,90.507029057518,88.1501936070967,67.05814672960432,85.54734727999676
4.92737729099382,0.6324104503001076,0.12288648007593796,0.09529643474717908,0.8111035152253958,0.020605081499871152,0.217808828803388,776.7282585999191,5.280103768647053,27.298060987207375,89.55239850039543,25.329306306289762,81.77899815643448,16.21039962342885
13.814924540620817,0.9102802533632541,1.095258773294175,0.20830597249931682,0.2996778781998316,0.5380997446732823,0.27104804689004536,1585.855510632063,6.063272064433101,72.68531869821231,67.43717826228907,45.90823514872266,86.26272074980939,21.574971974277712
4.92737729099382,0.6324104503001076,0.12288648007593796,0.09529643474717908,0.8111035152253958,0.020605081499871152,0.217808828803388,776.7282585999191,5.280103768647053,27.298060987207375,89.55239850039543,25.329306306289762,81.77899815643448,16.21039962342885
4.92737729099382,0.6324104503001076,0.12288648007593796,0.09529643474717908,0.8111035152253958,0.020605081499871152,0.217808828803388,776.7282585999191,5.280103768647053,27.298060987207375,89.55239850039543,25.329306306289762,81.77899815643448,16.21039962342885
6.824072845699255,0.21326395729564881,0.06616784629343542,0.31855164564715177,0.4413652852893081,0.5466530316870603,0.9877283883598197,560.5940600824397,7.5842710869659555,44.607991907276755,50.772507307386796,36.05618497897274,20.023327196803503,84.48565844573164
11.172265321590103,1.7821129864265026,1.0119787016768667,0.20068734301110747,0.4204398072779212,0.5713869520363801,0.44337467522661816,4.066208930733768,14.305438473026667,14.889504370209131,0.8258323394618995,51.261284443571455,1.2531363204168855,76.75639271243443
4.92737729099382,0.6324104503001076,0.12288648007593796,0.09529643474717908,0.8111035152253958,0.020605081499871152,0.217808828803388,776.7282585999191,5.280103768647053,27.298060987207375,89.55239850039543,25.329306306289762,81.77899815643448,16.21039962342885
4.92737729099382,0.6324104503001076,0.12288648007593796,0.09529643474717908,0.8111035152253958,0.020605081499871152,0.217808828803388,776.7282585999191,5.280103768647053,27.298060987207375,89.55239850039543,25.329306306289762,81.77899815643448,16.21039962342885
12.766811792603777,0.35063418996718526,0.026817305020944926,0.4875202017002852,0.45393717143710327,0.7382050046722943,0.20789853596167496,527.6617912983279,11.480607871218982,69.37968212371408,90.507029057518,88.1501936070967,67.05814672960432,85.54734727999676
4.92737729099382,0.6324104503001076,0.12288648007593796,0.09529643474717908,0.8111035152253958,0.020605081499871152,0.217808828803388,776.7282585999191,5.280103768647053,27.298060987207375,89.55239850039543,25.329306306289762,81.77899815643448,16.21039962342885
4.92737729099382,0.6324104503001076,0.12288648007593796,0.09529643474717908,0.8111035152253958,0.020605081499871152,0.217808828803388,776.7282585999191,5.280103768647053,27.298060987207375,89.55239850039543,25.329306306289762,81.77899815643448,16.21039962342885
4.92737729099382,0.6324104503001076,0.12288648007593796,0.09529643474717908,0.8111035152253958,0.020605081499871152,0.217808828803388,776.7282585999191,5.280103768647053,27.298060987207375,89.55239850039543,25.329306306289762,81.77899815643448,16.21039962342885
4.92737729099382,0.6324104503001076,0.12288648007593796,0.09529643474717908,0.8111035152253958,0.020605081499871152,0.217808828803388,776.7282585999191,5.280103768647053,27.298060987207375,89.55239850039543,25.329306306289762,81.77899815643448,16.21039962342885
4.92737729099382,0.6324104503001076,0.12288648007593796,0.09529643474717908,0.8111035152253958,0.020605081499871152,0.217808828803388,776.7282585999191,5.280103768647053,27.298060987207375,89.55239850039543,25.329306306289762,81.77899815643448,16.21039962342885
4.92737729099382,0.6324104503001076,0.12288648007593796,0.09529643474717908,0.8111035152253958,0.020605081499871152,0.217808828803388,776.7282585999191,5.280103768647053,27.298060987207375,89.55239850039543,25.329306306289762,81.77899815643448,16.21039962342885
4.92737729099382,0.6324104503001076,0.12288648007593796,0.09529643474717908,0.8111035152253958,0.020605081499871152,0.217808828803388,776.7282585999191,5.280103768647053,27.298060987207375,89.55239850039543,25.329306306289762,81.77899815643448,16.21039962342885
7.367600258503895,1.9301186174208258,0.23576473758975913,0.017155118520314663,0.7337929877591182,0.11737684892171117,0.26920302705101,220.5191218789086,1.0797456425577927,74.0043339951449,60.671801820768664,76.4416011783486,75.5179834972121,95.45986864324972
4.92737729099382,0.6324104503001076,0.12288648007593796,0.09529643474717908,0.8111035152253958,0.020605081499871152,0.217808828803388,776.7282585999191,5.280103768647053,27.298060987207375,89.55239850039543,25.329306306289762,81.77899815643448,16.21039962342885
12.766811792603777,0.35063418996718526,0.026817305020944926,0.4875202017002852,0.45393717143710327,0.7382050046722943,0.20789853596167496,527.6617912983279,11.480607871218982,69.37968212371408,90.507029057518,88.1501936070967,67.05814672960432,85.54734727999676
11.955627150138794,0.21437007564349125,1.740661005363655,0.05539635917546318,0.7255585419294563,0.39002016005310725,0.3611346988552321,988.753805032351,3.2082000925718557,60.01372207339718,17.958752661598144,46.34012889659222,65.70648229995298,37.95093181197288
4.92737729099382,0.6324104503001076,0.12288648007593796,0.09529643474717908,0.8111035152253958,0.020605081499871152,0.217808828803388,776.7282585999191,5.280103768647053,27.298060987207375,89.55239850039543,25.329306306289762,81.77899815643448,16.21039962342885
4.92737729099382,0.6324104503001076,0.12288648007593796,0.09529643474717908,0.8111035152253958,0.020605081499871152,0.217808828803388,776.7282585999191,5.280103768647053,27.298060987207375,89.55239850039543,25.329306306289762,81.77899815643448,16.21039962342885
4.92737729099382,0.6324104503001076,0.12288648007593796,0.09529643474717908,0.8111035152253958,0.020605081499871152,0.217808828803388,776.7282585999191,5.280103768647053,27.298060987207375,89.55239850039543,25.329306306289762,81.77899815643448,16.21039962342885
4.92737729099382,0.6324104503001076,0.12288648007593796,0.09529643474717908,0.8111035152253958,0.020605081499871152,0.217808828803388,776.7282585999191,5.280103768647053,27.298060987207375,89.55239850039543,25.329306306289762,81.77899815643448,16.21039962342885
6.824072845699255,0.21326395729564881,0.06616784629343542,0.31855164564715177,0.4413652852893081,0.5466530316870603,0.9877283883598197,560.5940600824397,7.5842710869659555,44.607991907276755,50.772507307386796,36.05618497897274,20.023327196803503,84.48565844573164
4.92737729099382,0.6324104503001076,0.12288648007593796,0.09529643474717908,0.8111035152253958,0.020605081499871152,0.217808828803388,776.7282585999191,5.280103768647053,27.298060987207375,89.55239850039543,25.329306306289762,81.77899815643448,16.21039962342885
7.367600258503895,1.9301186174208258,0.23576473758975913,0.017155118520314663,0.7337929877591182,0.11737684892171117,0.26920302705101,220.5191218789086,1.0797456425577927,74.0043339951449,60.671801820768664,76.4416011783486,75.5179834972121,95.45986864324972
11.172265321590103,1.7821129864265026,1.0119787016768667,0.20068734301110747,0.4204398072779212,0.5713869520363801,0.44337467522661816,4.066208930733768,14.305438473026667,14.889504370209131,0.8258323394618995,51.261284443571455,1.2531363204168855,76.75639271243443
4.92737729099382,0.6324104503001076,0.12288648007593796,0.09529643474717908,0.8111035152253958,0.020605081499871152,0.217808828803388,776.7282585999191,5.280103768647053,27.298060987207375,89.55239850039543,25.329306306289762,81.77899815643448,16.21039962342885
12.766811792603777,0.35063418996718526,0.026817305020944926,0.4875202017002852,0.45393717143710327,0.7382050046722943,0.20789853596167496,527.6617912983279,11.480607871218982,69.37968212371408,90.507029057518,88.1501936070967,67.05814672960432,85.54734727999676
11.955627150138794,0.21437007564349125,1.740661005363655,0.05539635917546318,0.7255585419294563,0.39002016005310725,0.3611346988552321,988.753805032351,3.2082000925718557,60.01372207339718,17.958752661598144,46.34012889659222,65.70648229995298,37.95093181197288
4.92737729099382,0.6324104503001076,0.12288648007593796,0.09529643474717908,0.8111035152253958,0.020605081499871152,0.217808828803388,776.7282585999191,5.280103768647053,27.298060987207375,89.55239850039543,25.329306306289762,81.77899815643448,16.21039962342885
4.92737729099382,0.6324104503001076,0.12288648007593796,0.09529643474717908,0.8111035152253958,0.020605081499871152,0.217808828803388,776.7282585999191,5.280103768647053,27.298060987207375,89.55239850039543,25.329306306289762,81.77899815643448,16.21039962342885
4.92737729099382,0.6324104503001076,0.12288648007593796,0.09529643474717908,0.8111035152253958,0.020605081499871152,0.217808828803388,776.7282585999191,5.280103768647053,27.298060987207375,89.55239850039543,25.329306306289762,81.77899815643448,16.21039962342885
4.92737729099382,0.6324104503001076,0.12288648007593796,0.09529643474717908,0.8111035152253958,0.020605081499871152,0.217808828803388,776.7282585999191,5.280103768647053,27.298060987207375,89.55239850039543,25.329306306289762,81.77899815643448,16.21039962342885
4.92737729099382,0.6324104503001076,0.12288648007593796,0.09529643474717908,0.8111035152253958,0.020605081499871152,0.217808828803388,776.7282585999191,5.280103768647053,27.298060987207375,89.55239850039543,25.329306306289762,81.77899815643448,16.21039962342885
4.92737729099382,0.6324104503001076,0.12288648007593796,0.09529643474717908,0.8111035152253958,0.020605081499871152,0.217808828803388,776.7282585999191,5.280103768647053,27.298060987207375,89.55239850039543,25.329306306289762,81.77899815643448,16.21039962342885
7.367600258503895,1.9301186174208258,0.23576473758975913,0.017155118520314663,0.7337929877591182,0.11737684892171117,0.26920302705101,220.5191218789086,1.0797456425577927,74.0043339951449,60.671801820768664,76.4416011783486,75.5179834972121,95.45986864324972
12.766811792603777,0.35063418996718526,0.026817305020944926,0.4875202017002852,0.45393717143710327,0.7382050046722943,0.20789853596167496,527.6617912983279,11.480607871218982,69.37968212371408,90.507029057518,88.1501936070967,67.05814672960432,85.54734727999676
4.92737729099382,0.6324104503001076,0.12288648007593796,0.09529643474717908,0.8111035152253958,0.020605081499871152,0.217808828803388,776.7282585999191,5.280103768647053,27.298060987207375,89.55239850039543,25.329306306289762,81.77899815643448,16.21039962342885
4.92737729099382,0.6324104503001076,0.12288648007593796,0.09529643474717908,0.8111035152253958,0.020605081499871152,0.217808828803388,776.7282585999191,5.280103768647053,27.298060987207375,89.55239850039543,25.329306306289762,81.77899815643448,16.21039962342885
4.92737729099382,0.6324104503001076,0.12288648007593796,0.09529643474717908,0.8111035152253958,0.020605081499871152,0.217808828803388,776.7282585999191,5.280103768647053,27.298060987207375,89.55239850039543,25.329306306289762,81.77899815643448,16.21039962342885
4.92737729099382,0.6324104503001076,0.12288648007593796,0.09529643474717908,0.8111035152253958,0.020605081499871152,0.217808828803388,776.7282585999191,5.280103768647053,27.298060987207375,89.55239850039543,25.329306306289762,81.77899815643448,16.21039962342885
4.92737729099382,0.6324104503001076,0.12288648007593796,0.09529643474717908,0.8111035152253958,0.020605081499871152,0.217808828803388,776.7282585999191,5.280103768647053,27.298060987207375,89.55239850039543,25.329306306289762,81.77899815643448,16.21039962342885
4.92737729099382,0.6324104503001076,0.12288648007593796,0.09529643474717908,0.8111035152253958,0.020605081499871152,0.217808828803388,776.7282585999191,5.280103768647053,27.298060987207375,89.55239850039543,25.329306306289762,81.77899815643448,16.21039962342885
6.824072845699255,0.21326395729564881,0.06616784629343542,0.31855164564715177,0.4413652852893081,0.5466530316870603,0.9877283883598197,560.5940600824397,7.5842710869659555,44.607991907276755,50.772507307386796,36.05618497897274,20.023327196803503,84.48565844573164
4.92737729099382,0.6324104503001076,0.12288648007593796,0.09529643474717908,0.8111035152253958,0.020605081499871152,0.217808828803388,776.7282585999191,5.280103768647053,27.298060987207375,89.55239850039543,25.329306306289762,81.77899815643448,16.21039962342885
11.172265321590103,1.7821129864265026,1.0119787016768667,0.20068734301110747,0.4204398072779212,0.5713869520363801,0.44337467522661816,4.066208930733768,14.305438473026667,14.889504370209131,0.8258323394618995,51.261284443571455,1.2531363204168855,76.75639271243443
4.92737729099382,0.6324104503001076,0.12288648007593796,0.09529643474717908,0.8111035152253958,0.020605081499871152,0.217808828803388,776.7282585999191,5.280103768647053,27.298060987207375,89.55239850039543,25.329306306289762,81.77899815643448,16.21039962342885
4.92737729099382,0.6324104503001076,0.12288648007593796,0.09529643474717908,0.8111035152253958,0.020605081499871152,0.217808828803388,776.7282585999191,5.280103768647053,27.298060987207375,89.55239850039543,25.329306306289762,81.77899815643448,16.21039962342885
4.92737729099382,0.6324104503001076,0.12288648007593796,0.09529643474717908,0.8111035152253958,0.020605081499871152,0.217808828803388,776.7282585999191,5.280103768647053,27.298060987207375,89.55239850039543,25.329306306289762,81.77899815643448,16.21039962342885
11.955627150138794,0.21437007564349125,1.740661005363655,0.05539635917546318,0.7255585419294563,0.39002016005310725,0.3611346988552321,988.753805032351,3.2082000925718557,60.01372207339718,17.958752661598144,46.34012889659222,65.70648229995298,37.95093181197288
4.92737729099382,0.6324104503001076,0.12288648007593796,0.09529643474717908,0.8111035152253958,0.020605081499871152,0.217808828803388,776.7282585999191,5.280103768647053,27.298060987207375,89.55239850039543,25.329306306289762,81.77899815643448,16.21039962342885
4.92737729099382,0.6324104503001076,0.12288648007593796,0.09529643474717908,0.8111035152253958,0.020605081499871152,0.217808828803388,776.7282585999191,5.280103768647053,27.298060987207375,89.55239850039543,25.329306306289762,81.77899815643448,16.21039962342885
4.92737729099382,0.6324104503001076,0.12288648007593796,0.09529643474717908,0.8111035152253958,0.020605081499871152,0.217808828803388,776.7282585999191,5.280103768647053,27.298060987207375,89.55239850039543,25.329306306289762,81.77899815643448,16.21039962342885
7.367600258503895,1.9301186174208258,0.23576473758975913,0.017155118520314663,0.7337929877591182,0.11737684892171117,0.26920302705101,220.5191218789086,1.0797456425577927,74.0043339951449,60.671801820768664,76.4416011783486,75.5179834972121,95.45986864324972
11.172265321590103,1.7821129864265026,1.0119787016768667,0.20068734301110747,0.4204398072779212,0.5713869520363801,0.44337467522661816,4.066208930733768,14.305438473026667,14.889504370209131,0.8258323394618995,51.261284443571455,1.2531363204168855,76.75639271243443
4.92737729099382,0.6324104503001076,0.12288648007593796,0.09529643474717908,0.8111035152253958,0.020605081499871152,0.217808828803388,776.7282585999191,5.280103768647053,27.298060987207375,89.55239850039543,25.329306306289762,81.77899815643448,16.21039962342885
4.92737729099382,0.6324104503001076,0.12288648007593796,0.09529643474717908,0.8111035152253958,0.020605081499871152,0.217808828803388,776.7282585999191,5.280103768647053,27.298060987207375,89.55239850039543,25.329306306289762,81.77899815643448,16.21039962342885
4.92737729099382,0.6324104503001076,0.12288648007593796,0.09529643474717908,0.8111035152253958,0.020605081499871152,0.217808828803388,776.7282585999191,5.280103768647053,27.298060987207375,89.55239850039543,25.329306306289762,81.77899815643448,16.21039962342885
4.92737729099382,0.6324104503001076,0.12288648007593796,0.09529643474717908,0.8111035152253958,0.020605081499871152,0.217808828803388,776.7282585999191,5.280103768647053,27.298060987207375,89.55239850039543,25.329306306289762,81.77899815643448,16.21039962342885
4.92737729099382,0.6324104503001076,0.12288648007593796,0.09529643474717908,0.8111035152253958,0.020605081499871152,0.217808828803388,776.7282585999191,5.280103768647053,27.298060987207375,89.55239850039543,25.329306306289762,81.77899815643448,16.21039962342885
4.92737729099382,0.6324104503001076,0.12288648007593796,0.09529643474717908,0.8111035152253958,0.020605081499871152,0.217808828803388,776.7282585999191,5.280103768647053,27.298060987207375,89.55239850039543,25.329306306289762,81.77899815643448,16.21039962342885
11.955627150138794,0.21437007564349125,1.740661005363655,0.05539635917546318,0.7255585419294563,0.39002016005310725,0.3611346988552321,988.753805032351,3.2082000925718557,60.01372207339718,17.958752661598144,46.34012889659222,65.70648229995298,37.95093181197288
6.824072845699255,0.21326395729564881,0.06616784629343542,0.31855164564715177,0.4413652852893081,0.5466530316870603,0.9877283883598197,560.5940600824397,7.5842710869659555,44.607991907276755,50.772507307386796,36.05618497897274,20.023327196803503,84.48565844573164
4.92737729099382,0.6324104503001076,0.12288648007593796,0.09529643474717908,0.8111035152253958,0.020605081499871152,0.217808828803388,776.7282585999191,5.280103768647053,27.298060987207375,89.55239850039543,25.329306306289762,81.77899815643448,16.21039962342885
4.92737729099382,0.6324104503001076,0.12288648007593796,0.09529643474717908,0.8111035152253958,0.020605081499871152,0.217808828803388,776.7282585999191,5.280103768647053,27.298060987207375,89.55239850039543,25.329306306289762,81.77899815643448,16.21039962342885
7.367600258503895,1.9301186174208258,0.23576473758975913,0.017155118520314663,0.7337929877591182,0.11737684892171117,0.26920302705101,220.5191218789086,1.0797456425577927,74.0043339951449,60.671801820768664,76.4416011783486,75.5179834972121,95.45986864324972
11.172265321590103,1.7821129864265026,1.0119787016768667,0.20068734301110747,0.4204398072779212,0.5713869520363801,0.44337467522661816,4.066208930733768,14.305438473026667,14.889504370209131,0.8258323394618995,51.261284443571455,1.2531363204168855,76.75639271243443
4.92737729099382,0.6324104503001076,0.12288648007593796,0.09529643474717908,0.8111035152253958,0.020605081499871152,0.217808828803388,776.7282585999191,5.280103768647053,27.298060987207375,89.55239850039543,25.329306306289762,81.77899815643448,16.21039962342885
4.92737729099382,0.6324104503001076,0.12288648007593796,0.09529643474717908,0.8111035152253958,0.020605081499871152,0.217808828803388,776.7282585999191,5.280103768647053,27.298060987207375,89.55239850039543,25.329306306289762,81.77899815643448,16.21039962342885
4.92737729099382,0.6324104503001076,0.12288648007593796,0.09529643474717908,0.8111035152253958,0.020605081499871152,0.217808828803388,776.7282585999191,5.280103768647053,27.298060987207375,89.55239850039543,25.329306306289762,81.77899815643448,16.21039962342885
4.92737729099382,0.6324104503001076,0.12288648007593796,0.09529643474717908,0.8111035152253958,0.020605081499871152,0.217808828803388,776.7282585999191,5.280103768647053,27.298060987207375,89.55239850039543,25.329306306289762,81.77899815643448,16.21039962342885
4.92737729099382,0.6324104503001076,0.12288648007593796,0.09529643474717908,0.8111035152253958,0.020605081499871152,0.217808828803388,776.7282585999191,5.280103768647053,27.298060987207375,89.55239850039543,25.329306306289762,81.77899815643448,16.21039962342885
4.92737729099382,0.6324104503001076,0.12288648007593796,0.09529643474717908,0.8111035152253958,0.020605081499871152,0.217808828803388,776.7282585999191,5.280103768647053,27.298060987207375,89.55239850039543,25.329306306289762,81.77899815643448,16.21039962342885
11.955627150138794,0.21437007564349125,1.740661005363655,0.05539635917546318,0.7255585419294563,0.39002016005310725,0.3611346988552321,988.753805032351,3.2082000925718557,60.01372207339718,17.958752661598144,46.34012889659222,65.70648229995298,37.95093181197288
4.92737729099382,0.6324104503001076,0.12288648007593796,0.09529643474717908,0.8111035152253958,0.020605081499871152,0.217808828803388,776.7282585999191,5.280103768647053,27.298060987207375,89.55239850039543,25.329306306289762,81.77899815643448,16.21039962342885
6.824072845699255,0.21326395729564881,0.06616784629343542,0.31855164564715177,0.4413652852893081,0.5466530316870603,0.9877283883598197,560.5940600824397,7.5842710869659555,44.607991907276755,50.772507307386796,36.05618497897274,20.023327196803503,84.48565844573164
7.367600258503895,1.9301186174208258,0.23576473758975913,0.017155118520314663,0.7337929877591182,0.11737684892171117,0.26920302705101,220.5191218789086,1.0797456425577927,74.0043339951449,60.671801820768664,76.4416011783486,75.5179834972121,95.45986864324972
4.92737729099382,0.6324104503001076,0.12288648007593796,0.09529643474717908,0.8111035152253958,0.020605081499871152,0.217808828803388,776.7282585999191,5.280103768647053,27.298060987207375,89.55239850039543,25.329306306289762,81.77899815643448,16.21039962342885
11.172265321590103,1.7821129864265026,1.0119787016768667,0.20068734301110747,0.4204398072779212,0.5713869520363801,0.44337467522661816,4.066208930733768,14.305438473026667,14.889504370209131,0.8258323394618995,51.261284443571455,1.2531363204168855,76.75639271243443
4.92737729099382,0.6324104503001076,0.12288648007593796,0.09529643474717908,0.8111035152253958,0.020605081499871152,0.217808828803388,776.7282585999191,5.280103768647053,27.298060987207375,89.55239850039543,25.329306306289762,81.77899815643448,16.21039962342885
4.92737729099382,0.6324104503001076,0.12288648007593796,0.09529643474717908,0.8111035152253958,0.020605081499871152,0.217808828803388,776.7282585999191,5.280103768647053,27.298060987207375,89.55239850039543,25.329306306289762,81.77899815643448,16.21039962342885
4.92737729099382,0.6324104503001076,0.12288648007593796,0.09529643474717908,0.8111035152253958,0.020605081499871152,0.217808828803388,776.7282585999191,5.280103768647053,27.298060987207375,89.55239850039543,25.329306306289762,81.77899815643448,16.21039962342885
4.92737729099382,0.6324104503001076,0.12288648007593796,0.09529643474717908,0.8111035152253958,0.020605081499871152,0.217808828803388,776.7282585999191,5.280103768647053,27.298060987207375,89.55239850039543,25.329306306289762,81.77899815643448,16.21039962342885
4.92737729099382,0.6324104503001076,0.12288648007593796,0.09529643474717908,0.8111035152253958,0.020605081499871152,0.217808828803388,776.7282585999191,5.280103768647053,27.298060987207375,89.55239850039543,25.329306306289762,81.77899815643448,16.21039962342885
6.824072845699255,0.21326395729564881,0.06616784629343542,0.31855164564715177,0.4413652852893081,0.5466530316870603,0.9877283883598197,560.5940600824397,7.5842710869659555,44.607991907276755,50.772507307386796,36.05618497897274,20.023327196803503,84.48565844573164
4.92737729099382,0.6324104503001076,0.12288648007593796,0.09529643474717908,0.8111035152253958,0.020605081499871152,0.217808828803388,776.7282585999191,5.280103768647053,27.298060987207375,89.55239850039543,25.329306306289762,81.77899815643448,16.21039962342885
4.92737729099382,0.6324104503001076,0.12288648007593796,0.09529643474717908,0.8111035152253958,0.020605081499871152,0.217808828803388,776.7282585999191,5.280103768647053,27.298060987207375,89.55239850039543,25.329306306289762,81.77899815643448,16.21039962342885
4.92737729099382,0.6324104503001076,0.12288648007593796,0.09529643474717908,0.8111035152253958,0.020605081499871152,0.217808828803388,776.7282585999191,5.280103768647053,27.298060987207375,89.55239850039543,25.329306306289762,81.77899815643448,16.21039962342885
4.92737729099382,0.6324104503001076,0.12288648007593796,0.09529643474717908,0.8111035152253958,0.020605081499871152,0.217808828803388,776.7282585999191,5.280103768647053,27.298060987207375,89.55239850039543,25.329306306289762,81.77899815643448,16.21039962342885
4.92737729099382,0.6324104503001076,0.12288648007593796,0.09529643474717908,0.8111035152253958,0.020605081499871152,0.217808828803388,776.7282585999191,5.280103768647053,27.298060987207375,89.55239850039543,25.329306306289762,81.77899815643448,16.21039962342885
4.92737729099382,0.6324104503001076,0.12288648007593796,0.09529643474717908,0.8111035152253958,0.020605081499871152,0.217808828803388,776.7282585999191,5.280103768647053,27.298060987207375,89.55239850039543,25.329306306289762,81.77899815643448,16.21039962342885
4.92737729099382,0.6324104503001076,0.12288648007593796,0.09529643474717908,0.8111035152253958,0.020605081499871152,0.217808828803388,776.7282585999191,5.280103768647053,27.298060987207375,89.55239850039543,25.329306306289762,81.77899815643448,16.21039962342885
4.92737729099382,0.6324104503001076,0.12288648007593796,0.09529643474717908,0.8111035152253958,0.020605081499871152,0.217808828803388,776.7282585999191,5.280103768647053,27.298060987207375,89.55239850039543,25.329306306289762,81.77899815643448,16.21039962342885
4.92737729099382,0.6324104503001076,0.12288648007593796,0.09529643474717908,0.8111035152253958,0.020605081499871152,0.217808828803388,776.7282585999191,5.280103768647053,27.298060987207375,89.55239850039543,25.329306306289762,81.77899815643448,16.21039962342885
11.955627150138794,0.21437007564349125,1.740661005363655,0.05539635917546318,0.7255585419294563,0.39002016005310725,0.3611346988552321,988.753805032351,3.2082000925718557,60.01372207339718,17.958752661598144,46.34012889659222,65.70648229995298,37.95093181197288
4.92737729099382,0.6324104503001076,0.12288648007593796,0.09529643474717908,0.8111035152253958,0.020605081499871152,0.217808828803388,776.7282585999191,5.280103768647053,27.298060987207375,89.55239850039543,25.329306306289762,81.77899815643448,16.21039962342885
4.92737729099382,0.6324104503001076,0.12288648007593796,0.09529643474717908,0.8111035152253958,0.020605081499871152,0.217808828803388,776.7282585999191,5.280103768647053,27.298060987207375,89.55239850039543,25.329306306289762,81.77899815643448,16.21039962342885
7.367600258503895,1.9301186174208258,0.23576473758975913,0.017155118520314663,0.7337929877591182,0.11737684892171117,0.26920302705101,220.5191218789086,1.0797456425577927,74.0043339951449,60.671801820768664,76.4416011783486,75.5179834972121,95.45986864324972
4.92737729099382,0.6324104503001076,0.12288648007593796,0.09529643474717908,0.8111035152253958,0.020605081499871152,0.217808828803388,776.7282585999191,5.280103768647053,27.298060987207375,89.55239850039543,25.329306306289762,81.77899815643448,16.21039962342885
4.92737729099382,0.6324104503001076,0.12288648007593796,0.09529643474717908,0.8111035152253958,0.020605081499871152,0.217808828803388,776.7282585999191,5.280103768647053,27.298060987207375,89.55239850039543,25.329306306289762,81.77899815643448,16.21039962342885
11.172265321590103,1.7821129864265026,1.0119787016768667,0.20068734301110747,0.4204398072779212,0.5713869520363801,0.44337467522661816,4.066208930733768,14.305438473026667,14.889504370209131,0.8258323394618995,51.261284443571455,1.2531363204168855,76.75639271243443
4.92737729099382,0.6324104503001076,0.12288648007593796,0.09529643474717908,0.8111035152253958,0.020605081499871152,0.217808828803388,776.7282585999191,5.280103768647053,27.298060987207375,89.55239850039543,25.329306306289762,81.77899815643448,16.21039962342885
4.92737729099382,0.6324104503001076,0.12288648007593796,0.09529643474717908,0.8111035152253958,0.020605081499871152,0.217808828803388,776.7282585999191,5.280103768647053,27.298060987207375,89.55239850039543,25.329306306289762,81.77899815643448,16.21039962342885
4.92737729099382,0.6324104503001076,0.12288648007593796,0.09529643474717908,0.8111035152253958,0.020605081499871152,0.217808828803388,776.7282585999191,5.280103768647053,27.298060987207375,89.55239850039543,25.329306306289762,81.77899815643448,16.21039962342885
4.92737729099382,0.6324104503001076,0.12288648007593796,0.09529643474717908,0.8111035152253958,0.020605081499871152,0.217808828803388,776.7282585999191,5.280103768647053,27.298060987207375,89.55239850039543,25.329306306289762,81.77899815643448,16.21039962342885
4.92737729099382,0.6324104503001076,0.12288648007593796,0.09529643474717908,0.8111035152253958,0.020605081499871152,0.217808828803388,776.7282585999191,5.280103768647053,27.298060987207375,89.55239850039543,25.329306306289762,81.77899815643448,16.21039962342885
7.367600258503895,1.9301186174208258,0.23576473758975913,0.017155118520314663,0.7337929877591182,0.11737684892171117,0.26920302705101,220.5191218789086,1.0797456425577927,74.0043339951449,60.671801820768664,76.4416011783486,75.5179834972121,95.45986864324972
6.824072845699255,0.21326395729564881,0.06616784629343542,0.31855164564715177,0.4413652852893081,0.5466530316870603,0.9877283883598197,560.5940600824397,7.5842710869659555,44.607991907276755,50.772507307386796,36.05618497897274,20.023327196803503,84.48565844573164
4.92737729099382,0.6324104503001076,0.12288648007593796,0.09529643474717908,0.8111035152253958,0.020605081499871152,0.217808828803388,776.7282585999191,5.280103768647053,27.298060987207375,89.55239850039543,25.329306306289762,81.77899815643448,16.21039962342885
11.172265321590103,1.7821129864265026,1.0119787016768667,0.20068734301110747,0.4204398072779212,0.5713869520363801,0.44337467522661816,4.066208930733768,14.305438473026667,14.889504370209131,0.8258323394618995,51.261284443571455,1.2531363204168855,76.75639271243443
4.92737729099382,0.6324104503001076,0.12288648007593796,0.09529643474717908,0.8111035152253958,0.020605081499871152,0.217808828803388,776.7282585999191,5.280103768647053,27.298060987207375,89.55239850039543,25.329306306289762,81.77899815643448,16.21039962342885
4.92737729099382,0.6324104503001076,0.12288648007593796,0.09529643474717908,0.8111035152253958,0.020605081499871152,0.217808828803388,776.7282585999191,5.280103768647053,27.298060987207375,89.55239850039543,25.329306306289762,81.77899815643448,16.21039962342885
4.92737729099382,0.6324104503001076,0.12288648007593796,0.09529643474717908,0.8111035152253958,0.020605081499871152,0.217808828803388,776.7282585999191,5.280103768647053,27.298060987207375,89.55239850039543,25.329306306289762,81.77899815643448,16.21039962342885
4.92737729099382,0.6324104503001076,0.12288648007593796,0.09529643474717908,0.8111035152253958,0.020605081499871152,0.217808828803388,776.7282585999191,5.280103768647053,27.298060987207375,89.55239850039543,25.329306306289762,81.77899815643448,16.21039962342885
4.92737729099382,0.6324104503001076,0.12288648007593796,0.09529643474717908,0.8111035152253958,0.020605081499871152,0.217808828803388,776.7282585999191,5.280103768647053,27.298060987207375,89.55239850039543,25.329306306289762,81.77899815643448,16.21039962342885
4.92737729099382,0.6324104503001076,0.12288648007593796,0.09529643474717908,0.8111035152253958,0.020605081499871152,0.217808828803388,776.7282585999191,5.280103768647053,27.298060987207375,89.55239850039543,25.329306306289762,81.77899815643448,16.21039962342885
4.92737729099382,0.6324104503001076,0.12288648007593796,0.09529643474717908,0.8111035152253958,0.020605081499871152,0.217808828803388,776.7282585999191,5.280103768647053,27.298060987207375,89.55239850039543,25.329306306289762,81.77899815643448,16.21039962342885
11.955627150138794,0.21437007564349125,1.740661005363655,0.05539635917546318,0.7255585419294563,0.39002016005310725,0.3611346988552321,988.753805032351,3.2082000925718557,60.01372207339718,17.958752661598144,46.34012889659222,65.70648229995298,37.95093181197288
4.92737729099382,0.6324104503001076,0.12288648007593796,0.09529643474717908,0.8111035152253958,0.020605081499871152,0.217808828803388,776.7282585999191,5.280103768647053,27.298060987207375,89.55239850039543,25.329306306289762,81.77899815643448,16.21039962342885
4.92737729099382,0.6324104503001076,0.12288648007593796,0.09529643474717908,0.8111035152253958,0.020605081499871152,0.217808828803388,776.7282585999191,5.280103768647053,27.298060987207375,89.55239850039543,25.329306306289762,81.77899815643448,16.21039962342885
4.92737729099382,0.6324104503001076,0.12288648007593796,0.09529643474717908,0.8111035152253958,0.020605081499871152,0.217808828803388,776.7282585999191,5.280103768647053,27.298060987207375,89.55239850039543,25.329306306289762,81.77899815643448,16.21039962342885
4.92737729099382,0.6324104503001076,0.12288648007593796,0.09529643474717908,0.8111035152253958,0.020605081499871152,0.217808828803388,776.7282585999191,5.280103768647053,27.298060987207375,89.55239850039543,25.329306306289762,81.77899815643448,16.21039962342885
4.92737729099382,0.6324104503001076,0.12288648007593796,0.09529643474717908,0.8111035152253958,0.020605081499871152,0.217808828803388,776.7282585999191,5.280103768647053,27.298060987207375,89.55239850039543,25.329306306289762,81.77899815643448,16.21039962342885
4.92737729099382,0.6324104503001076,0.12288648007593796,0.09529643474717908,0.8111035152253958,0.020605081499871152,0.217808828803388,776.7282585999191,5.280103768647053,27.298060987207375,89.55239850039543,25.329306306289762,81.77899815643448,16.21039962342885
6.824072845699255,0.21326395729564881,0.06616784629343542,0.31855164564715177,0.4413652852893081,0.5466530316870603,0.9877283883598197,560.5940600824397,7.5842710869659555,44.607991907276755,50.772507307386796,36.05618497897274,20.023327196803503,84.48565844573164
7.367600258503895,1.9301186174208258,0.23576473758975913,0.017155118520314663,0.7337929877591182,0.11737684892171117,0.26920302705101,220.5191218789086,1.0797456425577927,74.0043339951449,60.671801820768664,76.4416011783486,75.5179834972121,95.45986864324972
11.172265321590103,1.7821129864265026,1.0119787016768667,0.20068734301110747,0.4204398072779212,0.5713869520363801,0.44337467522661816,4.066208930733768,14.305438473026667,14.889504370209131,0.8258323394618995,51.261284443571455,1.2531363204168855,76.75639271243443
4.92737729099382,0.6324104503001076,0.12288648007593796,0.09529643474717908,0.8111035152253958,0.020605081499871152,0.217808828803388,776.7282585999191,5.280103768647053,27.298060987207375,89.55239850039543,25.329306306289762,81.77899815643448,16.21039962342885
4.92737729099382,0.6324104503001076,0.12288648007593796,0.09529643474717908,0.8111035152253958,0.020605081499871152,0.217808828803388,776.7282585999191,5.280103768647053,27.298060987207375,89.55239850039543,25.329306306289762,81.77899815643448,16.21039962342885
4.92737729099382,0.6324104503001076,0.12288648007593796,0.09529643474717908,0.8111035152253958,0.020605081499871152,0.217808828803388,776.7282585999191,5.280103768647053,27.298060987207375,89.55239850039543,25.329306306289762,81.77899815643448,16.21039962342885
4.92737729099382,0.6324104503001076,0.12288648007593796,0.09529643474717908,0.8111035152253958,0.020605081499871152,0.217808828803388,776.7282585999191,5.280103768647053,27.298060987207375,89.55239850039543,25.329306306289762,81.77899815643448,16.21039962342885
4.92737729099382,0.6324104503001076,0.12288648007593796,0.09529643474717908,0.8111035152253958,0.020605081499871152,0.217808828803388,776.7282585999191,5.280103768647053,27.298060987207375,89.55239850039543,25.329306306289762,81.77899815643448,16.21039962342885
4.92737729099382,0.6324104503001076,0.12288648007593796,0.09529643474717908,0.8111035152253958,0.020605081499871152,0.217808828803388,776.7282585999191,5.280103768647053,27.298060987207375,89.55239850039543,25.329306306289762,81.77899815643448,16.21039962342885
4.92737729099382,0.6324104503001076,0.12288648007593796,0.09529643474717908,0.8111035152253958,0.020605081499871152,0.217808828803388,776.7282585999191,5.280103768647053,27.298060987207375,89.55239850039543,25.329306306289762,81.77899815643448,16.21039962342885
4.92737729099382,0.6324104503001076,0.12288648007593796,0.09529643474717908,0.8111035152253958,0.020605081499871152,0.217808828803388,776.7282585999191,5.280103768647053,27.298060987207375,89.55239850039543,25.329306306289762,81.77899815643448,16.21039962342885
4.92737729099382,0.6324104503001076,0.12288648007593796,0.09529643474717908,0.8111035152253958,0.020605081499871152,0.217808828803388,776.7282585999191,5.280103768647053,27.298060987207375,89.55239850039543,25.329306306289762,81.77899815643448,16.21039962342885
11.955627150138794,0.21437007564349125,1.740661005363655,0.05539635917546318,0.7255585419294563,0.39002016005310725,0.3611346988552321,988.753805032351,3.2082000925718557,60.01372207339718,17.958752661598144,46.34012889659222,65.70648229995298,37.95093181197288
4.92737729099382,0.6324104503001076,0.12288648007593796,0.09529643474717908,0.8111035152253958,0.020605081499871152,0.217808828803388,776.7282585999191,5.280103768647053,27.298060987207375,89.55239850039543,25.329306306289762,81.77899815643448,16.21039962342885
6.336089364148827,0.6879182203820646,2.622497150060413,0.05057919380043469,0.12805400240657866,0.5443813760587555,0.8080912578470197,36.73849819338818,6.565141711898235,12.774457953047293,40.761419593762795,4.642522466478539,11.362574359834388,58.81813743914106
4.92737729099382,0.6324104503001076,0.12288648007593796,0.09529643474717908,0.8111035152253958,0.020605081499871152,0.217808828803388,776.7282585999191,5.280103768647053,27.298060987207375,89.55239850039543,25.329306306289762,81.77899815643448,16.21039962342885
4.92737729099382,0.6324104503001076,0.12288648007593796,0.09529643474717908,0.8111035152253958,0.020605081499871152,0.217808828803388,776.7282585999191,5.280103768647053,27.298060987207375,89.55239850039543,25.329306306289762,81.77899815643448,16.21039962342885
4.92737729099382,0.6324104503001076,0.12288648007593796,0.09529643474717908,0.8111035152253958,0.020605081499871152,0.217808828803388,776.7282585999191,5.280103768647053,27.298060987207375,89.55239850039543,25.329306306289762,81.77899815643448,16.21039962342885
4.92737729099382,0.6324104503001076,0.12288648007593796,0.09529643474717908,0.8111035152253958,0.020605081499871152,0.217808828803388,776.7282585999191,5.280103768647053,27.298060987207375,89.55239850039543,25.329306306289762,81.77899815643448,16.21039962342885
4.92737729099382,0.6324104503001076,0.12288648007593796,0.09529643474717908,0.8111035152253958,0.020605081499871152,0.217808828803388,776.7282585999191,5.280103768647053,27.298060987207375,89.55239850039543,25.329306306289762,81.77899815643448,16.21039962342885
4.92737729099382,0.6324104503001076,0.12288648007593796,0.09529643474717908,0.8111035152253958,0.020605081499871152,0.217808828803388,776.7282585999191,5.280103768647053,27.298060987207375,89.55239850039543,25.329306306289762,81.77899815643448,16.21039962342885
6.336089364148827,0.6879182203820646,2.622497150060413,0.05057919380043469,0.12805400240657866,0.5443813760587555,0.8080912578470197,36.73849819338818,6.565141711898235,12.774457953047293,40.761419593762795,4.642522466478539,11.362574359834388,58.81813743914106
7.367600258503895,1.9301186174208258,0.23576473758975913,0.017155118520314663,0.7337929877591182,0.11737684892171117,0.26920302705101,220.5191218789086,1.0797456425577927,74.0043339951449,60.671801820768664,76.4416011783486,75.5179834972121,95.45986864324972
4.92737729099382,0.6324104503001076,0.12288648007593796,0.09529643474717908,0.8111035152253958,0.020605081499871152,0.217808828803388,776.7282585999191,5.280103768647053,27.298060987207375,89.55239850039543,25.329306306289762,81.77899815643448,16.21039962342885
6.824072845699255,0.21326395729564881,0.06616784629343542,0.31855164564715177,0.4413652852893081,0.5466530316870603,0.9877283883598197,560.5940600824397,7.5842710869659555,44.607991907276755,50.772507307386796,36.05618497897274,20.023327196803503,84.48565844573164
4.92737729099382,0.6324104503001076,0.12288648007593796,0.09529643474717908,0.8111035152253958,0.020605081499871152,0.217808828803388,776.7282585999191,5.280103768647053,27.298060987207375,89.55239850039543,25.329306306289762,81.77899815643448,16.21039962342885
4.92737729099382,0.6324104503001076,0.12288648007593796,0.09529643474717908,0.8111035152253958,0.020605081499871152,0.217808828803388,776.7282585999191,5.280103768647053,27.298060987207375,89.55239850039543,25.329306306289762,81.77899815643448,16.21039962342885
4.92737729099382,0.6324104503001076,0.12288648007593796,0.09529643474717908,0.8111035152253958,0.020605081499871152,0.217808828803388,776.7282585999191,5.280103768647053,27.298060987207375,89.55239850039543,25.329306306289762,81.77899815643448,16.21039962342885
4.92737729099382,0.6324104503001076,0.12288648007593796,0.09529643474717908,0.8111035152253958,0.020605081499871152,0.217808828803388,776.7282585999191,5.280103768647053,27.298060987207375,89.55239850039543,25.329306306289762,81.77899815643448,16.21039962342885
4.92737729099382,0.6324104503001076,0.12288648007593796,0.09529643474717908,0.8111035152253958,0.020605081499871152,0.217808828803388,776.7282585999191,5.280103768647053,27.298060987207375,89.55239850039543,25.329306306289762,81.77899815643448,16.21039962342885
4.92737729099382,0.6324104503001076,0.12288648007593796,0.09529643474717908,0.8111035152253958,0.020605081499871152,0.217808828803388,776.7282585999191,5.280103768647053,27.298060987207375,89.55239850039543,25.329306306289762,81.77899815643448,16.21039962342885
11.955627150138794,0.21437007564349125,1.740661005363655,0.05539635917546318,0.7255585419294563,0.39002016005310725,0.3611346988552321,988.753805032351,3.2082000925718557,60.01372207339718,17.958752661598144,46.34012889659222,65.70648229995298,37.95093181197288
4.92737729099382,0.6324104503001076,0.12288648007593796,0.09529643474717908,0.8111035152253958,0.020605081499871152,0.217808828803388,776.7282585999191,5.280103768647053,27.298060987207375,89.55239850039543,25.329306306289762,81.77899815643448,16.21039962342885
6.336089364148827,0.6879182203820646,2.622497150060413,0.05057919380043469,0.12805400240657866,0.5443813760587555,0.8080912578470197,36.73849819338818,6.565141711898235,12.774457953047293,40.761419593762795,4.642522466478539,11.362574359834388,58.81813743914106
7.367600258503895,1.9301186174208258,0.23576473758975913,0.017155118520314663,0.7337929877591182,0.11737684892171117,0.26920302705101,220.5191218789086,1.0797456425577927,74.0043339951449,60.671801820768664,76.4416011783486,75.5179834972121,95.45986864324972
4.92737729099382,0.6324104503001076,0.12288648007593796,0.09529643474717908,0.8111035152253958,0.020605081499871152,0.217808828803388,776.7282585999191,5.280103768647053,27.298060987207375,89.55239850039543,25.329306306289762,81.77899815643448,16.21039962342885
4.92737729099382,0.6324104503001076,0.12288648007593796,0.09529643474717908,0.8111035152253958,0.020605081499871152,0.217808828803388,776.7282585999191,5.280103768647053,27.298060987207375,89.55239850039543,25.329306306289762,81.77899815643448,16.21039962342885
4.92737729099382,0.6324104503001076,0.12288648007593796,0.09529643474717908,0.8111035152253958,0.020605081499871152,0.217808828803388,776.7282585999191,5.280103768647053,27.298060987207375,89.55239850039543,25.329306306289762,81.77899815643448,16.21039962342885
4.92737729099382,0.6324104503001076,0.12288648007593796,0.09529643474717908,0.8111035152253958,0.020605081499871152,0.217808828803388,776.7282585999191,5.280103768647053,27.298060987207375,89.55239850039543,25.329306306289762,81.77899815643448,16.21039962342885
4.92737729099382,0.6324104503001076,0.12288648007593796,0.09529643474717908,0.8111035152253958,0.020605081499871152,0.217808828803388,776.7282585999191,5.280103768647053,27.298060987207375,89.55239850039543,25.329306306289762,81.77899815643448,16.21039962342885
4.92737729099382,0.6324104503001076,0.12288648007593796,0.09529643474717908,0.8111035152253958,0.020605081499871152,0.217808828803388,776.7282585999191,5.280103768647053,27.298060987207375,89.55239850039543,25.329306306289762,81.77899815643448,16.21039962342885
4.92737729099382,0.6324104503001076,0.12288648007593796,0.09529643474717908,0.8111035152253958,0.020605081499871152,0.217808828803388,776.7282585999191,5.280103768647053,27.298060987207375,89.55239850039543,25.329306306289762,81.77899815643448,16.21039962342885
4.92737729099382,0.6324104503001076,0.12288648007593796,0.09529643474717908,0.8111035152253958,0.020605081499871152,0.217808828803388,776.7282585999191,5.280103768647053,27.298060987207375,89.55239850039543,25.329306306289762,81.77899815643448,16.21039962342885
4.92737729099382,0.6324104503001076,0.12288648007593796,0.09529643474717908,0.8111035152253958,0.020605081499871152,0.217808828803388,776.7282585999191,5.280103768647053,27.298060987207375,89.55239850039543,25.329306306289762,81.77899815643448,16.21039962342885
6.336089364148827,0.6879182203820646,2.622497150060413,0.05057919380043469,0.12805400240657866,0.5443813760587555,0.8080912578470197,36.73849819338818,6.565141711898235,12.774457953047293,40.761419593762795,4.642522466478539,11.362574359834388,58.81813743914106
11.955627150138794,0.21437007564349125,1.740661005363655,0.05539635917546318,0.7255585419294563,0.39002016005310725,0.3611346988552321,988.753805032351,3.2082000925718557,60.01372207339718,17.958752661598144,46.34012889659222,65.70648229995298,37.95093181197288
6.824072845699255,0.21326395729564881,0.06616784629343542,0.31855164564715177,0.4413652852893081,0.5466530316870603,0.9877283883598197,560.5940600824397,7.5842710869659555,44.607991907276755,50.772507307386796,36.05618497897274,20.023327196803503,84.48565844573164
4.92737729099382,0.6324104503001076,0.12288648007593796,0.09529643474717908,0.8111035152253958,0.020605081499871152,0.217808828803388,776.7282585999191,5.280103768647053,27.298060987207375,89.55239850039543,25.329306306289762,81.77899815643448,16.21039962342885
4.92737729099382,0.6324104503001076,0.12288648007593796,0.09529643474717908,0.8111035152253958,0.020605081499871152,0.217808828803388,776.7282585999191,5.280103768647053,27.298060987207375,89.55239850039543,25.329306306289762,81.77899815643448,16.21039962342885
4.92737729099382,0.6324104503001076,0.12288648007593796,0.09529643474717908,0.8111035152253958,0.020605081499871152,0.217808828803388,776.7282585999191,5.280103768647053,27.298060987207375,89.55239850039543,25.329306306289762,81.77899815643448,16.21039962342885
4.92737729099382,0.6324104503001076,0.12288648007593796,0.09529643474717908,0.8111035152253958,0.020605081499871152,0.217808828803388,776.7282585999191,5.280103768647053,27.298060987207375,89.55239850039543,25.329306306289762,81.77899815643448,16.21039962342885
4.92737729099382,0.6324104503001076,0.12288648007593796,0.09529643474717908,0.8111035152253958,0.020605081499871152,0.217808828803388,776.7282585999191,5.280103768647053,27.298060987207375,89.55239850039543,25.329306306289762,81.77899815643448,16.21039962342885
4.92737729099382,0.6324104503001076,0.12288648007593796,0.09529643474717908,0.8111035152253958,0.020605081499871152,0.217808828803388,776.7282585999191,5.280103768647053,27.298060987207375,89.55239850039543,25.329306306289762,81.77899815643448,16.21039962342885
6.336089364148827,0.6879182203820646,2.622497150060413,0.05057919380043469,0.12805400240657866,0.5443813760587555,0.8080912578470197,36.73849819338818,6.565141711898235,12.774457953047293,40.761419593762795,4.642522466478539,11.362574359834388,58.81813743914106
6.824072845699255,0.21326395729564881,0.06616784629343542,0.31855164564715177,0.4413652852893081,0.5466530316870603,0.9877283883598197,560.5940600824397,7.5842710869659555,44.607991907276755,50.772507307386796,36.05618497897274,20.023327196803503,84.48565844573164
4.92737729099382,0.6324104503001076,0.12288648007593796,0.09529643474717908,0.8111035152253958,0.020605081499871152,0.217808828803388,776.7282585999191,5.280103768647053,27.298060987207375,89.55239850039543,25.329306306289762,81.77899815643448,16.21039962342885
4.92737729099382,0.6324104503001076,0.12288648007593796,0.09529643474717908,0.8111035152253958,0.020605081499871152,0.217808828803388,776.7282585999191,5.280103768647053,27.298060987207375,89.55239850039543,25.329306306289762,81.77899815643448,16.21039962342885
7.367600258503895,1.9301186174208258,0.23576473758975913,0.017155118520314663,0.7337929877591182,0.11737684892171117,0.26920302705101,220.5191218789086,1.0797456425577927,74.0043339951449,60.671801820768664,76.4416011783486,75.5179834972121,95.45986864324972
4.92737729099382,0.6324104503001076,0.12288648007593796,0.09529643474717908,0.8111035152253958,0.020605081499871152,0.217808828803388,776.7282585999191,5.280103768647053,27.298060987207375,89.55239850039543,25.329306306289762,81.77899815643448,16.21039962342885
4.92737729099382,0.6324104503001076,0.12288648007593796,0.09529643474717908,0.8111035152253958,0.020605081499871152,0.217808828803388,776.7282585999191,5.280103768647053,27.298060987207375,89.55239850039543,25.329306306289762,81.77899815643448,16.21039962342885
4.92737729099382,0.6324104503001076,0.12288648007593796,0.09529643474717908,0.8111035152253958,0.020605081499871152,0.217808828803388,776.7282585999191,5.280103768647053,27.298060987207375,89.55239850039543,25.329306306289762,81.77899815643448,16.21039962342885
4.92737729099382,0.6324104503001076,0.12288648007593796,0.09529643474717908,0.8111035152253958,0.020605081499871152,0.217808828803388,776.7282585999191,5.280103768647053,27.298060987207375,89.55239850039543,25.329306306289762,81.77899815643448,16.21039962342885
4.92737729099382,0.6324104503001076,0.12288648007593796,0.09529643474717908,0.8111035152253958,0.020605081499871152,0.217808828803388,776.7282585999191,5.280103768647053,27.298060987207375,89.55239850039543,25.329306306289762,81.77899815643448,16.21039962342885
4.92737729099382,0.6324104503001076,0.12288648007593796,0.09529643474717908,0.8111035152253958,0.020605081499871152,0.217808828803388,776.7282585999191,5.280103768647053,27.298060987207375,89.55239850039543,25.329306306289762,81.77899815643448,16.21039962342885
4.92737729099382,0.6324104503001076,0.12288648007593796,0.09529643474717908,0.8111035152253958,0.020605081499871152,0.217808828803388,776.7282585999191,5.280103768647053,27.298060987207375,89.55239850039543,25.329306306289762,81.77899815643448,16.21039962342885
7.367600258503895,1.9301186174208258,0.23576473758975913,0.017155118520314663,0.7337929877591182,0.11737684892171117,0.26920302705101,220.5191218789086,1.0797456425577927,74.0043339951449,60.671801820768664,76.4416011783486,75.5179834972121,95.45986864324972
4.92737729099382,0.6324104503001076,0.12288648007593796,0.09529643474717908,0.8111035152253958,0.020605081499871152,0.217808828803388,776.7282585999191,5.280103768647053,27.298060987207375,89.55239850039543,25.329306306289762,81.77899815643448,16.21039962342885
4.92737729099382,0.6324104503001076,0.12288648007593796,0.09529643474717908,0.8111035152253958,0.020605081499871152,0.217808828803388,776.7282585999191,5.280103768647053,27.298060987207375,89.55239850039543,25.329306306289762,81.77899815643448,16.21039962342885
6.336089364148827,0.6879182203820646,2.622497150060413,0.05057919380043469,0.12805400240657866,0.5443813760587555,0.8080912578470197,36.73849819338818,6.565141711898235,12.774457953047293,40.761419593762795,4.642522466478539,11.362574359834388,58.81813743914106
4.92737729099382,0.6324104503001076,0.12288648007593796,0.09529643474717908,0.8111035152253958,0.020605081499871152,0.217808828803388,776.7282585999191,5.280103768647053,27.298060987207375,89.55239850039543,25.329306306289762,81.77899815643448,16.21039962342885
4.92737729099382,0.6324104503001076,0.12288648007593796,0.09529643474717908,0.8111035152253958,0.020605081499871152,0.217808828803388,776.7282585999191,5.280103768647053,27.298060987207375,89.55239850039543,25.329306306289762,81.77899815643448,16.21039962342885
11.955627150138794,0.21437007564349125,1.740661005363655,0.05539635917546318,0.7255585419294563,0.39002016005310725,0.3611346988552321,988.753805032351,3.2082000925718557,60.01372207339718,17.958752661598144,46.34012889659222,65.70648229995298,37.95093181197288
4.92737729099382,0.6324104503001076,0.12288648007593796,0.09529643474717908,0.8111035152253958,0.020605081499871152,0.217808828803388,776.7282585999191,5.280103768647053,27.298060987207375,89.55239850039543,25.329306306289762,81.77899815643448,16.21039962342885
4.92737729099382,0.6324104503001076,0.12288648007593796,0.09529643474717908,0.8111035152253958,0.020605081499871152,0.217808828803388,776.7282585999191,5.280103768647053,27.298060987207375,89.55239850039543,25.329306306289762,81.77899815643448,16.21039962342885
4.92737729099382,0.6324104503001076,0.12288648007593796,0.09529643474717908,0.8111035152253958,0.020605081499871152,0.217808828803388,776.7282585999191,5.280103768647053,27.298060987207375,89.55239850039543,25.329306306289762,81.77899815643448,16.21039962342885
4.92737729099382,0.6324104503001076,0.12288648007593796,0.09529643474717908,0.8111035152253958,0.020605081499871152,0.217808828803388,776.7282585999191,5.280103768647053,27.298060987207375,89.55239850039543,25.329306306289762,81.77899815643448,16.21039962342885
4.92737729099382,0.6324104503001076,0.12288648007593796,0.09529643474717908,0.8111035152253958,0.020605081499871152,0.217808828803388,776.7282585999191,5.280103768647053,27.298060987207375,89.55239850039543,25.329306306289762,81.77899815643448,16.21039962342885
6.336089364148827,0.6879182203820646,2.622497150060413,0.05057919380043469,0.12805400240657866,0.5443813760587555,0.8080912578470197,36.73849819338818,6.565141711898235,12.774457953047293,40.761419593762795,4.642522466478539,11.362574359834388,58.81813743914106
4.92737729099382,0.6324104503001076,0.12288648007593796,0.09529643474717908,0.8111035152253958,0.020605081499871152,0.217808828803388,776.7282585999191,5.280103768647053,27.298060987207375,89.55239850039543,25.329306306289762,81.77899815643448,16.21039962342885
6.824072845699255,0.21326395729564881,0.06616784629343542,0.31855164564715177,0.4413652852893081,0.5466530316870603,0.9877283883598197,560.5940600824397,7.5842710869659555,44.607991907276755,50.772507307386796,36.05618497897274,20.023327196803503,84.48565844573164
4.92737729099382,0.6324104503001076,0.12288648007593796,0.09529643474717908,0.8111035152253958,0.020605081499871152,0.217808828803388,776.7282585999191,5.280103768647053,27.298060987207375,89.55239850039543,25.329306306289762,81.77899815643448,16.21039962342885
4.92737729099382,0.6324104503001076,0.12288648007593796,0.09529643474717908,0.8111035152253958,0.020605081499871152,0.217808828803388,776.7282585999191,5.280103768647053,27.298060987207375,89.55239850039543,25.329306306289762,81.77899815643448,16.21039962342885
4.92737729099382,0.6324104503001076,0.12288648007593796,0.09529643474717908,0.8111035152253958,0.020605081499871152,0.217808828803388,776.7282585999191,5.280103768647053,27.298060987207375,89.55239850039543,25.329306306289762,81.77899815643448,16.21039962342885
4.92737729099382,0.6324104503001076,0.12288648007593796,0.09529643474717908,0.8111035152253958,0.020605081499871152,0.217808828803388,776.7282585999191,5.280103768647053,27.298060987207375,89.55239850039543,25.329306306289762,81.77899815643448,16.21039962342885
4.92737729099382,0.6324104503001076,0.12288648007593796,0.09529643474717908,0.8111035152253958,0.020605081499871152,0.217808828803388,776.7282585999191,5.280103768647053,27.298060987207375,89.55239850039543,25.329306306289762,81.77899815643448,16.21039962342885
4.92737729099382,0.6324104503001076,0.12288648007593796,0.09529643474717908,0.8111035152253958,0.020605081499871152,0.217808828803388,776.7282585999191,5.280103768647053,27.298060987207375,89.55239850039543,25.329306306289762,81.77899815643448,16.21039962342885
4.92737729099382,0.6324104503001076,0.12288648007593796,0.09529643474717908,0.8111035152253958,0.020605081499871152,0.217808828803388,776.7282585999191,5.280103768647053,27.298060987207375,89.55239850039543,25.329306306289762,81.77899815643448,16.21039962342885
4.92737729099382,0.6324104503001076,0.12288648007593796,0.09529643474717908,0.8111035152253958,0.020605081499871152,0.217808828803388,776.7282585999191,5.280103768647053,27.298060987207375,89.55239850039543,25.329306306289762,81.77899815643448,16.21039962342885
6.336089364148827,0.6879182203820646,2.622497150060413,0.05057919380043469,0.12805400240657866,0.5443813760587555,0.8080912578470197,36.73849819338818,6.565141711898235,12.774457953047293,40.761419593762795,4.642522466478539,11.362574359834388,58.81813743914106
4.92737729099382,0.6324104503001076,0.12288648007593796,0.09529643474717908,0.8111035152253958,0.020605081499871152,0.217808828803388,776.7282585999191,5.280103768647053,27.298060987207375,89.55239850039543,25.329306306289762,81.77899815643448,16.21039962342885
4.92737729099382,0.6324104503001076,0.12288648007593796,0.09529643474717908,0.8111035152253958,0.020605081499871152,0.217808828803388,776.7282585999191,5.280103768647053,27.298060987207375,89.55239850039543,25.329306306289762,81.77899815643448,16.21039962342885
7.367600258503895,1.9301186174208258,0.23576473758975913,0.017155118520314663,0.7337929877591182,0.11737684892171117,0.26920302705101,220.5191218789086,1.0797456425577927,74.0043339951449,60.671801820768664,76.4416011783486,75.5179834972121,95.45986864324972
4.92737729099382,0.6324104503001076,0.12288648007593796,0.09529643474717908,0.8111035152253958,0.020605081499871152,0.217808828803388,776.7282585999191,5.280103768647053,27.298060987207375,89.55239850039543,25.329306306289762,81.77899815643448,16.21039962342885
4.92737729099382,0.6324104503001076,0.12288648007593796,0.09529643474717908,0.8111035152253958,0.020605081499871152,0.217808828803388,776.7282585999191,5.280103768647053,27.298060987207375,89.55239850039543,25.329306306289762,81.77899815643448,16.21039962342885
11.955627150138794,0.21437007564349125,1.740661005363655,0.05539635917546318,0.7255585419294563,0.39002016005310725,0.3611346988552321,988.753805032351,3.2082000925718557,60.01372207339718,17.958752661598144,46.34012889659222,65.70648229995298,37.95093181197288
4.92737729099382,0.6324104503001076,0.12288648007593796,0.09529643474717908,0.8111035152253958,0.020605081499871152,0.217808828803388,776.7282585999191,5.280103768647053,27.298060987207375,89.55239850039543,25.329306306289762,81.77899815643448,16.21039962342885
4.92737729099382,0.6324104503001076,0.12288648007593796,0.09529643474717908,0.8111035152253958,0.020605081499871152,0.217808828803388,776.7282585999191,5.280103768647053,27.298060987207375,89.55239850039543,25.329306306289762,81.77899815643448,16.21039962342885
4.92737729099382,0.6324104503001076,0.12288648007593796,0.09529643474717908,0.8111035152253958,0.020605081499871152,0.217808828803388,776.7282585999191,5.280103768647053,27.298060987207375,89.55239850039543,25.329306306289762,81.77899815643448,16.21039962342885
4.92737729099382,0.6324104503001076,0.12288648007593796,0.09529643474717908,0.8111035152253958,0.020605081499871152,0.217808828803388,776.7282585999191,5.280103768647053,27.298060987207375,89.55239850039543,25.329306306289762,81.77899815643448,16.21039962342885
4.92737729099382,0.6324104503001076,0.12288648007593796,0.09529643474717908,0.8111035152253958,0.020605081499871152,0.217808828803388,776.7282585999191,5.280103768647053,27.298060987207375,89.55239850039543,25.329306306289762,81.77899815643448,16.21039962342885
6.824072845699255,0.21326395729564881,0.06616784629343542,0.31855164564715177,0.4413652852893081,0.5466530316870603,0.9877283883598197,560.5940600824397,7.5842710869659555,44.607991907276755,50.772507307386796,36.05618497897274,20.023327196803503,84.48565844573164
4.92737729099382,0.6324104503001076,0.12288648007593796,0.09529643474717908,0.8111035152253958,0.020605081499871152,0.217808828803388,776.7282585999191,5.280103768647053,27.298060987207375,89.55239850039543,25.329306306289762,81.77899815643448,16.21039962342885
11.955627150138794,0.21437007564349125,1.740661005363655,0.05539635917546318,0.7255585419294563,0.39002016005310725,0.3611346988552321,988.753805032351,3.2082000925718557,60.01372207339718,17.958752661598144,46.34012889659222,65.70648229995298,37.95093181197288
4.92737729099382,0.6324104503001076,0.12288648007593796,0.09529643474717908,0.8111035152253958,0.020605081499871152,0.217808828803388,776.7282585999191,5.280103768647053,27.298060987207375,89.55239850039543,25.329306306289762,81.77899815643448,16.21039962342885
4.92737729099382,0.6324104503001076,0.12288648007593796,0.09529643474717908,0.8111035152253958,0.020605081499871152,0.217808828803388,776.7282585999191,5.280103768647053,27.298060987207375,89.55239850039543,25.329306306289762,81.77899815643448,16.21039962342885
4.92737729099382,0.6324104503001076,0.12288648007593796,0.09529643474717908,0.8111035152253958,0.020605081499871152,0.217808828803388,776.7282585999191,5.280103768647053,27.298060987207375,89.55239850039543,25.329306306289762,81.77899815643448,16.21039962342885
4.92737729099382,0.6324104503001076,0.12288648007593796,0.09529643474717908,0.8111035152253958,0.020605081499871152,0.217808828803388,776.7282585999191,5.280103768647053,27.298060987207375,89.55239850039543,25.329306306289762,81.77899815643448,16.21039962342885
4.92737729099382,0.6324104503001076,0.12288648007593796,0.09529643474717908,0.8111035152253958,0.020605081499871152,0.217808828803388,776.7282585999191,5.280103768647053,27.298060987207375,89.55239850039543,25.329306306289762,81.77899815643448,16.21039962342885
4.92737729099382,0.6324104503001076,0.12288648007593796,0.09529643474717908,0.8111035152253958,0.020605081499871152,0.217808828803388,776.7282585999191,5.280103768647053,27.298060987207375,89.55239850039543,25.329306306289762,81.77899815643448,16.21039962342885
4.92737729099382,0.6324104503001076,0.12288648007593796,0.09529643474717908,0.8111035152253958,0.020605081499871152,0.217808828803388,776.7282585999191,5.280103768647053,27.298060987207375,89.55239850039543,25.329306306289762,81.77899815643448,16.21039962342885
6.336089364148827,0.6879182203820646,2.622497150060413,0.05057919380043469,0.12805400240657866,0.5443813760587555,0.8080912578470197,36.73849819338818,6.565141711898235,12.774457953047293,40.761419593762795,4.642522466478539,11.362574359834388,58.81813743914106
4.92737729099382,0.6324104503001076,0.12288648007593796,0.09529643474717908,0.8111035152253958,0.020605081499871152,0.217808828803388,776.7282585999191,5.280103768647053,27.298060987207375,89.55239850039543,25.329306306289762,81.77899815643448,16.21039962342885
4.92737729099382,0.6324104503001076,0.12288648007593796,0.09529643474717908,0.8111035152253958,0.020605081499871152,0.217808828803388,776.7282585999191,5.280103768647053,27.298060987207375,89.55239850039543,25.329306306289762,81.77899815643448,16.21039962342885
4.92737729099382,0.6324104503001076,0.12288648007593796,0.09529643474717908,0.8111035152253958,0.020605081499871152,0.217808828803388,776.7282585999191,5.280103768647053,27.298060987207375,89.55239850039543,25.329306306289762,81.77899815643448,16.21039962342885
4.92737729099382,0.6324104503001076,0.12288648007593796,0.09529643474717908,0.8111035152253958,0.020605081499871152,0.217808828803388,776.7282585999191,5.280103768647053,27.298060987207375,89.55239850039543,25.329306306289762,81.77899815643448,16.21039962342885
4.92737729099382,0.6324104503001076,0.12288648007593796,0.09529643474717908,0.8111035152253958,0.020605081499871152,0.217808828803388,776.7282585999191,5.280103768647053,27.298060987207375,89.55239850039543,25.329306306289762,81.77899815643448,16.21039962342885
4.922702328914244,0.6324104503001076,0.12288648007593796,0.09529643474717908,0.8111035152253958,0.020605081499871152,0.217808828803388,776.7282585999191,5.280103768647053,27.298060987207375,89.55239850039543,28.718063862213587,81.77899815643448,16.21039962342885
4.92737729099382,0.6324104503001076,0.12288648007593796,0.09529643474717908,0.8111035152253958,0.020605081499871152,0.217808828803388,776.7282585999191,5.280103768647053,27.298060987207375,89.55239850039543,25.329306306289762,81.77899815643448,16.21039962342885
4.92737729099382,0.6324104503001076,0.12288648007593796,0.09529643474717908,0.8111035152253958,0.020605081499871152,0.217808828803388,776.7282585999191,5.280103768647053,27.298060987207375,89.55239850039543,25.329306306289762,81.77899815643448,16.21039962342885
6.824072845699255,0.21326395729564881,0.06616784629343542,0.31855164564715177,0.4413652852893081,0.5466530316870603,0.9877283883598197,560.5940600824397,7.5842710869659555,44.607991907276755,50.772507307386796,36.05618497897274,20.023327196803503,84.48565844573164
4.92737729099382,0.6324104503001076,0.12288648007593796,0.09529643474717908,0.8111035152253958,0.020605081499871152,0.217808828803388,776.7282585999191,5.280103768647053,27.298060987207375,89.55239850039543,25.329306306289762,81.77899815643448,16.21039962342885
4.92737729099382,0.6324104503001076,0.12288648007593796,0.09529643474717908,0.8111035152253958,0.020605081499871152,0.217808828803388,776.7282585999191,5.280103768647053,27.298060987207375,89.55239850039543,25.329306306289762,81.77899815643448,16.21039962342885
4.92737729099382,0.6324104503001076,0.12288648007593796,0.09529643474717908,0.8111035152253958,0.020605081499871152,0.217808828803388,776.7282585999191,5.280103768647053,27.298060987207375,89.55239850039543,25.329306306289762,81.77899815643448,16.21039962342885
11.955627150138794,0.21437007564349125,1.740661005363655,0.05539635917546318,0.7255585419294563,0.39002016005310725,0.3611346988552321,988.753805032351,3.2082000925718557,60.01372207339718,17.958752661598144,46.34012889659222,65.70648229995298,37.95093181197288
4.92737729099382,0.6324104503001076,0.12288648007593796,0.09529643474717908,0.8111035152253958,0.020605081499871152,0.217808828803388,776.7282585999191,5.280103768647053,27.298060987207375,89.55239850039543,25.329306306289762,81.77899815643448,16.21039962342885
4.92737729099382,0.6324104503001076,0.12288648007593796,0.09529643474717908,0.8111035152253958,0.020605081499871152,0.217808828803388,776.7282585999191,5.280103768647053,27.298060987207375,89.55239850039543,25.329306306289762,81.77899815643448,16.21039962342885
4.92737729099382,0.6324104503001076,0.12288648007593796,0.09529643474717908,0.8111035152253958,0.020605081499871152,0.217808828803388,776.7282585999191,5.280103768647053,27.298060987207375,89.55239850039543,25.329306306289762,81.77899815643448,16.21039962342885
4.92737729099382,0.6324104503001076,0.12288648007593796,0.09529643474717908,0.8111035152253958,0.020605081499871152,0.217808828803388,776.7282585999191,5.280103768647053,27.298060987207375,89.55239850039543,25.329306306289762,81.77899815643448,16.21039962342885
4.92737729099382,0.6324104503001076,0.12288648007593796,0.09529643474717908,0.8111035152253958,0.020605081499871152,0.217808828803388,776.7282585999191,5.280103768647053,27.298060987207375,89.55239850039543,25.329306306289762,81.77899815643448,16.21039962342885
6.824072845699255,0.21326395729564881,0.06616784629343542,0.31855164564715177,0.4413652852893081,0.5466530316870603,0.9877283883598197,560.5940600824397,7.5842710869659555,44.607991907276755,50.772507307386796,36.05618497897274,20.023327196803503,84.48565844573164
4.92737729099382,0.6324104503001076,0.12288648007593796,0.09529643474717908,0.8111035152253958,0.020605081499871152,0.217808828803388,776.7282585999191,5.280103768647053,27.298060987207375,89.55239850039543,25.329306306289762,81.77899815643448,16.21039962342885
4.92737729099382,0.6324104503001076,0.12288648007593796,0.09529643474717908,0.8111035152253958,0.020605081499871152,0.217808828803388,776.7282585999191,5.280103768647053,27.298060987207375,89.55239850039543,25.329306306289762,81.77899815643448,16.21039962342885
4.92737729099382,0.6324104503001076,0.12288648007593796,0.09529643474717908,0.8111035152253958,0.020605081499871152,0.217808828803388,776.7282585999191,5.280103768647053,27.298060987207375,89.55239850039543,25.329306306289762,81.77899815643448,16.21039962342885
4.92737729099382,0.6324104503001076,0.12288648007593796,0.09529643474717908,0.8111035152253958,0.020605081499871152,0.217808828803388,776.7282585999191,5.280103768647053,27.298060987207375,89.55239850039543,25.329306306289762,81.77899815643448,16.21039962342885
6.336089364148827,0.6879182203820646,2.622497150060413,0.05057919380043469,0.12805400240657866,0.5443813760587555,0.8080912578470197,36.73849819338818,6.565141711898235,12.774457953047293,40.761419593762795,4.642522466478539,11.362574359834388,58.81813743914106
4.92737729099382,0.6324104503001076,0.12288648007593796,0.09529643474717908,0.8111035152253958,0.020605081499871152,0.217808828803388,776.7282585999191,5.280103768647053,27.298060987207375,89.55239850039543,25.329306306289762,81.77899815643448,16.21039962342885
4.92737729099382,0.6324104503001076,0.12288648007593796,0.09529643474717908,0.8111035152253958,0.020605081499871152,0.217808828803388,776.7282585999191,5.280103768647053,27.298060987207375,89.55239850039543,25.329306306289762,81.77899815643448,16.21039962342885
4.922702328914244,0.6324104503001076,0.12288648007593796,0.09529643474717908,0.8111035152253958,0.020605081499871152,0.217808828803388,776.7282585999191,5.280103768647053,27.298060987207375,89.55239850039543,28.718063862213587,81.77899815643448,16.21039962342885
11.955627150138794,0.21437007564349125,1.740661005363655,0.05539635917546318,0.7255585419294563,0.39002016005310725,0.3611346988552321,988.753805032351,3.2082000925718557,60.01372207339718,17.958752661598144,46.34012889659222,65.70648229995298,37.95093181197288
4.92737729099382,0.6324104503001076,0.12288648007593796,0.09529643474717908,0.8111035152253958,0.020605081499871152,0.217808828803388,776.7282585999191,5.280103768647053,27.298060987207375,89.55239850039543,25.329306306289762,81.77899815643448,16.21039962342885
4.92737729099382,0.6324104503001076,0.12288648007593796,0.09529643474717908,0.8111035152253958,0.020605081499871152,0.217808828803388,776.7282585999191,5.280103768647053,27.298060987207375,89.55239850039543,25.329306306289762,81.77899815643448,16.21039962342885
4.92737729099382,0.6324104503001076,0.12288648007593796,0.09529643474717908,0.8111035152253958,0.020605081499871152,0.217808828803388,776.7282585999191,5.280103768647053,27.298060987207375,89.55239850039543,25.329306306289762,81.77899815643448,16.21039962342885
4.92737729099382,0.6324104503001076,0.12288648007593796,0.09529643474717908,0.8111035152253958,0.020605081499871152,0.217808828803388,776.7282585999191,5.280103768647053,27.298060987207375,89.55239850039543,25.329306306289762,81.77899815643448,16.21039962342885
4.92737729099382,0.6324104503001076,0.12288648007593796,0.09529643474717908,0.8111035152253958,0.020605081499871152,0.217808828803388,776.7282585999191,5.280103768647053,27.298060987207375,89.55239850039543,25.329306306289762,81.77899815643448,16.21039962342885
6.336089364148827,0.6879182203820646,2.622497150060413,0.05057919380043469,0.12805400240657866,0.5443813760587555,0.8080912578470197,36.73849819338818,6.565141711898235,12.774457953047293,40.761419593762795,4.642522466478539,11.362574359834388,58.81813743914106
4.92737729099382,0.6324104503001076,0.12288648007593796,0.09529643474717908,0.8111035152253958,0.020605081499871152,0.217808828803388,776.7282585999191,5.280103768647053,27.298060987207375,89.55239850039543,25.329306306289762,81.77899815643448,16.21039962342885
4.92737729099382,0.6324104503001076,0.12288648007593796,0.09529643474717908,0.8111035152253958,0.020605081499871152,0.217808828803388,776.7282585999191,5.280103768647053,27.298060987207375,89.55239850039543,25.329306306289762,81.77899815643448,16.21039962342885
11.955627150138794,0.21437007564349125,1.740661005363655,0.05539635917546318,0.7255585419294563,0.39002016005310725,0.3611346988552321,988.753805032351,3.2082000925718557,60.01372207339718,17.958752661598144,46.34012889659222,65.70648229995298,37.95093181197288
6.824072845699255,0.21326395729564881,0.06616784629343542,0.31855164564715177,0.4413652852893081,0.5466530316870603,0.9877283883598197,560.5940600824397,7.5842710869659555,44.607991907276755,50.772507307386796,36.05618497897274,20.023327196803503,84.48565844573164
4.92737729099382,0.6324104503001076,0.12288648007593796,0.09529643474717908,0.8111035152253958,0.020605081499871152,0.217808828803388,776.7282585999191,5.280103768647053,27.298060987207375,89.55239850039543,25.329306306289762,81.77899815643448,16.21039962342885
4.92737729099382,0.6324104503001076,0.12288648007593796,0.09529643474717908,0.8111035152253958,0.020605081499871152,0.217808828803388,776.7282585999191,5.280103768647053,27.298060987207375,89.55239850039543,25.329306306289762,81.77899815643448,16.21039962342885
4.92737729099382,0.6324104503001076,0.12288648007593796,0.09529643474717908,0.8111035152253958,0.020605081499871152,0.217808828803388,776.7282585999191,5.280103768647053,27.298060987207375,89.55239850039543,25.329306306289762,81.77899815643448,16.21039962342885
4.92737729099382,0.6324104503001076,0.12288648007593796,0.09529643474717908,0.8111035152253958,0.020605081499871152,0.217808828803388,776.7282585999191,5.280103768647053,27.298060987207375,89.55239850039543,25.329306306289762,81.77899815643448,16.21039962342885
4.92737729099382,0.6324104503001076,0.12288648007593796,0.09529643474717908,0.8111035152253958,0.020605081499871152,0.217808828803388,776.7282585999191,5.280103768647053,27.298060987207375,89.55239850039543,25.329306306289762,81.77899815643448,16.21039962342885
4.92737729099382,0.6324104503001076,0.12288648007593796,0.09529643474717908,0.8111035152253958,0.020605081499871152,0.217808828803388,776.7282585999191,5.280103768647053,27.298060987207375,89.55239850039543,25.329306306289762,81.77899815643448,16.21039962342885
6.336089364148827,0.6879182203820646,2.622497150060413,0.05057919380043469,0.12805400240657866,0.5443813760587555,0.8080912578470197,36.73849819338818,6.565141711898235,12.774457953047293,40.761419593762795,4.642522466478539,11.362574359834388,58.81813743914106
4.92737729099382,0.6324104503001076,0.12288648007593796,0.09529643474717908,0.8111035152253958,0.020605081499871152,0.217808828803388,776.7282585999191,5.280103768647053,27.298060987207375,89.55239850039543,25.329306306289762,81.77899815643448,16.21039962342885
4.92737729099382,0.6324104503001076,0.12288648007593796,0.09529643474717908,0.8111035152253958,0.020605081499871152,0.217808828803388,776.7282585999191,5.280103768647053,27.298060987207375,89.55239850039543,25.329306306289762,81.77899815643448,16.21039962342885
4.922702328914244,0.6324104503001076,0.12288648007593796,0.09529643474717908,0.8111035152253958,0.020605081499871152,0.217808828803388,776.7282585999191,5.280103768647053,27.298060987207375,89.55239850039543,28.718063862213587,81.77899815643448,16.21039962342885
4.92737729099382,0.6324104503001076,0.12288648007593796,0.09529643474717908,0.8111035152253958,0.020605081499871152,0.217808828803388,776.7282585999191,5.280103768647053,27.298060987207375,89.55239850039543,25.329306306289762,81.77899815643448,16.21039962342885
4.92737729099382,0.6324104503001076,0.12288648007593796,0.09529643474717908,0.8111035152253958,0.020605081499871152,0.217808828803388,776.7282585999191,5.280103768647053,27.298060987207375,89.55239850039543,25.329306306289762,81.77899815643448,16.21039962342885
4.92737729099382,0.6324104503001076,0.12288648007593796,0.09529643474717908,0.8111035152253958,0.020605081499871152,0.217808828803388,776.7282585999191,5.280103768647053,27.298060987207375,89.55239850039543,25.329306306289762,81.77899815643448,16.21039962342885
4.92737729099382,0.6324104503001076,0.12288648007593796,0.09529643474717908,0.8111035152253958,0.020605081499871152,0.217808828803388,776.7282585999191,5.280103768647053,27.298060987207375,89.55239850039543,25.329306306289762,81.77899815643448,16.21039962342885
6.824072845699255,0.21326395729564881,0.06616784629343542,0.31855164564715177,0.4413652852893081,0.5466530316870603,0.9877283883598197,560.5940600824397,7.5842710869659555,44.607991907276755,50.772507307386796,36.05618497897274,20.023327196803503,84.48565844573164
4.92737729099382,0.6324104503001076,0.12288648007593796,0.09529643474717908,0.8111035152253958,0.020605081499871152,0.217808828803388,776.7282585999191,5.280103768647053,27.298060987207375,89.55239850039543,25.329306306289762,81.77899815643448,16.21039962342885
4.92737729099382,0.6324104503001076,0.12288648007593796,0.09529643474717908,0.8111035152253958,0.020605081499871152,0.217808828803388,776.7282585999191,5.280103768647053,27.298060987207375,89.55239850039543,25.329306306289762,81.77899815643448,16.21039962342885
4.92737729099382,0.6324104503001076,0.12288648007593796,0.09529643474717908,0.8111035152253958,0.020605081499871152,0.217808828803388,776.7282585999191,5.280103768647053,27.298060987207375,89.55239850039543,25.329306306289762,81.77899815643448,16.21039962342885
11.955627150138794,0.21437007564349125,1.740661005363655,0.05539635917546318,0.7255585419294563,0.39002016005310725,0.3611346988552321,988.753805032351,3.2082000925718557,60.01372207339718,17.958752661598144,46.34012889659222,65.70648229995298,37.95093181197288
4.92737729099382,0.6324104503001076,0.12288648007593796,0.09529643474717908,0.8111035152253958,0.020605081499871152,0.217808828803388,776.7282585999191,5.280103768647053,27.298060987207375,89.55239850039543,25.329306306289762,81.77899815643448,16.21039962342885
4.922702328914244,0.6324104503001076,0.12288648007593796,0.09529643474717908,0.8111035152253958,0.020605081499871152,0.217808828803388,776.7282585999191,5.280103768647053,27.298060987207375,89.55239850039543,28.718063862213587,81.77899815643448,16.21039962342885
4.92737729099382,0.6324104503001076,0.12288648007593796,0.09529643474717908,0.8111035152253958,0.020605081499871152,0.217808828803388,776.7282585999191,5.280103768647053,27.298060987207375,89.55239850039543,25.329306306289762,81.77899815643448,16.21039962342885
4.92737729099382,0.6324104503001076,0.12288648007593796,0.09529643474717908,0.8111035152253958,0.020605081499871152,0.217808828803388,776.7282585999191,5.280103768647053,27.298060987207375,89.55239850039543,25.329306306289762,81.77899815643448,16.21039962342885
6.824072845699255,0.21326395729564881,0.06616784629343542,0.31855164564715177,0.4413652852893081,0.5466530316870603,0.9877283883598197,560.5940600824397,7.5842710869659555,44.607991907276755,50.772507307386796,36.05618497897274,20.023327196803503,84.48565844573164
4.92737729099382,0.6324104503001076,0.12288648007593796,0.09529643474717908,0.8111035152253958,0.020605081499871152,0.217808828803388,776.7282585999191,5.280103768647053,27.298060987207375,89.55239850039543,25.329306306289762,81.77899815643448,16.21039962342885
4.92737729099382,0.6324104503001076,0.12288648007593796,0.09529643474717908,0.8111035152253958,0.020605081499871152,0.217808828803388,776.7282585999191,5.280103768647053,27.298060987207375,89.55239850039543,25.329306306289762,81.77899815643448,16.21039962342885
4.92737729099382,0.6324104503001076,0.12288648007593796,0.09529643474717908,0.8111035152253958,0.020605081499871152,0.217808828803388,776.7282585999191,5.280103768647053,27.298060987207375,89.55239850039543,25.329306306289762,81.77899815643448,16.21039962342885
6.336089364148827,0.6879182203820646,2.622497150060413,0.05057919380043469,0.12805400240657866,0.5443813760587555,0.8080912578470197,36.73849819338818,6.565141711898235,12.774457953047293,40.761419593762795,4.642522466478539,11.362574359834388,58.81813743914106
11.955627150138794,0.21437007564349125,1.740661005363655,0.05539635917546318,0.7255585419294563,0.39002016005310725,0.3611346988552321,988.753805032351,3.2082000925718557,60.01372207339718,17.958752661598144,46.34012889659222,65.70648229995298,37.95093181197288
4.92737729099382,0.6324104503001076,0.12288648007593796,0.09529643474717908,0.8111035152253958,0.020605081499871152,0.217808828803388,776.7282585999191,5.280103768647053,27.298060987207375,89.55239850039543,25.329306306289762,81.77899815643448,16.21039962342885
4.92737729099382,0.6324104503001076,0.12288648007593796,0.09529643474717908,0.8111035152253958,0.020605081499871152,0.217808828803388,776.7282585999191,5.280103768647053,27.298060987207375,89.55239850039543,25.329306306289762,81.77899815643448,16.21039962342885
4.92737729099382,0.6324104503001076,0.12288648007593796,0.09529643474717908,0.8111035152253958,0.020605081499871152,0.217808828803388,776.7282585999191,5.280103768647053,27.298060987207375,89.55239850039543,25.329306306289762,81.77899815643448,16.21039962342885
6.824072845699255,0.21326395729564881,0.06616784629343542,0.31855164564715177,0.4413652852893081,0.5466530316870603,0.9877283883598197,560.5940600824397,7.5842710869659555,44.607991907276755,50.772507307386796,36.05618497897274,20.023327196803503,84.48565844573164
4.92737729099382,0.6324104503001076,0.12288648007593796,0.09529643474717908,0.8111035152253958,0.020605081499871152,0.217808828803388,776.7282585999191,5.280103768647053,27.298060987207375,89.55239850039543,25.329306306289762,81.77899815643448,16.21039962342885
4.92737729099382,0.6324104503001076,0.12288648007593796,0.09529643474717908,0.8111035152253958,0.020605081499871152,0.217808828803388,776.7282585999191,5.280103768647053,27.298060987207375,89.55239850039543,25.329306306289762,81.77899815643448,16.21039962342885
4.92737729099382,0.6324104503001076,0.12288648007593796,0.09529643474717908,0.8111035152253958,0.020605081499871152,0.217808828803388,776.7282585999191,5.280103768647053,27.298060987207375,89.55239850039543,25.329306306289762,81.77899815643448,16.21039962342885
4.92737729099382,0.6324104503001076,0.12288648007593796,0.09529643474717908,0.8111035152253958,0.020605081499871152,0.217808828803388,776.7282585999191,5.280103768647053,27.298060987207375,89.55239850039543,25.329306306289762,81.77899815643448,16.21039962342885
4.92737729099382,0.6324104503001076,0.12288648007593796,0.09529643474717908,0.8111035152253958,0.020605081499871152,0.217808828803388,776.7282585999191,5.280103768647053,27.298060987207375,89.55239850039543,25.329306306289762,81.77899815643448,16.21039962342885
4.92737729099382,0.6324104503001076,0.12288648007593796,0.09529643474717908,0.8111035152253958,0.020605081499871152,0.217808828803388,776.7282585999191,5.280103768647053,27.298060987207375,89.55239850039543,25.329306306289762,81.77899815643448,16.21039962342885
4.922702328914244,0.6324104503001076,0.12288648007593796,0.09529643474717908,0.8111035152253958,0.020605081499871152,0.217808828803388,776.7282585999191,5.280103768647053,27.298060987207375,89.55239850039543,28.718063862213587,81.77899815643448,16.21039962342885
4.92737729099382,0.6324104503001076,0.12288648007593796,0.09529643474717908,0.8111035152253958,0.020605081499871152,0.217808828803388,776.7282585999191,5.280103768647053,27.298060987207375,89.55239850039543,25.329306306289762,81.77899815643448,16.21039962342885
4.92737729099382,0.6324104503001076,0.12288648007593796,0.09529643474717908,0.8111035152253958,0.020605081499871152,0.217808828803388,776.7282585999191,5.280103768647053,27.298060987207375,89.55239850039543,25.329306306289762,81.77899815643448,16.21039962342885
4.92737729099382,0.6324104503001076,0.12288648007593796,0.09529643474717908,0.8111035152253958,0.020605081499871152,0.217808828803388,776.7282585999191,5.280103768647053,27.298060987207375,89.55239850039543,25.329306306289762,81.77899815643448,16.21039962342885
6.824072845699255,0.21326395729564881,0.06616784629343542,0.31855164564715177,0.4413652852893081,0.5466530316870603,0.9877283883598197,560.5940600824397,7.5842710869659555,44.607991907276755,50.772507307386796,36.05618497897274,20.023327196803503,84.48565844573164
4.92737729099382,0.6324104503001076,0.12288648007593796,0.09529643474717908,0.8111035152253958,0.020605081499871152,0.217808828803388,776.7282585999191,5.280103768647053,27.298060987207375,89.55239850039543,25.329306306289762,81.77899815643448,16.21039962342885
4.92737729099382,0.6324104503001076,0.12288648007593796,0.09529643474717908,0.8111035152253958,0.020605081499871152,0.217808828803388,776.7282585999191,5.280103768647053,27.298060987207375,89.55239850039543,25.329306306289762,81.77899815643448,16.21039962342885
4.92737729099382,0.6324104503001076,0.12288648007593796,0.09529643474717908,0.8111035152253958,0.020605081499871152,0.217808828803388,776.7282585999191,5.280103768647053,27.298060987207375,89.55239850039543,25.329306306289762,81.77899815643448,16.21039962342885
6.336089364148827,0.6879182203820646,2.622497150060413,0.05057919380043469,0.12805400240657866,0.5443813760587555,0.8080912578470197,36.73849819338818,6.565141711898235,12.774457953047293,40.761419593762795,4.642522466478539,11.362574359834388,58.81813743914106
4.92737729099382,0.6324104503001076,0.12288648007593796,0.09529643474717908,0.8111035152253958,0.020605081499871152,0.217808828803388,776.7282585999191,5.280103768647053,27.298060987207375,89.55239850039543,25.329306306289762,81.77899815643448,16.21039962342885
11.955627150138794,0.21437007564349125,1.740661005363655,0.05539635917546318,0.7255585419294563,0.39002016005310725,0.3611346988552321,988.753805032351,3.2082000925718557,60.01372207339718,17.958752661598144,46.34012889659222,65.70648229995298,37.95093181197288
4.92737729099382,0.6324104503001076,0.12288648007593796,0.09529643474717908,0.8111035152253958,0.020605081499871152,0.217808828803388,776.7282585999191,5.280103768647053,27.298060987207375,89.55239850039543,25.329306306289762,81.77899815643448,16.21039962342885
4.92737729099382,0.6324104503001076,0.12288648007593796,0.09529643474717908,0.8111035152253958,0.020605081499871152,0.217808828803388,776.7282585999191,5.280103768647053,27.298060987207375,89.55239850039543,25.329306306289762,81.77899815643448,16.21039962342885
4.922702328914244,0.6324104503001076,0.12288648007593796,0.09529643474717908,0.8111035152253958,0.020605081499871152,0.217808828803388,776.7282585999191,5.280103768647053,27.298060987207375,89.55239850039543,28.718063862213587,81.77899815643448,16.21039962342885
4.92737729099382,0.6324104503001076,0.12288648007593796,0.09529643474717908,0.8111035152253958,0.020605081499871152,0.217808828803388,776.7282585999191,5.280103768647053,27.298060987207375,89.55239850039543,25.329306306289762,81.77899815643448,16.21039962342885
4.92737729099382,0.6324104503001076,0.12288648007593796,0.09529643474717908,0.8111035152253958,0.020605081499871152,0.217808828803388,776.7282585999191,5.280103768647053,27.298060987207375,89.55239850039543,25.329306306289762,81.77899815643448,16.21039962342885
6.824072845699255,0.21326395729564881,0.06616784629343542,0.31855164564715177,0.4413652852893081,0.5466530316870603,0.9877283883598197,560.5940600824397,7.5842710869659555,44.607991907276755,50.772507307386796,36.05618497897274,20.023327196803503,84.48565844573164
4.92737729099382,0.6324104503001076,0.12288648007593796,0.09529643474717908,0.8111035152253958,0.020605081499871152,0.217808828803388,776.7282585999191,5.280103768647053,27.298060987207375,89.55239850039543,25.329306306289762,81.77899815643448,16.21039962342885
4.92737729099382,0.6324104503001076,0.12288648007593796,0.09529643474717908,0.8111035152253958,0.020605081499871152,0.217808828803388,776.7282585999191,5.280103768647053,27.298060987207375,89.55239850039543,25.329306306289762,81.77899815643448,16.21039962342885
4.92737729099382,0.6324104503001076,0.12288648007593796,0.09529643474717908,0.8111035152253958,0.020605081499871152,0.217808828803388,776.7282585999191,5.280103768647053,27.298060987207375,89.55239850039543,25.329306306289762,81.77899815643448,16.21039962342885
4.92737729099382,0.6324104503001076,0.12288648007593796,0.09529643474717908,0.8111035152253958,0.020605081499871152,0.217808828803388,776.7282585999191,5.280103768647053,27.298060987207375,89.55239850039543,25.329306306289762,81.77899815643448,16.21039962342885
4.92737729099382,0.6324104503001076,0.12288648007593796,0.09529643474717908,0.8111035152253958,0.020605081499871152,0.217808828803388,776.7282585999191,5.280103768647053,27.298060987207375,89.55239850039543,25.329306306289762,81.77899815643448,16.21039962342885
4.92737729099382,0.6324104503001076,0.12288648007593796,0.09529643474717908,0.8111035152253958,0.020605081499871152,0.217808828803388,776.7282585999191,5.280103768647053,27.298060987207375,89.55239850039543,25.329306306289762,81.77899815643448,16.21039962342885
4.92737729099382,0.6324104503001076,0.12288648007593796,0.09529643474717908,0.8111035152253958,0.020605081499871152,0.217808828803388,776.7282585999191,5.280103768647053,27.298060987207375,89.55239850039543,25.329306306289762,81.77899815643448,16.21039962342885
4.92737729099382,0.6324104503001076,0.12288648007593796,0.09529643474717908,0.8111035152253958,0.020605081499871152,0.217808828803388,776.7282585999191,5.280103768647053,27.298060987207375,89.55239850039543,25.329306306289762,81.77899815643448,16.21039962342885
4.92737729099382,0.6324104503001076,0.12288648007593796,0.09529643474717908,0.8111035152253958,0.020605081499871152,0.217808828803388,776.7282585999191,5.280103768647053,27.298060987207375,89.55239850039543,25.329306306289762,81.77899815643448,16.21039962342885
4.92737729099382,0.6324104503001076,0.12288648007593796,0.09529643474717908,0.8111035152253958,0.020605081499871152,0.217808828803388,776.7282585999191,5.280103768647053,27.298060987207375,89.55239850039543,25.329306306289762,81.77899815643448,16.21039962342885
4.92737729099382,0.6324104503001076,0.12288648007593796,0.09529643474717908,0.8111035152253958,0.020605081499871152,0.217808828803388,776.7282585999191,5.280103768647053,27.298060987207375,89.55239850039543,25.329306306289762,81.77899815643448,16.21039962342885
4.92737729099382,0.6324104503001076,0.12288648007593796,0.09529643474717908,0.8111035152253958,0.020605081499871152,0.217808828803388,776.7282585999191,5.280103768647053,27.298060987207375,89.55239850039543,25.329306306289762,81.77899815643448,16.21039962342885
4.92737729099382,0.6324104503001076,0.12288648007593796,0.09529643474717908,0.8111035152253958,0.020605081499871152,0.217808828803388,776.7282585999191,5.280103768647053,27.298060987207375,89.55239850039543,25.329306306289762,81.77899815643448,16.21039962342885
4.92737729099382,0.6324104503001076,0.12288648007593796,0.09529643474717908,0.8111035152253958,0.020605081499871152,0.217808828803388,776.7282585999191,5.280103768647053,27.298060987207375,89.55239850039543,25.329306306289762,81.77899815643448,16.21039962342885
6.336089364148827,0.6879182203820646,2.622497150060413,0.05057919380043469,0.12805400240657866,0.5443813760587555,0.8080912578470197,36.73849819338818,6.565141711898235,12.774457953047293,40.761419593762795,4.642522466478539,11.362574359834388,58.81813743914106
11.955627150138794,0.21437007564349125,1.740661005363655,0.05539635917546318,0.7255585419294563,0.39002016005310725,0.3611346988552321,988.753805032351,3.2082000925718557,60.01372207339718,17.958752661598144,46.34012889659222,65.70648229995298,37.95093181197288
4.92737729099382,0.6324104503001076,0.12288648007593796,0.09529643474717908,0.8111035152253958,0.020605081499871152,0.217808828803388,776.7282585999191,5.280103768647053,27.298060987207375,89.55239850039543,25.329306306289762,81.77899815643448,16.21039962342885
4.922702328914244,0.6324104503001076,0.12288648007593796,0.09529643474717908,0.8111035152253958,0.020605081499871152,0.217808828803388,776.7282585999191,5.280103768647053,27.298060987207375,89.55239850039543,28.718063862213587,81.77899815643448,16.21039962342885
4.92737729099382,0.6324104503001076,0.12288648007593796,0.09529643474717908,0.8111035152253958,0.020605081499871152,0.217808828803388,776.7282585999191,5.280103768647053,27.298060987207375,89.55239850039543,25.329306306289762,81.77899815643448,16.21039962342885
6.824072845699255,0.21326395729564881,0.06616784629343542,0.31855164564715177,0.4413652852893081,0.5466530316870603,0.9877283883598197,560.5940600824397,7.5842710869659555,44.607991907276755,50.772507307386796,36.05618497897274,20.023327196803503,84.48565844573164
4.92737729099382,0.6324104503001076,0.12288648007593796,0.09529643474717908,0.8111035152253958,0.020605081499871152,0.217808828803388,776.7282585999191,5.280103768647053,27.298060987207375,89.55239850039543,25.329306306289762,81.77899815643448,16.21039962342885
4.92737729099382,0.6324104503001076,0.12288648007593796,0.09529643474717908,0.8111035152253958,0.020605081499871152,0.217808828803388,776.7282585999191,5.280103768647053,27.298060987207375,89.55239850039543,25.329306306289762,81.77899815643448,16.21039962342885
4.92737729099382,0.6324104503001076,0.12288648007593796,0.09529643474717908,0.8111035152253958,0.020605081499871152,0.217808828803388,776.7282585999191,5.280103768647053,27.298060987207375,89.55239850039543,25.329306306289762,81.77899815643448,16.21039962342885
4.92737729099382,0.6324104503001076,0.12288648007593796,0.09529643474717908,0.8111035152253958,0.020605081499871152,0.217808828803388,776.7282585999191,5.280103768647053,27.298060987207375,89.55239850039543,25.329306306289762,81.77899815643448,16.21039962342885
4.92737729099382,0.6324104503001076,0.12288648007593796,0.09529643474717908,0.8111035152253958,0.020605081499871152,0.217808828803388,776.7282585999191,5.280103768647053,27.298060987207375,89.55239850039543,25.329306306289762,81.77899815643448,16.21039962342885
4.92737729099382,0.6324104503001076,0.12288648007593796,0.09529643474717908,0.8111035152253958,0.020605081499871152,0.217808828803388,776.7282585999191,5.280103768647053,27.298060987207375,89.55239850039543,25.329306306289762,81.77899815643448,16.21039962342885
11.955627150138794,0.21437007564349125,1.740661005363655,0.05539635917546318,0.7255585419294563,0.39002016005310725,0.3611346988552321,988.753805032351,3.2082000925718557,60.01372207339718,17.958752661598144,46.34012889659222,65.70648229995298,37.95093181197288
4.922702328914244,0.6324104503001076,0.12288648007593796,0.09529643474717908,0.8111035152253958,0.020605081499871152,0.217808828803388,776.7282585999191,5.280103768647053,27.298060987207375,89.55239850039543,28.718063862213587,81.77899815643448,16.21039962342885
4.92737729099382,0.6324104503001076,0.12288648007593796,0.09529643474717908,0.8111035152253958,0.020605081499871152,0.217808828803388,776.7282585999191,5.280103768647053,27.298060987207375,89.55239850039543,25.329306306289762,81.77899815643448,16.21039962342885
4.92737729099382,0.6324104503001076,0.12288648007593796,0.09529643474717908,0.8111035152253958,0.020605081499871152,0.217808828803388,776.7282585999191,5.280103768647053,27.298060987207375,89.55239850039543,25.329306306289762,81.77899815643448,16.21039962342885
4.92737729099382,0.6324104503001076,0.12288648007593796,0.09529643474717908,0.8111035152253958,0.020605081499871152,0.217808828803388,776.7282585999191,5.280103768647053,27.298060987207375,89.55239850039543,25.329306306289762,81.77899815643448,16.21039962342885
4.92737729099382,0.6324104503001076,0.12288648007593796,0.09529643474717908,0.8111035152253958,0.020605081499871152,0.217808828803388,776.7282585999191,5.280103768647053,27.298060987207375,89.55239850039543,25.329306306289762,81.77899815643448,16.21039962342885
4.92737729099382,0.6324104503001076,0.12288648007593796,0.09529643474717908,0.8111035152253958,0.020605081499871152,0.217808828803388,776.7282585999191,5.280103768647053,27.298060987207375,89.55239850039543,25.329306306289762,81.77899815643448,16.21039962342885
6.336089364148827,0.6879182203820646,2.622497150060413,0.05057919380043469,0.12805400240657866,0.5443813760587555,0.8080912578470197,36.73849819338818,6.565141711898235,12.774457953047293,40.761419593762795,4.642522466478539,11.362574359834388,58.81813743914106
4.92737729099382,0.6324104503001076,0.12288648007593796,0.09529643474717908,0.8111035152253958,0.020605081499871152,0.217808828803388,776.7282585999191,5.280103768647053,27.298060987207375,89.55239850039543,25.329306306289762,81.77899815643448,16.21039962342885
4.92737729099382,0.6324104503001076,0.12288648007593796,0.09529643474717908,0.8111035152253958,0.020605081499871152,0.217808828803388,776.7282585999191,5.280103768647053,27.298060987207375,89.55239850039543,25.329306306289762,81.77899815643448,16.21039962342885
11.955627150138794,0.21437007564349125,1.740661005363655,0.05539635917546318,0.7255585419294563,0.39002016005310725,0.3611346988552321,988.753805032351,3.2082000925718557,60.01372207339718,17.958752661598144,46.34012889659222,65.70648229995298,37.95093181197288
4.92737729099382,0.6324104503001076,0.12288648007593796,0.09529643474717908,0.8111035152253958,0.020605081499871152,0.217808828803388,776.7282585999191,5.280103768647053,27.298060987207375,89.55239850039543,25.329306306289762,81.77899815643448,16.21039962342885
4.92737729099382,0.6324104503001076,0.12288648007593796,0.09529643474717908,0.8111035152253958,0.020605081499871152,0.217808828803388,776.7282585999191,5.280103768647053,27.298060987207375,89.55239850039543,25.329306306289762,81.77899815643448,16.21039962342885
6.824072845699255,0.21326395729564881,0.06616784629343542,0.31855164564715177,0.4413652852893081,0.5466530316870603,0.9877283883598197,560.5940600824397,7.5842710869659555,44.607991907276755,50.772507307386796,36.05618497897274,20.023327196803503,84.48565844573164
4.92737729099382,0.6324104503001076,0.12288648007593796,0.09529643474717908,0.8111035152253958,0.020605081499871152,0.217808828803388,776.7282585999191,5.280103768647053,27.298060987207375,89.55239850039543,25.329306306289762,81.77899815643448,16.21039962342885
4.92737729099382,0.6324104503001076,0.12288648007593796,0.09529643474717908,0.8111035152253958,0.020605081499871152,0.217808828803388,776.7282585999191,5.280103768647053,27.298060987207375,89.55239850039543,25.329306306289762,81.77899815643448,16.21039962342885
4.92737729099382,0.6324104503001076,0.12288648007593796,0.09529643474717908,0.8111035152253958,0.020605081499871152,0.217808828803388,776.7282585999191,5.280103768647053,27.298060987207375,89.55239850039543,25.329306306289762,81.77899815643448,16.21039962342885
4.92737729099382,0.6324104503001076,0.12288648007593796,0.09529643474717908,0.8111035152253958,0.020605081499871152,0.217808828803388,776.7282585999191,5.280103768647053,27.298060987207375,89.55239850039543,25.329306306289762,81.77899815643448,16.21039962342885
4.92737729099382,0.6324104503001076,0.12288648007593796,0.09529643474717908,0.8111035152253958,0.020605081499871152,0.217808828803388,776.7282585999191,5.280103768647053,27.298060987207375,89.55239850039543,25.329306306289762,81.77899815643448,16.21039962342885
11.955627150138794,0.21437007564349125,1.740661005363655,0.05539635917546318,0.7255585419294563,0.39002016005310725,0.3611346988552321,988.753805032351,3.2082000925718557,60.01372207339718,17.958752661598144,46.34012889659222,65.70648229995298,37.95093181197288
4.92737729099382,0.6324104503001076,0.12288648007593796,0.09529643474717908,0.8111035152253958,0.020605081499871152,0.217808828803388,776.7282585999191,5.280103768647053,27.298060987207375,89.55239850039543,25.329306306289762,81.77899815643448,16.21039962342885
4.92737729099382,0.6324104503001076,0.12288648007593796,0.09529643474717908,0.8111035152253958,0.020605081499871152,0.217808828803388,776.7282585999191,5.280103768647053,27.298060987207375,89.55239850039543,25.329306306289762,81.77899815643448,16.21039962342885
4.92737729099382,0.6324104503001076,0.12288648007593796,0.09529643474717908,0.8111035152253958,0.020605081499871152,0.217808828803388,776.7282585999191,5.280103768647053,27.298060987207375,89.55239850039543,25.329306306289762,81.77899815643448,16.21039962342885
4.922702328914244,0.6324104503001076,0.12288648007593796,0.09529643474717908,0.8111035152253958,0.020605081499871152,0.217808828803388,776.7282585999191,5.280103768647053,27.298060987207375,89.55239850039543,28.718063862213587,81.77899815643448,16.21039962342885
4.92737729099382,0.6324104503001076,0.12288648007593796,0.09529643474717908,0.8111035152253958,0.020605081499871152,0.217808828803388,776.7282585999191,5.280103768647053,27.298060987207375,89.55239850039543,25.329306306289762,81.77899815643448,16.21039962342885
4.92737729099382,0.6324104503001076,0.12288648007593796,0.09529643474717908,0.8111035152253958,0.020605081499871152,0.217808828803388,776.7282585999191,5.280103768647053,27.298060987207375,89.55239850039543,25.329306306289762,81.77899815643448,16.21039962342885
4.92737729099382,0.6324104503001076,0.12288648007593796,0.09529643474717908,0.8111035152253958,0.020605081499871152,0.217808828803388,776.7282585999191,5.280103768647053,27.298060987207375,89.55239850039543,25.329306306289762,81.77899815643448,16.21039962342885
4.92737729099382,0.6324104503001076,0.12288648007593796,0.09529643474717908,0.8111035152253958,0.020605081499871152,0.217808828803388,776.7282585999191,5.280103768647053,27.298060987207375,89.55239850039543,25.329306306289762,81.77899815643448,16.21039962342885
4.92737729099382,0.6324104503001076,0.12288648007593796,0.09529643474717908,0.8111035152253958,0.020605081499871152,0.217808828803388,776.7282585999191,5.280103768647053,27.298060987207375,89.55239850039543,25.329306306289762,81.77899815643448,16.21039962342885
4.92737729099382,0.6324104503001076,0.12288648007593796,0.09529643474717908,0.8111035152253958,0.020605081499871152,0.217808828803388,776.7282585999191,5.280103768647053,27.298060987207375,89.55239850039543,25.329306306289762,81.77899815643448,16.21039962342885
4.92737729099382,0.6324104503001076,0.12288648007593796,0.09529643474717908,0.8111035152253958,0.020605081499871152,0.217808828803388,776.7282585999191,5.280103768647053,27.298060987207375,89.55239850039543,25.329306306289762,81.77899815643448,16.21039962342885
6.336089364148827,0.6879182203820646,2.622497150060413,0.05057919380043469,0.12805400240657866,0.5443813760587555,0.8080912578470197,36.73849819338818,6.565141711898235,12.774457953047293,40.761419593762795,4.642522466478539,11.362574359834388,58.81813743914106
4.92737729099382,0.6324104503001076,0.12288648007593796,0.09529643474717908,0.8111035152253958,0.020605081499871152,0.217808828803388,776.7282585999191,5.280103768647053,27.298060987207375,89.55239850039543,25.329306306289762,81.77899815643448,16.21039962342885
4.922702328914244,0.6324104503001076,0.12288648007593796,0.09529643474717908,0.8111035152253958,0.020605081499871152,0.217808828803388,776.7282585999191,5.280103768647053,27.298060987207375,89.55239850039543,28.718063862213587,81.77899815643448,16.21039962342885
4.92737729099382,0.6324104503001076,0.12288648007593796,0.09529643474717908,0.8111035152253958,0.020605081499871152,0.217808828803388,776.7282585999191,5.280103768647053,27.298060987207375,89.55239850039543,25.329306306289762,81.77899815643448,16.21039962342885
6.824072845699255,0.21326395729564881,0.06616784629343542,0.31855164564715177,0.4413652852893081,0.5466530316870603,0.9877283883598197,560.5940600824397,7.5842710869659555,44.607991907276755,50.772507307386796,36.05618497897274,20.023327196803503,84.48565844573164
4.92737729099382,0.6324104503001076,0.12288648007593796,0.09529643474717908,0.8111035152253958,0.020605081499871152,0.217808828803388,776.7282585999191,5.280103768647053,27.298060987207375,89.55239850039543,25.329306306289762,81.77899815643448,16.21039962342885
4.92737729099382,0.6324104503001076,0.12288648007593796,0.09529643474717908,0.8111035152253958,0.020605081499871152,0.217808828803388,776.7282585999191,5.280103768647053,27.298060987207375,89.55239850039543,25.329306306289762,81.77899815643448,16.21039962342885
4.92737729099382,0.6324104503001076,0.12288648007593796,0.09529643474717908,0.8111035152253958,0.020605081499871152,0.217808828803388,776.7282585999191,5.280103768647053,27.298060987207375,89.55239850039543,25.329306306289762,81.77899815643448,16.21039962342885
4.92737729099382,0.6324104503001076,0.12288648007593796,0.09529643474717908,0.8111035152253958,0.020605081499871152,0.217808828803388,776.7282585999191,5.280103768647053,27.298060987207375,89.55239850039543,25.329306306289762,81.77899815643448,16.21039962342885
6.336089364148827,0.6879182203820646,2.622497150060413,0.05057919380043469,0.12805400240657866,0.5443813760587555,0.8080912578470197,36.73849819338818,6.565141711898235,12.774457953047293,40.761419593762795,4.642522466478539,11.362574359834388,58.81813743914106
11.955627150138794,0.21437007564349125,1.740661005363655,0.05539635917546318,0.7255585419294563,0.39002016005310725,0.3611346988552321,988.753805032351,3.2082000925718557,60.01372207339718,17.958752661598144,46.34012889659222,65.70648229995298,37.95093181197288
4.92737729099382,0.6324104503001076,0.12288648007593796,0.09529643474717908,0.8111035152253958,0.020605081499871152,0.217808828803388,776.7282585999191,5.280103768647053,27.298060987207375,89.55239850039543,25.329306306289762,81.77899815643448,16.21039962342885
4.92737729099382,0.6324104503001076,0.12288648007593796,0.09529643474717908,0.8111035152253958,0.020605081499871152,0.217808828803388,776.7282585999191,5.280103768647053,27.298060987207375,89.55239850039543,25.329306306289762,81.77899815643448,16.21039962342885
4.92737729099382,0.6324104503001076,0.12288648007593796,0.09529643474717908,0.8111035152253958,0.020605081499871152,0.217808828803388,776.7282585999191,5.280103768647053,27.298060987207375,89.55239850039543,25.329306306289762,81.77899815643448,16.21039962342885
4.92737729099382,0.6324104503001076,0.12288648007593796,0.09529643474717908,0.8111035152253958,0.020605081499871152,0.217808828803388,776.7282585999191,5.280103768647053,27.298060987207375,89.55239850039543,25.329306306289762,81.77899815643448,16.21039962342885
4.92737729099382,0.6324104503001076,0.12288648007593796,0.09529643474717908,0.8111035152253958,0.020605081499871152,0.217808828803388,776.7282585999191,5.280103768647053,27.298060987207375,89.55239850039543,25.329306306289762,81.77899815643448,16.21039962342885
4.92737729099382,0.6324104503001076,0.12288648007593796,0.09529643474717908,0.8111035152253958,0.020605081499871152,0.217808828803388,776.7282585999191,5.280103768647053,27.298060987207375,89.55239850039543,25.329306306289762,81.77899815643448,16.21039962342885
4.92737729099382,0.6324104503001076,0.12288648007593796,0.09529643474717908,0.8111035152253958,0.020605081499871152,0.217808828803388,776.7282585999191,5.280103768647053,27.298060987207375,89.55239850039543,25.329306306289762,81.77899815643448,16.21039962342885
4.92737729099382,0.6324104503001076,0.12288648007593796,0.09529643474717908,0.8111035152253958,0.020605081499871152,0.217808828803388,776.7282585999191,5.280103768647053,27.298060987207375,89.55239850039543,25.329306306289762,81.77899815643448,16.21039962342885
4.92737729099382,0.6324104503001076,0.12288648007593796,0.09529643474717908,0.8111035152253958,0.020605081499871152,0.217808828803388,776.7282585999191,5.280103768647053,27.298060987207375,89.55239850039543,25.329306306289762,81.77899815643448,16.21039962342885
6.824072845699255,0.21326395729564881,0.06616784629343542,0.31855164564715177,0.4413652852893081,0.5466530316870603,0.9877283883598197,560.5940600824397,7.5842710869659555,44.607991907276755,50.772507307386796,36.05618497897274,20.023327196803503,84.48565844573164
11.955627150138794,0.21437007564349125,1.740661005363655,0.05539635917546318,0.7255585419294563,0.39002016005310725,0.3611346988552321,988.753805032351,3.2082000925718557,60.01372207339718,17.958752661598144,46.34012889659222,65.70648229995298,37.95093181197288
4.92737729099382,0.6324104503001076,0.12288648007593796,0.09529643474717908,0.8111035152253958,0.020605081499871152,0.217808828803388,776.7282585999191,5.280103768647053,27.298060987207375,89.55239850039543,25.329306306289762,81.77899815643448,16.21039962342885
6.336089364148827,0.6879182203820646,2.622497150060413,0.05057919380043469,0.12805400240657866,0.5443813760587555,0.8080912578470197,36.73849819338818,6.565141711898235,12.774457953047293,40.761419593762795,4.642522466478539,11.362574359834388,58.81813743914106
4.92737729099382,0.6324104503001076,0.12288648007593796,0.09529643474717908,0.8111035152253958,0.020605081499871152,0.217808828803388,776.7282585999191,5.280103768647053,27.298060987207375,89.55239850039543,25.329306306289762,81.77899815643448,16.21039962342885
4.92737729099382,0.6324104503001076,0.12288648007593796,0.09529643474717908,0.8111035152253958,0.020605081499871152,0.217808828803388,776.7282585999191,5.280103768647053,27.298060987207375,89.55239850039543,25.329306306289762,81.77899815643448,16.21039962342885
4.92737729099382,0.6324104503001076,0.12288648007593796,0.09529643474717908,0.8111035152253958,0.020605081499871152,0.217808828803388,776.7282585999191,5.280103768647053,27.298060987207375,89.55239850039543,25.329306306289762,81.77899815643448,16.21039962342885
4.922702328914244,0.6324104503001076,0.12288648007593796,0.09529643474717908,0.8111035152253958,0.020605081499871152,0.217808828803388,776.7282585999191,5.280103768647053,27.298060987207375,89.55239850039543,28.718063862213587,81.77899815643448,16.21039962342885
4.92737729099382,0.6324104503001076,0.12288648007593796,0.09529643474717908,0.8111035152253958,0.020605081499871152,0.217808828803388,776.7282585999191,5.280103768647053,27.298060987207375,89.55239850039543,25.329306306289762,81.77899815643448,16.21039962342885
4.92737729099382,0.6324104503001076,0.12288648007593796,0.09529643474717908,0.8111035152253958,0.020605081499871152,0.217808828803388,776.7282585999191,5.280103768647053,27.298060987207375,89.55239850039543,25.329306306289762,81.77899815643448,16.21039962342885
4.92737729099382,0.6324104503001076,0.12288648007593796,0.09529643474717908,0.8111035152253958,0.020605081499871152,0.217808828803388,776.7282585999191,5.280103768647053,27.298060987207375,89.55239850039543,25.329306306289762,81.77899815643448,16.21039962342885
4.92737729099382,0.6324104503001076,0.12288648007593796,0.09529643474717908,0.8111035152253958,0.020605081499871152,0.217808828803388,776.7282585999191,5.280103768647053,27.298060987207375,89.55239850039543,25.329306306289762,81.77899815643448,16.21039962342885
6.824072845699255,0.21326395729564881,0.06616784629343542,0.31855164564715177,0.4413652852893081,0.5466530316870603,0.9877283883598197,560.5940600824397,7.5842710869659555,44.607991907276755,50.772507307386796,36.05618497897274,20.023327196803503,84.48565844573164
4.92737729099382,0.6324104503001076,0.12288648007593796,0.09529643474717908,0.8111035152253958,0.020605081499871152,0.217808828803388,776.7282585999191,5.280103768647053,27.298060987207375,89.55239850039543,25.329306306289762,81.77899815643448,16.21039962342885
4.92737729099382,0.6324104503001076,0.12288648007593796,0.09529643474717908,0.8111035152253958,0.020605081499871152,0.217808828803388,776.7282585999191,5.280103768647053,27.298060987207375,89.55239850039543,25.329306306289762,81.77899815643448,16.21039962342885
6.336089364148827,0.6879182203820646,2.622497150060413,0.05057919380043469,0.12805400240657866,0.5443813760587555,0.8080912578470197,36.73849819338818,6.565141711898235,12.774457953047293,40.761419593762795,4.642522466478539,11.362574359834388,58.81813743914106
11.955627150138794,0.21437007564349125,1.740661005363655,0.05539635917546318,0.7255585419294563,0.39002016005310725,0.3611346988552321,988.753805032351,3.2082000925718557,60.01372207339718,17.958752661598144,46.34012889659222,65.70648229995298,37.95093181197288
4.92737729099382,0.6324104503001076,0.12288648007593796,0.09529643474717908,0.8111035152253958,0.020605081499871152,0.217808828803388,776.7282585999191,5.280103768647053,27.298060987207375,89.55239850039543,25.329306306289762,81.77899815643448,16.21039962342885
4.92737729099382,0.6324104503001076,0.12288648007593796,0.09529643474717908,0.8111035152253958,0.020605081499871152,0.217808828803388,776.7282585999191,5.280103768647053,27.298060987207375,89.55239850039543,25.329306306289762,81.77899815643448,16.21039962342885
4.92737729099382,0.6324104503001076,0.12288648007593796,0.09529643474717908,0.8111035152253958,0.020605081499871152,0.217808828803388,776.7282585999191,5.280103768647053,27.298060987207375,89.55239850039543,25.329306306289762,81.77899815643448,16.21039962342885
4.92737729099382,0.6324104503001076,0.12288648007593796,0.09529643474717908,0.8111035152253958,0.020605081499871152,0.217808828803388,776.7282585999191,5.280103768647053,27.298060987207375,89.55239850039543,25.329306306289762,81.77899815643448,16.21039962342885
4.922702328914244,0.6324104503001076,0.12288648007593796,0.09529643474717908,0.8111035152253958,0.020605081499871152,0.217808828803388,776.7282585999191,5.280103768647053,27.298060987207375,89.55239850039543,28.718063862213587,81.77899815643448,16.21039962342885
4.92737729099382,0.6324104503001076,0.12288648007593796,0.09529643474717908,0.8111035152253958,0.020605081499871152,0.217808828803388,776.7282585999191,5.280103768647053,27.298060987207375,89.55239850039543,25.329306306289762,81.77899815643448,16.21039962342885
4.92737729099382,0.6324104503001076,0.12288648007593796,0.09529643474717908,0.8111035152253958,0.020605081499871152,0.217808828803388,776.7282585999191,5.280103768647053,27.298060987207375,89.55239850039543,25.329306306289762,81.77899815643448,16.21039962342885
4.92737729099382,0.6324104503001076,0.12288648007593796,0.09529643474717908,0.8111035152253958,0.020605081499871152,0.217808828803388,776.7282585999191,5.280103768647053,27.298060987207375,89.55239850039543,25.329306306289762,81.77899815643448,16.21039962342885
4.92737729099382,0.6324104503001076,0.12288648007593796,0.09529643474717908,0.8111035152253958,0.020605081499871152,0.217808828803388,776.7282585999191,5.280103768647053,27.298060987207375,89.55239850039543,25.329306306289762,81.77899815643448,16.21039962342885
4.92737729099382,0.6324104503001076,0.12288648007593796,0.09529643474717908,0.8111035152253958,0.020605081499871152,0.217808828803388,776.7282585999191,5.280103768647053,27.298060987207375,89.55239850039543,25.329306306289762,81.77899815643448,16.21039962342885
4.92737729099382,0.6324104503001076,0.12288648007593796,0.09529643474717908,0.8111035152253958,0.020605081499871152,0.217808828803388,776.7282585999191,5.280103768647053,27.298060987207375,89.55239850039543,25.329306306289762,81.77899815643448,16.21039962342885
4.92737729099382,0.6324104503001076,0.12288648007593796,0.09529643474717908,0.8111035152253958,0.020605081499871152,0.217808828803388,776.7282585999191,5.280103768647053,27.298060987207375,89.55239850039543,25.329306306289762,81.77899815643448,16.21039962342885
4.92737729099382,0.6324104503001076,0.12288648007593796,0.09529643474717908,0.8111035152253958,0.020605081499871152,0.217808828803388,776.7282585999191,5.280103768647053,27.298060987207375,89.55239850039543,25.329306306289762,81.77899815643448,16.21039962342885
4.922702328914244,0.6324104503001076,0.12288648007593796,0.09529643474717908,0.8111035152253958,0.020605081499871152,0.217808828803388,776.7282585999191,5.280103768647053,27.298060987207375,89.55239850039543,28.718063862213587,81.77899815643448,16.21039962342885
4.92737729099382,0.6324104503001076,0.12288648007593796,0.09529643474717908,0.8111035152253958,0.020605081499871152,0.217808828803388,776.7282585999191,5.280103768647053,27.298060987207375,89.55239850039543,25.329306306289762,81.77899815643448,16.21039962342885
4.92737729099382,0.6324104503001076,0.12288648007593796,0.09529643474717908,0.8111035152253958,0.020605081499871152,0.217808828803388,776.7282585999191,5.280103768647053,27.298060987207375,89.55239850039543,25.329306306289762,81.77899815643448,16.21039962342885
4.92737729099382,0.6324104503001076,0.12288648007593796,0.09529643474717908,0.8111035152253958,0.020605081499871152,0.217808828803388,776.7282585999191,5.280103768647053,27.298060987207375,89.55239850039543,25.329306306289762,81.77899815643448,16.21039962342885
6.824072845699255,0.21326395729564881,0.06616784629343542,0.31855164564715177,0.4413652852893081,0.5466530316870603,0.9877283883598197,560.5940600824397,7.5842710869659555,44.607991907276755,50.772507307386796,36.05618497897274,20.023327196803503,84.48565844573164
4.92737729099382,0.6324104503001076,0.12288648007593796,0.09529643474717908,0.8111035152253958,0.020605081499871152,0.217808828803388,776.7282585999191,5.280103768647053,27.298060987207375,89.55239850039543,25.329306306289762,81.77899815643448,16.21039962342885
4.92737729099382,0.6324104503001076,0.12288648007593796,0.09529643474717908,0.8111035152253958,0.020605081499871152,0.217808828803388,776.7282585999191,5.280103768647053,27.298060987207375,89.55239850039543,25.329306306289762,81.77899815643448,16.21039962342885
4.92737729099382,0.6324104503001076,0.12288648007593796,0.09529643474717908,0.8111035152253958,0.020605081499871152,0.217808828803388,776.7282585999191,5.280103768647053,27.298060987207375,89.55239850039543,25.329306306289762,81.77899815643448,16.21039962342885
6.336089364148827,0.6879182203820646,2.622497150060413,0.05057919380043469,0.12805400240657866,0.5443813760587555,0.8080912578470197,36.73849819338818,6.565141711898235,12.774457953047293,40.761419593762795,4.642522466478539,11.362574359834388,58.81813743914106
4.92737729099382,0.6324104503001076,0.12288648007593796,0.09529643474717908,0.8111035152253958,0.020605081499871152,0.217808828803388,776.7282585999191,5.280103768647053,27.298060987207375,89.55239850039543,25.329306306289762,81.77899815643448,16.21039962342885
11.955627150138794,0.21437007564349125,1.740661005363655,0.05539635917546318,0.7255585419294563,0.39002016005310725,0.3611346988552321,988.753805032351,3.2082000925718557,60.01372207339718,17.958752661598144,46.34012889659222,65.70648229995298,37.95093181197288
4.92737729099382,0.6324104503001076,0.12288648007593796,0.09529643474717908,0.8111035152253958,0.020605081499871152,0.217808828803388,776.7282585999191,5.280103768647053,27.298060987207375,89.55239850039543,25.329306306289762,81.77899815643448,16.21039962342885
4.92737729099382,0.6324104503001076,0.12288648007593796,0.09529643474717908,0.8111035152253958,0.020605081499871152,0.217808828803388,776.7282585999191,5.280103768647053,27.298060987207375,89.55239850039543,25.329306306289762,81.77899815643448,16.21039962342885
4.92737729099382,0.6324104503001076,0.12288648007593796,0.09529643474717908,0.8111035152253958,0.020605081499871152,0.217808828803388,776.7282585999191,5.280103768647053,27.298060987207375,89.55239850039543,25.329306306289762,81.77899815643448,16.21039962342885
4.92737729099382,0.6324104503001076,0.12288648007593796,0.09529643474717908,0.8111035152253958,0.020605081499871152,0.217808828803388,776.7282585999191,5.280103768647053,27.298060987207375,89.55239850039543,25.329306306289762,81.77899815643448,16.21039962342885
4.92737729099382,0.6324104503001076,0.12288648007593796,0.09529643474717908,0.8111035152253958,0.020605081499871152,0.217808828803388,776.7282585999191,5.280103768647053,27.298060987207375,89.55239850039543,25.329306306289762,81.77899815643448,16.21039962342885
4.92737729099382,0.6324104503001076,0.12288648007593796,0.09529643474717908,0.8111035152253958,0.020605081499871152,0.217808828803388,776.7282585999191,5.280103768647053,27.298060987207375,89.55239850039543,25.329306306289762,81.77899815643448,16.21039962342885
4.92737729099382,0.6324104503001076,0.12288648007593796,0.09529643474717908,0.8111035152253958,0.020605081499871152,0.217808828803388,776.7282585999191,5.280103768647053,27.298060987207375,89.55239850039543,25.329306306289762,81.77899815643448,16.21039962342885
4.92737729099382,0.6324104503001076,0.12288648007593796,0.09529643474717908,0.8111035152253958,0.020605081499871152,0.217808828803388,776.7282585999191,5.280103768647053,27.298060987207375,89.55239850039543,25.329306306289762,81.77899815643448,16.21039962342885
4.92737729099382,0.6324104503001076,0.12288648007593796,0.09529643474717908,0.8111035152253958,0.020605081499871152,0.217808828803388,776.7282585999191,5.280103768647053,27.298060987207375,89.55239850039543,25.329306306289762,81.77899815643448,16.21039962342885
4.92737729099382,0.6324104503001076,0.12288648007593796,0.09529643474717908,0.8111035152253958,0.020605081499871152,0.217808828803388,776.7282585999191,5.280103768647053,27.298060987207375,89.55239850039543,25.329306306289762,81.77899815643448,16.21039962342885
4.92737729099382,0.6324104503001076,0.12288648007593796,0.09529643474717908,0.8111035152253958,0.020605081499871152,0.217808828803388,776.7282585999191,5.280103768647053,27.298060987207375,89.55239850039543,25.329306306289762,81.77899815643448,16.21039962342885
4.922702328914244,0.6324104503001076,0.12288648007593796,0.09529643474717908,0.8111035152253958,0.020605081499871152,0.217808828803388,776.7282585999191,5.280103768647053,27.298060987207375,89.55239850039543,28.718063862213587,81.77899815643448,16.21039962342885
4.92737729099382,0.6324104503001076,0.12288648007593796,0.09529643474717908,0.8111035152253958,0.020605081499871152,0.217808828803388,776.7282585999191,5.280103768647053,27.298060987207375,89.55239850039543,25.329306306289762,81.77899815643448,16.21039962342885
4.92737729099382,0.6324104503001076,0.12288648007593796,0.09529643474717908,0.8111035152253958,0.020605081499871152,0.217808828803388,776.7282585999191,5.280103768647053,27.298060987207375,89.55239850039543,25.329306306289762,81.77899815643448,16.21039962342885
4.92737729099382,0.6324104503001076,0.12288648007593796,0.09529643474717908,0.8111035152253958,0.020605081499871152,0.217808828803388,776.7282585999191,5.280103768647053,27.298060987207375,89.55239850039543,25.329306306289762,81.77899815643448,16.21039962342885
6.824072845699255,0.21326395729564881,0.06616784629343542,0.31855164564715177,0.4413652852893081,0.5466530316870603,0.9877283883598197,560.5940600824397,7.5842710869659555,44.607991907276755,50.772507307386796,36.05618497897274,20.023327196803503,84.48565844573164
4.92737729099382,0.6324104503001076,0.12288648007593796,0.09529643474717908,0.8111035152253958,0.020605081499871152,0.217808828803388,776.7282585999191,5.280103768647053,27.298060987207375,89.55239850039543,25.329306306289762,81.77899815643448,16.21039962342885
4.92737729099382,0.6324104503001076,0.12288648007593796,0.09529643474717908,0.8111035152253958,0.020605081499871152,0.217808828803388,776.7282585999191,5.280103768647053,27.298060987207375,89.55239850039543,25.329306306289762,81.77899815643448,16.21039962342885
6.336089364148827,0.6879182203820646,2.622497150060413,0.05057919380043469,0.12805400240657866,0.5443813760587555,0.8080912578470197,36.73849819338818,6.565141711898235,12.774457953047293,40.761419593762795,4.642522466478539,11.362574359834388,58.81813743914106
4.92737729099382,0.6324104503001076,0.12288648007593796,0.09529643474717908,0.8111035152253958,0.020605081499871152,0.217808828803388,776.7282585999191,5.280103768647053,27.298060987207375,89.55239850039543,25.329306306289762,81.77899815643448,16.21039962342885
4.92737729099382,0.6324104503001076,0.12288648007593796,0.09529643474717908,0.8111035152253958,0.020605081499871152,0.217808828803388,776.7282585999191,5.280103768647053,27.298060987207375,89.55239850039543,25.329306306289762,81.77899815643448,16.21039962342885
4.92737729099382,0.6324104503001076,0.12288648007593796,0.09529643474717908,0.8111035152253958,0.020605081499871152,0.217808828803388,776.7282585999191,5.280103768647053,27.298060987207375,89.55239850039543,25.329306306289762,81.77899815643448,16.21039962342885
11.955627150138794,0.21437007564349125,1.740661005363655,0.05539635917546318,0.7255585419294563,0.39002016005310725,0.3611346988552321,988.753805032351,3.2082000925718557,60.01372207339718,17.958752661598144,46.34012889659222,65.70648229995298,37.95093181197288
4.92737729099382,0.6324104503001076,0.12288648007593796,0.09529643474717908,0.8111035152253958,0.020605081499871152,0.217808828803388,776.7282585999191,5.280103768647053,27.298060987207375,89.55239850039543,25.329306306289762,81.77899815643448,16.21039962342885
4.92737729099382,0.6324104503001076,0.12288648007593796,0.09529643474717908,0.8111035152253958,0.020605081499871152,0.217808828803388,776.7282585999191,5.280103768647053,27.298060987207375,89.55239850039543,25.329306306289762,81.77899815643448,16.21039962342885
4.92737729099382,0.6324104503001076,0.12288648007593796,0.09529643474717908,0.8111035152253958,0.020605081499871152,0.217808828803388,776.7282585999191,5.280103768647053,27.298060987207375,89.55239850039543,25.329306306289762,81.77899815643448,16.21039962342885
4.92737729099382,0.6324104503001076,0.12288648007593796,0.09529643474717908,0.8111035152253958,0.020605081499871152,0.217808828803388,776.7282585999191,5.280103768647053,27.298060987207375,89.55239850039543,25.329306306289762,81.77899815643448,16.21039962342885
4.88546389776163,0.6324104503001076,0.12288648007593796,0.09529643474717908,0.8111035152253958,0.18735778224420196,0.3569842090556574,776.7282585999191,5.280103768647053,27.298060987207375,89.55239850039543,25.329306306289762,81.77899815643448,16.21039962342885
4.92737729099382,0.6324104503001076,0.12288648007593796,0.09529643474717908,0.8111035152253958,0.020605081499871152,0.217808828803388,776.7282585999191,5.280103768647053,27.298060987207375,89.55239850039543,25.329306306289762,81.77899815643448,16.21039962342885
4.92737729099382,0.6324104503001076,0.12288648007593796,0.09529643474717908,0.8111035152253958,0.020605081499871152,0.217808828803388,776.7282585999191,5.280103768647053,27.298060987207375,89.55239850039543,25.329306306289762,81.77899815643448,16.21039962342885
6.336089364148827,0.6879182203820646,2.622497150060413,0.05057919380043469,0.12805400240657866,0.5443813760587555,0.8080912578470197,36.73849819338818,6.565141711898235,12.774457953047293,40.761419593762795,4.642522466478539,11.362574359834388,58.81813743914106
4.92737729099382,0.6324104503001076,0.12288648007593796,0.09529643474717908,0.8111035152253958,0.020605081499871152,0.217808828803388,776.7282585999191,5.280103768647053,27.298060987207375,89.55239850039543,25.329306306289762,81.77899815643448,16.21039962342885
4.92737729099382,0.6324104503001076,0.12288648007593796,0.09529643474717908,0.8111035152253958,0.020605081499871152,0.217808828803388,776.7282585999191,5.280103768647053,27.298060987207375,89.55239850039543,25.329306306289762,81.77899815643448,16.21039962342885
4.92737729099382,0.6324104503001076,0.12288648007593796,0.09529643474717908,0.8111035152253958,0.020605081499871152,0.217808828803388,776.7282585999191,5.280103768647053,27.298060987207375,89.55239850039543,25.329306306289762,81.77899815643448,16.21039962342885
4.92737729099382,0.6324104503001076,0.12288648007593796,0.09529643474717908,0.8111035152253958,0.020605081499871152,0.217808828803388,776.7282585999191,5.280103768647053,27.298060987207375,89.55239850039543,25.329306306289762,81.77899815643448,16.21039962342885
6.824072845699255,0.21326395729564881,0.06616784629343542,0.31855164564715177,0.4413652852893081,0.5466530316870603,0.9877283883598197,560.5940600824397,7.5842710869659555,44.607991907276755,50.772507307386796,36.05618497897274,20.023327196803503,84.48565844573164
4.922702328914244,0.6324104503001076,0.12288648007593796,0.09529643474717908,0.8111035152253958,0.020605081499871152,0.217808828803388,776.7282585999191,5.280103768647053,27.298060987207375,89.55239850039543,28.718063862213587,81.77899815643448,16.21039962342885
4.92737729099382,0.6324104503001076,0.12288648007593796,0.09529643474717908,0.8111035152253958,0.020605081499871152,0.217808828803388,776.7282585999191,5.280103768647053,27.298060987207375,89.55239850039543,25.329306306289762,81.77899815643448,16.21039962342885
4.92737729099382,0.6324104503001076,0.12288648007593796,0.09529643474717908,0.8111035152253958,0.020605081499871152,0.217808828803388,776.7282585999191,5.280103768647053,27.298060987207375,89.55239850039543,25.329306306289762,81.77899815643448,16.21039962342885
4.92737729099382,0.6324104503001076,0.12288648007593796,0.09529643474717908,0.8111035152253958,0.020605081499871152,0.217808828803388,776.7282585999191,5.280103768647053,27.298060987207375,89.55239850039543,25.329306306289762,81.77899815643448,16.21039962342885
4.88546389776163,0.6324104503001076,0.12288648007593796,0.09529643474717908,0.8111035152253958,0.18735778224420196,0.3569842090556574,776.7282585999191,5.280103768647053,27.298060987207375,89.55239850039543,25.329306306289762,81.77899815643448,16.21039962342885
4.92737729099382,0.6324104503001076,0.12288648007593796,0.09529643474717908,0.8111035152253958,0.020605081499871152,0.217808828803388,776.7282585999191,5.280103768647053,27.298060987207375,89.55239850039543,25.329306306289762,81.77899815643448,16.21039962342885
4.92737729099382,0.6324104503001076,0.12288648007593796,0.09529643474717908,0.8111035152253958,0.020605081499871152,0.217808828803388,776.7282585999191,5.280103768647053,27.298060987207375,89.55239850039543,25.329306306289762,81.77899815643448,16.21039962342885
4.92737729099382,0.6324104503001076,0.12288648007593796,0.09529643474717908,0.8111035152253958,0.020605081499871152,0.217808828803388,776.7282585999191,5.280103768647053,27.298060987207375,89.55239850039543,25.329306306289762,81.77899815643448,16.21039962342885
6.336089364148827,0.6879182203820646,2.622497150060413,0.05057919380043469,0.12805400240657866,0.5443813760587555,0.8080912578470197,36.73849819338818,6.565141711898235,12.774457953047293,40.761419593762795,4.642522466478539,11.362574359834388,58.81813743914106
6.824072845699255,0.21326395729564881,0.06616784629343542,0.31855164564715177,0.4413652852893081,0.5466530316870603,0.9877283883598197,560.5940600824397,7.5842710869659555,44.607991907276755,50.772507307386796,36.05618497897274,20.023327196803503,84.48565844573164
11.955627150138794,0.21437007564349125,1.740661005363655,0.05539635917546318,0.7255585419294563,0.39002016005310725,0.3611346988552321,988.753805032351,3.2082000925718557,60.01372207339718,17.958752661598144,46.34012889659222,65.70648229995298,37.95093181197288
4.92737729099382,0.6324104503001076,0.12288648007593796,0.09529643474717908,0.8111035152253958,0.020605081499871152,0.217808828803388,776.7282585999191,5.280103768647053,27.298060987207375,89.55239850039543,25.329306306289762,81.77899815643448,16.21039962342885
4.92737729099382,0.6324104503001076,0.12288648007593796,0.09529643474717908,0.8111035152253958,0.020605081499871152,0.217808828803388,776.7282585999191,5.280103768647053,27.298060987207375,89.55239850039543,25.329306306289762,81.77899815643448,16.21039962342885
4.92737729099382,0.6324104503001076,0.12288648007593796,0.09529643474717908,0.8111035152253958,0.020605081499871152,0.217808828803388,776.7282585999191,5.280103768647053,27.298060987207375,89.55239850039543,25.329306306289762,81.77899815643448,16.21039962342885
4.92737729099382,0.6324104503001076,0.12288648007593796,0.09529643474717908,0.8111035152253958,0.020605081499871152,0.217808828803388,776.7282585999191,5.280103768647053,27.298060987207375,89.55239850039543,25.329306306289762,81.77899815643448,16.21039962342885
4.92737729099382,0.6324104503001076,0.12288648007593796,0.09529643474717908,0.8111035152253958,0.020605081499871152,0.217808828803388,776.7282585999191,5.280103768647053,27.298060987207375,89.55239850039543,25.329306306289762,81.77899815643448,16.21039962342885
4.92737729099382,0.6324104503001076,0.12288648007593796,0.09529643474717908,0.8111035152253958,0.020605081499871152,0.217808828803388,776.7282585999191,5.280103768647053,27.298060987207375,89.55239850039543,25.329306306289762,81.77899815643448,16.21039962342885
4.92737729099382,0.6324104503001076,0.12288648007593796,0.09529643474717908,0.8111035152253958,0.020605081499871152,0.217808828803388,776.7282585999191,5.280103768647053,27.298060987207375,89.55239850039543,25.329306306289762,81.77899815643448,16.21039962342885
4.92737729099382,0.6324104503001076,0.12288648007593796,0.09529643474717908,0.8111035152253958,0.020605081499871152,0.217808828803388,776.7282585999191,5.280103768647053,27.298060987207375,89.55239850039543,25.329306306289762,81.77899815643448,16.21039962342885
4.92737729099382,0.6324104503001076,0.12288648007593796,0.09529643474717908,0.8111035152253958,0.020605081499871152,0.217808828803388,776.7282585999191,5.280103768647053,27.298060987207375,89.55239850039543,25.329306306289762,81.77899815643448,16.21039962342885
6.336089364148827,0.6879182203820646,2.622497150060413,0.05057919380043469,0.12805400240657866,0.5443813760587555,0.8080912578470197,36.73849819338818,6.565141711898235,12.774457953047293,40.761419593762795,4.642522466478539,11.362574359834388,58.81813743914106
4.88546389776163,0.6324104503001076,0.12288648007593796,0.09529643474717908,0.8111035152253958,0.18735778224420196,0.3569842090556574,776.7282585999191,5.280103768647053,27.298060987207375,89.55239850039543,25.329306306289762,81.77899815643448,16.21039962342885
4.92737729099382,0.6324104503001076,0.12288648007593796,0.09529643474717908,0.8111035152253958,0.020605081499871152,0.217808828803388,776.7282585999191,5.280103768647053,27.298060987207375,89.55239850039543,25.329306306289762,81.77899815643448,16.21039962342885
4.92737729099382,0.6324104503001076,0.12288648007593796,0.09529643474717908,0.8111035152253958,0.020605081499871152,0.217808828803388,776.7282585999191,5.280103768647053,27.298060987207375,89.55239850039543,25.329306306289762,81.77899815643448,16.21039962342885
4.922702328914244,0.6324104503001076,0.12288648007593796,0.09529643474717908,0.8111035152253958,0.020605081499871152,0.217808828803388,776.7282585999191,5.280103768647053,27.298060987207375,89.55239850039543,28.718063862213587,81.77899815643448,16.21039962342885
4.92737729099382,0.6324104503001076,0.12288648007593796,0.09529643474717908,0.8111035152253958,0.020605081499871152,0.217808828803388,776.7282585999191,5.280103768647053,27.298060987207375,89.55239850039543,25.329306306289762,81.77899815643448,16.21039962342885
4.92737729099382,0.6324104503001076,0.12288648007593796,0.09529643474717908,0.8111035152253958,0.020605081499871152,0.217808828803388,776.7282585999191,5.280103768647053,27.298060987207375,89.55239850039543,25.329306306289762,81.77899815643448,16.21039962342885
4.92737729099382,0.6324104503001076,0.12288648007593796,0.09529643474717908,0.8111035152253958,0.020605081499871152,0.217808828803388,776.7282585999191,5.280103768647053,27.298060987207375,89.55239850039543,25.329306306289762,81.77899815643448,16.21039962342885
4.92737729099382,0.6324104503001076,0.12288648007593796,0.09529643474717908,0.8111035152253958,0.020605081499871152,0.217808828803388,776.7282585999191,5.280103768647053,27.298060987207375,89.55239850039543,25.329306306289762,81.77899815643448,16.21039962342885
4.92737729099382,0.6324104503001076,0.12288648007593796,0.09529643474717908,0.8111035152253958,0.020605081499871152,0.217808828803388,776.7282585999191,5.280103768647053,27.298060987207375,89.55239850039543,25.329306306289762,81.77899815643448,16.21039962342885
6.824072845699255,0.21326395729564881,0.06616784629343542,0.31855164564715177,0.4413652852893081,0.5466530316870603,0.9877283883598197,560.5940600824397,7.5842710869659555,44.607991907276755,50.772507307386796,36.05618497897274,20.023327196803503,84.48565844573164
4.92737729099382,0.6324104503001076,0.12288648007593796,0.09529643474717908,0.8111035152253958,0.020605081499871152,0.217808828803388,776.7282585999191,5.280103768647053,27.298060987207375,89.55239850039543,25.329306306289762,81.77899815643448,16.21039962342885
4.92737729099382,0.6324104503001076,0.12288648007593796,0.09529643474717908,0.8111035152253958,0.020605081499871152,0.217808828803388,776.7282585999191,5.280103768647053,27.298060987207375,89.55239850039543,25.329306306289762,81.77899815643448,16.21039962342885
4.92737729099382,0.6324104503001076,0.12288648007593796,0.09529643474717908,0.8111035152253958,0.020605081499871152,0.217808828803388,776.7282585999191,5.280103768647053,27.298060987207375,89.55239850039543,25.329306306289762,81.77899815643448,16.21039962342885
11.955627150138794,0.21437007564349125,1.740661005363655,0.05539635917546318,0.7255585419294563,0.39002016005310725,0.3611346988552321,988.753805032351,3.2082000925718557,60.01372207339718,17.958752661598144,46.34012889659222,65.70648229995298,37.95093181197288
4.92737729099382,0.6324104503001076,0.12288648007593796,0.09529643474717908,0.8111035152253958,0.020605081499871152,0.217808828803388,776.7282585999191,5.280103768647053,27.298060987207375,89.55239850039543,25.329306306289762,81.77899815643448,16.21039962342885
4.92737729099382,0.6324104503001076,0.12288648007593796,0.09529643474717908,0.8111035152253958,0.020605081499871152,0.217808828803388,776.7282585999191,5.280103768647053,27.298060987207375,89.55239850039543,25.329306306289762,81.77899815643448,16.21039962342885
4.92737729099382,0.6324104503001076,0.12288648007593796,0.09529643474717908,0.8111035152253958,0.020605081499871152,0.217808828803388,776.7282585999191,5.280103768647053,27.298060987207375,89.55239850039543,25.329306306289762,81.77899815643448,16.21039962342885
4.92737729099382,0.6324104503001076,0.12288648007593796,0.09529643474717908,0.8111035152253958,0.020605081499871152,0.217808828803388,776.7282585999191,5.280103768647053,27.298060987207375,89.55239850039543,25.329306306289762,81.77899815643448,16.21039962342885
4.92737729099382,0.6324104503001076,0.12288648007593796,0.09529643474717908,0.8111035152253958,0.020605081499871152,0.217808828803388,776.7282585999191,5.280103768647053,27.298060987207375,89.55239850039543,25.329306306289762,81.77899815643448,16.21039962342885
4.92737729099382,0.6324104503001076,0.12288648007593796,0.09529643474717908,0.8111035152253958,0.020605081499871152,0.217808828803388,776.7282585999191,5.280103768647053,27.298060987207375,89.55239850039543,25.329306306289762,81.77899815643448,16.21039962342885
4.88546389776163,0.6324104503001076,0.12288648007593796,0.09529643474717908,0.8111035152253958,0.18735778224420196,0.3569842090556574,776.7282585999191,5.280103768647053,27.298060987207375,89.55239850039543,25.329306306289762,81.77899815643448,16.21039962342885
4.92737729099382,0.6324104503001076,0.12288648007593796,0.09529643474717908,0.8111035152253958,0.020605081499871152,0.217808828803388,776.7282585999191,5.280103768647053,27.298060987207375,89.55239850039543,25.329306306289762,81.77899815643448,16.21039962342885
4.92737729099382,0.6324104503001076,0.12288648007593796,0.09529643474717908,0.8111035152253958,0.020605081499871152,0.217808828803388,776.7282585999191,5.280103768647053,27.298060987207375,89.55239850039543,25.329306306289762,81.77899815643448,16.21039962342885
6.336089364148827,0.6879182203820646,2.622497150060413,0.05057919380043469,0.12805400240657866,0.5443813760587555,0.8080912578470197,36.73849819338818,6.565141711898235,12.774457953047293,40.761419593762795,4.642522466478539,11.362574359834388,58.81813743914106
4.92737729099382,0.6324104503001076,0.12288648007593796,0.09529643474717908,0.8111035152253958,0.020605081499871152,0.217808828803388,776.7282585999191,5.280103768647053,27.298060987207375,89.55239850039543,25.329306306289762,81.77899815643448,16.21039962342885
4.92737729099382,0.6324104503001076,0.12288648007593796,0.09529643474717908,0.8111035152253958,0.020605081499871152,0.217808828803388,776.7282585999191,5.280103768647053,27.298060987207375,89.55239850039543,25.329306306289762,81.77899815643448,16.21039962342885
4.92737729099382,0.6324104503001076,0.12288648007593796,0.09529643474717908,0.8111035152253958,0.020605081499871152,0.217808828803388,776.7282585999191,5.280103768647053,27.298060987207375,89.55239850039543,25.329306306289762,81.77899815643448,16.21039962342885
11.955627150138794,0.21437007564349125,1.740661005363655,0.05539635917546318,0.7255585419294563,0.39002016005310725,0.3611346988552321,988.753805032351,3.2082000925718557,60.01372207339718,17.958752661598144,46.34012889659222,65.70648229995298,37.95093181197288
4.92737729099382,0.6324104503001076,0.12288648007593796,0.09529643474717908,0.8111035152253958,0.020605081499871152,0.217808828803388,776.7282585999191,5.280103768647053,27.298060987207375,89.55239850039543,25.329306306289762,81.77899815643448,16.21039962342885
4.92737729099382,0.6324104503001076,0.12288648007593796,0.09529643474717908,0.8111035152253958,0.020605081499871152,0.217808828803388,776.7282585999191,5.280103768647053,27.298060987207375,89.55239850039543,25.329306306289762,81.77899815643448,16.21039962342885
4.922702328914244,0.6324104503001076,0.12288648007593796,0.09529643474717908,0.8111035152253958,0.020605081499871152,0.217808828803388,776.7282585999191,5.280103768647053,27.298060987207375,89.55239850039543,28.718063862213587,81.77899815643448,16.21039962342885
4.92737729099382,0.6324104503001076,0.12288648007593796,0.09529643474717908,0.8111035152253958,0.020605081499871152,0.217808828803388,776.7282585999191,5.280103768647053,27.298060987207375,89.55239850039543,25.329306306289762,81.77899815643448,16.21039962342885
4.92737729099382,0.6324104503001076,0.12288648007593796,0.09529643474717908,0.8111035152253958,0.020605081499871152,0.217808828803388,776.7282585999191,5.280103768647053,27.298060987207375,89.55239850039543,25.329306306289762,81.77899815643448,16.21039962342885
4.92737729099382,0.6324104503001076,0.12288648007593796,0.09529643474717908,0.8111035152253958,0.020605081499871152,0.217808828803388,776.7282585999191,5.280103768647053,27.298060987207375,89.55239850039543,25.329306306289762,81.77899815643448,16.21039962342885
4.92737729099382,0.6324104503001076,0.12288648007593796,0.09529643474717908,0.8111035152253958,0.020605081499871152,0.217808828803388,776.7282585999191,5.280103768647053,27.298060987207375,89.55239850039543,25.329306306289762,81.77899815643448,16.21039962342885
4.92737729099382,0.6324104503001076,0.12288648007593796,0.09529643474717908,0.8111035152253958,0.020605081499871152,0.217808828803388,776.7282585999191,5.280103768647053,27.298060987207375,89.55239850039543,25.329306306289762,81.77899815643448,16.21039962342885
4.92737729099382,0.6324104503001076,0.12288648007593796,0.09529643474717908,0.8111035152253958,0.020605081499871152,0.217808828803388,776.7282585999191,5.280103768647053,27.298060987207375,89.55239850039543,25.329306306289762,81.77899815643448,16.21039962342885
4.92737729099382,0.6324104503001076,0.12288648007593796,0.09529643474717908,0.8111035152253958,0.020605081499871152,0.217808828803388,776.7282585999191,5.280103768647053,27.298060987207375,89.55239850039543,25.329306306289762,81.77899815643448,16.21039962342885
4.92737729099382,0.6324104503001076,0.12288648007593796,0.09529643474717908,0.8111035152253958,0.020605081499871152,0.217808828803388,776.7282585999191,5.280103768647053,27.298060987207375,89.55239850039543,25.329306306289762,81.77899815643448,16.21039962342885
4.92737729099382,0.6324104503001076,0.12288648007593796,0.09529643474717908,0.8111035152253958,0.020605081499871152,0.217808828803388,776.7282585999191,5.280103768647053,27.298060987207375,89.55239850039543,25.329306306289762,81.77899815643448,16.21039962342885
4.92737729099382,0.6324104503001076,0.12288648007593796,0.09529643474717908,0.8111035152253958,0.020605081499871152,0.217808828803388,776.7282585999191,5.280103768647053,27.298060987207375,89.55239850039543,25.329306306289762,81.77899815643448,16.21039962342885
4.92737729099382,0.6324104503001076,0.12288648007593796,0.09529643474717908,0.8111035152253958,0.020605081499871152,0.217808828803388,776.7282585999191,5.280103768647053,27.298060987207375,89.55239850039543,25.329306306289762,81.77899815643448,16.21039962342885
4.88546389776163,0.6324104503001076,0.12288648007593796,0.09529643474717908,0.8111035152253958,0.18735778224420196,0.3569842090556574,776.7282585999191,5.280103768647053,27.298060987207375,89.55239850039543,25.329306306289762,81.77899815643448,16.21039962342885
4.92737729099382,0.6324104503001076,0.12288648007593796,0.09529643474717908,0.8111035152253958,0.020605081499871152,0.217808828803388,776.7282585999191,5.280103768647053,27.298060987207375,89.55239850039543,25.329306306289762,81.77899815643448,16.21039962342885
4.92737729099382,0.6324104503001076,0.12288648007593796,0.09529643474717908,0.8111035152253958,0.020605081499871152,0.217808828803388,776.7282585999191,5.280103768647053,27.298060987207375,89.55239850039543,25.329306306289762,81.77899815643448,16.21039962342885
4.92737729099382,0.6324104503001076,0.12288648007593796,0.09529643474717908,0.8111035152253958,0.020605081499871152,0.217808828803388,776.7282585999191,5.280103768647053,27.298060987207375,89.55239850039543,25.329306306289762,81.77899815643448,16.21039962342885
6.336089364148827,0.6879182203820646,2.622497150060413,0.05057919380043469,0.12805400240657866,0.5443813760587555,0.8080912578470197,36.73849819338818,6.565141711898235,12.774457953047293,40.761419593762795,4.642522466478539,11.362574359834388,58.81813743914106
4.92737729099382,0.6324104503001076,0.12288648007593796,0.09529643474717908,0.8111035152253958,0.020605081499871152,0.217808828803388,776.7282585999191,5.280103768647053,27.298060987207375,89.55239850039543,25.329306306289762,81.77899815643448,16.21039962342885
4.92737729099382,0.6324104503001076,0.12288648007593796,0.09529643474717908,0.8111035152253958,0.020605081499871152,0.217808828803388,776.7282585999191,5.280103768647053,27.298060987207375,89.55239850039543,25.329306306289762,81.77899815643448,16.21039962342885
4.92737729099382,0.6324104503001076,0.12288648007593796,0.09529643474717908,0.8111035152253958,0.020605081499871152,0.217808828803388,776.7282585999191,5.280103768647053,27.298060987207375,89.55239850039543,25.329306306289762,81.77899815643448,16.21039962342885
11.955627150138794,0.21437007564349125,1.740661005363655,0.05539635917546318,0.7255585419294563,0.39002016005310725,0.3611346988552321,988.753805032351,3.2082000925718557,60.01372207339718,17.958752661598144,46.34012889659222,65.70648229995298,37.95093181197288
4.92737729099382,0.6324104503001076,0.12288648007593796,0.09529643474717908,0.8111035152253958,0.020605081499871152,0.217808828803388,776.7282585999191,5.280103768647053,27.298060987207375,89.55239850039543,25.329306306289762,81.77899815643448,16.21039962342885
4.92737729099382,0.6324104503001076,0.12288648007593796,0.09529643474717908,0.8111035152253958,0.020605081499871152,0.217808828803388,776.7282585999191,5.280103768647053,27.298060987207375,89.55239850039543,25.329306306289762,81.77899815643448,16.21039962342885
4.92737729099382,0.6324104503001076,0.12288648007593796,0.09529643474717908,0.8111035152253958,0.020605081499871152,0.217808828803388,776.7282585999191,5.280103768647053,27.298060987207375,89.55239850039543,25.329306306289762,81.77899815643448,16.21039962342885
4.922702328914244,0.6324104503001076,0.12288648007593796,0.09529643474717908,0.8111035152253958,0.020605081499871152,0.217808828803388,776.7282585999191,5.280103768647053,27.298060987207375,89.55239850039543,28.718063862213587,81.77899815643448,16.21039962342885
4.92737729099382,0.6324104503001076,0.12288648007593796,0.09529643474717908,0.8111035152253958,0.020605081499871152,0.217808828803388,776.7282585999191,5.280103768647053,27.298060987207375,89.55239850039543,25.329306306289762,81.77899815643448,16.21039962342885
4.92737729099382,0.6324104503001076,0.12288648007593796,0.09529643474717908,0.8111035152253958,0.020605081499871152,0.217808828803388,776.7282585999191,5.280103768647053,27.298060987207375,89.55239850039543,25.329306306289762,81.77899815643448,16.21039962342885
4.92737729099382,0.6324104503001076,0.12288648007593796,0.09529643474717908,0.8111035152253958,0.020605081499871152,0.217808828803388,776.7282585999191,5.280103768647053,27.298060987207375,89.55239850039543,25.329306306289762,81.77899815643448,16.21039962342885
4.92737729099382,0.6324104503001076,0.12288648007593796,0.09529643474717908,0.8111035152253958,0.020605081499871152,0.217808828803388,776.7282585999191,5.280103768647053,27.298060987207375,89.55239850039543,25.329306306289762,81.77899815643448,16.21039962342885
6.336089364148827,0.6879182203820646,2.622497150060413,0.05057919380043469,0.12805400240657866,0.5443813760587555,0.8080912578470197,36.73849819338818,6.565141711898235,12.774457953047293,40.761419593762795,4.642522466478539,11.362574359834388,58.81813743914106
4.92737729099382,0.6324104503001076,0.12288648007593796,0.09529643474717908,0.8111035152253958,0.020605081499871152,0.217808828803388,776.7282585999191,5.280103768647053,27.298060987207375,89.55239850039543,25.329306306289762,81.77899815643448,16.21039962342885
4.92737729099382,0.6324104503001076,0.12288648007593796,0.09529643474717908,0.8111035152253958,0.020605081499871152,0.217808828803388,776.7282585999191,5.280103768647053,27.298060987207375,89.55239850039543,25.329306306289762,81.77899815643448,16.21039962342885
11.955627150138794,0.21437007564349125,1.740661005363655,0.05539635917546318,0.7255585419294563,0.39002016005310725,0.3611346988552321,988.753805032351,3.2082000925718557,60.01372207339718,17.958752661598144,46.34012889659222,65.70648229995298,37.95093181197288
4.92737729099382,0.6324104503001076,0.12288648007593796,0.09529643474717908,0.8111035152253958,0.020605081499871152,0.217808828803388,776.7282585999191,5.280103768647053,27.298060987207375,89.55239850039543,25.329306306289762,81.77899815643448,16.21039962342885
4.88546389776163,0.6324104503001076,0.12288648007593796,0.09529643474717908,0.8111035152253958,0.18735778224420196,0.3569842090556574,776.7282585999191,5.280103768647053,27.298060987207375,89.55239850039543,25.329306306289762,81.77899815643448,16.21039962342885
4.92737729099382,0.6324104503001076,0.12288648007593796,0.09529643474717908,0.8111035152253958,0.020605081499871152,0.217808828803388,776.7282585999191,5.280103768647053,27.298060987207375,89.55239850039543,25.329306306289762,81.77899815643448,16.21039962342885
4.92737729099382,0.6324104503001076,0.12288648007593796,0.09529643474717908,0.8111035152253958,0.020605081499871152,0.217808828803388,776.7282585999191,5.280103768647053,27.298060987207375,89.55239850039543,25.329306306289762,81.77899815643448,16.21039962342885
4.92737729099382,0.6324104503001076,0.12288648007593796,0.09529643474717908,0.8111035152253958,0.020605081499871152,0.217808828803388,776.7282585999191,5.280103768647053,27.298060987207375,89.55239850039543,25.329306306289762,81.77899815643448,16.21039962342885
4.92737729099382,0.6324104503001076,0.12288648007593796,0.09529643474717908,0.8111035152253958,0.020605081499871152,0.217808828803388,776.7282585999191,5.280103768647053,27.298060987207375,89.55239850039543,25.329306306289762,81.77899815643448,16.21039962342885
4.92737729099382,0.6324104503001076,0.12288648007593796,0.09529643474717908,0.8111035152253958,0.020605081499871152,0.217808828803388,776.7282585999191,5.280103768647053,27.298060987207375,89.55239850039543,25.329306306289762,81.77899815643448,16.21039962342885
4.92737729099382,0.6324104503001076,0.12288648007593796,0.09529643474717908,0.8111035152253958,0.020605081499871152,0.217808828803388,776.7282585999191,5.280103768647053,27.298060987207375,89.55239850039543,25.329306306289762,81.77899815643448,16.21039962342885
4.92737729099382,0.6324104503001076,0.12288648007593796,0.09529643474717908,0.8111035152253958,0.020605081499871152,0.217808828803388,776.7282585999191,5.280103768647053,27.298060987207375,89.55239850039543,25.329306306289762,81.77899815643448,16.21039962342885
4.92737729099382,0.6324104503001076,0.12288648007593796,0.09529643474717908,0.8111035152253958,0.020605081499871152,0.217808828803388,776.7282585999191,5.280103768647053,27.298060987207375,89.55239850039543,25.329306306289762,81.77899815643448,16.21039962342885
4.92737729099382,0.6324104503001076,0.12288648007593796,0.09529643474717908,0.8111035152253958,0.020605081499871152,0.217808828803388,776.7282585999191,5.280103768647053,27.298060987207375,89.55239850039543,25.329306306289762,81.77899815643448,16.21039962342885
11.955627150138794,0.21437007564349125,1.740661005363655,0.05539635917546318,0.7255585419294563,0.39002016005310725,0.3611346988552321,988.753805032351,3.2082000925718557,60.01372207339718,17.958752661598144,46.34012889659222,65.70648229995298,37.95093181197288
4.92737729099382,0.6324104503001076,0.12288648007593796,0.09529643474717908,0.8111035152253958,0.020605081499871152,0.217808828803388,776.7282585999191,5.280103768647053,27.298060987207375,89.55239850039543,25.329306306289762,81.77899815643448,16.21039962342885
4.88546389776163,0.6324104503001076,0.12288648007593796,0.09529643474717908,0.8111035152253958,0.18735778224420196,0.3569842090556574,776.7282585999191,5.280103768647053,27.298060987207375,89.55239850039543,25.329306306289762,81.77899815643448,16.21039962342885
4.92737729099382,0.6324104503001076,0.12288648007593796,0.09529643474717908,0.8111035152253958,0.020605081499871152,0.217808828803388,776.7282585999191,5.280103768647053,27.298060987207375,89.55239850039543,25.329306306289762,81.77899815643448,16.21039962342885
4.922702328914244,0.6324104503001076,0.12288648007593796,0.09529643474717908,0.8111035152253958,0.020605081499871152,0.217808828803388,776.7282585999191,5.280103768647053,27.298060987207375,89.55239850039543,28.718063862213587,81.77899815643448,16.21039962342885
4.92737729099382,0.6324104503001076,0.12288648007593796,0.09529643474717908,0.8111035152253958,0.020605081499871152,0.217808828803388,776.7282585999191,5.280103768647053,27.298060987207375,89.55239850039543,25.329306306289762,81.77899815643448,16.21039962342885
6.336089364148827,0.6879182203820646,2.622497150060413,0.05057919380043469,0.12805400240657866,0.5443813760587555,0.8080912578470197,36.73849819338818,6.565141711898235,12.774457953047293,40.761419593762795,4.642522466478539,11.362574359834388,58.81813743914106
4.92737729099382,0.6324104503001076,0.12288648007593796,0.09529643474717908,0.8111035152253958,0.020605081499871152,0.217808828803388,776.7282585999191,5.280103768647053,27.298060987207375,89.55239850039543,25.329306306289762,81.77899815643448,16.21039962342885
4.92737729099382,0.6324104503001076,0.12288648007593796,0.09529643474717908,0.8111035152253958,0.020605081499871152,0.217808828803388,776.7282585999191,5.280103768647053,27.298060987207375,89.55239850039543,25.329306306289762,81.77899815643448,16.21039962342885
4.92737729099382,0.6324104503001076,0.12288648007593796,0.09529643474717908,0.8111035152253958,0.020605081499871152,0.217808828803388,776.7282585999191,5.280103768647053,27.298060987207375,89.55239850039543,25.329306306289762,81.77899815643448,16.21039962342885
4.88546389776163,0.6324104503001076,0.12288648007593796,0.09529643474717908,0.8111035152253958,0.18735778224420196,0.3569842090556574,776.7282585999191,5.280103768647053,27.298060987207375,89.55239850039543,25.329306306289762,81.77899815643448,16.21039962342885
4.92737729099382,0.6324104503001076,0.12288648007593796,0.09529643474717908,0.8111035152253958,0.020605081499871152,0.217808828803388,776.7282585999191,5.280103768647053,27.298060987207375,89.55239850039543,25.329306306289762,81.77899815643448,16.21039962342885
11.955627150138794,0.21437007564349125,1.740661005363655,0.05539635917546318,0.7255585419294563,0.39002016005310725,0.3611346988552321,988.753805032351,3.2082000925718557,60.01372207339718,17.958752661598144,46.34012889659222,65.70648229995298,37.95093181197288
4.92737729099382,0.6324104503001076,0.12288648007593796,0.09529643474717908,0.8111035152253958,0.020605081499871152,0.217808828803388,776.7282585999191,5.280103768647053,27.298060987207375,89.55239850039543,25.329306306289762,81.77899815643448,16.21039962342885
4.92737729099382,0.6324104503001076,0.12288648007593796,0.09529643474717908,0.8111035152253958,0.020605081499871152,0.217808828803388,776.7282585999191,5.280103768647053,27.298060987207375,89.55239850039543,25.329306306289762,81.77899815643448,16.21039962342885
4.92737729099382,0.6324104503001076,0.12288648007593796,0.09529643474717908,0.8111035152253958,0.020605081499871152,0.217808828803388,776.7282585999191,5.280103768647053,27.298060987207375,89.55239850039543,25.329306306289762,81.77899815643448,16.21039962342885
4.92737729099382,0.6324104503001076,0.12288648007593796,0.09529643474717908,0.8111035152253958,0.020605081499871152,0.217808828803388,776.7282585999191,5.280103768647053,27.298060987207375,89.55239850039543,25.329306306289762,81.77899815643448,16.21039962342885
6.336089364148827,0.6879182203820646,2.622497150060413,0.05057919380043469,0.12805400240657866,0.5443813760587555,0.8080912578470197,36.73849819338818,6.565141711898235,12.774457953047293,40.761419593762795,4.642522466478539,11.362574359834388,58.81813743914106
4.92737729099382,0.6324104503001076,0.12288648007593796,0.09529643474717908,0.8111035152253958,0.020605081499871152,0.217808828803388,776.7282585999191,5.280103768647053,27.298060987207375,89.55239850039543,25.329306306289762,81.77899815643448,16.21039962342885
4.92737729099382,0.6324104503001076,0.12288648007593796,0.09529643474717908,0.8111035152253958,0.020605081499871152,0.217808828803388,776.7282585999191,5.280103768647053,27.298060987207375,89.55239850039543,25.329306306289762,81.77899815643448,16.21039962342885
4.92737729099382,0.6324104503001076,0.12288648007593796,0.09529643474717908,0.8111035152253958,0.020605081499871152,0.217808828803388,776.7282585999191,5.280103768647053,27.298060987207375,89.55239850039543,25.329306306289762,81.77899815643448,16.21039962342885
4.92737729099382,0.6324104503001076,0.12288648007593796,0.09529643474717908,0.8111035152253958,0.020605081499871152,0.217808828803388,776.7282585999191,5.280103768647053,27.298060987207375,89.55239850039543,25.329306306289762,81.77899815643448,16.21039962342885
4.92737729099382,0.6324104503001076,0.12288648007593796,0.09529643474717908,0.8111035152253958,0.020605081499871152,0.217808828803388,776.7282585999191,5.280103768647053,27.298060987207375,89.55239850039543,25.329306306289762,81.77899815643448,16.21039962342885
4.92737729099382,0.6324104503001076,0.12288648007593796,0.09529643474717908,0.8111035152253958,0.020605081499871152,0.217808828803388,776.7282585999191,5.280103768647053,27.298060987207375,89.55239850039543,25.329306306289762,81.77899815643448,16.21039962342885
4.922702328914244,0.6324104503001076,0.12288648007593796,0.09529643474717908,0.8111035152253958,0.020605081499871152,0.217808828803388,776.7282585999191,5.280103768647053,27.298060987207375,89.55239850039543,28.718063862213587,81.77899815643448,16.21039962342885
4.92737729099382,0.6324104503001076,0.12288648007593796,0.09529643474717908,0.8111035152253958,0.020605081499871152,0.217808828803388,776.7282585999191,5.280103768647053,27.298060987207375,89.55239850039543,25.329306306289762,81.77899815643448,16.21039962342885
4.92737729099382,0.6324104503001076,0.12288648007593796,0.09529643474717908,0.8111035152253958,0.020605081499871152,0.217808828803388,776.7282585999191,5.280103768647053,27.298060987207375,89.55239850039543,25.329306306289762,81.77899815643448,16.21039962342885
4.92737729099382,0.6324104503001076,0.12288648007593796,0.09529643474717908,0.8111035152253958,0.020605081499871152,0.217808828803388,776.7282585999191,5.280103768647053,27.298060987207375,89.55239850039543,25.329306306289762,81.77899815643448,16.21039962342885
4.88546389776163,0.6324104503001076,0.12288648007593796,0.09529643474717908,0.8111035152253958,0.18735778224420196,0.3569842090556574,776.7282585999191,5.280103768647053,27.298060987207375,89.55239850039543,25.329306306289762,81.77899815643448,16.21039962342885
4.92737729099382,0.6324104503001076,0.12288648007593796,0.09529643474717908,0.8111035152253958,0.020605081499871152,0.217808828803388,776.7282585999191,5.280103768647053,27.298060987207375,89.55239850039543,25.329306306289762,81.77899815643448,16.21039962342885
4.92737729099382,0.6324104503001076,0.12288648007593796,0.09529643474717908,0.8111035152253958,0.020605081499871152,0.217808828803388,776.7282585999191,5.280103768647053,27.298060987207375,89.55239850039543,25.329306306289762,81.77899815643448,16.21039962342885
4.92737729099382,0.6324104503001076,0.12288648007593796,0.09529643474717908,0.8111035152253958,0.020605081499871152,0.217808828803388,776.7282585999191,5.280103768647053,27.298060987207375,89.55239850039543,25.329306306289762,81.77899815643448,16.21039962342885
4.92737729099382,0.6324104503001076,0.12288648007593796,0.09529643474717908,0.8111035152253958,0.020605081499871152,0.217808828803388,776.7282585999191,5.280103768647053,27.298060987207375,89.55239850039543,25.329306306289762,81.77899815643448,16.21039962342885
11.955627150138794,0.21437007564349125,1.740661005363655,0.05539635917546318,0.7255585419294563,0.39002016005310725,0.3611346988552321,988.753805032351,3.2082000925718557,60.01372207339718,17.958752661598144,46.34012889659222,65.70648229995298,37.95093181197288
4.922702328914244,0.6324104503001076,0.12288648007593796,0.09529643474717908,0.8111035152253958,0.020605081499871152,0.217808828803388,776.7282585999191,5.280103768647053,27.298060987207375,89.55239850039543,28.718063862213587,81.77899815643448,16.21039962342885
4.92737729099382,0.6324104503001076,0.12288648007593796,0.09529643474717908,0.8111035152253958,0.020605081499871152,0.217808828803388,776.7282585999191,5.280103768647053,27.298060987207375,89.55239850039543,25.329306306289762,81.77899815643448,16.21039962342885
4.92737729099382,0.6324104503001076,0.12288648007593796,0.09529643474717908,0.8111035152253958,0.020605081499871152,0.217808828803388,776.7282585999191,5.280103768647053,27.298060987207375,89.55239850039543,25.329306306289762,81.77899815643448,16.21039962342885
4.92737729099382,0.6324104503001076,0.12288648007593796,0.09529643474717908,0.8111035152253958,0.020605081499871152,0.217808828803388,776.7282585999191,5.280103768647053,27.298060987207375,89.55239850039543,25.329306306289762,81.77899815643448,16.21039962342885
4.92737729099382,0.6324104503001076,0.12288648007593796,0.09529643474717908,0.8111035152253958,0.020605081499871152,0.217808828803388,776.7282585999191,5.280103768647053,27.298060987207375,89.55239850039543,25.329306306289762,81.77899815643448,16.21039962342885
6.336089364148827,0.6879182203820646,2.622497150060413,0.05057919380043469,0.12805400240657866,0.5443813760587555,0.8080912578470197,36.73849819338818,6.565141711898235,12.774457953047293,40.761419593762795,4.642522466478539,11.362574359834388,58.81813743914106
4.92737729099382,0.6324104503001076,0.12288648007593796,0.09529643474717908,0.8111035152253958,0.020605081499871152,0.217808828803388,776.7282585999191,5.280103768647053,27.298060987207375,89.55239850039543,25.329306306289762,81.77899815643448,16.21039962342885
4.92737729099382,0.6324104503001076,0.12288648007593796,0.09529643474717908,0.8111035152253958,0.020605081499871152,0.217808828803388,776.7282585999191,5.280103768647053,27.298060987207375,89.55239850039543,25.329306306289762,81.77899815643448,16.21039962342885
4.92737729099382,0.6324104503001076,0.12288648007593796,0.09529643474717908,0.8111035152253958,0.020605081499871152,0.217808828803388,776.7282585999191,5.280103768647053,27.298060987207375,89.55239850039543,25.329306306289762,81.77899815643448,16.21039962342885
4.92737729099382,0.6324104503001076,0.12288648007593796,0.09529643474717908,0.8111035152253958,0.020605081499871152,0.217808828803388,776.7282585999191,5.280103768647053,27.298060987207375,89.55239850039543,25.329306306289762,81.77899815643448,16.21039962342885
4.92737729099382,0.6324104503001076,0.12288648007593796,0.09529643474717908,0.8111035152253958,0.020605081499871152,0.217808828803388,776.7282585999191,5.280103768647053,27.298060987207375,89.55239850039543,25.329306306289762,81.77899815643448,16.21039962342885
4.92737729099382,0.6324104503001076,0.12288648007593796,0.09529643474717908,0.8111035152253958,0.020605081499871152,0.217808828803388,776.7282585999191,5.280103768647053,27.298060987207375,89.55239850039543,25.329306306289762,81.77899815643448,16.21039962342885
11.955627150138794,0.21437007564349125,1.740661005363655,0.05539635917546318,0.7255585419294563,0.39002016005310725,0.3611346988552321,988.753805032351,3.2082000925718557,60.01372207339718,17.958752661598144,46.34012889659222,65.70648229995298,37.95093181197288
4.92737729099382,0.6324104503001076,0.12288648007593796,0.09529643474717908,0.8111035152253958,0.020605081499871152,0.217808828803388,776.7282585999191,5.280103768647053,27.298060987207375,89.55239850039543,25.329306306289762,81.77899815643448,16.21039962342885
4.92737729099382,0.6324104503001076,0.12288648007593796,0.09529643474717908,0.8111035152253958,0.020605081499871152,0.217808828803388,776.7282585999191,5.280103768647053,27.298060987207375,89.55239850039543,25.329306306289762,81.77899815643448,16.21039962342885
4.88546389776163,0.6324104503001076,0.12288648007593796,0.09529643474717908,0.8111035152253958,0.18735778224420196,0.3569842090556574,776.7282585999191,5.280103768647053,27.298060987207375,89.55239850039543,25.329306306289762,81.77899815643448,16.21039962342885
4.92737729099382,0.6324104503001076,0.12288648007593796,0.09529643474717908,0.8111035152253958,0.020605081499871152,0.217808828803388,776.7282585999191,5.280103768647053,27.298060987207375,89.55239850039543,25.329306306289762,81.77899815643448,16.21039962342885
4.92737729099382,0.6324104503001076,0.12288648007593796,0.09529643474717908,0.8111035152253958,0.020605081499871152,0.217808828803388,776.7282585999191,5.280103768647053,27.298060987207375,89.55239850039543,25.329306306289762,81.77899815643448,16.21039962342885
4.92737729099382,0.6324104503001076,0.12288648007593796,0.09529643474717908,0.8111035152253958,0.020605081499871152,0.217808828803388,776.7282585999191,5.280103768647053,27.298060987207375,89.55239850039543,25.329306306289762,81.77899815643448,16.21039962342885
4.92737729099382,0.6324104503001076,0.12288648007593796,0.09529643474717908,0.8111035152253958,0.020605081499871152,0.217808828803388,776.7282585999191,5.280103768647053,27.298060987207375,89.55239850039543,25.329306306289762,81.77899815643448,16.21039962342885
4.92737729099382,0.6324104503001076,0.12288648007593796,0.09529643474717908,0.8111035152253958,0.020605081499871152,0.217808828803388,776.7282585999191,5.280103768647053,27.298060987207375,89.55239850039543,25.329306306289762,81.77899815643448,16.21039962342885
4.92737729099382,0.6324104503001076,0.12288648007593796,0.09529643474717908,0.8111035152253958,0.020605081499871152,0.217808828803388,776.7282585999191,5.280103768647053,27.298060987207375,89.55239850039543,25.329306306289762,81.77899815643448,16.21039962342885
4.92737729099382,0.6324104503001076,0.12288648007593796,0.09529643474717908,0.8111035152253958,0.020605081499871152,0.217808828803388,776.7282585999191,5.280103768647053,27.298060987207375,89.55239850039543,25.329306306289762,81.77899815643448,16.21039962342885
4.92737729099382,0.6324104503001076,0.12288648007593796,0.09529643474717908,0.8111035152253958,0.020605081499871152,0.217808828803388,776.7282585999191,5.280103768647053,27.298060987207375,89.55239850039543,25.329306306289762,81.77899815643448,16.21039962342885
4.92737729099382,0.6324104503001076,0.12288648007593796,0.09529643474717908,0.8111035152253958,0.020605081499871152,0.217808828803388,776.7282585999191,5.280103768647053,27.298060987207375,89.55239850039543,25.329306306289762,81.77899815643448,16.21039962342885
4.92737729099382,0.6324104503001076,0.12288648007593796,0.09529643474717908,0.8111035152253958,0.020605081499871152,0.217808828803388,776.7282585999191,5.280103768647053,27.298060987207375,89.55239850039543,25.329306306289762,81.77899815643448,16.21039962342885
4.922702328914244,0.6324104503001076,0.12288648007593796,0.09529643474717908,0.8111035152253958,0.020605081499871152,0.217808828803388,776.7282585999191,5.280103768647053,27.298060987207375,89.55239850039543,28.718063862213587,81.77899815643448,16.21039962342885
6.336089364148827,0.6879182203820646,2.622497150060413,0.05057919380043469,0.12805400240657866,0.5443813760587555,0.8080912578470197,36.73849819338818,6.565141711898235,12.774457953047293,40.761419593762795,4.642522466478539,11.362574359834388,58.81813743914106
4.7364134076986915,0.6324104503001076,0.12288648007593796,0.09529643474717908,0.8111035152253958,0.020605081499871152,0.5738651829766594,776.7282585999191,5.280103768647053,27.298060987207375,89.55239850039543,25.329306306289762,81.77899815643448,16.21039962342885
4.92737729099382,0.6324104503001076,0.12288648007593796,0.09529643474717908,0.8111035152253958,0.020605081499871152,0.217808828803388,776.7282585999191,5.280103768647053,27.298060987207375,89.55239850039543,25.329306306289762,81.77899815643448,16.21039962342885
4.92737729099382,0.6324104503001076,0.12288648007593796,0.09529643474717908,0.8111035152253958,0.020605081499871152,0.217808828803388,776.7282585999191,5.280103768647053,27.298060987207375,89.55239850039543,25.329306306289762,81.77899815643448,16.21039962342885
4.92737729099382,0.6324104503001076,0.12288648007593796,0.09529643474717908,0.8111035152253958,0.020605081499871152,0.217808828803388,776.7282585999191,5.280103768647053,27.298060987207375,89.55239850039543,25.329306306289762,81.77899815643448,16.21039962342885
4.92737729099382,0.6324104503001076,0.12288648007593796,0.09529643474717908,0.8111035152253958,0.020605081499871152,0.217808828803388,776.7282585999191,5.280103768647053,27.298060987207375,89.55239850039543,25.329306306289762,81.77899815643448,16.21039962342885
4.92737729099382,0.6324104503001076,0.12288648007593796,0.09529643474717908,0.8111035152253958,0.020605081499871152,0.217808828803388,776.7282585999191,5.280103768647053,27.298060987207375,89.55239850039543,25.329306306289762,81.77899815643448,16.21039962342885
4.92737729099382,0.6324104503001076,0.12288648007593796,0.09529643474717908,0.8111035152253958,0.020605081499871152,0.217808828803388,776.7282585999191,5.280103768647053,27.298060987207375,89.55239850039543,25.329306306289762,81.77899815643448,16.21039962342885
11.955627150138794,0.21437007564349125,1.740661005363655,0.05539635917546318,0.7255585419294563,0.39002016005310725,0.3611346988552321,988.753805032351,3.2082000925718557,60.01372207339718,17.958752661598144,46.34012889659222,65.70648229995298,37.95093181197288
4.88546389776163,0.6324104503001076,0.12288648007593796,0.09529643474717908,0.8111035152253958,0.18735778224420196,0.3569842090556574,776.7282585999191,5.280103768647053,27.298060987207375,89.55239850039543,25.329306306289762,81.77899815643448,16.21039962342885
4.92737729099382,0.6324104503001076,0.12288648007593796,0.09529643474717908,0.8111035152253958,0.020605081499871152,0.217808828803388,776.7282585999191,5.280103768647053,27.298060987207375,89.55239850039543,25.329306306289762,81.77899815643448,16.21039962342885
4.92737729099382,0.6324104503001076,0.12288648007593796,0.09529643474717908,0.8111035152253958,0.020605081499871152,0.217808828803388,776.7282585999191,5.280103768647053,27.298060987207375,89.55239850039543,25.329306306289762,81.77899815643448,16.21039962342885
4.92737729099382,0.6324104503001076,0.12288648007593796,0.09529643474717908,0.8111035152253958,0.020605081499871152,0.217808828803388,776.7282585999191,5.280103768647053,27.298060987207375,89.55239850039543,25.329306306289762,81.77899815643448,16.21039962342885
4.92737729099382,0.6324104503001076,0.12288648007593796,0.09529643474717908,0.8111035152253958,0.020605081499871152,0.217808828803388,776.7282585999191,5.280103768647053,27.298060987207375,89.55239850039543,25.329306306289762,81.77899815643448,16.21039962342885
4.7364134076986915,0.6324104503001076,0.12288648007593796,0.09529643474717908,0.8111035152253958,0.020605081499871152,0.5738651829766594,776.7282585999191,5.280103768647053,27.298060987207375,89.55239850039543,25.329306306289762,81.77899815643448,16.21039962342885
6.336089364148827,0.6879182203820646,2.622497150060413,0.05057919380043469,0.12805400240657866,0.5443813760587555,0.8080912578470197,36.73849819338818,6.565141711898235,12.774457953047293,40.761419593762795,4.642522466478539,11.362574359834388,58.81813743914106
4.92737729099382,0.6324104503001076,0.12288648007593796,0.09529643474717908,0.8111035152253958,0.020605081499871152,0.217808828803388,776.7282585999191,5.280103768647053,27.298060987207375,89.55239850039543,25.329306306289762,81.77899815643448,16.21039962342885
4.92737729099382,0.6324104503001076,0.12288648007593796,0.09529643474717908,0.8111035152253958,0.020605081499871152,0.217808828803388,776.7282585999191,5.280103768647053,27.298060987207375,89.55239850039543,25.329306306289762,81.77899815643448,16.21039962342885
4.88546389776163,0.6324104503001076,0.12288648007593796,0.09529643474717908,0.8111035152253958,0.18735778224420196,0.3569842090556574,776.7282585999191,5.280103768647053,27.298060987207375,89.55239850039543,25.329306306289762,81.77899815643448,16.21039962342885
4.92737729099382,0.6324104503001076,0.12288648007593796,0.09529643474717908,0.8111035152253958,0.020605081499871152,0.217808828803388,776.7282585999191,5.280103768647053,27.298060987207375,89.55239850039543,25.329306306289762,81.77899815643448,16.21039962342885
4.92737729099382,0.6324104503001076,0.12288648007593796,0.09529643474717908,0.8111035152253958,0.020605081499871152,0.217808828803388,776.7282585999191,5.280103768647053,27.298060987207375,89.55239850039543,25.329306306289762,81.77899815643448,16.21039962342885
4.922702328914244,0.6324104503001076,0.12288648007593796,0.09529643474717908,0.8111035152253958,0.020605081499871152,0.217808828803388,776.7282585999191,5.280103768647053,27.298060987207375,89.55239850039543,28.718063862213587,81.77899815643448,16.21039962342885
4.92737729099382,0.6324104503001076,0.12288648007593796,0.09529643474717908,0.8111035152253958,0.020605081499871152,0.217808828803388,776.7282585999191,5.280103768647053,27.298060987207375,89.55239850039543,25.329306306289762,81.77899815643448,16.21039962342885
4.92737729099382,0.6324104503001076,0.12288648007593796,0.09529643474717908,0.8111035152253958,0.020605081499871152,0.217808828803388,776.7282585999191,5.280103768647053,27.298060987207375,89.55239850039543,25.329306306289762,81.77899815643448,16.21039962342885
4.92737729099382,0.6324104503001076,0.12288648007593796,0.09529643474717908,0.8111035152253958,0.020605081499871152,0.217808828803388,776.7282585999191,5.280103768647053,27.298060987207375,89.55239850039543,25.329306306289762,81.77899815643448,16.21039962342885
6.336089364148827,0.6879182203820646,2.622497150060413,0.05057919380043469,0.12805400240657866,0.5443813760587555,0.8080912578470197,36.73849819338818,6.565141711898235,12.774457953047293,40.761419593762795,4.642522466478539,11.362574359834388,58.81813743914106
4.92737729099382,0.6324104503001076,0.12288648007593796,0.09529643474717908,0.8111035152253958,0.020605081499871152,0.217808828803388,776.7282585999191,5.280103768647053,27.298060987207375,89.55239850039543,25.329306306289762,81.77899815643448,16.21039962342885
4.92737729099382,0.6324104503001076,0.12288648007593796,0.09529643474717908,0.8111035152253958,0.020605081499871152,0.217808828803388,776.7282585999191,5.280103768647053,27.298060987207375,89.55239850039543,25.329306306289762,81.77899815643448,16.21039962342885
4.92737729099382,0.6324104503001076,0.12288648007593796,0.09529643474717908,0.8111035152253958,0.020605081499871152,0.217808828803388,776.7282585999191,5.280103768647053,27.298060987207375,89.55239850039543,25.329306306289762,81.77899815643448,16.21039962342885
11.955627150138794,0.21437007564349125,1.740661005363655,0.05539635917546318,0.7255585419294563,0.39002016005310725,0.3611346988552321,988.753805032351,3.2082000925718557,60.01372207339718,17.958752661598144,46.34012889659222,65.70648229995298,37.95093181197288
4.7364134076986915,0.6324104503001076,0.12288648007593796,0.09529643474717908,0.8111035152253958,0.020605081499871152,0.5738651829766594,776.7282585999191,5.280103768647053,27.298060987207375,89.55239850039543,25.329306306289762,81.77899815643448,16.21039962342885
4.92737729099382,0.6324104503001076,0.12288648007593796,0.09529643474717908,0.8111035152253958,0.020605081499871152,0.217808828803388,776.7282585999191,5.280103768647053,27.298060987207375,89.55239850039543,25.329306306289762,81.77899815643448,16.21039962342885
4.92737729099382,0.6324104503001076,0.12288648007593796,0.09529643474717908,0.8111035152253958,0.020605081499871152,0.217808828803388,776.7282585999191,5.280103768647053,27.298060987207375,89.55239850039543,25.329306306289762,81.77899815643448,16.21039962342885
4.92737729099382,0.6324104503001076,0.12288648007593796,0.09529643474717908,0.8111035152253958,0.020605081499871152,0.217808828803388,776.7282585999191,5.280103768647053,27.298060987207375,89.55239850039543,25.329306306289762,81.77899815643448,16.21039962342885
4.92737729099382,0.6324104503001076,0.12288648007593796,0.09529643474717908,0.8111035152253958,0.020605081499871152,0.217808828803388,776.7282585999191,5.280103768647053,27.298060987207375,89.55239850039543,25.329306306289762,81.77899815643448,16.21039962342885
4.92737729099382,0.6324104503001076,0.12288648007593796,0.09529643474717908,0.8111035152253958,0.020605081499871152,0.217808828803388,776.7282585999191,5.280103768647053,27.298060987207375,89.55239850039543,25.329306306289762,81.77899815643448,16.21039962342885
4.92737729099382,0.6324104503001076,0.12288648007593796,0.09529643474717908,0.8111035152253958,0.020605081499871152,0.217808828803388,776.7282585999191,5.280103768647053,27.298060987207375,89.55239850039543,25.329306306289762,81.77899815643448,16.21039962342885
4.92737729099382,0.6324104503001076,0.12288648007593796,0.09529643474717908,0.8111035152253958,0.020605081499871152,0.217808828803388,776.7282585999191,5.280103768647053,27.298060987207375,89.55239850039543,25.329306306289762,81.77899815643448,16.21039962342885
4.88546389776163,0.6324104503001076,0.12288648007593796,0.09529643474717908,0.8111035152253958,0.18735778224420196,0.3569842090556574,776.7282585999191,5.280103768647053,27.298060987207375,89.55239850039543,25.329306306289762,81.77899815643448,16.21039962342885
4.92737729099382,0.6324104503001076,0.12288648007593796,0.09529643474717908,0.8111035152253958,0.020605081499871152,0.217808828803388,776.7282585999191,5.280103768647053,27.298060987207375,89.55239850039543,25.329306306289762,81.77899815643448,16.21039962342885
4.92737729099382,0.6324104503001076,0.12288648007593796,0.09529643474717908,0.8111035152253958,0.020605081499871152,0.217808828803388,776.7282585999191,5.280103768647053,27.298060987207375,89.55239850039543,25.329306306289762,81.77899815643448,16.21039962342885
11.955627150138794,0.21437007564349125,1.740661005363655,0.05539635917546318,0.7255585419294563,0.39002016005310725,0.3611346988552321,988.753805032351,3.2082000925718557,60.01372207339718,17.958752661598144,46.34012889659222,65.70648229995298,37.95093181197288
4.92737729099382,0.6324104503001076,0.12288648007593796,0.09529643474717908,0.8111035152253958,0.020605081499871152,0.217808828803388,776.7282585999191,5.280103768647053,27.298060987207375,89.55239850039543,25.329306306289762,81.77899815643448,16.21039962342885
4.92737729099382,0.6324104503001076,0.12288648007593796,0.09529643474717908,0.8111035152253958,0.020605081499871152,0.217808828803388,776.7282585999191,5.280103768647053,27.298060987207375,89.55239850039543,25.329306306289762,81.77899815643448,16.21039962342885
6.336089364148827,0.6879182203820646,2.622497150060413,0.05057919380043469,0.12805400240657866,0.5443813760587555,0.8080912578470197,36.73849819338818,6.565141711898235,12.774457953047293,40.761419593762795,4.642522466478539,11.362574359834388,58.81813743914106
4.92737729099382,0.6324104503001076,0.12288648007593796,0.09529643474717908,0.8111035152253958,0.020605081499871152,0.217808828803388,776.7282585999191,5.280103768647053,27.298060987207375,89.55239850039543,25.329306306289762,81.77899815643448,16.21039962342885
4.92737729099382,0.6324104503001076,0.12288648007593796,0.09529643474717908,0.8111035152253958,0.020605081499871152,0.217808828803388,776.7282585999191,5.280103768647053,27.298060987207375,89.55239850039543,25.329306306289762,81.77899815643448,16.21039962342885
4.92737729099382,0.6324104503001076,0.12288648007593796,0.09529643474717908,0.8111035152253958,0.020605081499871152,0.217808828803388,776.7282585999191,5.280103768647053,27.298060987207375,89.55239850039543,25.329306306289762,81.77899815643448,16.21039962342885
4.922702328914244,0.6324104503001076,0.12288648007593796,0.09529643474717908,0.8111035152253958,0.020605081499871152,0.217808828803388,776.7282585999191,5.280103768647053,27.298060987207375,89.55239850039543,28.718063862213587,81.77899815643448,16.21039962342885
4.92737729099382,0.6324104503001076,0.12288648007593796,0.09529643474717908,0.8111035152253958,0.020605081499871152,0.217808828803388,776.7282585999191,5.280103768647053,27.298060987207375,89.55239850039543,25.329306306289762,81.77899815643448,16.21039962342885
4.92737729099382,0.6324104503001076,0.12288648007593796,0.09529643474717908,0.8111035152253958,0.020605081499871152,0.217808828803388,776.7282585999191,5.280103768647053,27.298060987207375,89.55239850039543,25.329306306289762,81.77899815643448,16.21039962342885
4.92737729099382,0.6324104503001076,0.12288648007593796,0.09529643474717908,0.8111035152253958,0.020605081499871152,0.217808828803388,776.7282585999191,5.280103768647053,27.298060987207375,89.55239850039543,25.329306306289762,81.77899815643448,16.21039962342885
4.92737729099382,0.6324104503001076,0.12288648007593796,0.09529643474717908,0.8111035152253958,0.020605081499871152,0.217808828803388,776.7282585999191,5.280103768647053,27.298060987207375,89.55239850039543,25.329306306289762,81.77899815643448,16.21039962342885
4.7364134076986915,0.6324104503001076,0.12288648007593796,0.09529643474717908,0.8111035152253958,0.020605081499871152,0.5738651829766594,776.7282585999191,5.280103768647053,27.298060987207375,89.55239850039543,25.329306306289762,81.77899815643448,16.21039962342885
4.92737729099382,0.6324104503001076,0.12288648007593796,0.09529643474717908,0.8111035152253958,0.020605081499871152,0.217808828803388,776.7282585999191,5.280103768647053,27.298060987207375,89.55239850039543,25.329306306289762,81.77899815643448,16.21039962342885
4.92737729099382,0.6324104503001076,0.12288648007593796,0.09529643474717908,0.8111035152253958,0.020605081499871152,0.217808828803388,776.7282585999191,5.280103768647053,27.298060987207375,89.55239850039543,25.329306306289762,81.77899815643448,16.21039962342885
4.92737729099382,0.6324104503001076,0.12288648007593796,0.09529643474717908,0.8111035152253958,0.020605081499871152,0.217808828803388,776.7282585999191,5.280103768647053,27.298060987207375,89.55239850039543,25.329306306289762,81.77899815643448,16.21039962342885
4.92737729099382,0.6324104503001076,0.12288648007593796,0.09529643474717908,0.8111035152253958,0.020605081499871152,0.217808828803388,776.7282585999191,5.280103768647053,27.298060987207375,89.55239850039543,25.329306306289762,81.77899815643448,16.21039962342885
4.92737729099382,0.6324104503001076,0.12288648007593796,0.09529643474717908,0.8111035152253958,0.020605081499871152,0.217808828803388,776.7282585999191,5.280103768647053,27.298060987207375,89.55239850039543,25.329306306289762,81.77899815643448,16.21039962342885
4.88546389776163,0.6324104503001076,0.12288648007593796,0.09529643474717908,0.8111035152253958,0.18735778224420196,0.3569842090556574,776.7282585999191,5.280103768647053,27.298060987207375,89.55239850039543,25.329306306289762,81.77899815643448,16.21039962342885
4.92737729099382,0.6324104503001076,0.12288648007593796,0.09529643474717908,0.8111035152253958,0.020605081499871152,0.217808828803388,776.7282585999191,5.280103768647053,27.298060987207375,89.55239850039543,25.329306306289762,81.77899815643448,16.21039962342885
4.92737729099382,0.6324104503001076,0.12288648007593796,0.09529643474717908,0.8111035152253958,0.020605081499871152,0.217808828803388,776.7282585999191,5.280103768647053,27.298060987207375,89.55239850039543,25.329306306289762,81.77899815643448,16.21039962342885
4.92737729099382,0.6324104503001076,0.12288648007593796,0.09529643474717908,0.8111035152253958,0.020605081499871152,0.217808828803388,776.7282585999191,5.280103768647053,27.298060987207375,89.55239850039543,25.329306306289762,81.77899815643448,16.21039962342885
4.7364134076986915,0.6324104503001076,0.12288648007593796,0.09529643474717908,0.8111035152253958,0.020605081499871152,0.5738651829766594,776.7282585999191,5.280103768647053,27.298060987207375,89.55239850039543,25.329306306289762,81.77899815643448,16.21039962342885
4.92737729099382,0.6324104503001076,0.12288648007593796,0.09529643474717908,0.8111035152253958,0.020605081499871152,0.217808828803388,776.7282585999191,5.280103768647053,27.298060987207375,89.55239850039543,25.329306306289762,81.77899815643448,16.21039962342885
11.955627150138794,0.21437007564349125,1.740661005363655,0.05539635917546318,0.7255585419294563,0.39002016005310725,0.3611346988552321,988.753805032351,3.2082000925718557,60.01372207339718,17.958752661598144,46.34012889659222,65.70648229995298,37.95093181197288
4.92737729099382,0.6324104503001076,0.12288648007593796,0.09529643474717908,0.8111035152253958,0.020605081499871152,0.217808828803388,776.7282585999191,5.280103768647053,27.298060987207375,89.55239850039543,25.329306306289762,81.77899815643448,16.21039962342885
4.92737729099382,0.6324104503001076,0.12288648007593796,0.09529643474717908,0.8111035152253958,0.020605081499871152,0.217808828803388,776.7282585999191,5.280103768647053,27.298060987207375,89.55239850039543,25.329306306289762,81.77899815643448,16.21039962342885
6.336089364148827,0.6879182203820646,2.622497150060413,0.05057919380043469,0.12805400240657866,0.5443813760587555,0.8080912578470197,36.73849819338818,6.565141711898235,12.774457953047293,40.761419593762795,4.642522466478539,11.362574359834388,58.81813743914106
4.88546389776163,0.6324104503001076,0.12288648007593796,0.09529643474717908,0.8111035152253958,0.18735778224420196,0.3569842090556574,776.7282585999191,5.280103768647053,27.298060987207375,89.55239850039543,25.329306306289762,81.77899815643448,16.21039962342885
4.92737729099382,0.6324104503001076,0.12288648007593796,0.09529643474717908,0.8111035152253958,0.020605081499871152,0.217808828803388,776.7282585999191,5.280103768647053,27.298060987207375,89.55239850039543,25.329306306289762,81.77899815643448,16.21039962342885
4.922702328914244,0.6324104503001076,0.12288648007593796,0.09529643474717908,0.8111035152253958,0.020605081499871152,0.217808828803388,776.7282585999191,5.280103768647053,27.298060987207375,89.55239850039543,28.718063862213587,81.77899815643448,16.21039962342885
4.92737729099382,0.6324104503001076,0.12288648007593796,0.09529643474717908,0.8111035152253958,0.020605081499871152,0.217808828803388,776.7282585999191,5.280103768647053,27.298060987207375,89.55239850039543,25.329306306289762,81.77899815643448,16.21039962342885
4.7364134076986915,0.6324104503001076,0.12288648007593796,0.09529643474717908,0.8111035152253958,0.020605081499871152,0.5738651829766594,776.7282585999191,5.280103768647053,27.298060987207375,89.55239850039543,25.329306306289762,81.77899815643448,16.21039962342885
4.92737729099382,0.6324104503001076,0.12288648007593796,0.09529643474717908,0.8111035152253958,0.020605081499871152,0.217808828803388,776.7282585999191,5.280103768647053,27.298060987207375,89.55239850039543,25.329306306289762,81.77899815643448,16.21039962342885
4.92737729099382,0.6324104503001076,0.12288648007593796,0.09529643474717908,0.8111035152253958,0.020605081499871152,0.217808828803388,776.7282585999191,5.280103768647053,27.298060987207375,89.55239850039543,25.329306306289762,81.77899815643448,16.21039962342885
11.955627150138794,0.21437007564349125,1.740661005363655,0.05539635917546318,0.7255585419294563,0.39002016005310725,0.3611346988552321,988.753805032351,3.2082000925718557,60.01372207339718,17.958752661598144,46.34012889659222,65.70648229995298,37.95093181197288
4.88546389776163,0.6324104503001076,0.12288648007593796,0.09529643474717908,0.8111035152253958,0.18735778224420196,0.3569842090556574,776.7282585999191,5.280103768647053,27.298060987207375,89.55239850039543,25.329306306289762,81.77899815643448,16.21039962342885
4.92737729099382,0.6324104503001076,0.12288648007593796,0.09529643474717908,0.8111035152253958,0.020605081499871152,0.217808828803388,776.7282585999191,5.280103768647053,27.298060987207375,89.55239850039543,25.329306306289762,81.77899815643448,16.21039962342885
4.92737729099382,0.6324104503001076,0.12288648007593796,0.09529643474717908,0.8111035152253958,0.020605081499871152,0.217808828803388,776.7282585999191,5.280103768647053,27.298060987207375,89.55239850039543,25.329306306289762,81.77899815643448,16.21039962342885
4.92737729099382,0.6324104503001076,0.12288648007593796,0.09529643474717908,0.8111035152253958,0.020605081499871152,0.217808828803388,776.7282585999191,5.280103768647053,27.298060987207375,89.55239850039543,25.329306306289762,81.77899815643448,16.21039962342885
4.92737729099382,0.6324104503001076,0.12288648007593796,0.09529643474717908,0.8111035152253958,0.020605081499871152,0.217808828803388,776.7282585999191,5.280103768647053,27.298060987207375,89.55239850039543,25.329306306289762,81.77899815643448,16.21039962342885
4.92737729099382,0.6324104503001076,0.12288648007593796,0.09529643474717908,0.8111035152253958,0.020605081499871152,0.217808828803388,776.7282585999191,5.280103768647053,27.298060987207375,89.55239850039543,25.329306306289762,81.77899815643448,16.21039962342885
4.922702328914244,0.6324104503001076,0.12288648007593796,0.09529643474717908,0.8111035152253958,0.020605081499871152,0.217808828803388,776.7282585999191,5.280103768647053,27.298060987207375,89.55239850039543,28.718063862213587,81.77899815643448,16.21039962342885
4.92737729099382,0.6324104503001076,0.12288648007593796,0.09529643474717908,0.8111035152253958,0.020605081499871152,0.217808828803388,776.7282585999191,5.280103768647053,27.298060987207375,89.55239850039543,25.329306306289762,81.77899815643448,16.21039962342885
4.7364134076986915,0.6324104503001076,0.12288648007593796,0.09529643474717908,0.8111035152253958,0.020605081499871152,0.5738651829766594,776.7282585999191,5.280103768647053,27.298060987207375,89.55239850039543,25.329306306289762,81.77899815643448,16.21039962342885
4.92737729099382,0.6324104503001076,0.12288648007593796,0.09529643474717908,0.8111035152253958,0.020605081499871152,0.217808828803388,776.7282585999191,5.280103768647053,27.298060987207375,89.55239850039543,25.329306306289762,81.77899815643448,16.21039962342885
4.92737729099382,0.6324104503001076,0.12288648007593796,0.09529643474717908,0.8111035152253958,0.020605081499871152,0.217808828803388,776.7282585999191,5.280103768647053,27.298060987207375,89.55239850039543,25.329306306289762,81.77899815643448,16.21039962342885
4.92737729099382,0.6324104503001076,0.12288648007593796,0.09529643474717908,0.8111035152253958,0.020605081499871152,0.217808828803388,776.7282585999191,5.280103768647053,27.298060987207375,89.55239850039543,25.329306306289762,81.77899815643448,16.21039962342885
4.92737729099382,0.6324104503001076,0.12288648007593796,0.09529643474717908,0.8111035152253958,0.020605081499871152,0.217808828803388,776.7282585999191,5.280103768647053,27.298060987207375,89.55239850039543,25.329306306289762,81.77899815643448,16.21039962342885
4.92737729099382,0.6324104503001076,0.12288648007593796,0.09529643474717908,0.8111035152253958,0.020605081499871152,0.217808828803388,776.7282585999191,5.280103768647053,27.298060987207375,89.55239850039543,25.329306306289762,81.77899815643448,16.21039962342885
6.336089364148827,0.6879182203820646,2.622497150060413,0.05057919380043469,0.12805400240657866,0.5443813760587555,0.8080912578470197,36.73849819338818,6.565141711898235,12.774457953047293,40.761419593762795,4.642522466478539,11.362574359834388,58.81813743914106
4.92737729099382,0.6324104503001076,0.12288648007593796,0.09529643474717908,0.8111035152253958,0.020605081499871152,0.217808828803388,776.7282585999191,5.280103768647053,27.298060987207375,89.55239850039543,25.329306306289762,81.77899815643448,16.21039962342885
4.92737729099382,0.6324104503001076,0.12288648007593796,0.09529643474717908,0.8111035152253958,0.020605081499871152,0.217808828803388,776.7282585999191,5.280103768647053,27.298060987207375,89.55239850039543,25.329306306289762,81.77899815643448,16.21039962342885
4.922702328914244,0.6324104503001076,0.12288648007593796,0.09529643474717908,0.8111035152253958,0.020605081499871152,0.217808828803388,776.7282585999191,5.280103768647053,27.298060987207375,89.55239850039543,28.718063862213587,81.77899815643448,16.21039962342885
4.92737729099382,0.6324104503001076,0.12288648007593796,0.09529643474717908,0.8111035152253958,0.020605081499871152,0.217808828803388,776.7282585999191,5.280103768647053,27.298060987207375,89.55239850039543,25.329306306289762,81.77899815643448,16.21039962342885
4.7364134076986915,0.6324104503001076,0.12288648007593796,0.09529643474717908,0.8111035152253958,0.020605081499871152,0.5738651829766594,776.7282585999191,5.280103768647053,27.298060987207375,89.55239850039543,25.329306306289762,81.77899815643448,16.21039962342885
4.92737729099382,0.6324104503001076,0.12288648007593796,0.09529643474717908,0.8111035152253958,0.020605081499871152,0.217808828803388,776.7282585999191,5.280103768647053,27.298060987207375,89.55239850039543,25.329306306289762,81.77899815643448,16.21039962342885
4.92737729099382,0.6324104503001076,0.12288648007593796,0.09529643474717908,0.8111035152253958,0.020605081499871152,0.217808828803388,776.7282585999191,5.280103768647053,27.298060987207375,89.55239850039543,25.329306306289762,81.77899815643448,16.21039962342885
4.88546389776163,0.6324104503001076,0.12288648007593796,0.09529643474717908,0.8111035152253958,0.18735778224420196,0.3569842090556574,776.7282585999191,5.280103768647053,27.298060987207375,89.55239850039543,25.329306306289762,81.77899815643448,16.21039962342885
4.92737729099382,0.6324104503001076,0.12288648007593796,0.09529643474717908,0.8111035152253958,0.020605081499871152,0.217808828803388,776.7282585999191,5.280103768647053,27.298060987207375,89.55239850039543,25.329306306289762,81.77899815643448,16.21039962342885
11.955627150138794,0.21437007564349125,1.740661005363655,0.05539635917546318,0.7255585419294563,0.39002016005310725,0.3611346988552321,988.753805032351,3.2082000925718557,60.01372207339718,17.958752661598144,46.34012889659222,65.70648229995298,37.95093181197288
4.92737729099382,0.6324104503001076,0.12288648007593796,0.09529643474717908,0.8111035152253958,0.020605081499871152,0.217808828803388,776.7282585999191,5.280103768647053,27.298060987207375,89.55239850039543,25.329306306289762,81.77899815643448,16.21039962342885
6.336089364148827,0.6879182203820646,2.622497150060413,0.05057919380043469,0.12805400240657866,0.5443813760587555,0.8080912578470197,36.73849819338818,6.565141711898235,12.774457953047293,40.761419593762795,4.642522466478539,11.362574359834388,58.81813743914106
4.92737729099382,0.6324104503001076,0.12288648007593796,0.09529643474717908,0.8111035152253958,0.020605081499871152,0.217808828803388,776.7282585999191,5.280103768647053,27.298060987207375,89.55239850039543,25.329306306289762,81.77899815643448,16.21039962342885
4.92737729099382,0.6324104503001076,0.12288648007593796,0.09529643474717908,0.8111035152253958,0.020605081499871152,0.217808828803388,776.7282585999191,5.280103768647053,27.298060987207375,89.55239850039543,25.329306306289762,81.77899815643448,16.21039962342885
4.922702328914244,0.6324104503001076,0.12288648007593796,0.09529643474717908,0.8111035152253958,0.020605081499871152,0.217808828803388,776.7282585999191,5.280103768647053,27.298060987207375,89.55239850039543,28.718063862213587,81.77899815643448,16.21039962342885
4.92737729099382,0.6324104503001076,0.12288648007593796,0.09529643474717908,0.8111035152253958,0.020605081499871152,0.217808828803388,776.7282585999191,5.280103768647053,27.298060987207375,89.55239850039543,25.329306306289762,81.77899815643448,16.21039962342885
4.88546389776163,0.6324104503001076,0.12288648007593796,0.09529643474717908,0.8111035152253958,0.18735778224420196,0.3569842090556574,776.7282585999191,5.280103768647053,27.298060987207375,89.55239850039543,25.329306306289762,81.77899815643448,16.21039962342885
4.92737729099382,0.6324104503001076,0.12288648007593796,0.09529643474717908,0.8111035152253958,0.020605081499871152,0.217808828803388,776.7282585999191,5.280103768647053,27.298060987207375,89.55239850039543,25.329306306289762,81.77899815643448,16.21039962342885
4.92737729099382,0.6324104503001076,0.12288648007593796,0.09529643474717908,0.8111035152253958,0.020605081499871152,0.217808828803388,776.7282585999191,5.280103768647053,27.298060987207375,89.55239850039543,25.329306306289762,81.77899815643448,16.21039962342885
4.92737729099382,0.6324104503001076,0.12288648007593796,0.09529643474717908,0.8111035152253958,0.020605081499871152,0.217808828803388,776.7282585999191,5.280103768647053,27.298060987207375,89.55239850039543,25.329306306289762,81.77899815643448,16.21039962342885
4.92737729099382,0.6324104503001076,0.12288648007593796,0.09529643474717908,0.8111035152253958,0.020605081499871152,0.217808828803388,776.7282585999191,5.280103768647053,27.298060987207375,89.55239850039543,25.329306306289762,81.77899815643448,16.21039962342885
4.92737729099382,0.6324104503001076,0.12288648007593796,0.09529643474717908,0.8111035152253958,0.020605081499871152,0.217808828803388,776.7282585999191,5.280103768647053,27.298060987207375,89.55239850039543,25.329306306289762,81.77899815643448,16.21039962342885
4.7364134076986915,0.6324104503001076,0.12288648007593796,0.09529643474717908,0.8111035152253958,0.020605081499871152,0.5738651829766594,776.7282585999191,5.280103768647053,27.298060987207375,89.55239850039543,25.329306306289762,81.77899815643448,16.21039962342885
4.92737729099382,0.6324104503001076,0.12288648007593796,0.09529643474717908,0.8111035152253958,0.020605081499871152,0.217808828803388,776.7282585999191,5.280103768647053,27.298060987207375,89.55239850039543,25.329306306289762,81.77899815643448,16.21039962342885
4.92737729099382,0.6324104503001076,0.12288648007593796,0.09529643474717908,0.8111035152253958,0.020605081499871152,0.217808828803388,776.7282585999191,5.280103768647053,27.298060987207375,89.55239850039543,25.329306306289762,81.77899815643448,16.21039962342885
4.88546389776163,0.6324104503001076,0.12288648007593796,0.09529643474717908,0.8111035152253958,0.18735778224420196,0.3569842090556574,776.7282585999191,5.280103768647053,27.298060987207375,89.55239850039543,25.329306306289762,81.77899815643448,16.21039962342885
4.92737729099382,0.6324104503001076,0.12288648007593796,0.09529643474717908,0.8111035152253958,0.020605081499871152,0.217808828803388,776.7282585999191,5.280103768647053,27.298060987207375,89.55239850039543,25.329306306289762,81.77899815643448,16.21039962342885
4.92737729099382,0.6324104503001076,0.12288648007593796,0.09529643474717908,0.8111035152253958,0.020605081499871152,0.217808828803388,776.7282585999191,5.280103768647053,27.298060987207375,89.55239850039543,25.329306306289762,81.77899815643448,16.21039962342885
4.92737729099382,0.6324104503001076,0.12288648007593796,0.09529643474717908,0.8111035152253958,0.020605081499871152,0.217808828803388,776.7282585999191,5.280103768647053,27.298060987207375,89.55239850039543,25.329306306289762,81.77899815643448,16.21039962342885
11.955627150138794,0.21437007564349125,1.740661005363655,0.05539635917546318,0.7255585419294563,0.39002016005310725,0.3611346988552321,988.753805032351,3.2082000925718557,60.01372207339718,17.958752661598144,46.34012889659222,65.70648229995298,37.95093181197288
4.92737729099382,0.6324104503001076,0.12288648007593796,0.09529643474717908,0.8111035152253958,0.020605081499871152,0.217808828803388,776.7282585999191,5.280103768647053,27.298060987207375,89.55239850039543,25.329306306289762,81.77899815643448,16.21039962342885
4.92737729099382,0.6324104503001076,0.12288648007593796,0.09529643474717908,0.8111035152253958,0.020605081499871152,0.217808828803388,776.7282585999191,5.280103768647053,27.298060987207375,89.55239850039543,25.329306306289762,81.77899815643448,16.21039962342885
4.92737729099382,0.6324104503001076,0.12288648007593796,0.09529643474717908,0.8111035152253958,0.020605081499871152,0.217808828803388,776.7282585999191,5.280103768647053,27.298060987207375,89.55239850039543,25.329306306289762,81.77899815643448,16.21039962342885
4.92737729099382,0.6324104503001076,0.12288648007593796,0.09529643474717908,0.8111035152253958,0.020605081499871152,0.217808828803388,776.7282585999191,5.280103768647053,27.298060987207375,89.55239850039543,25.329306306289762,81.77899815643448,16.21039962342885
6.336089364148827,0.6879182203820646,2.622497150060413,0.05057919380043469,0.12805400240657866,0.5443813760587555,0.8080912578470197,36.73849819338818,6.565141711898235,12.774457953047293,40.761419593762795,4.642522466478539,11.362574359834388,58.81813743914106
4.7364134076986915,0.6324104503001076,0.12288648007593796,0.09529643474717908,0.8111035152253958,0.020605081499871152,0.5738651829766594,776.7282585999191,5.280103768647053,27.298060987207375,89.55239850039543,25.329306306289762,81.77899815643448,16.21039962342885
4.92737729099382,0.6324104503001076,0.12288648007593796,0.09529643474717908,0.8111035152253958,0.020605081499871152,0.217808828803388,776.7282585999191,5.280103768647053,27.298060987207375,89.55239850039543,25.329306306289762,81.77899815643448,16.21039962342885
4.922702328914244,0.6324104503001076,0.12288648007593796,0.09529643474717908,0.8111035152253958,0.020605081499871152,0.217808828803388,776.7282585999191,5.280103768647053,27.298060987207375,89.55239850039543,28.718063862213587,81.77899815643448,16.21039962342885
4.92737729099382,0.6324104503001076,0.12288648007593796,0.09529643474717908,0.8111035152253958,0.020605081499871152,0.217808828803388,776.7282585999191,5.280103768647053,27.298060987207375,89.55239850039543,25.329306306289762,81.77899815643448,16.21039962342885
4.92737729099382,0.6324104503001076,0.12288648007593796,0.09529643474717908,0.8111035152253958,0.020605081499871152,0.217808828803388,776.7282585999191,5.280103768647053,27.298060987207375,89.55239850039543,25.329306306289762,81.77899815643448,16.21039962342885
4.92737729099382,0.6324104503001076,0.12288648007593796,0.09529643474717908,0.8111035152253958,0.020605081499871152,0.217808828803388,776.7282585999191,5.280103768647053,27.298060987207375,89.55239850039543,25.329306306289762,81.77899815643448,16.21039962342885
4.92737729099382,0.6324104503001076,0.12288648007593796,0.09529643474717908,0.8111035152253958,0.020605081499871152,0.217808828803388,776.7282585999191,5.280103768647053,27.298060987207375,89.55239850039543,25.329306306289762,81.77899815643448,16.21039962342885
11.955627150138794,0.21437007564349125,1.740661005363655,0.05539635917546318,0.7255585419294563,0.39002016005310725,0.3611346988552321,988.753805032351,3.2082000925718557,60.01372207339718,17.958752661598144,46.34012889659222,65.70648229995298,37.95093181197288
4.7364134076986915,0.6324104503001076,0.12288648007593796,0.09529643474717908,0.8111035152253958,0.020605081499871152,0.5738651829766594,776.7282585999191,5.280103768647053,27.298060987207375,89.55239850039543,25.329306306289762,81.77899815643448,16.21039962342885
4.92737729099382,0.6324104503001076,0.12288648007593796,0.09529643474717908,0.8111035152253958,0.020605081499871152,0.217808828803388,776.7282585999191,5.280103768647053,27.298060987207375,89.55239850039543,25.329306306289762,81.77899815643448,16.21039962342885
6.170082379643257,0.8269036851562541,4.564748087788604,0.1462824048684232,0.08978723706255384,0.4885743891896621,0.6482598732455978,69.7497947268409,6.633124711900284,71.33489695748803,15.942811111247456,98.84347818209673,87.07717597682523,22.960303611963226
4.92737729099382,0.6324104503001076,0.12288648007593796,0.09529643474717908,0.8111035152253958,0.020605081499871152,0.217808828803388,776.7282585999191,5.280103768647053,27.298060987207375,89.55239850039543,25.329306306289762,81.77899815643448,16.21039962342885
4.92737729099382,0.6324104503001076,0.12288648007593796,0.09529643474717908,0.8111035152253958,0.020605081499871152,0.217808828803388,776.7282585999191,5.280103768647053,27.298060987207375,89.55239850039543,25.329306306289762,81.77899815643448,16.21039962342885
4.92737729099382,0.6324104503001076,0.12288648007593796,0.09529643474717908,0.8111035152253958,0.020605081499871152,0.217808828803388,776.7282585999191,5.280103768647053,27.298060987207375,89.55239850039543,25.329306306289762,81.77899815643448,16.21039962342885
4.92737729099382,0.6324104503001076,0.12288648007593796,0.09529643474717908,0.8111035152253958,0.020605081499871152,0.217808828803388,776.7282585999191,5.280103768647053,27.298060987207375,89.55239850039543,25.329306306289762,81.77899815643448,16.21039962342885
4.88546389776163,0.6324104503001076,0.12288648007593796,0.09529643474717908,0.8111035152253958,0.18735778224420196,0.3569842090556574,776.7282585999191,5.280103768647053,27.298060987207375,89.55239850039543,25.329306306289762,81.77899815643448,16.21039962342885
4.92737729099382,0.6324104503001076,0.12288648007593796,0.09529643474717908,0.8111035152253958,0.020605081499871152,0.217808828803388,776.7282585999191,5.280103768647053,27.298060987207375,89.55239850039543,25.329306306289762,81.77899815643448,16.21039962342885
4.92737729099382,0.6324104503001076,0.12288648007593796,0.09529643474717908,0.8111035152253958,0.020605081499871152,0.217808828803388,776.7282585999191,5.280103768647053,27.298060987207375,89.55239850039543,25.329306306289762,81.77899815643448,16.21039962342885
4.92737729099382,0.6324104503001076,0.12288648007593796,0.09529643474717908,0.8111035152253958,0.020605081499871152,0.217808828803388,776.7282585999191,5.280103768647053,27.298060987207375,89.55239850039543,25.329306306289762,81.77899815643448,16.21039962342885
4.92737729099382,0.6324104503001076,0.12288648007593796,0.09529643474717908,0.8111035152253958,0.020605081499871152,0.217808828803388,776.7282585999191,5.280103768647053,27.298060987207375,89.55239850039543,25.329306306289762,81.77899815643448,16.21039962342885
4.7364134076986915,0.6324104503001076,0.12288648007593796,0.09529643474717908,0.8111035152253958,0.020605081499871152,0.5738651829766594,776.7282585999191,5.280103768647053,27.298060987207375,89.55239850039543,25.329306306289762,81.77899815643448,16.21039962342885
4.92737729099382,0.6324104503001076,0.12288648007593796,0.09529643474717908,0.8111035152253958,0.020605081499871152,0.217808828803388,776.7282585999191,5.280103768647053,27.298060987207375,89.55239850039543,25.329306306289762,81.77899815643448,16.21039962342885
4.92737729099382,0.6324104503001076,0.12288648007593796,0.09529643474717908,0.8111035152253958,0.020605081499871152,0.217808828803388,776.7282585999191,5.280103768647053,27.298060987207375,89.55239850039543,25.329306306289762,81.77899815643448,16.21039962342885
4.92737729099382,0.6324104503001076,0.12288648007593796,0.09529643474717908,0.8111035152253958,0.020605081499871152,0.217808828803388,776.7282585999191,5.280103768647053,27.298060987207375,89.55239850039543,25.329306306289762,81.77899815643448,16.21039962342885
4.92737729099382,0.6324104503001076,0.12288648007593796,0.09529643474717908,0.8111035152253958,0.020605081499871152,0.217808828803388,776.7282585999191,5.280103768647053,27.298060987207375,89.55239850039543,25.329306306289762,81.77899815643448,16.21039962342885
4.88546389776163,0.6324104503001076,0.12288648007593796,0.09529643474717908,0.8111035152253958,0.18735778224420196,0.3569842090556574,776.7282585999191,5.280103768647053,27.298060987207375,89.55239850039543,25.329306306289762,81.77899815643448,16.21039962342885
4.922702328914244,0.6324104503001076,0.12288648007593796,0.09529643474717908,0.8111035152253958,0.020605081499871152,0.217808828803388,776.7282585999191,5.280103768647053,27.298060987207375,89.55239850039543,28.718063862213587,81.77899815643448,16.21039962342885
4.92737729099382,0.6324104503001076,0.12288648007593796,0.09529643474717908,0.8111035152253958,0.020605081499871152,0.217808828803388,776.7282585999191,5.280103768647053,27.298060987207375,89.55239850039543,25.329306306289762,81.77899815643448,16.21039962342885
4.92737729099382,0.6324104503001076,0.12288648007593796,0.09529643474717908,0.8111035152253958,0.020605081499871152,0.217808828803388,776.7282585999191,5.280103768647053,27.298060987207375,89.55239850039543,25.329306306289762,81.77899815643448,16.21039962342885
4.7364134076986915,0.6324104503001076,0.12288648007593796,0.09529643474717908,0.8111035152253958,0.020605081499871152,0.5738651829766594,776.7282585999191,5.280103768647053,27.298060987207375,89.55239850039543,25.329306306289762,81.77899815643448,16.21039962342885
4.92737729099382,0.6324104503001076,0.12288648007593796,0.09529643474717908,0.8111035152253958,0.020605081499871152,0.217808828803388,776.7282585999191,5.280103768647053,27.298060987207375,89.55239850039543,25.329306306289762,81.77899815643448,16.21039962342885
4.92737729099382,0.6324104503001076,0.12288648007593796,0.09529643474717908,0.8111035152253958,0.020605081499871152,0.217808828803388,776.7282585999191,5.280103768647053,27.298060987207375,89.55239850039543,25.329306306289762,81.77899815643448,16.21039962342885
11.955627150138794,0.21437007564349125,1.740661005363655,0.05539635917546318,0.7255585419294563,0.39002016005310725,0.3611346988552321,988.753805032351,3.2082000925718557,60.01372207339718,17.958752661598144,46.34012889659222,65.70648229995298,37.95093181197288
6.170082379643257,0.8269036851562541,4.564748087788604,0.1462824048684232,0.08978723706255384,0.4885743891896621,0.6482598732455978,69.7497947268409,6.633124711900284,71.33489695748803,15.942811111247456,98.84347818209673,87.07717597682523,22.960303611963226
4.92737729099382,0.6324104503001076,0.12288648007593796,0.09529643474717908,0.8111035152253958,0.020605081499871152,0.217808828803388,776.7282585999191,5.280103768647053,27.298060987207375,89.55239850039543,25.329306306289762,81.77899815643448,16.21039962342885
4.922702328914244,0.6324104503001076,0.12288648007593796,0.09529643474717908,0.8111035152253958,0.020605081499871152,0.217808828803388,776.7282585999191,5.280103768647053,27.298060987207375,89.55239850039543,28.718063862213587,81.77899815643448,16.21039962342885
4.92737729099382,0.6324104503001076,0.12288648007593796,0.09529643474717908,0.8111035152253958,0.020605081499871152,0.217808828803388,776.7282585999191,5.280103768647053,27.298060987207375,89.55239850039543,25.329306306289762,81.77899815643448,16.21039962342885
4.92737729099382,0.6324104503001076,0.12288648007593796,0.09529643474717908,0.8111035152253958,0.020605081499871152,0.217808828803388,776.7282585999191,5.280103768647053,27.298060987207375,89.55239850039543,25.329306306289762,81.77899815643448,16.21039962342885
4.92737729099382,0.6324104503001076,0.12288648007593796,0.09529643474717908,0.8111035152253958,0.020605081499871152,0.217808828803388,776.7282585999191,5.280103768647053,27.298060987207375,89.55239850039543,25.329306306289762,81.77899815643448,16.21039962342885
4.92737729099382,0.6324104503001076,0.12288648007593796,0.09529643474717908,0.8111035152253958,0.020605081499871152,0.217808828803388,776.7282585999191,5.280103768647053,27.298060987207375,89.55239850039543,25.329306306289762,81.77899815643448,16.21039962342885
4.92737729099382,0.6324104503001076,0.12288648007593796,0.09529643474717908,0.8111035152253958,0.020605081499871152,0.217808828803388,776.7282585999191,5.280103768647053,27.298060987207375,89.55239850039543,25.329306306289762,81.77899815643448,16.21039962342885
4.7364134076986915,0.6324104503001076,0.12288648007593796,0.09529643474717908,0.8111035152253958,0.020605081499871152,0.5738651829766594,776.7282585999191,5.280103768647053,27.298060987207375,89.55239850039543,25.329306306289762,81.77899815643448,16.21039962342885
4.92737729099382,0.6324104503001076,0.12288648007593796,0.09529643474717908,0.8111035152253958,0.020605081499871152,0.217808828803388,776.7282585999191,5.280103768647053,27.298060987207375,89.55239850039543,25.329306306289762,81.77899815643448,16.21039962342885
4.92737729099382,0.6324104503001076,0.12288648007593796,0.09529643474717908,0.8111035152253958,0.020605081499871152,0.217808828803388,776.7282585999191,5.280103768647053,27.298060987207375,89.55239850039543,25.329306306289762,81.77899815643448,16.21039962342885
4.92737729099382,0.6324104503001076,0.12288648007593796,0.09529643474717908,0.8111035152253958,0.020605081499871152,0.217808828803388,776.7282585999191,5.280103768647053,27.298060987207375,89.55239850039543,25.329306306289762,81.77899815643448,16.21039962342885
11.955627150138794,0.21437007564349125,1.740661005363655,0.05539635917546318,0.7255585419294563,0.39002016005310725,0.3611346988552321,988.753805032351,3.2082000925718557,60.01372207339718,17.958752661598144,46.34012889659222,65.70648229995298,37.95093181197288
4.88546389776163,0.6324104503001076,0.12288648007593796,0.09529643474717908,0.8111035152253958,0.18735778224420196,0.3569842090556574,776.7282585999191,5.280103768647053,27.298060987207375,89.55239850039543,25.329306306289762,81.77899815643448,16.21039962342885
6.170082379643257,0.8269036851562541,4.564748087788604,0.1462824048684232,0.08978723706255384,0.4885743891896621,0.6482598732455978,69.7497947268409,6.633124711900284,71.33489695748803,15.942811111247456,98.84347818209673,87.07717597682523,22.960303611963226
4.92737729099382,0.6324104503001076,0.12288648007593796,0.09529643474717908,0.8111035152253958,0.020605081499871152,0.217808828803388,776.7282585999191,5.280103768647053,27.298060987207375,89.55239850039543,25.329306306289762,81.77899815643448,16.21039962342885
4.92737729099382,0.6324104503001076,0.12288648007593796,0.09529643474717908,0.8111035152253958,0.020605081499871152,0.217808828803388,776.7282585999191,5.280103768647053,27.298060987207375,89.55239850039543,25.329306306289762,81.77899815643448,16.21039962342885
4.92737729099382,0.6324104503001076,0.12288648007593796,0.09529643474717908,0.8111035152253958,0.020605081499871152,0.217808828803388,776.7282585999191,5.280103768647053,27.298060987207375,89.55239850039543,25.329306306289762,81.77899815643448,16.21039962342885
4.92737729099382,0.6324104503001076,0.12288648007593796,0.09529643474717908,0.8111035152253958,0.020605081499871152,0.217808828803388,776.7282585999191,5.280103768647053,27.298060987207375,89.55239850039543,25.329306306289762,81.77899815643448,16.21039962342885
4.7364134076986915,0.6324104503001076,0.12288648007593796,0.09529643474717908,0.8111035152253958,0.020605081499871152,0.5738651829766594,776.7282585999191,5.280103768647053,27.298060987207375,89.55239850039543,25.329306306289762,81.77899815643448,16.21039962342885
4.92737729099382,0.6324104503001076,0.12288648007593796,0.09529643474717908,0.8111035152253958,0.020605081499871152,0.217808828803388,776.7282585999191,5.280103768647053,27.298060987207375,89.55239850039543,25.329306306289762,81.77899815643448,16.21039962342885
4.92737729099382,0.6324104503001076,0.12288648007593796,0.09529643474717908,0.8111035152253958,0.020605081499871152,0.217808828803388,776.7282585999191,5.280103768647053,27.298060987207375,89.55239850039543,25.329306306289762,81.77899815643448,16.21039962342885
4.92737729099382,0.6324104503001076,0.12288648007593796,0.09529643474717908,0.8111035152253958,0.020605081499871152,0.217808828803388,776.7282585999191,5.280103768647053,27.298060987207375,89.55239850039543,25.329306306289762,81.77899815643448,16.21039962342885
4.92737729099382,0.6324104503001076,0.12288648007593796,0.09529643474717908,0.8111035152253958,0.020605081499871152,0.217808828803388,776.7282585999191,5.280103768647053,27.298060987207375,89.55239850039543,25.329306306289762,81.77899815643448,16.21039962342885
4.92737729099382,0.6324104503001076,0.12288648007593796,0.09529643474717908,0.8111035152253958,0.020605081499871152,0.217808828803388,776.7282585999191,5.280103768647053,27.298060987207375,89.55239850039543,25.329306306289762,81.77899815643448,16.21039962342885
4.92737729099382,0.6324104503001076,0.12288648007593796,0.09529643474717908,0.8111035152253958,0.020605081499871152,0.217808828803388,776.7282585999191,5.280103768647053,27.298060987207375,89.55239850039543,25.329306306289762,81.77899815643448,16.21039962342885
11.955627150138794,0.21437007564349125,1.740661005363655,0.05539635917546318,0.7255585419294563,0.39002016005310725,0.3611346988552321,988.753805032351,3.2082000925718557,60.01372207339718,17.958752661598144,46.34012889659222,65.70648229995298,37.95093181197288
4.92737729099382,0.6324104503001076,0.12288648007593796,0.09529643474717908,0.8111035152253958,0.020605081499871152,0.217808828803388,776.7282585999191,5.280103768647053,27.298060987207375,89.55239850039543,25.329306306289762,81.77899815643448,16.21039962342885
4.922702328914244,0.6324104503001076,0.12288648007593796,0.09529643474717908,0.8111035152253958,0.020605081499871152,0.217808828803388,776.7282585999191,5.280103768647053,27.298060987207375,89.55239850039543,28.718063862213587,81.77899815643448,16.21039962342885
4.92737729099382,0.6324104503001076,0.12288648007593796,0.09529643474717908,0.8111035152253958,0.020605081499871152,0.217808828803388,776.7282585999191,5.280103768647053,27.298060987207375,89.55239850039543,25.329306306289762,81.77899815643448,16.21039962342885
4.92737729099382,0.6324104503001076,0.12288648007593796,0.09529643474717908,0.8111035152253958,0.020605081499871152,0.217808828803388,776.7282585999191,5.280103768647053,27.298060987207375,89.55239850039543,25.329306306289762,81.77899815643448,16.21039962342885
4.92737729099382,0.6324104503001076,0.12288648007593796,0.09529643474717908,0.8111035152253958,0.020605081499871152,0.217808828803388,776.7282585999191,5.280103768647053,27.298060987207375,89.55239850039543,25.329306306289762,81.77899815643448,16.21039962342885
4.92737729099382,0.6324104503001076,0.12288648007593796,0.09529643474717908,0.8111035152253958,0.020605081499871152,0.217808828803388,776.7282585999191,5.280103768647053,27.298060987207375,89.55239850039543,25.329306306289762,81.77899815643448,16.21039962342885
4.88546389776163,0.6324104503001076,0.12288648007593796,0.09529643474717908,0.8111035152253958,0.18735778224420196,0.3569842090556574,776.7282585999191,5.280103768647053,27.298060987207375,89.55239850039543,25.329306306289762,81.77899815643448,16.21039962342885
4.92737729099382,0.6324104503001076,0.12288648007593796,0.09529643474717908,0.8111035152253958,0.020605081499871152,0.217808828803388,776.7282585999191,5.280103768647053,27.298060987207375,89.55239850039543,25.329306306289762,81.77899815643448,16.21039962342885
6.170082379643257,0.8269036851562541,4.564748087788604,0.1462824048684232,0.08978723706255384,0.4885743891896621,0.6482598732455978,69.7497947268409,6.633124711900284,71.33489695748803,15.942811111247456,98.84347818209673,87.07717597682523,22.960303611963226
4.92737729099382,0.6324104503001076,0.12288648007593796,0.09529643474717908,0.8111035152253958,0.020605081499871152,0.217808828803388,776.7282585999191,5.280103768647053,27.298060987207375,89.55239850039543,25.329306306289762,81.77899815643448,16.21039962342885
4.92737729099382,0.6324104503001076,0.12288648007593796,0.09529643474717908,0.8111035152253958,0.020605081499871152,0.217808828803388,776.7282585999191,5.280103768647053,27.298060987207375,89.55239850039543,25.329306306289762,81.77899815643448,16.21039962342885
11.955627150138794,0.21437007564349125,1.740661005363655,0.05539635917546318,0.7255585419294563,0.39002016005310725,0.3611346988552321,988.753805032351,3.2082000925718557,60.01372207339718,17.958752661598144,46.34012889659222,65.70648229995298,37.95093181197288
4.92737729099382,0.6324104503001076,0.12288648007593796,0.09529643474717908,0.8111035152253958,0.020605081499871152,0.217808828803388,776.7282585999191,5.280103768647053,27.298060987207375,89.55239850039543,25.329306306289762,81.77899815643448,16.21039962342885
4.7364134076986915,0.6324104503001076,0.12288648007593796,0.09529643474717908,0.8111035152253958,0.020605081499871152,0.5738651829766594,776.7282585999191,5.280103768647053,27.298060987207375,89.55239850039543,25.329306306289762,81.77899815643448,16.21039962342885
4.92737729099382,0.6324104503001076,0.12288648007593796,0.09529643474717908,0.8111035152253958,0.020605081499871152,0.217808828803388,776.7282585999191,5.280103768647053,27.298060987207375,89.55239850039543,25.329306306289762,81.77899815643448,16.21039962342885
4.92737729099382,0.6324104503001076,0.12288648007593796,0.09529643474717908,0.8111035152253958,0.020605081499871152,0.217808828803388,776.7282585999191,5.280103768647053,27.298060987207375,89.55239850039543,25.329306306289762,81.77899815643448,16.21039962342885
4.92737729099382,0.6324104503001076,0.12288648007593796,0.09529643474717908,0.8111035152253958,0.020605081499871152,0.217808828803388,776.7282585999191,5.280103768647053,27.298060987207375,89.55239850039543,25.329306306289762,81.77899815643448,16.21039962342885
4.92737729099382,0.6324104503001076,0.12288648007593796,0.09529643474717908,0.8111035152253958,0.020605081499871152,0.217808828803388,776.7282585999191,5.280103768647053,27.298060987207375,89.55239850039543,25.329306306289762,81.77899815643448,16.21039962342885
4.92737729099382,0.6324104503001076,0.12288648007593796,0.09529643474717908,0.8111035152253958,0.020605081499871152,0.217808828803388,776.7282585999191,5.280103768647053,27.298060987207375,89.55239850039543,25.329306306289762,81.77899815643448,16.21039962342885
4.92737729099382,0.6324104503001076,0.12288648007593796,0.09529643474717908,0.8111035152253958,0.020605081499871152,0.217808828803388,776.7282585999191,5.280103768647053,27.298060987207375,89.55239850039543,25.329306306289762,81.77899815643448,16.21039962342885
4.92737729099382,0.6324104503001076,0.12288648007593796,0.09529643474717908,0.8111035152253958,0.020605081499871152,0.217808828803388,776.7282585999191,5.280103768647053,27.298060987207375,89.55239850039543,25.329306306289762,81.77899815643448,16.21039962342885
4.92737729099382,0.6324104503001076,0.12288648007593796,0.09529643474717908,0.8111035152253958,0.020605081499871152,0.217808828803388,776.7282585999191,5.280103768647053,27.298060987207375,89.55239850039543,25.329306306289762,81.77899815643448,16.21039962342885
6.170082379643257,0.8269036851562541,4.564748087788604,0.1462824048684232,0.08978723706255384,0.4885743891896621,0.6482598732455978,69.7497947268409,6.633124711900284,71.33489695748803,15.942811111247456,98.84347818209673,87.07717597682523,22.960303611963226
11.955627150138794,0.21437007564349125,1.740661005363655,0.05539635917546318,0.7255585419294563,0.39002016005310725,0.3611346988552321,988.753805032351,3.2082000925718557,60.01372207339718,17.958752661598144,46.34012889659222,65.70648229995298,37.95093181197288
4.922702328914244,0.6324104503001076,0.12288648007593796,0.09529643474717908,0.8111035152253958,0.020605081499871152,0.217808828803388,776.7282585999191,5.280103768647053,27.298060987207375,89.55239850039543,28.718063862213587,81.77899815643448,16.21039962342885
4.92737729099382,0.6324104503001076,0.12288648007593796,0.09529643474717908,0.8111035152253958,0.020605081499871152,0.217808828803388,776.7282585999191,5.280103768647053,27.298060987207375,89.55239850039543,25.329306306289762,81.77899815643448,16.21039962342885
4.88546389776163,0.6324104503001076,0.12288648007593796,0.09529643474717908,0.8111035152253958,0.18735778224420196,0.3569842090556574,776.7282585999191,5.280103768647053,27.298060987207375,89.55239850039543,25.329306306289762,81.77899815643448,16.21039962342885
4.92737729099382,0.6324104503001076,0.12288648007593796,0.09529643474717908,0.8111035152253958,0.020605081499871152,0.217808828803388,776.7282585999191,5.280103768647053,27.298060987207375,89.55239850039543,25.329306306289762,81.77899815643448,16.21039962342885
4.92737729099382,0.6324104503001076,0.12288648007593796,0.09529643474717908,0.8111035152253958,0.020605081499871152,0.217808828803388,776.7282585999191,5.280103768647053,27.298060987207375,89.55239850039543,25.329306306289762,81.77899815643448,16.21039962342885
4.92737729099382,0.6324104503001076,0.12288648007593796,0.09529643474717908,0.8111035152253958,0.020605081499871152,0.217808828803388,776.7282585999191,5.280103768647053,27.298060987207375,89.55239850039543,25.329306306289762,81.77899815643448,16.21039962342885
4.92737729099382,0.6324104503001076,0.12288648007593796,0.09529643474717908,0.8111035152253958,0.020605081499871152,0.217808828803388,776.7282585999191,5.280103768647053,27.298060987207375,89.55239850039543,25.329306306289762,81.77899815643448,16.21039962342885
4.92737729099382,0.6324104503001076,0.12288648007593796,0.09529643474717908,0.8111035152253958,0.020605081499871152,0.217808828803388,776.7282585999191,5.280103768647053,27.298060987207375,89.55239850039543,25.329306306289762,81.77899815643448,16.21039962342885
4.92737729099382,0.6324104503001076,0.12288648007593796,0.09529643474717908,0.8111035152253958,0.020605081499871152,0.217808828803388,776.7282585999191,5.280103768647053,27.298060987207375,89.55239850039543,25.329306306289762,81.77899815643448,16.21039962342885
11.955627150138794,0.21437007564349125,1.740661005363655,0.05539635917546318,0.7255585419294563,0.39002016005310725,0.3611346988552321,988.753805032351,3.2082000925718557,60.01372207339718,17.958752661598144,46.34012889659222,65.70648229995298,37.95093181197288
6.170082379643257,0.8269036851562541,4.564748087788604,0.1462824048684232,0.08978723706255384,0.4885743891896621,0.6482598732455978,69.7497947268409,6.633124711900284,71.33489695748803,15.942811111247456,98.84347818209673,87.07717597682523,22.960303611963226
4.92737729099382,0.6324104503001076,0.12288648007593796,0.09529643474717908,0.8111035152253958,0.020605081499871152,0.217808828803388,776.7282585999191,5.280103768647053,27.298060987207375,89.55239850039543,25.329306306289762,81.77899815643448,16.21039962342885
4.92737729099382,0.6324104503001076,0.12288648007593796,0.09529643474717908,0.8111035152253958,0.020605081499871152,0.217808828803388,776.7282585999191,5.280103768647053,27.298060987207375,89.55239850039543,25.329306306289762,81.77899815643448,16.21039962342885
4.7364134076986915,0.6324104503001076,0.12288648007593796,0.09529643474717908,0.8111035152253958,0.020605081499871152,0.5738651829766594,776.7282585999191,5.280103768647053,27.298060987207375,89.55239850039543,25.329306306289762,81.77899815643448,16.21039962342885
4.92737729099382,0.6324104503001076,0.12288648007593796,0.09529643474717908,0.8111035152253958,0.020605081499871152,0.217808828803388,776.7282585999191,5.280103768647053,27.298060987207375,89.55239850039543,25.329306306289762,81.77899815643448,16.21039962342885
4.88546389776163,0.6324104503001076,0.12288648007593796,0.09529643474717908,0.8111035152253958,0.18735778224420196,0.3569842090556574,776.7282585999191,5.280103768647053,27.298060987207375,89.55239850039543,25.329306306289762,81.77899815643448,16.21039962342885
4.92737729099382,0.6324104503001076,0.12288648007593796,0.09529643474717908,0.8111035152253958,0.020605081499871152,0.217808828803388,776.7282585999191,5.280103768647053,27.298060987207375,89.55239850039543,25.329306306289762,81.77899815643448,16.21039962342885
4.92737729099382,0.6324104503001076,0.12288648007593796,0.09529643474717908,0.8111035152253958,0.020605081499871152,0.217808828803388,776.7282585999191,5.280103768647053,27.298060987207375,89.55239850039543,25.329306306289762,81.77899815643448,16.21039962342885
4.92737729099382,0.6324104503001076,0.12288648007593796,0.09529643474717908,0.8111035152253958,0.020605081499871152,0.217808828803388,776.7282585999191,5.280103768647053,27.298060987207375,89.55239850039543,25.329306306289762,81.77899815643448,16.21039962342885
4.92737729099382,0.6324104503001076,0.12288648007593796,0.09529643474717908,0.8111035152253958,0.020605081499871152,0.217808828803388,776.7282585999191,5.280103768647053,27.298060987207375,89.55239850039543,25.329306306289762,81.77899815643448,16.21039962342885
4.92737729099382,0.6324104503001076,0.12288648007593796,0.09529643474717908,0.8111035152253958,0.020605081499871152,0.217808828803388,776.7282585999191,5.280103768647053,27.298060987207375,89.55239850039543,25.329306306289762,81.77899815643448,16.21039962342885
4.92737729099382,0.6324104503001076,0.12288648007593796,0.09529643474717908,0.8111035152253958,0.020605081499871152,0.217808828803388,776.7282585999191,5.280103768647053,27.298060987207375,89.55239850039543,25.329306306289762,81.77899815643448,16.21039962342885
4.7364134076986915,0.6324104503001076,0.12288648007593796,0.09529643474717908,0.8111035152253958,0.020605081499871152,0.5738651829766594,776.7282585999191,5.280103768647053,27.298060987207375,89.55239850039543,25.329306306289762,81.77899815643448,16.21039962342885
11.955627150138794,0.21437007564349125,1.740661005363655,0.05539635917546318,0.7255585419294563,0.39002016005310725,0.3611346988552321,988.753805032351,3.2082000925718557,60.01372207339718,17.958752661598144,46.34012889659222,65.70648229995298,37.95093181197288
4.922702328914244,0.6324104503001076,0.12288648007593796,0.09529643474717908,0.8111035152253958,0.020605081499871152,0.217808828803388,776.7282585999191,5.280103768647053,27.298060987207375,89.55239850039543,28.718063862213587,81.77899815643448,16.21039962342885
4.92737729099382,0.6324104503001076,0.12288648007593796,0.09529643474717908,0.8111035152253958,0.020605081499871152,0.217808828803388,776.7282585999191,5.280103768647053,27.298060987207375,89.55239850039543,25.329306306289762,81.77899815643448,16.21039962342885
4.92737729099382,0.6324104503001076,0.12288648007593796,0.09529643474717908,0.8111035152253958,0.020605081499871152,0.217808828803388,776.7282585999191,5.280103768647053,27.298060987207375,89.55239850039543,25.329306306289762,81.77899815643448,16.21039962342885
4.92737729099382,0.6324104503001076,0.12288648007593796,0.09529643474717908,0.8111035152253958,0.020605081499871152,0.217808828803388,776.7282585999191,5.280103768647053,27.298060987207375,89.55239850039543,25.329306306289762,81.77899815643448,16.21039962342885
4.92737729099382,0.6324104503001076,0.12288648007593796,0.09529643474717908,0.8111035152253958,0.020605081499871152,0.217808828803388,776.7282585999191,5.280103768647053,27.298060987207375,89.55239850039543,25.329306306289762,81.77899815643448,16.21039962342885
4.7364134076986915,0.6324104503001076,0.12288648007593796,0.09529643474717908,0.8111035152253958,0.020605081499871152,0.5738651829766594,776.7282585999191,5.280103768647053,27.298060987207375,89.55239850039543,25.329306306289762,81.77899815643448,16.21039962342885
4.92737729099382,0.6324104503001076,0.12288648007593796,0.09529643474717908,0.8111035152253958,0.020605081499871152,0.217808828803388,776.7282585999191,5.280103768647053,27.298060987207375,89.55239850039543,25.329306306289762,81.77899815643448,16.21039962342885
6.170082379643257,0.8269036851562541,4.564748087788604,0.1462824048684232,0.08978723706255384,0.4885743891896621,0.6482598732455978,69.7497947268409,6.633124711900284,71.33489695748803,15.942811111247456,98.84347818209673,87.07717597682523,22.960303611963226
4.92737729099382,0.6324104503001076,0.12288648007593796,0.09529643474717908,0.8111035152253958,0.020605081499871152,0.217808828803388,776.7282585999191,5.280103768647053,27.298060987207375,89.55239850039543,25.329306306289762,81.77899815643448,16.21039962342885
4.88546389776163,0.6324104503001076,0.12288648007593796,0.09529643474717908,0.8111035152253958,0.18735778224420196,0.3569842090556574,776.7282585999191,5.280103768647053,27.298060987207375,89.55239850039543,25.329306306289762,81.77899815643448,16.21039962342885
4.92737729099382,0.6324104503001076,0.12288648007593796,0.09529643474717908,0.8111035152253958,0.020605081499871152,0.217808828803388,776.7282585999191,5.280103768647053,27.298060987207375,89.55239850039543,25.329306306289762,81.77899815643448,16.21039962342885
4.92737729099382,0.6324104503001076,0.12288648007593796,0.09529643474717908,0.8111035152253958,0.020605081499871152,0.217808828803388,776.7282585999191,5.280103768647053,27.298060987207375,89.55239850039543,25.329306306289762,81.77899815643448,16.21039962342885
4.92737729099382,0.6324104503001076,0.12288648007593796,0.09529643474717908,0.8111035152253958,0.020605081499871152,0.217808828803388,776.7282585999191,5.280103768647053,27.298060987207375,89.55239850039543,25.329306306289762,81.77899815643448,16.21039962342885
4.92737729099382,0.6324104503001076,0.12288648007593796,0.09529643474717908,0.8111035152253958,0.020605081499871152,0.217808828803388,776.7282585999191,5.280103768647053,27.298060987207375,89.55239850039543,25.329306306289762,81.77899815643448,16.21039962342885
4.92737729099382,0.6324104503001076,0.12288648007593796,0.09529643474717908,0.8111035152253958,0.020605081499871152,0.217808828803388,776.7282585999191,5.280103768647053,27.298060987207375,89.55239850039543,25.329306306289762,81.77899815643448,16.21039962342885
4.92737729099382,0.6324104503001076,0.12288648007593796,0.09529643474717908,0.8111035152253958,0.020605081499871152,0.217808828803388,776.7282585999191,5.280103768647053,27.298060987207375,89.55239850039543,25.329306306289762,81.77899815643448,16.21039962342885
4.92737729099382,0.6324104503001076,0.12288648007593796,0.09529643474717908,0.8111035152253958,0.020605081499871152,0.217808828803388,776.7282585999191,5.280103768647053,27.298060987207375,89.55239850039543,25.329306306289762,81.77899815643448,16.21039962342885
4.92737729099382,0.6324104503001076,0.12288648007593796,0.09529643474717908,0.8111035152253958,0.020605081499871152,0.217808828803388,776.7282585999191,5.280103768647053,27.298060987207375,89.55239850039543,25.329306306289762,81.77899815643448,16.21039962342885
4.92737729099382,0.6324104503001076,0.12288648007593796,0.09529643474717908,0.8111035152253958,0.020605081499871152,0.217808828803388,776.7282585999191,5.280103768647053,27.298060987207375,89.55239850039543,25.329306306289762,81.77899815643448,16.21039962342885
4.92737729099382,0.6324104503001076,0.12288648007593796,0.09529643474717908,0.8111035152253958,0.020605081499871152,0.217808828803388,776.7282585999191,5.280103768647053,27.298060987207375,89.55239850039543,25.329306306289762,81.77899815643448,16.21039962342885
4.92737729099382,0.6324104503001076,0.12288648007593796,0.09529643474717908,0.8111035152253958,0.020605081499871152,0.217808828803388,776.7282585999191,5.280103768647053,27.298060987207375,89.55239850039543,25.329306306289762,81.77899815643448,16.21039962342885
11.955627150138794,0.21437007564349125,1.740661005363655,0.05539635917546318,0.7255585419294563,0.39002016005310725,0.3611346988552321,988.753805032351,3.2082000925718557,60.01372207339718,17.958752661598144,46.34012889659222,65.70648229995298,37.95093181197288
4.922702328914244,0.6324104503001076,0.12288648007593796,0.09529643474717908,0.8111035152253958,0.020605081499871152,0.217808828803388,776.7282585999191,5.280103768647053,27.298060987207375,89.55239850039543,28.718063862213587,81.77899815643448,16.21039962342885
4.92737729099382,0.6324104503001076,0.12288648007593796,0.09529643474717908,0.8111035152253958,0.020605081499871152,0.217808828803388,776.7282585999191,5.280103768647053,27.298060987207375,89.55239850039543,25.329306306289762,81.77899815643448,16.21039962342885
4.92737729099382,0.6324104503001076,0.12288648007593796,0.09529643474717908,0.8111035152253958,0.020605081499871152,0.217808828803388,776.7282585999191,5.280103768647053,27.298060987207375,89.55239850039543,25.329306306289762,81.77899815643448,16.21039962342885
4.92737729099382,0.6324104503001076,0.12288648007593796,0.09529643474717908,0.8111035152253958,0.020605081499871152,0.217808828803388,776.7282585999191,5.280103768647053,27.298060987207375,89.55239850039543,25.329306306289762,81.77899815643448,16.21039962342885
4.92737729099382,0.6324104503001076,0.12288648007593796,0.09529643474717908,0.8111035152253958,0.020605081499871152,0.217808828803388,776.7282585999191,5.280103768647053,27.298060987207375,89.55239850039543,25.329306306289762,81.77899815643448,16.21039962342885
4.7364134076986915,0.6324104503001076,0.12288648007593796,0.09529643474717908,0.8111035152253958,0.020605081499871152,0.5738651829766594,776.7282585999191,5.280103768647053,27.298060987207375,89.55239850039543,25.329306306289762,81.77899815643448,16.21039962342885
4.88546389776163,0.6324104503001076,0.12288648007593796,0.09529643474717908,0.8111035152253958,0.18735778224420196,0.3569842090556574,776.7282585999191,5.280103768647053,27.298060987207375,89.55239850039543,25.329306306289762,81.77899815643448,16.21039962342885
6.170082379643257,0.8269036851562541,4.564748087788604,0.1462824048684232,0.08978723706255384,0.4885743891896621,0.6482598732455978,69.7497947268409,6.633124711900284,71.33489695748803,15.942811111247456,98.84347818209673,87.07717597682523,22.960303611963226
4.92737729099382,0.6324104503001076,0.12288648007593796,0.09529643474717908,0.8111035152253958,0.020605081499871152,0.217808828803388,776.7282585999191,5.280103768647053,27.298060987207375,89.55239850039543,25.329306306289762,81.77899815643448,16.21039962342885
4.92737729099382,0.6324104503001076,0.12288648007593796,0.09529643474717908,0.8111035152253958,0.020605081499871152,0.217808828803388,776.7282585999191,5.280103768647053,27.298060987207375,89.55239850039543,25.329306306289762,81.77899815643448,16.21039962342885
4.92737729099382,0.6324104503001076,0.12288648007593796,0.09529643474717908,0.8111035152253958,0.020605081499871152,0.217808828803388,776.7282585999191,5.280103768647053,27.298060987207375,89.55239850039543,25.329306306289762,81.77899815643448,16.21039962342885
4.92737729099382,0.6324104503001076,0.12288648007593796,0.09529643474717908,0.8111035152253958,0.020605081499871152,0.217808828803388,776.7282585999191,5.280103768647053,27.298060987207375,89.55239850039543,25.329306306289762,81.77899815643448,16.21039962342885
4.92737729099382,0.6324104503001076,0.12288648007593796,0.09529643474717908,0.8111035152253958,0.020605081499871152,0.217808828803388,776.7282585999191,5.280103768647053,27.298060987207375,89.55239850039543,25.329306306289762,81.77899815643448,16.21039962342885
4.7364134076986915,0.6324104503001076,0.12288648007593796,0.09529643474717908,0.8111035152253958,0.020605081499871152,0.5738651829766594,776.7282585999191,5.280103768647053,27.298060987207375,89.55239850039543,25.329306306289762,81.77899815643448,16.21039962342885
4.92737729099382,0.6324104503001076,0.12288648007593796,0.09529643474717908,0.8111035152253958,0.020605081499871152,0.217808828803388,776.7282585999191,5.280103768647053,27.298060987207375,89.55239850039543,25.329306306289762,81.77899815643448,16.21039962342885
4.92737729099382,0.6324104503001076,0.12288648007593796,0.09529643474717908,0.8111035152253958,0.020605081499871152,0.217808828803388,776.7282585999191,5.280103768647053,27.298060987207375,89.55239850039543,25.329306306289762,81.77899815643448,16.21039962342885
4.92737729099382,0.6324104503001076,0.12288648007593796,0.09529643474717908,0.8111035152253958,0.020605081499871152,0.217808828803388,776.7282585999191,5.280103768647053,27.298060987207375,89.55239850039543,25.329306306289762,81.77899815643448,16.21039962342885
4.88546389776163,0.6324104503001076,0.12288648007593796,0.09529643474717908,0.8111035152253958,0.18735778224420196,0.3569842090556574,776.7282585999191,5.280103768647053,27.298060987207375,89.55239850039543,25.329306306289762,81.77899815643448,16.21039962342885
4.92737729099382,0.6324104503001076,0.12288648007593796,0.09529643474717908,0.8111035152253958,0.020605081499871152,0.217808828803388,776.7282585999191,5.280103768647053,27.298060987207375,89.55239850039543,25.329306306289762,81.77899815643448,16.21039962342885
4.92737729099382,0.6324104503001076,0.12288648007593796,0.09529643474717908,0.8111035152253958,0.020605081499871152,0.217808828803388,776.7282585999191,5.280103768647053,27.298060987207375,89.55239850039543,25.329306306289762,81.77899815643448,16.21039962342885
6.170082379643257,0.8269036851562541,4.564748087788604,0.1462824048684232,0.08978723706255384,0.4885743891896621,0.6482598732455978,69.7497947268409,6.633124711900284,71.33489695748803,15.942811111247456,98.84347818209673,87.07717597682523,22.960303611963226
11.955627150138794,0.21437007564349125,1.740661005363655,0.05539635917546318,0.7255585419294563,0.39002016005310725,0.3611346988552321,988.753805032351,3.2082000925718557,60.01372207339718,17.958752661598144,46.34012889659222,65.70648229995298,37.95093181197288
4.92737729099382,0.6324104503001076,0.12288648007593796,0.09529643474717908,0.8111035152253958,0.020605081499871152,0.217808828803388,776.7282585999191,5.280103768647053,27.298060987207375,89.55239850039543,25.329306306289762,81.77899815643448,16.21039962342885
4.92737729099382,0.6324104503001076,0.12288648007593796,0.09529643474717908,0.8111035152253958,0.020605081499871152,0.217808828803388,776.7282585999191,5.280103768647053,27.298060987207375,89.55239850039543,25.329306306289762,81.77899815643448,16.21039962342885
4.922702328914244,0.6324104503001076,0.12288648007593796,0.09529643474717908,0.8111035152253958,0.020605081499871152,0.217808828803388,776.7282585999191,5.280103768647053,27.298060987207375,89.55239850039543,28.718063862213587,81.77899815643448,16.21039962342885
4.92737729099382,0.6324104503001076,0.12288648007593796,0.09529643474717908,0.8111035152253958,0.020605081499871152,0.217808828803388,776.7282585999191,5.280103768647053,27.298060987207375,89.55239850039543,25.329306306289762,81.77899815643448,16.21039962342885
4.92737729099382,0.6324104503001076,0.12288648007593796,0.09529643474717908,0.8111035152253958,0.020605081499871152,0.217808828803388,776.7282585999191,5.280103768647053,27.298060987207375,89.55239850039543,25.329306306289762,81.77899815643448,16.21039962342885
4.7364134076986915,0.6324104503001076,0.12288648007593796,0.09529643474717908,0.8111035152253958,0.020605081499871152,0.5738651829766594,776.7282585999191,5.280103768647053,27.298060987207375,89.55239850039543,25.329306306289762,81.77899815643448,16.21039962342885
4.92737729099382,0.6324104503001076,0.12288648007593796,0.09529643474717908,0.8111035152253958,0.020605081499871152,0.217808828803388,776.7282585999191,5.280103768647053,27.298060987207375,89.55239850039543,25.329306306289762,81.77899815643448,16.21039962342885
4.88546389776163,0.6324104503001076,0.12288648007593796,0.09529643474717908,0.8111035152253958,0.18735778224420196,0.3569842090556574,776.7282585999191,5.280103768647053,27.298060987207375,89.55239850039543,25.329306306289762,81.77899815643448,16.21039962342885
4.92737729099382,0.6324104503001076,0.12288648007593796,0.09529643474717908,0.8111035152253958,0.020605081499871152,0.217808828803388,776.7282585999191,5.280103768647053,27.298060987207375,89.55239850039543,25.329306306289762,81.77899815643448,16.21039962342885
4.92737729099382,0.6324104503001076,0.12288648007593796,0.09529643474717908,0.8111035152253958,0.020605081499871152,0.217808828803388,776.7282585999191,5.280103768647053,27.298060987207375,89.55239850039543,25.329306306289762,81.77899815643448,16.21039962342885
4.92737729099382,0.6324104503001076,0.12288648007593796,0.09529643474717908,0.8111035152253958,0.020605081499871152,0.217808828803388,776.7282585999191,5.280103768647053,27.298060987207375,89.55239850039543,25.329306306289762,81.77899815643448,16.21039962342885
6.170082379643257,0.8269036851562541,4.564748087788604,0.1462824048684232,0.08978723706255384,0.4885743891896621,0.6482598732455978,69.7497947268409,6.633124711900284,71.33489695748803,15.942811111247456,98.84347818209673,87.07717597682523,22.960303611963226
4.92737729099382,0.6324104503001076,0.12288648007593796,0.09529643474717908,0.8111035152253958,0.020605081499871152,0.217808828803388,776.7282585999191,5.280103768647053,27.298060987207375,89.55239850039543,25.329306306289762,81.77899815643448,16.21039962342885
4.92737729099382,0.6324104503001076,0.12288648007593796,0.09529643474717908,0.8111035152253958,0.020605081499871152,0.217808828803388,776.7282585999191,5.280103768647053,27.298060987207375,89.55239850039543,25.329306306289762,81.77899815643448,16.21039962342885
4.7364134076986915,0.6324104503001076,0.12288648007593796,0.09529643474717908,0.8111035152253958,0.020605081499871152,0.5738651829766594,776.7282585999191,5.280103768647053,27.298060987207375,89.55239850039543,25.329306306289762,81.77899815643448,16.21039962342885
4.92737729099382,0.6324104503001076,0.12288648007593796,0.09529643474717908,0.8111035152253958,0.020605081499871152,0.217808828803388,776.7282585999191,5.280103768647053,27.298060987207375,89.55239850039543,25.329306306289762,81.77899815643448,16.21039962342885
4.92737729099382,0.6324104503001076,0.12288648007593796,0.09529643474717908,0.8111035152253958,0.020605081499871152,0.217808828803388,776.7282585999191,5.280103768647053,27.298060987207375,89.55239850039543,25.329306306289762,81.77899815643448,16.21039962342885
4.922702328914244,0.6324104503001076,0.12288648007593796,0.09529643474717908,0.8111035152253958,0.020605081499871152,0.217808828803388,776.7282585999191,5.280103768647053,27.298060987207375,89.55239850039543,28.718063862213587,81.77899815643448,16.21039962342885
4.92737729099382,0.6324104503001076,0.12288648007593796,0.09529643474717908,0.8111035152253958,0.020605081499871152,0.217808828803388,776.7282585999191,5.280103768647053,27.298060987207375,89.55239850039543,25.329306306289762,81.77899815643448,16.21039962342885
4.92737729099382,0.6324104503001076,0.12288648007593796,0.09529643474717908,0.8111035152253958,0.020605081499871152,0.217808828803388,776.7282585999191,5.280103768647053,27.298060987207375,89.55239850039543,25.329306306289762,81.77899815643448,16.21039962342885
4.92737729099382,0.6324104503001076,0.12288648007593796,0.09529643474717908,0.8111035152253958,0.020605081499871152,0.217808828803388,776.7282585999191,5.280103768647053,27.298060987207375,89.55239850039543,25.329306306289762,81.77899815643448,16.21039962342885
4.88546389776163,0.6324104503001076,0.12288648007593796,0.09529643474717908,0.8111035152253958,0.18735778224420196,0.3569842090556574,776.7282585999191,5.280103768647053,27.298060987207375,89.55239850039543,25.329306306289762,81.77899815643448,16.21039962342885
4.92737729099382,0.6324104503001076,0.12288648007593796,0.09529643474717908,0.8111035152253958,0.020605081499871152,0.217808828803388,776.7282585999191,5.280103768647053,27.298060987207375,89.55239850039543,25.329306306289762,81.77899815643448,16.21039962342885
4.92737729099382,0.6324104503001076,0.12288648007593796,0.09529643474717908,0.8111035152253958,0.020605081499871152,0.217808828803388,776.7282585999191,5.280103768647053,27.298060987207375,89.55239850039543,25.329306306289762,81.77899815643448,16.21039962342885
6.170082379643257,0.8269036851562541,4.564748087788604,0.1462824048684232,0.08978723706255384,0.4885743891896621,0.6482598732455978,69.7497947268409,6.633124711900284,71.33489695748803,15.942811111247456,98.84347818209673,87.07717597682523,22.960303611963226
4.92737729099382,0.6324104503001076,0.12288648007593796,0.09529643474717908,0.8111035152253958,0.020605081499871152,0.217808828803388,776.7282585999191,5.280103768647053,27.298060987207375,89.55239850039543,25.329306306289762,81.77899815643448,16.21039962342885
4.92737729099382,0.6324104503001076,0.12288648007593796,0.09529643474717908,0.8111035152253958,0.020605081499871152,0.217808828803388,776.7282585999191,5.280103768647053,27.298060987207375,89.55239850039543,25.329306306289762,81.77899815643448,16.21039962342885
4.92737729099382,0.6324104503001076,0.12288648007593796,0.09529643474717908,0.8111035152253958,0.020605081499871152,0.217808828803388,776.7282585999191,5.280103768647053,27.298060987207375,89.55239850039543,25.329306306289762,81.77899815643448,16.21039962342885
4.92737729099382,0.6324104503001076,0.12288648007593796,0.09529643474717908,0.8111035152253958,0.020605081499871152,0.217808828803388,776.7282585999191,5.280103768647053,27.298060987207375,89.55239850039543,25.329306306289762,81.77899815643448,16.21039962342885
4.92737729099382,0.6324104503001076,0.12288648007593796,0.09529643474717908,0.8111035152253958,0.020605081499871152,0.217808828803388,776.7282585999191,5.280103768647053,27.298060987207375,89.55239850039543,25.329306306289762,81.77899815643448,16.21039962342885
4.92737729099382,0.6324104503001076,0.12288648007593796,0.09529643474717908,0.8111035152253958,0.020605081499871152,0.217808828803388,776.7282585999191,5.280103768647053,27.298060987207375,89.55239850039543,25.329306306289762,81.77899815643448,16.21039962342885
4.92737729099382,0.6324104503001076,0.12288648007593796,0.09529643474717908,0.8111035152253958,0.020605081499871152,0.217808828803388,776.7282585999191,5.280103768647053,27.298060987207375,89.55239850039543,25.329306306289762,81.77899815643448,16.21039962342885
4.88546389776163,0.6324104503001076,0.12288648007593796,0.09529643474717908,0.8111035152253958,0.18735778224420196,0.3569842090556574,776.7282585999191,5.280103768647053,27.298060987207375,89.55239850039543,25.329306306289762,81.77899815643448,16.21039962342885
4.92737729099382,0.6324104503001076,0.12288648007593796,0.09529643474717908,0.8111035152253958,0.020605081499871152,0.217808828803388,776.7282585999191,5.280103768647053,27.298060987207375,89.55239850039543,25.329306306289762,81.77899815643448,16.21039962342885
4.92737729099382,0.6324104503001076,0.12288648007593796,0.09529643474717908,0.8111035152253958,0.020605081499871152,0.217808828803388,776.7282585999191,5.280103768647053,27.298060987207375,89.55239850039543,25.329306306289762,81.77899815643448,16.21039962342885
4.92737729099382,0.6324104503001076,0.12288648007593796,0.09529643474717908,0.8111035152253958,0.020605081499871152,0.217808828803388,776.7282585999191,5.280103768647053,27.298060987207375,89.55239850039543,25.329306306289762,81.77899815643448,16.21039962342885
6.170082379643257,0.8269036851562541,4.564748087788604,0.1462824048684232,0.08978723706255384,0.4885743891896621,0.6482598732455978,69.7497947268409,6.633124711900284,71.33489695748803,15.942811111247456,98.84347818209673,87.07717597682523,22.960303611963226
4.7364134076986915,0.6324104503001076,0.12288648007593796,0.09529643474717908,0.8111035152253958,0.020605081499871152,0.5738651829766594,776.7282585999191,5.280103768647053,27.298060987207375,89.55239850039543,25.329306306289762,81.77899815643448,16.21039962342885
4.92737729099382,0.6324104503001076,0.12288648007593796,0.09529643474717908,0.8111035152253958,0.020605081499871152,0.217808828803388,776.7282585999191,5.280103768647053,27.298060987207375,89.55239850039543,25.329306306289762,81.77899815643448,16.21039962342885
4.92737729099382,0.6324104503001076,0.12288648007593796,0.09529643474717908,0.8111035152253958,0.020605081499871152,0.217808828803388,776.7282585999191,5.280103768647053,27.298060987207375,89.55239850039543,25.329306306289762,81.77899815643448,16.21039962342885
4.922702328914244,0.6324104503001076,0.12288648007593796,0.09529643474717908,0.8111035152253958,0.020605081499871152,0.217808828803388,776.7282585999191,5.280103768647053,27.298060987207375,89.55239850039543,28.718063862213587,81.77899815643448,16.21039962342885
4.92737729099382,0.6324104503001076,0.12288648007593796,0.09529643474717908,0.8111035152253958,0.020605081499871152,0.217808828803388,776.7282585999191,5.280103768647053,27.298060987207375,89.55239850039543,25.329306306289762,81.77899815643448,16.21039962342885
4.88546389776163,0.6324104503001076,0.12288648007593796,0.09529643474717908,0.8111035152253958,0.18735778224420196,0.3569842090556574,776.7282585999191,5.280103768647053,27.298060987207375,89.55239850039543,25.329306306289762,81.77899815643448,16.21039962342885
4.92737729099382,0.6324104503001076,0.12288648007593796,0.09529643474717908,0.8111035152253958,0.020605081499871152,0.217808828803388,776.7282585999191,5.280103768647053,27.298060987207375,89.55239850039543,25.329306306289762,81.77899815643448,16.21039962342885
4.92737729099382,0.6324104503001076,0.12288648007593796,0.09529643474717908,0.8111035152253958,0.020605081499871152,0.217808828803388,776.7282585999191,5.280103768647053,27.298060987207375,89.55239850039543,25.329306306289762,81.77899815643448,16.21039962342885
4.92737729099382,0.6324104503001076,0.12288648007593796,0.09529643474717908,0.8111035152253958,0.020605081499871152,0.217808828803388,776.7282585999191,5.280103768647053,27.298060987207375,89.55239850039543,25.329306306289762,81.77899815643448,16.21039962342885
4.92737729099382,0.6324104503001076,0.12288648007593796,0.09529643474717908,0.8111035152253958,0.020605081499871152,0.217808828803388,776.7282585999191,5.280103768647053,27.298060987207375,89.55239850039543,25.329306306289762,81.77899815643448,16.21039962342885
4.92737729099382,0.6324104503001076,0.12288648007593796,0.09529643474717908,0.8111035152253958,0.020605081499871152,0.217808828803388,776.7282585999191,5.280103768647053,27.298060987207375,89.55239850039543,25.329306306289762,81.77899815643448,16.21039962342885
4.7364134076986915,0.6324104503001076,0.12288648007593796,0.09529643474717908,0.8111035152253958,0.020605081499871152,0.5738651829766594,776.7282585999191,5.280103768647053,27.298060987207375,89.55239850039543,25.329306306289762,81.77899815643448,16.21039962342885
6.170082379643257,0.8269036851562541,4.564748087788604,0.1462824048684232,0.08978723706255384,0.4885743891896621,0.6482598732455978,69.7497947268409,6.633124711900284,71.33489695748803,15.942811111247456,98.84347818209673,87.07717597682523,22.960303611963226
4.88546389776163,0.6324104503001076,0.12288648007593796,0.09529643474717908,0.8111035152253958,0.18735778224420196,0.3569842090556574,776.7282585999191,5.280103768647053,27.298060987207375,89.55239850039543,25.329306306289762,81.77899815643448,16.21039962342885
4.92737729099382,0.6324104503001076,0.12288648007593796,0.09529643474717908,0.8111035152253958,0.020605081499871152,0.217808828803388,776.7282585999191,5.280103768647053,27.298060987207375,89.55239850039543,25.329306306289762,81.77899815643448,16.21039962342885
4.92737729099382,0.6324104503001076,0.12288648007593796,0.09529643474717908,0.8111035152253958,0.020605081499871152,0.217808828803388,776.7282585999191,5.280103768647053,27.298060987207375,89.55239850039543,25.329306306289762,81.77899815643448,16.21039962342885
4.92737729099382,0.6324104503001076,0.12288648007593796,0.09529643474717908,0.8111035152253958,0.020605081499871152,0.217808828803388,776.7282585999191,5.280103768647053,27.298060987207375,89.55239850039543,25.329306306289762,81.77899815643448,16.21039962342885
4.92737729099382,0.6324104503001076,0.12288648007593796,0.09529643474717908,0.8111035152253958,0.020605081499871152,0.217808828803388,776.7282585999191,5.280103768647053,27.298060987207375,89.55239850039543,25.329306306289762,81.77899815643448,16.21039962342885
4.92737729099382,0.6324104503001076,0.12288648007593796,0.09529643474717908,0.8111035152253958,0.020605081499871152,0.217808828803388,776.7282585999191,5.280103768647053,27.298060987207375,89.55239850039543,25.329306306289762,81.77899815643448,16.21039962342885
4.92737729099382,0.6324104503001076,0.12288648007593796,0.09529643474717908,0.8111035152253958,0.020605081499871152,0.217808828803388,776.7282585999191,5.280103768647053,27.298060987207375,89.55239850039543,25.329306306289762,81.77899815643448,16.21039962342885
4.92737729099382,0.6324104503001076,0.12288648007593796,0.09529643474717908,0.8111035152253958,0.020605081499871152,0.217808828803388,776.7282585999191,5.280103768647053,27.298060987207375,89.55239850039543,25.329306306289762,81.77899815643448,16.21039962342885
4.92737729099382,0.6324104503001076,0.12288648007593796,0.09529643474717908,0.8111035152253958,0.020605081499871152,0.217808828803388,776.7282585999191,5.280103768647053,27.298060987207375,89.55239850039543,25.329306306289762,81.77899815643448,16.21039962342885
4.92737729099382,0.6324104503001076,0.12288648007593796,0.09529643474717908,0.8111035152253958,0.020605081499871152,0.217808828803388,776.7282585999191,5.280103768647053,27.298060987207375,89.55239850039543,25.329306306289762,81.77899815643448,16.21039962342885
4.92737729099382,0.6324104503001076,0.12288648007593796,0.09529643474717908,0.8111035152253958,0.020605081499871152,0.217808828803388,776.7282585999191,5.280103768647053,27.298060987207375,89.55239850039543,25.329306306289762,81.77899815643448,16.21039962342885
4.92737729099382,0.6324104503001076,0.12288648007593796,0.09529643474717908,0.8111035152253958,0.020605081499871152,0.217808828803388,776.7282585999191,5.280103768647053,27.298060987207375,89.55239850039543,25.329306306289762,81.77899815643448,16.21039962342885
4.92737729099382,0.6324104503001076,0.12288648007593796,0.09529643474717908,0.8111035152253958,0.020605081499871152,0.217808828803388,776.7282585999191,5.280103768647053,27.298060987207375,89.55239850039543,25.329306306289762,81.77899815643448,16.21039962342885
4.922702328914244,0.6324104503001076,0.12288648007593796,0.09529643474717908,0.8111035152253958,0.020605081499871152,0.217808828803388,776.7282585999191,5.280103768647053,27.298060987207375,89.55239850039543,28.718063862213587,81.77899815643448,16.21039962342885
4.92737729099382,0.6324104503001076,0.12288648007593796,0.09529643474717908,0.8111035152253958,0.020605081499871152,0.217808828803388,776.7282585999191,5.280103768647053,27.298060987207375,89.55239850039543,25.329306306289762,81.77899815643448,16.21039962342885
4.92737729099382,0.6324104503001076,0.12288648007593796,0.09529643474717908,0.8111035152253958,0.020605081499871152,0.217808828803388,776.7282585999191,5.280103768647053,27.298060987207375,89.55239850039543,25.329306306289762,81.77899815643448,16.21039962342885
4.7364134076986915,0.6324104503001076,0.12288648007593796,0.09529643474717908,0.8111035152253958,0.020605081499871152,0.5738651829766594,776.7282585999191,5.280103768647053,27.298060987207375,89.55239850039543,25.329306306289762,81.77899815643448,16.21039962342885
4.92737729099382,0.6324104503001076,0.12288648007593796,0.09529643474717908,0.8111035152253958,0.020605081499871152,0.217808828803388,776.7282585999191,5.280103768647053,27.298060987207375,89.55239850039543,25.329306306289762,81.77899815643448,16.21039962342885
4.92737729099382,0.6324104503001076,0.12288648007593796,0.09529643474717908,0.8111035152253958,0.020605081499871152,0.217808828803388,776.7282585999191,5.280103768647053,27.298060987207375,89.55239850039543,25.329306306289762,81.77899815643448,16.21039962342885
4.92737729099382,0.6324104503001076,0.12288648007593796,0.09529643474717908,0.8111035152253958,0.020605081499871152,0.217808828803388,776.7282585999191,5.280103768647053,27.298060987207375,89.55239850039543,25.329306306289762,81.77899815643448,16.21039962342885
6.170082379643257,0.8269036851562541,4.564748087788604,0.1462824048684232,0.08978723706255384,0.4885743891896621,0.6482598732455978,69.7497947268409,6.633124711900284,71.33489695748803,15.942811111247456,98.84347818209673,87.07717597682523,22.960303611963226
4.92737729099382,0.6324104503001076,0.12288648007593796,0.09529643474717908,0.8111035152253958,0.020605081499871152,0.217808828803388,776.7282585999191,5.280103768647053,27.298060987207375,89.55239850039543,25.329306306289762,81.77899815643448,16.21039962342885
4.88546389776163,0.6324104503001076,0.12288648007593796,0.09529643474717908,0.8111035152253958,0.18735778224420196,0.3569842090556574,776.7282585999191,5.280103768647053,27.298060987207375,89.55239850039543,25.329306306289762,81.77899815643448,16.21039962342885
4.611819544990589,0.9824287909308131,0.4471006158957623,0.15398568316493622,0.1648361269474924,0.7761575768120621,0.7909563937818178,27.573079495000684,3.922089852971109,84.60287451277974,87.4876457300945,82.38583056999498,67.38513856421812,15.461702824409157
4.92737729099382,0.6324104503001076,0.12288648007593796,0.09529643474717908,0.8111035152253958,0.020605081499871152,0.217808828803388,776.7282585999191,5.280103768647053,27.298060987207375,89.55239850039543,25.329306306289762,81.77899815643448,16.21039962342885
4.92737729099382,0.6324104503001076,0.12288648007593796,0.09529643474717908,0.8111035152253958,0.020605081499871152,0.217808828803388,776.7282585999191,5.280103768647053,27.298060987207375,89.55239850039543,25.329306306289762,81.77899815643448,16.21039962342885
4.92737729099382,0.6324104503001076,0.12288648007593796,0.09529643474717908,0.8111035152253958,0.020605081499871152,0.217808828803388,776.7282585999191,5.280103768647053,27.298060987207375,89.55239850039543,25.329306306289762,81.77899815643448,16.21039962342885
4.922702328914244,0.6324104503001076,0.12288648007593796,0.09529643474717908,0.8111035152253958,0.020605081499871152,0.217808828803388,776.7282585999191,5.280103768647053,27.298060987207375,89.55239850039543,28.718063862213587,81.77899815643448,16.21039962342885
4.92737729099382,0.6324104503001076,0.12288648007593796,0.09529643474717908,0.8111035152253958,0.020605081499871152,0.217808828803388,776.7282585999191,5.280103768647053,27.298060987207375,89.55239850039543,25.329306306289762,81.77899815643448,16.21039962342885
4.92737729099382,0.6324104503001076,0.12288648007593796,0.09529643474717908,0.8111035152253958,0.020605081499871152,0.217808828803388,776.7282585999191,5.280103768647053,27.298060987207375,89.55239850039543,25.329306306289762,81.77899815643448,16.21039962342885
4.92737729099382,0.6324104503001076,0.12288648007593796,0.09529643474717908,0.8111035152253958,0.020605081499871152,0.217808828803388,776.7282585999191,5.280103768647053,27.298060987207375,89.55239850039543,25.329306306289762,81.77899815643448,16.21039962342885
4.92737729099382,0.6324104503001076,0.12288648007593796,0.09529643474717908,0.8111035152253958,0.020605081499871152,0.217808828803388,776.7282585999191,5.280103768647053,27.298060987207375,89.55239850039543,25.329306306289762,81.77899815643448,16.21039962342885
4.92737729099382,0.6324104503001076,0.12288648007593796,0.09529643474717908,0.8111035152253958,0.020605081499871152,0.217808828803388,776.7282585999191,5.280103768647053,27.298060987207375,89.55239850039543,25.329306306289762,81.77899815643448,16.21039962342885
4.88546389776163,0.6324104503001076,0.12288648007593796,0.09529643474717908,0.8111035152253958,0.18735778224420196,0.3569842090556574,776.7282585999191,5.280103768647053,27.298060987207375,89.55239850039543,25.329306306289762,81.77899815643448,16.21039962342885
4.611819544990589,0.9824287909308131,0.4471006158957623,0.15398568316493622,0.1648361269474924,0.7761575768120621,0.7909563937818178,27.573079495000684,3.922089852971109,84.60287451277974,87.4876457300945,82.38583056999498,67.38513856421812,15.461702824409157
4.92737729099382,0.6324104503001076,0.12288648007593796,0.09529643474717908,0.8111035152253958,0.020605081499871152,0.217808828803388,776.7282585999191,5.280103768647053,27.298060987207375,89.55239850039543,25.329306306289762,81.77899815643448,16.21039962342885
4.92737729099382,0.6324104503001076,0.12288648007593796,0.09529643474717908,0.8111035152253958,0.020605081499871152,0.217808828803388,776.7282585999191,5.280103768647053,27.298060987207375,89.55239850039543,25.329306306289762,81.77899815643448,16.21039962342885
4.92737729099382,0.6324104503001076,0.12288648007593796,0.09529643474717908,0.8111035152253958,0.020605081499871152,0.217808828803388,776.7282585999191,5.280103768647053,27.298060987207375,89.55239850039543,25.329306306289762,81.77899815643448,16.21039962342885
4.92737729099382,0.6324104503001076,0.12288648007593796,0.09529643474717908,0.8111035152253958,0.020605081499871152,0.217808828803388,776.7282585999191,5.280103768647053,27.298060987207375,89.55239850039543,25.329306306289762,81.77899815643448,16.21039962342885
4.92737729099382,0.6324104503001076,0.12288648007593796,0.09529643474717908,0.8111035152253958,0.020605081499871152,0.217808828803388,776.7282585999191,5.280103768647053,27.298060987207375,89.55239850039543,25.329306306289762,81.77899815643448,16.21039962342885
4.922702328914244,0.6324104503001076,0.12288648007593796,0.09529643474717908,0.8111035152253958,0.020605081499871152,0.217808828803388,776.7282585999191,5.280103768647053,27.298060987207375,89.55239850039543,28.718063862213587,81.77899815643448,16.21039962342885
4.7364134076986915,0.6324104503001076,0.12288648007593796,0.09529643474717908,0.8111035152253958,0.020605081499871152,0.5738651829766594,776.7282585999191,5.280103768647053,27.298060987207375,89.55239850039543,25.329306306289762,81.77899815643448,16.21039962342885
4.92737729099382,0.6324104503001076,0.12288648007593796,0.09529643474717908,0.8111035152253958,0.020605081499871152,0.217808828803388,776.7282585999191,5.280103768647053,27.298060987207375,89.55239850039543,25.329306306289762,81.77899815643448,16.21039962342885
4.92737729099382,0.6324104503001076,0.12288648007593796,0.09529643474717908,0.8111035152253958,0.020605081499871152,0.217808828803388,776.7282585999191,5.280103768647053,27.298060987207375,89.55239850039543,25.329306306289762,81.77899815643448,16.21039962342885
4.88546389776163,0.6324104503001076,0.12288648007593796,0.09529643474717908,0.8111035152253958,0.18735778224420196,0.3569842090556574,776.7282585999191,5.280103768647053,27.298060987207375,89.55239850039543,25.329306306289762,81.77899815643448,16.21039962342885
4.92737729099382,0.6324104503001076,0.12288648007593796,0.09529643474717908,0.8111035152253958,0.020605081499871152,0.217808828803388,776.7282585999191,5.280103768647053,27.298060987207375,89.55239850039543,25.329306306289762,81.77899815643448,16.21039962342885
6.170082379643257,0.8269036851562541,4.564748087788604,0.1462824048684232,0.08978723706255384,0.4885743891896621,0.6482598732455978,69.7497947268409,6.633124711900284,71.33489695748803,15.942811111247456,98.84347818209673,87.07717597682523,22.960303611963226
4.611819544990589,0.9824287909308131,0.4471006158957623,0.15398568316493622,0.1648361269474924,0.7761575768120621,0.7909563937818178,27.573079495000684,3.922089852971109,84.60287451277974,87.4876457300945,82.38583056999498,67.38513856421812,15.461702824409157
4.92737729099382,0.6324104503001076,0.12288648007593796,0.09529643474717908,0.8111035152253958,0.020605081499871152,0.217808828803388,776.7282585999191,5.280103768647053,27.298060987207375,89.55239850039543,25.329306306289762,81.77899815643448,16.21039962342885
4.92737729099382,0.6324104503001076,0.12288648007593796,0.09529643474717908,0.8111035152253958,0.020605081499871152,0.217808828803388,776.7282585999191,5.280103768647053,27.298060987207375,89.55239850039543,25.329306306289762,81.77899815643448,16.21039962342885
4.92737729099382,0.6324104503001076,0.12288648007593796,0.09529643474717908,0.8111035152253958,0.020605081499871152,0.217808828803388,776.7282585999191,5.280103768647053,27.298060987207375,89.55239850039543,25.329306306289762,81.77899815643448,16.21039962342885
4.92737729099382,0.6324104503001076,0.12288648007593796,0.09529643474717908,0.8111035152253958,0.020605081499871152,0.217808828803388,776.7282585999191,5.280103768647053,27.298060987207375,89.55239850039543,25.329306306289762,81.77899815643448,16.21039962342885
4.92737729099382,0.6324104503001076,0.12288648007593796,0.09529643474717908,0.8111035152253958,0.020605081499871152,0.217808828803388,776.7282585999191,5.280103768647053,27.298060987207375,89.55239850039543,25.329306306289762,81.77899815643448,16.21039962342885
4.92737729099382,0.6324104503001076,0.12288648007593796,0.09529643474717908,0.8111035152253958,0.020605081499871152,0.217808828803388,776.7282585999191,5.280103768647053,27.298060987207375,89.55239850039543,25.329306306289762,81.77899815643448,16.21039962342885
4.922702328914244,0.6324104503001076,0.12288648007593796,0.09529643474717908,0.8111035152253958,0.020605081499871152,0.217808828803388,776.7282585999191,5.280103768647053,27.298060987207375,89.55239850039543,28.718063862213587,81.77899815643448,16.21039962342885
4.92737729099382,0.6324104503001076,0.12288648007593796,0.09529643474717908,0.8111035152253958,0.020605081499871152,0.217808828803388,776.7282585999191,5.280103768647053,27.298060987207375,89.55239850039543,25.329306306289762,81.77899815643448,16.21039962342885
4.7364134076986915,0.6324104503001076,0.12288648007593796,0.09529643474717908,0.8111035152253958,0.020605081499871152,0.5738651829766594,776.7282585999191,5.280103768647053,27.298060987207375,89.55239850039543,25.329306306289762,81.77899815643448,16.21039962342885
4.92737729099382,0.6324104503001076,0.12288648007593796,0.09529643474717908,0.8111035152253958,0.020605081499871152,0.217808828803388,776.7282585999191,5.280103768647053,27.298060987207375,89.55239850039543,25.329306306289762,81.77899815643448,16.21039962342885
4.92737729099382,0.6324104503001076,0.12288648007593796,0.09529643474717908,0.8111035152253958,0.020605081499871152,0.217808828803388,776.7282585999191,5.280103768647053,27.298060987207375,89.55239850039543,25.329306306289762,81.77899815643448,16.21039962342885
4.88546389776163,0.6324104503001076,0.12288648007593796,0.09529643474717908,0.8111035152253958,0.18735778224420196,0.3569842090556574,776.7282585999191,5.280103768647053,27.298060987207375,89.55239850039543,25.329306306289762,81.77899815643448,16.21039962342885
4.92737729099382,0.6324104503001076,0.12288648007593796,0.09529643474717908,0.8111035152253958,0.020605081499871152,0.217808828803388,776.7282585999191,5.280103768647053,27.298060987207375,89.55239850039543,25.329306306289762,81.77899815643448,16.21039962342885
6.170082379643257,0.8269036851562541,4.564748087788604,0.1462824048684232,0.08978723706255384,0.4885743891896621,0.6482598732455978,69.7497947268409,6.633124711900284,71.33489695748803,15.942811111247456,98.84347818209673,87.07717597682523,22.960303611963226
4.92737729099382,0.6324104503001076,0.12288648007593796,0.09529643474717908,0.8111035152253958,0.020605081499871152,0.217808828803388,776.7282585999191,5.280103768647053,27.298060987207375,89.55239850039543,25.329306306289762,81.77899815643448,16.21039962342885
4.611819544990589,0.9824287909308131,0.4471006158957623,0.15398568316493622,0.1648361269474924,0.7761575768120621,0.7909563937818178,27.573079495000684,3.922089852971109,84.60287451277974,87.4876457300945,82.38583056999498,67.38513856421812,15.461702824409157
4.92737729099382,0.6324104503001076,0.12288648007593796,0.09529643474717908,0.8111035152253958,0.020605081499871152,0.217808828803388,776.7282585999191,5.280103768647053,27.298060987207375,89.55239850039543,25.329306306289762,81.77899815643448,16.21039962342885
4.92737729099382,0.6324104503001076,0.12288648007593796,0.09529643474717908,0.8111035152253958,0.020605081499871152,0.217808828803388,776.7282585999191,5.280103768647053,27.298060987207375,89.55239850039543,25.329306306289762,81.77899815643448,16.21039962342885
4.92737729099382,0.6324104503001076,0.12288648007593796,0.09529643474717908,0.8111035152253958,0.020605081499871152,0.217808828803388,776.7282585999191,5.280103768647053,27.298060987207375,89.55239850039543,25.329306306289762,81.77899815643448,16.21039962342885
4.92737729099382,0.6324104503001076,0.12288648007593796,0.09529643474717908,0.8111035152253958,0.020605081499871152,0.217808828803388,776.7282585999191,5.280103768647053,27.298060987207375,89.55239850039543,25.329306306289762,81.77899815643448,16.21039962342885
4.7364134076986915,0.6324104503001076,0.12288648007593796,0.09529643474717908,0.8111035152253958,0.020605081499871152,0.5738651829766594,776.7282585999191,5.280103768647053,27.298060987207375,89.55239850039543,25.329306306289762,81.77899815643448,16.21039962342885
4.922702328914244,0.6324104503001076,0.12288648007593796,0.09529643474717908,0.8111035152253958,0.020605081499871152,0.217808828803388,776.7282585999191,5.280103768647053,27.298060987207375,89.55239850039543,28.718063862213587,81.77899815643448,16.21039962342885
4.92737729099382,0.6324104503001076,0.12288648007593796,0.09529643474717908,0.8111035152253958,0.020605081499871152,0.217808828803388,776.7282585999191,5.280103768647053,27.298060987207375,89.55239850039543,25.329306306289762,81.77899815643448,16.21039962342885
4.92737729099382,0.6324104503001076,0.12288648007593796,0.09529643474717908,0.8111035152253958,0.020605081499871152,0.217808828803388,776.7282585999191,5.280103768647053,27.298060987207375,89.55239850039543,25.329306306289762,81.77899815643448,16.21039962342885
4.92737729099382,0.6324104503001076,0.12288648007593796,0.09529643474717908,0.8111035152253958,0.020605081499871152,0.217808828803388,776.7282585999191,5.280103768647053,27.298060987207375,89.55239850039543,25.329306306289762,81.77899815643448,16.21039962342885
4.611819544990589,0.9824287909308131,0.4471006158957623,0.15398568316493622,0.1648361269474924,0.7761575768120621,0.7909563937818178,27.573079495000684,3.922089852971109,84.60287451277974,87.4876457300945,82.38583056999498,67.38513856421812,15.461702824409157
4.92737729099382,0.6324104503001076,0.12288648007593796,0.09529643474717908,0.8111035152253958,0.020605081499871152,0.217808828803388,776.7282585999191,5.280103768647053,27.298060987207375,89.55239850039543,25.329306306289762,81.77899815643448,16.21039962342885
6.170082379643257,0.8269036851562541,4.564748087788604,0.1462824048684232,0.08978723706255384,0.4885743891896621,0.6482598732455978,69.7497947268409,6.633124711900284,71.33489695748803,15.942811111247456,98.84347818209673,87.07717597682523,22.960303611963226
4.92737729099382,0.6324104503001076,0.12288648007593796,0.09529643474717908,0.8111035152253958,0.020605081499871152,0.217808828803388,776.7282585999191,5.280103768647053,27.298060987207375,89.55239850039543,25.329306306289762,81.77899815643448,16.21039962342885
4.92737729099382,0.6324104503001076,0.12288648007593796,0.09529643474717908,0.8111035152253958,0.020605081499871152,0.217808828803388,776.7282585999191,5.280103768647053,27.298060987207375,89.55239850039543,25.329306306289762,81.77899815643448,16.21039962342885
4.92737729099382,0.6324104503001076,0.12288648007593796,0.09529643474717908,0.8111035152253958,0.020605081499871152,0.217808828803388,776.7282585999191,5.280103768647053,27.298060987207375,89.55239850039543,25.329306306289762,81.77899815643448,16.21039962342885
4.92737729099382,0.6324104503001076,0.12288648007593796,0.09529643474717908,0.8111035152253958,0.020605081499871152,0.217808828803388,776.7282585999191,5.280103768647053,27.298060987207375,89.55239850039543,25.329306306289762,81.77899815643448,16.21039962342885
4.92737729099382,0.6324104503001076,0.12288648007593796,0.09529643474717908,0.8111035152253958,0.020605081499871152,0.217808828803388,776.7282585999191,5.280103768647053,27.298060987207375,89.55239850039543,25.329306306289762,81.77899815643448,16.21039962342885
4.88546389776163,0.6324104503001076,0.12288648007593796,0.09529643474717908,0.8111035152253958,0.18735778224420196,0.3569842090556574,776.7282585999191,5.280103768647053,27.298060987207375,89.55239850039543,25.329306306289762,81.77899815643448,16.21039962342885
4.92737729099382,0.6324104503001076,0.12288648007593796,0.09529643474717908,0.8111035152253958,0.020605081499871152,0.217808828803388,776.7282585999191,5.280103768647053,27.298060987207375,89.55239850039543,25.329306306289762,81.77899815643448,16.21039962342885
4.92737729099382,0.6324104503001076,0.12288648007593796,0.09529643474717908,0.8111035152253958,0.020605081499871152,0.217808828803388,776.7282585999191,5.280103768647053,27.298060987207375,89.55239850039543,25.329306306289762,81.77899815643448,16.21039962342885
4.92737729099382,0.6324104503001076,0.12288648007593796,0.09529643474717908,0.8111035152253958,0.020605081499871152,0.217808828803388,776.7282585999191,5.280103768647053,27.298060987207375,89.55239850039543,25.329306306289762,81.77899815643448,16.21039962342885
4.611819544990589,0.9824287909308131,0.4471006158957623,0.15398568316493622,0.1648361269474924,0.7761575768120621,0.7909563937818178,27.573079495000684,3.922089852971109,84.60287451277974,87.4876457300945,82.38583056999498,67.38513856421812,15.461702824409157
4.92737729099382,0.6324104503001076,0.12288648007593796,0.09529643474717908,0.8111035152253958,0.020605081499871152,0.217808828803388,776.7282585999191,5.280103768647053,27.298060987207375,89.55239850039543,25.329306306289762,81.77899815643448,16.21039962342885
4.92737729099382,0.6324104503001076,0.12288648007593796,0.09529643474717908,0.8111035152253958,0.020605081499871152,0.217808828803388,776.7282585999191,5.280103768647053,27.298060987207375,89.55239850039543,25.329306306289762,81.77899815643448,16.21039962342885
4.92737729099382,0.6324104503001076,0.12288648007593796,0.09529643474717908,0.8111035152253958,0.020605081499871152,0.217808828803388,776.7282585999191,5.280103768647053,27.298060987207375,89.55239850039543,25.329306306289762,81.77899815643448,16.21039962342885
4.92737729099382,0.6324104503001076,0.12288648007593796,0.09529643474717908,0.8111035152253958,0.020605081499871152,0.217808828803388,776.7282585999191,5.280103768647053,27.298060987207375,89.55239850039543,25.329306306289762,81.77899815643448,16.21039962342885
4.7364134076986915,0.6324104503001076,0.12288648007593796,0.09529643474717908,0.8111035152253958,0.020605081499871152,0.5738651829766594,776.7282585999191,5.280103768647053,27.298060987207375,89.55239850039543,25.329306306289762,81.77899815643448,16.21039962342885
4.92737729099382,0.6324104503001076,0.12288648007593796,0.09529643474717908,0.8111035152253958,0.020605081499871152,0.217808828803388,776.7282585999191,5.280103768647053,27.298060987207375,89.55239850039543,25.329306306289762,81.77899815643448,16.21039962342885
4.92737729099382,0.6324104503001076,0.12288648007593796,0.09529643474717908,0.8111035152253958,0.020605081499871152,0.217808828803388,776.7282585999191,5.280103768647053,27.298060987207375,89.55239850039543,25.329306306289762,81.77899815643448,16.21039962342885
4.92737729099382,0.6324104503001076,0.12288648007593796,0.09529643474717908,0.8111035152253958,0.020605081499871152,0.217808828803388,776.7282585999191,5.280103768647053,27.298060987207375,89.55239850039543,25.329306306289762,81.77899815643448,16.21039962342885
4.92737729099382,0.6324104503001076,0.12288648007593796,0.09529643474717908,0.8111035152253958,0.020605081499871152,0.217808828803388,776.7282585999191,5.280103768647053,27.298060987207375,89.55239850039543,25.329306306289762,81.77899815643448,16.21039962342885
4.88546389776163,0.6324104503001076,0.12288648007593796,0.09529643474717908,0.8111035152253958,0.18735778224420196,0.3569842090556574,776.7282585999191,5.280103768647053,27.298060987207375,89.55239850039543,25.329306306289762,81.77899815643448,16.21039962342885
4.922702328914244,0.6324104503001076,0.12288648007593796,0.09529643474717908,0.8111035152253958,0.020605081499871152,0.217808828803388,776.7282585999191,5.280103768647053,27.298060987207375,89.55239850039543,28.718063862213587,81.77899815643448,16.21039962342885
4.92737729099382,0.6324104503001076,0.12288648007593796,0.09529643474717908,0.8111035152253958,0.020605081499871152,0.217808828803388,776.7282585999191,5.280103768647053,27.298060987207375,89.55239850039543,25.329306306289762,81.77899815643448,16.21039962342885
4.611819544990589,0.9824287909308131,0.4471006158957623,0.15398568316493622,0.1648361269474924,0.7761575768120621,0.7909563937818178,27.573079495000684,3.922089852971109,84.60287451277974,87.4876457300945,82.38583056999498,67.38513856421812,15.461702824409157
6.170082379643257,0.8269036851562541,4.564748087788604,0.1462824048684232,0.08978723706255384,0.4885743891896621,0.6482598732455978,69.7497947268409,6.633124711900284,71.33489695748803,15.942811111247456,98.84347818209673,87.07717597682523,22.960303611963226
4.92737729099382,0.6324104503001076,0.12288648007593796,0.09529643474717908,0.8111035152253958,0.020605081499871152,0.217808828803388,776.7282585999191,5.280103768647053,27.298060987207375,89.55239850039543,25.329306306289762,81.77899815643448,16.21039962342885
4.7364134076986915,0.6324104503001076,0.12288648007593796,0.09529643474717908,0.8111035152253958,0.020605081499871152,0.5738651829766594,776.7282585999191,5.280103768647053,27.298060987207375,89.55239850039543,25.329306306289762,81.77899815643448,16.21039962342885
4.92737729099382,0.6324104503001076,0.12288648007593796,0.09529643474717908,0.8111035152253958,0.020605081499871152,0.217808828803388,776.7282585999191,5.280103768647053,27.298060987207375,89.55239850039543,25.329306306289762,81.77899815643448,16.21039962342885
4.92737729099382,0.6324104503001076,0.12288648007593796,0.09529643474717908,0.8111035152253958,0.020605081499871152,0.217808828803388,776.7282585999191,5.280103768647053,27.298060987207375,89.55239850039543,25.329306306289762,81.77899815643448,16.21039962342885
4.88546389776163,0.6324104503001076,0.12288648007593796,0.09529643474717908,0.8111035152253958,0.18735778224420196,0.3569842090556574,776.7282585999191,5.280103768647053,27.298060987207375,89.55239850039543,25.329306306289762,81.77899815643448,16.21039962342885
4.922702328914244,0.6324104503001076,0.12288648007593796,0.09529643474717908,0.8111035152253958,0.020605081499871152,0.217808828803388,776.7282585999191,5.280103768647053,27.298060987207375,89.55239850039543,28.718063862213587,81.77899815643448,16.21039962342885
4.92737729099382,0.6324104503001076,0.12288648007593796,0.09529643474717908,0.8111035152253958,0.020605081499871152,0.217808828803388,776.7282585999191,5.280103768647053,27.298060987207375,89.55239850039543,25.329306306289762,81.77899815643448,16.21039962342885
4.92737729099382,0.6324104503001076,0.12288648007593796,0.09529643474717908,0.8111035152253958,0.020605081499871152,0.217808828803388,776.7282585999191,5.280103768647053,27.298060987207375,89.55239850039543,25.329306306289762,81.77899815643448,16.21039962342885
4.92737729099382,0.6324104503001076,0.12288648007593796,0.09529643474717908,0.8111035152253958,0.020605081499871152,0.217808828803388,776.7282585999191,5.280103768647053,27.298060987207375,89.55239850039543,25.329306306289762,81.77899815643448,16.21039962342885
4.92737729099382,0.6324104503001076,0.12288648007593796,0.09529643474717908,0.8111035152253958,0.020605081499871152,0.217808828803388,776.7282585999191,5.280103768647053,27.298060987207375,89.55239850039543,25.329306306289762,81.77899815643448,16.21039962342885
4.92737729099382,0.6324104503001076,0.12288648007593796,0.09529643474717908,0.8111035152253958,0.020605081499871152,0.217808828803388,776.7282585999191,5.280103768647053,27.298060987207375,89.55239850039543,25.329306306289762,81.77899815643448,16.21039962342885
4.92737729099382,0.6324104503001076,0.12288648007593796,0.09529643474717908,0.8111035152253958,0.020605081499871152,0.217808828803388,776.7282585999191,5.280103768647053,27.298060987207375,89.55239850039543,25.329306306289762,81.77899815643448,16.21039962342885
4.7364134076986915,0.6324104503001076,0.12288648007593796,0.09529643474717908,0.8111035152253958,0.020605081499871152,0.5738651829766594,776.7282585999191,5.280103768647053,27.298060987207375,89.55239850039543,25.329306306289762,81.77899815643448,16.21039962342885
4.611819544990589,0.9824287909308131,0.4471006158957623,0.15398568316493622,0.1648361269474924,0.7761575768120621,0.7909563937818178,27.573079495000684,3.922089852971109,84.60287451277974,87.4876457300945,82.38583056999498,67.38513856421812,15.461702824409157
4.88546389776163,0.6324104503001076,0.12288648007593796,0.09529643474717908,0.8111035152253958,0.18735778224420196,0.3569842090556574,776.7282585999191,5.280103768647053,27.298060987207375,89.55239850039543,25.329306306289762,81.77899815643448,16.21039962342885
4.92737729099382,0.6324104503001076,0.12288648007593796,0.09529643474717908,0.8111035152253958,0.020605081499871152,0.217808828803388,776.7282585999191,5.280103768647053,27.298060987207375,89.55239850039543,25.329306306289762,81.77899815643448,16.21039962342885
4.92737729099382,0.6324104503001076,0.12288648007593796,0.09529643474717908,0.8111035152253958,0.020605081499871152,0.217808828803388,776.7282585999191,5.280103768647053,27.298060987207375,89.55239850039543,25.329306306289762,81.77899815643448,16.21039962342885
4.922702328914244,0.6324104503001076,0.12288648007593796,0.09529643474717908,0.8111035152253958,0.020605081499871152,0.217808828803388,776.7282585999191,5.280103768647053,27.298060987207375,89.55239850039543,28.718063862213587,81.77899815643448,16.21039962342885
4.92737729099382,0.6324104503001076,0.12288648007593796,0.09529643474717908,0.8111035152253958,0.020605081499871152,0.217808828803388,776.7282585999191,5.280103768647053,27.298060987207375,89.55239850039543,25.329306306289762,81.77899815643448,16.21039962342885
4.92737729099382,0.6324104503001076,0.12288648007593796,0.09529643474717908,0.8111035152253958,0.020605081499871152,0.217808828803388,776.7282585999191,5.280103768647053,27.298060987207375,89.55239850039543,25.329306306289762,81.77899815643448,16.21039962342885
4.92737729099382,0.6324104503001076,0.12288648007593796,0.09529643474717908,0.8111035152253958,0.020605081499871152,0.217808828803388,776.7282585999191,5.280103768647053,27.298060987207375,89.55239850039543,25.329306306289762,81.77899815643448,16.21039962342885
4.92737729099382,0.6324104503001076,0.12288648007593796,0.09529643474717908,0.8111035152253958,0.020605081499871152,0.217808828803388,776.7282585999191,5.280103768647053,27.298060987207375,89.55239850039543,25.329306306289762,81.77899815643448,16.21039962342885
4.92737729099382,0.6324104503001076,0.12288648007593796,0.09529643474717908,0.8111035152253958,0.020605081499871152,0.217808828803388,776.7282585999191,5.280103768647053,27.298060987207375,89.55239850039543,25.329306306289762,81.77899815643448,16.21039962342885
4.92737729099382,0.6324104503001076,0.12288648007593796,0.09529643474717908,0.8111035152253958,0.020605081499871152,0.217808828803388,776.7282585999191,5.280103768647053,27.298060987207375,89.55239850039543,25.329306306289762,81.77899815643448,16.21039962342885
4.7364134076986915,0.6324104503001076,0.12288648007593796,0.09529643474717908,0.8111035152253958,0.020605081499871152,0.5738651829766594,776.7282585999191,5.280103768647053,27.298060987207375,89.55239850039543,25.329306306289762,81.77899815643448,16.21039962342885
4.92737729099382,0.6324104503001076,0.12288648007593796,0.09529643474717908,0.8111035152253958,0.020605081499871152,0.217808828803388,776.7282585999191,5.280103768647053,27.298060987207375,89.55239850039543,25.329306306289762,81.77899815643448,16.21039962342885
4.92737729099382,0.6324104503001076,0.12288648007593796,0.09529643474717908,0.8111035152253958,0.020605081499871152,0.217808828803388,776.7282585999191,5.280103768647053,27.298060987207375,89.55239850039543,25.329306306289762,81.77899815643448,16.21039962342885
4.88546389776163,0.6324104503001076,0.12288648007593796,0.09529643474717908,0.8111035152253958,0.18735778224420196,0.3569842090556574,776.7282585999191,5.280103768647053,27.298060987207375,89.55239850039543,25.329306306289762,81.77899815643448,16.21039962342885
6.170082379643257,0.8269036851562541,4.564748087788604,0.1462824048684232,0.08978723706255384,0.4885743891896621,0.6482598732455978,69.7497947268409,6.633124711900284,71.33489695748803,15.942811111247456,98.84347818209673,87.07717597682523,22.960303611963226
4.92737729099382,0.6324104503001076,0.12288648007593796,0.09529643474717908,0.8111035152253958,0.020605081499871152,0.217808828803388,776.7282585999191,5.280103768647053,27.298060987207375,89.55239850039543,25.329306306289762,81.77899815643448,16.21039962342885
4.92737729099382,0.6324104503001076,0.12288648007593796,0.09529643474717908,0.8111035152253958,0.020605081499871152,0.217808828803388,776.7282585999191,5.280103768647053,27.298060987207375,89.55239850039543,25.329306306289762,81.77899815643448,16.21039962342885
4.92737729099382,0.6324104503001076,0.12288648007593796,0.09529643474717908,0.8111035152253958,0.020605081499871152,0.217808828803388,776.7282585999191,5.280103768647053,27.298060987207375,89.55239850039543,25.329306306289762,81.77899815643448,16.21039962342885
4.92737729099382,0.6324104503001076,0.12288648007593796,0.09529643474717908,0.8111035152253958,0.020605081499871152,0.217808828803388,776.7282585999191,5.280103768647053,27.298060987207375,89.55239850039543,25.329306306289762,81.77899815643448,16.21039962342885
4.92737729099382,0.6324104503001076,0.12288648007593796,0.09529643474717908,0.8111035152253958,0.020605081499871152,0.217808828803388,776.7282585999191,5.280103768647053,27.298060987207375,89.55239850039543,25.329306306289762,81.77899815643448,16.21039962342885
4.7364134076986915,0.6324104503001076,0.12288648007593796,0.09529643474717908,0.8111035152253958,0.020605081499871152,0.5738651829766594,776.7282585999191,5.280103768647053,27.298060987207375,89.55239850039543,25.329306306289762,81.77899815643448,16.21039962342885
4.92737729099382,0.6324104503001076,0.12288648007593796,0.09529643474717908,0.8111035152253958,0.020605081499871152,0.217808828803388,776.7282585999191,5.280103768647053,27.298060987207375,89.55239850039543,25.329306306289762,81.77899815643448,16.21039962342885
4.92737729099382,0.6324104503001076,0.12288648007593796,0.09529643474717908,0.8111035152253958,0.020605081499871152,0.217808828803388,776.7282585999191,5.280103768647053,27.298060987207375,89.55239850039543,25.329306306289762,81.77899815643448,16.21039962342885
4.88546389776163,0.6324104503001076,0.12288648007593796,0.09529643474717908,0.8111035152253958,0.18735778224420196,0.3569842090556574,776.7282585999191,5.280103768647053,27.298060987207375,89.55239850039543,25.329306306289762,81.77899815643448,16.21039962342885
4.92737729099382,0.6324104503001076,0.12288648007593796,0.09529643474717908,0.8111035152253958,0.020605081499871152,0.217808828803388,776.7282585999191,5.280103768647053,27.298060987207375,89.55239850039543,25.329306306289762,81.77899815643448,16.21039962342885
4.92737729099382,0.6324104503001076,0.12288648007593796,0.09529643474717908,0.8111035152253958,0.020605081499871152,0.217808828803388,776.7282585999191,5.280103768647053,27.298060987207375,89.55239850039543,25.329306306289762,81.77899815643448,16.21039962342885
4.92737729099382,0.6324104503001076,0.12288648007593796,0.09529643474717908,0.8111035152253958,0.020605081499871152,0.217808828803388,776.7282585999191,5.280103768647053,27.298060987207375,89.55239850039543,25.329306306289762,81.77899815643448,16.21039962342885
4.92737729099382,0.6324104503001076,0.12288648007593796,0.09529643474717908,0.8111035152253958,0.020605081499871152,0.217808828803388,776.7282585999191,5.280103768647053,27.298060987207375,89.55239850039543,25.329306306289762,81.77899815643448,16.21039962342885
4.611819544990589,0.9824287909308131,0.4471006158957623,0.15398568316493622,0.1648361269474924,0.7761575768120621,0.7909563937818178,27.573079495000684,3.922089852971109,84.60287451277974,87.4876457300945,82.38583056999498,67.38513856421812,15.461702824409157
4.922702328914244,0.6324104503001076,0.12288648007593796,0.09529643474717908,0.8111035152253958,0.020605081499871152,0.217808828803388,776.7282585999191,5.280103768647053,27.298060987207375,89.55239850039543,28.718063862213587,81.77899815643448,16.21039962342885
4.92737729099382,0.6324104503001076,0.12288648007593796,0.09529643474717908,0.8111035152253958,0.020605081499871152,0.217808828803388,776.7282585999191,5.280103768647053,27.298060987207375,89.55239850039543,25.329306306289762,81.77899815643448,16.21039962342885
4.92737729099382,0.6324104503001076,0.12288648007593796,0.09529643474717908,0.8111035152253958,0.020605081499871152,0.217808828803388,776.7282585999191,5.280103768647053,27.298060987207375,89.55239850039543,25.329306306289762,81.77899815643448,16.21039962342885
4.92737729099382,0.6324104503001076,0.12288648007593796,0.09529643474717908,0.8111035152253958,0.020605081499871152,0.217808828803388,776.7282585999191,5.280103768647053,27.298060987207375,89.55239850039543,25.329306306289762,81.77899815643448,16.21039962342885
4.92737729099382,0.6324104503001076,0.12288648007593796,0.09529643474717908,0.8111035152253958,0.020605081499871152,0.217808828803388,776.7282585999191,5.280103768647053,27.298060987207375,89.55239850039543,25.329306306289762,81.77899815643448,16.21039962342885
4.92737729099382,0.6324104503001076,0.12288648007593796,0.09529643474717908,0.8111035152253958,0.020605081499871152,0.217808828803388,776.7282585999191,5.280103768647053,27.298060987207375,89.55239850039543,25.329306306289762,81.77899815643448,16.21039962342885
4.7364134076986915,0.6324104503001076,0.12288648007593796,0.09529643474717908,0.8111035152253958,0.020605081499871152,0.5738651829766594,776.7282585999191,5.280103768647053,27.298060987207375,89.55239850039543,25.329306306289762,81.77899815643448,16.21039962342885
4.88546389776163,0.6324104503001076,0.12288648007593796,0.09529643474717908,0.8111035152253958,0.18735778224420196,0.3569842090556574,776.7282585999191,5.280103768647053,27.298060987207375,89.55239850039543,25.329306306289762,81.77899815643448,16.21039962342885
4.92737729099382,0.6324104503001076,0.12288648007593796,0.09529643474717908,0.8111035152253958,0.020605081499871152,0.217808828803388,776.7282585999191,5.280103768647053,27.298060987207375,89.55239850039543,25.329306306289762,81.77899815643448,16.21039962342885
4.92737729099382,0.6324104503001076,0.12288648007593796,0.09529643474717908,0.8111035152253958,0.020605081499871152,0.217808828803388,776.7282585999191,5.280103768647053,27.298060987207375,89.55239850039543,25.329306306289762,81.77899815643448,16.21039962342885
4.611819544990589,0.9824287909308131,0.4471006158957623,0.15398568316493622,0.1648361269474924,0.7761575768120621,0.7909563937818178,27.573079495000684,3.922089852971109,84.60287451277974,87.4876457300945,82.38583056999498,67.38513856421812,15.461702824409157
4.92737729099382,0.6324104503001076,0.12288648007593796,0.09529643474717908,0.8111035152253958,0.020605081499871152,0.217808828803388,776.7282585999191,5.280103768647053,27.298060987207375,89.55239850039543,25.329306306289762,81.77899815643448,16.21039962342885
6.170082379643257,0.8269036851562541,4.564748087788604,0.1462824048684232,0.08978723706255384,0.4885743891896621,0.6482598732455978,69.7497947268409,6.633124711900284,71.33489695748803,15.942811111247456,98.84347818209673,87.07717597682523,22.960303611963226
4.92737729099382,0.6324104503001076,0.12288648007593796,0.09529643474717908,0.8111035152253958,0.020605081499871152,0.217808828803388,776.7282585999191,5.280103768647053,27.298060987207375,89.55239850039543,25.329306306289762,81.77899815643448,16.21039962342885
4.922702328914244,0.6324104503001076,0.12288648007593796,0.09529643474717908,0.8111035152253958,0.020605081499871152,0.217808828803388,776.7282585999191,5.280103768647053,27.298060987207375,89.55239850039543,28.718063862213587,81.77899815643448,16.21039962342885
4.92737729099382,0.6324104503001076,0.12288648007593796,0.09529643474717908,0.8111035152253958,0.020605081499871152,0.217808828803388,776.7282585999191,5.280103768647053,27.298060987207375,89.55239850039543,25.329306306289762,81.77899815643448,16.21039962342885
4.92737729099382,0.6324104503001076,0.12288648007593796,0.09529643474717908,0.8111035152253958,0.020605081499871152,0.217808828803388,776.7282585999191,5.280103768647053,27.298060987207375,89.55239850039543,25.329306306289762,81.77899815643448,16.21039962342885
4.92737729099382,0.6324104503001076,0.12288648007593796,0.09529643474717908,0.8111035152253958,0.020605081499871152,0.217808828803388,776.7282585999191,5.280103768647053,27.298060987207375,89.55239850039543,25.329306306289762,81.77899815643448,16.21039962342885
4.7364134076986915,0.6324104503001076,0.12288648007593796,0.09529643474717908,0.8111035152253958,0.020605081499871152,0.5738651829766594,776.7282585999191,5.280103768647053,27.298060987207375,89.55239850039543,25.329306306289762,81.77899815643448,16.21039962342885
4.92737729099382,0.6324104503001076,0.12288648007593796,0.09529643474717908,0.8111035152253958,0.020605081499871152,0.217808828803388,776.7282585999191,5.280103768647053,27.298060987207375,89.55239850039543,25.329306306289762,81.77899815643448,16.21039962342885
4.92737729099382,0.6324104503001076,0.12288648007593796,0.09529643474717908,0.8111035152253958,0.020605081499871152,0.217808828803388,776.7282585999191,5.280103768647053,27.298060987207375,89.55239850039543,25.329306306289762,81.77899815643448,16.21039962342885
4.92737729099382,0.6324104503001076,0.12288648007593796,0.09529643474717908,0.8111035152253958,0.020605081499871152,0.217808828803388,776.7282585999191,5.280103768647053,27.298060987207375,89.55239850039543,25.329306306289762,81.77899815643448,16.21039962342885
4.92737729099382,0.6324104503001076,0.12288648007593796,0.09529643474717908,0.8111035152253958,0.020605081499871152,0.217808828803388,776.7282585999191,5.280103768647053,27.298060987207375,89.55239850039543,25.329306306289762,81.77899815643448,16.21039962342885
4.92737729099382,0.6324104503001076,0.12288648007593796,0.09529643474717908,0.8111035152253958,0.020605081499871152,0.217808828803388,776.7282585999191,5.280103768647053,27.298060987207375,89.55239850039543,25.329306306289762,81.77899815643448,16.21039962342885
4.92737729099382,0.6324104503001076,0.12288648007593796,0.09529643474717908,0.8111035152253958,0.020605081499871152,0.217808828803388,776.7282585999191,5.280103768647053,27.298060987207375,89.55239850039543,25.329306306289762,81.77899815643448,16.21039962342885
4.92737729099382,0.6324104503001076,0.12288648007593796,0.09529643474717908,0.8111035152253958,0.020605081499871152,0.217808828803388,776.7282585999191,5.280103768647053,27.298060987207375,89.55239850039543,25.329306306289762,81.77899815643448,16.21039962342885
6.170082379643257,0.8269036851562541,4.564748087788604,0.1462824048684232,0.08978723706255384,0.4885743891896621,0.6482598732455978,69.7497947268409,6.633124711900284,71.33489695748803,15.942811111247456,98.84347818209673,87.07717597682523,22.960303611963226
4.922702328914244,0.6324104503001076,0.12288648007593796,0.09529643474717908,0.8111035152253958,0.020605081499871152,0.217808828803388,776.7282585999191,5.280103768647053,27.298060987207375,89.55239850039543,28.718063862213587,81.77899815643448,16.21039962342885
4.92737729099382,0.6324104503001076,0.12288648007593796,0.09529643474717908,0.8111035152253958,0.020605081499871152,0.217808828803388,776.7282585999191,5.280103768647053,27.298060987207375,89.55239850039543,25.329306306289762,81.77899815643448,16.21039962342885
4.92737729099382,0.6324104503001076,0.12288648007593796,0.09529643474717908,0.8111035152253958,0.020605081499871152,0.217808828803388,776.7282585999191,5.280103768647053,27.298060987207375,89.55239850039543,25.329306306289762,81.77899815643448,16.21039962342885
4.92737729099382,0.6324104503001076,0.12288648007593796,0.09529643474717908,0.8111035152253958,0.020605081499871152,0.217808828803388,776.7282585999191,5.280103768647053,27.298060987207375,89.55239850039543,25.329306306289762,81.77899815643448,16.21039962342885
4.88546389776163,0.6324104503001076,0.12288648007593796,0.09529643474717908,0.8111035152253958,0.18735778224420196,0.3569842090556574,776.7282585999191,5.280103768647053,27.298060987207375,89.55239850039543,25.329306306289762,81.77899815643448,16.21039962342885
4.92737729099382,0.6324104503001076,0.12288648007593796,0.09529643474717908,0.8111035152253958,0.020605081499871152,0.217808828803388,776.7282585999191,5.280103768647053,27.298060987207375,89.55239850039543,25.329306306289762,81.77899815643448,16.21039962342885
4.611819544990589,0.9824287909308131,0.4471006158957623,0.15398568316493622,0.1648361269474924,0.7761575768120621,0.7909563937818178,27.573079495000684,3.922089852971109,84.60287451277974,87.4876457300945,82.38583056999498,67.38513856421812,15.461702824409157
4.92737729099382,0.6324104503001076,0.12288648007593796,0.09529643474717908,0.8111035152253958,0.020605081499871152,0.217808828803388,776.7282585999191,5.280103768647053,27.298060987207375,89.55239850039543,25.329306306289762,81.77899815643448,16.21039962342885
4.92737729099382,0.6324104503001076,0.12288648007593796,0.09529643474717908,0.8111035152253958,0.020605081499871152,0.217808828803388,776.7282585999191,5.280103768647053,27.298060987207375,89.55239850039543,25.329306306289762,81.77899815643448,16.21039962342885
4.92737729099382,0.6324104503001076,0.12288648007593796,0.09529643474717908,0.8111035152253958,0.020605081499871152,0.217808828803388,776.7282585999191,5.280103768647053,27.298060987207375,89.55239850039543,25.329306306289762,81.77899815643448,16.21039962342885
4.92737729099382,0.6324104503001076,0.12288648007593796,0.09529643474717908,0.8111035152253958,0.020605081499871152,0.217808828803388,776.7282585999191,5.280103768647053,27.298060987207375,89.55239850039543,25.329306306289762,81.77899815643448,16.21039962342885
4.92737729099382,0.6324104503001076,0.12288648007593796,0.09529643474717908,0.8111035152253958,0.020605081499871152,0.217808828803388,776.7282585999191,5.280103768647053,27.298060987207375,89.55239850039543,25.329306306289762,81.77899815643448,16.21039962342885
4.922702328914244,0.6324104503001076,0.12288648007593796,0.09529643474717908,0.8111035152253958,0.020605081499871152,0.217808828803388,776.7282585999191,5.280103768647053,27.298060987207375,89.55239850039543,28.718063862213587,81.77899815643448,16.21039962342885
6.170082379643257,0.8269036851562541,4.564748087788604,0.1462824048684232,0.08978723706255384,0.4885743891896621,0.6482598732455978,69.7497947268409,6.633124711900284,71.33489695748803,15.942811111247456,98.84347818209673,87.07717597682523,22.960303611963226
4.92737729099382,0.6324104503001076,0.12288648007593796,0.09529643474717908,0.8111035152253958,0.020605081499871152,0.217808828803388,776.7282585999191,5.280103768647053,27.298060987207375,89.55239850039543,25.329306306289762,81.77899815643448,16.21039962342885
4.92737729099382,0.6324104503001076,0.12288648007593796,0.09529643474717908,0.8111035152253958,0.020605081499871152,0.217808828803388,776.7282585999191,5.280103768647053,27.298060987207375,89.55239850039543,25.329306306289762,81.77899815643448,16.21039962342885
4.7364134076986915,0.6324104503001076,0.12288648007593796,0.09529643474717908,0.8111035152253958,0.020605081499871152,0.5738651829766594,776.7282585999191,5.280103768647053,27.298060987207375,89.55239850039543,25.329306306289762,81.77899815643448,16.21039962342885
4.92737729099382,0.6324104503001076,0.12288648007593796,0.09529643474717908,0.8111035152253958,0.020605081499871152,0.217808828803388,776.7282585999191,5.280103768647053,27.298060987207375,89.55239850039543,25.329306306289762,81.77899815643448,16.21039962342885
4.88546389776163,0.6324104503001076,0.12288648007593796,0.09529643474717908,0.8111035152253958,0.18735778224420196,0.3569842090556574,776.7282585999191,5.280103768647053,27.298060987207375,89.55239850039543,25.329306306289762,81.77899815643448,16.21039962342885
4.92737729099382,0.6324104503001076,0.12288648007593796,0.09529643474717908,0.8111035152253958,0.020605081499871152,0.217808828803388,776.7282585999191,5.280103768647053,27.298060987207375,89.55239850039543,25.329306306289762,81.77899815643448,16.21039962342885
4.92737729099382,0.6324104503001076,0.12288648007593796,0.09529643474717908,0.8111035152253958,0.020605081499871152,0.217808828803388,776.7282585999191,5.280103768647053,27.298060987207375,89.55239850039543,25.329306306289762,81.77899815643448,16.21039962342885
4.611819544990589,0.9824287909308131,0.4471006158957623,0.15398568316493622,0.1648361269474924,0.7761575768120621,0.7909563937818178,27.573079495000684,3.922089852971109,84.60287451277974,87.4876457300945,82.38583056999498,67.38513856421812,15.461702824409157
4.92737729099382,0.6324104503001076,0.12288648007593796,0.09529643474717908,0.8111035152253958,0.020605081499871152,0.217808828803388,776.7282585999191,5.280103768647053,27.298060987207375,89.55239850039543,25.329306306289762,81.77899815643448,16.21039962342885
4.92737729099382,0.6324104503001076,0.12288648007593796,0.09529643474717908,0.8111035152253958,0.020605081499871152,0.217808828803388,776.7282585999191,5.280103768647053,27.298060987207375,89.55239850039543,25.329306306289762,81.77899815643448,16.21039962342885
4.92737729099382,0.6324104503001076,0.12288648007593796,0.09529643474717908,0.8111035152253958,0.020605081499871152,0.217808828803388,776.7282585999191,5.280103768647053,27.298060987207375,89.55239850039543,25.329306306289762,81.77899815643448,16.21039962342885
4.92737729099382,0.6324104503001076,0.12288648007593796,0.09529643474717908,0.8111035152253958,0.020605081499871152,0.217808828803388,776.7282585999191,5.280103768647053,27.298060987207375,89.55239850039543,25.329306306289762,81.77899815643448,16.21039962342885
6.170082379643257,0.8269036851562541,4.564748087788604,0.1462824048684232,0.08978723706255384,0.4885743891896621,0.6482598732455978,69.7497947268409,6.633124711900284,71.33489695748803,15.942811111247456,98.84347818209673,87.07717597682523,22.960303611963226
4.7364134076986915,0.6324104503001076,0.12288648007593796,0.09529643474717908,0.8111035152253958,0.020605081499871152,0.5738651829766594,776.7282585999191,5.280103768647053,27.298060987207375,89.55239850039543,25.329306306289762,81.77899815643448,16.21039962342885
4.92737729099382,0.6324104503001076,0.12288648007593796,0.09529643474717908,0.8111035152253958,0.020605081499871152,0.217808828803388,776.7282585999191,5.280103768647053,27.298060987207375,89.55239850039543,25.329306306289762,81.77899815643448,16.21039962342885
4.92737729099382,0.6324104503001076,0.12288648007593796,0.09529643474717908,0.8111035152253958,0.020605081499871152,0.217808828803388,776.7282585999191,5.280103768647053,27.298060987207375,89.55239850039543,25.329306306289762,81.77899815643448,16.21039962342885
4.92737729099382,0.6324104503001076,0.12288648007593796,0.09529643474717908,0.8111035152253958,0.020605081499871152,0.217808828803388,776.7282585999191,5.280103768647053,27.298060987207375,89.55239850039543,25.329306306289762,81.77899815643448,16.21039962342885
4.92737729099382,0.6324104503001076,0.12288648007593796,0.09529643474717908,0.8111035152253958,0.020605081499871152,0.217808828803388,776.7282585999191,5.280103768647053,27.298060987207375,89.55239850039543,25.329306306289762,81.77899815643448,16.21039962342885
4.92737729099382,0.6324104503001076,0.12288648007593796,0.09529643474717908,0.8111035152253958,0.020605081499871152,0.217808828803388,776.7282585999191,5.280103768647053,27.298060987207375,89.55239850039543,25.329306306289762,81.77899815643448,16.21039962342885
4.92737729099382,0.6324104503001076,0.12288648007593796,0.09529643474717908,0.8111035152253958,0.020605081499871152,0.217808828803388,776.7282585999191,5.280103768647053,27.298060987207375,89.55239850039543,25.329306306289762,81.77899815643448,16.21039962342885
4.92737729099382,0.6324104503001076,0.12288648007593796,0.09529643474717908,0.8111035152253958,0.020605081499871152,0.217808828803388,776.7282585999191,5.280103768647053,27.298060987207375,89.55239850039543,25.329306306289762,81.77899815643448,16.21039962342885
4.92737729099382,0.6324104503001076,0.12288648007593796,0.09529643474717908,0.8111035152253958,0.020605081499871152,0.217808828803388,776.7282585999191,5.280103768647053,27.298060987207375,89.55239850039543,25.329306306289762,81.77899815643448,16.21039962342885
4.922702328914244,0.6324104503001076,0.12288648007593796,0.09529643474717908,0.8111035152253958,0.020605081499871152,0.217808828803388,776.7282585999191,5.280103768647053,27.298060987207375,89.55239850039543,28.718063862213587,81.77899815643448,16.21039962342885
6.170082379643257,0.8269036851562541,4.564748087788604,0.1462824048684232,0.08978723706255384,0.4885743891896621,0.6482598732455978,69.7497947268409,6.633124711900284,71.33489695748803,15.942811111247456,98.84347818209673,87.07717597682523,22.960303611963226
4.88546389776163,0.6324104503001076,0.12288648007593796,0.09529643474717908,0.8111035152253958,0.18735778224420196,0.3569842090556574,776.7282585999191,5.280103768647053,27.298060987207375,89.55239850039543,25.329306306289762,81.77899815643448,16.21039962342885
4.92737729099382,0.6324104503001076,0.12288648007593796,0.09529643474717908,0.8111035152253958,0.020605081499871152,0.217808828803388,776.7282585999191,5.280103768647053,27.298060987207375,89.55239850039543,25.329306306289762,81.77899815643448,16.21039962342885
4.92737729099382,0.6324104503001076,0.12288648007593796,0.09529643474717908,0.8111035152253958,0.020605081499871152,0.217808828803388,776.7282585999191,5.280103768647053,27.298060987207375,89.55239850039543,25.329306306289762,81.77899815643448,16.21039962342885
4.92737729099382,0.6324104503001076,0.12288648007593796,0.09529643474717908,0.8111035152253958,0.020605081499871152,0.217808828803388,776.7282585999191,5.280103768647053,27.298060987207375,89.55239850039543,25.329306306289762,81.77899815643448,16.21039962342885
4.92737729099382,0.6324104503001076,0.12288648007593796,0.09529643474717908,0.8111035152253958,0.020605081499871152,0.217808828803388,776.7282585999191,5.280103768647053,27.298060987207375,89.55239850039543,25.329306306289762,81.77899815643448,16.21039962342885
4.92737729099382,0.6324104503001076,0.12288648007593796,0.09529643474717908,0.8111035152253958,0.020605081499871152,0.217808828803388,776.7282585999191,5.280103768647053,27.298060987207375,89.55239850039543,25.329306306289762,81.77899815643448,16.21039962342885
4.611819544990589,0.9824287909308131,0.4471006158957623,0.15398568316493622,0.1648361269474924,0.7761575768120621,0.7909563937818178,27.573079495000684,3.922089852971109,84.60287451277974,87.4876457300945,82.38583056999498,67.38513856421812,15.461702824409157
4.92737729099382,0.6324104503001076,0.12288648007593796,0.09529643474717908,0.8111035152253958,0.020605081499871152,0.217808828803388,776.7282585999191,5.280103768647053,27.298060987207375,89.55239850039543,25.329306306289762,81.77899815643448,16.21039962342885
4.92737729099382,0.6324104503001076,0.12288648007593796,0.09529643474717908,0.8111035152253958,0.020605081499871152,0.217808828803388,776.7282585999191,5.280103768647053,27.298060987207375,89.55239850039543,25.329306306289762,81.77899815643448,16.21039962342885
4.92737729099382,0.6324104503001076,0.12288648007593796,0.09529643474717908,0.8111035152253958,0.020605081499871152,0.217808828803388,776.7282585999191,5.280103768647053,27.298060987207375,89.55239850039543,25.329306306289762,81.77899815643448,16.21039962342885
4.92737729099382,0.6324104503001076,0.12288648007593796,0.09529643474717908,0.8111035152253958,0.020605081499871152,0.217808828803388,776.7282585999191,5.280103768647053,27.298060987207375,89.55239850039543,25.329306306289762,81.77899815643448,16.21039962342885
4.92737729099382,0.6324104503001076,0.12288648007593796,0.09529643474717908,0.8111035152253958,0.020605081499871152,0.217808828803388,776.7282585999191,5.280103768647053,27.298060987207375,89.55239850039543,25.329306306289762,81.77899815643448,16.21039962342885
4.7364134076986915,0.6324104503001076,0.12288648007593796,0.09529643474717908,0.8111035152253958,0.020605081499871152,0.5738651829766594,776.7282585999191,5.280103768647053,27.298060987207375,89.55239850039543,25.329306306289762,81.77899815643448,16.21039962342885
4.92737729099382,0.6324104503001076,0.12288648007593796,0.09529643474717908,0.8111035152253958,0.020605081499871152,0.217808828803388,776.7282585999191,5.280103768647053,27.298060987207375,89.55239850039543,25.329306306289762,81.77899815643448,16.21039962342885
4.88546389776163,0.6324104503001076,0.12288648007593796,0.09529643474717908,0.8111035152253958,0.18735778224420196,0.3569842090556574,776.7282585999191,5.280103768647053,27.298060987207375,89.55239850039543,25.329306306289762,81.77899815643448,16.21039962342885
6.170082379643257,0.8269036851562541,4.564748087788604,0.1462824048684232,0.08978723706255384,0.4885743891896621,0.6482598732455978,69.7497947268409,6.633124711900284,71.33489695748803,15.942811111247456,98.84347818209673,87.07717597682523,22.960303611963226
4.92737729099382,0.6324104503001076,0.12288648007593796,0.09529643474717908,0.8111035152253958,0.020605081499871152,0.217808828803388,776.7282585999191,5.280103768647053,27.298060987207375,89.55239850039543,25.329306306289762,81.77899815643448,16.21039962342885
4.92737729099382,0.6324104503001076,0.12288648007593796,0.09529643474717908,0.8111035152253958,0.020605081499871152,0.217808828803388,776.7282585999191,5.280103768647053,27.298060987207375,89.55239850039543,25.329306306289762,81.77899815643448,16.21039962342885
4.92737729099382,0.6324104503001076,0.12288648007593796,0.09529643474717908,0.8111035152253958,0.020605081499871152,0.217808828803388,776.7282585999191,5.280103768647053,27.298060987207375,89.55239850039543,25.329306306289762,81.77899815643448,16.21039962342885
4.92737729099382,0.6324104503001076,0.12288648007593796,0.09529643474717908,0.8111035152253958,0.020605081499871152,0.217808828803388,776.7282585999191,5.280103768647053,27.298060987207375,89.55239850039543,25.329306306289762,81.77899815643448,16.21039962342885
4.92737729099382,0.6324104503001076,0.12288648007593796,0.09529643474717908,0.8111035152253958,0.020605081499871152,0.217808828803388,776.7282585999191,5.280103768647053,27.298060987207375,89.55239850039543,25.329306306289762,81.77899815643448,16.21039962342885
4.611819544990589,0.9824287909308131,0.4471006158957623,0.15398568316493622,0.1648361269474924,0.7761575768120621,0.7909563937818178,27.573079495000684,3.922089852971109,84.60287451277974,87.4876457300945,82.38583056999498,67.38513856421812,15.461702824409157
4.7364134076986915,0.6324104503001076,0.12288648007593796,0.09529643474717908,0.8111035152253958,0.020605081499871152,0.5738651829766594,776.7282585999191,5.280103768647053,27.298060987207375,89.55239850039543,25.329306306289762,81.77899815643448,16.21039962342885
4.88546389776163,0.6324104503001076,0.12288648007593796,0.09529643474717908,0.8111035152253958,0.18735778224420196,0.3569842090556574,776.7282585999191,5.280103768647053,27.298060987207375,89.55239850039543,25.329306306289762,81.77899815643448,16.21039962342885
4.92737729099382,0.6324104503001076,0.12288648007593796,0.09529643474717908,0.8111035152253958,0.020605081499871152,0.217808828803388,776.7282585999191,5.280103768647053,27.298060987207375,89.55239850039543,25.329306306289762,81.77899815643448,16.21039962342885
4.92737729099382,0.6324104503001076,0.12288648007593796,0.09529643474717908,0.8111035152253958,0.020605081499871152,0.217808828803388,776.7282585999191,5.280103768647053,27.298060987207375,89.55239850039543,25.329306306289762,81.77899815643448,16.21039962342885
4.922702328914244,0.6324104503001076,0.12288648007593796,0.09529643474717908,0.8111035152253958,0.020605081499871152,0.217808828803388,776.7282585999191,5.280103768647053,27.298060987207375,89.55239850039543,28.718063862213587,81.77899815643448,16.21039962342885
6.170082379643257,0.8269036851562541,4.564748087788604,0.1462824048684232,0.08978723706255384,0.4885743891896621,0.6482598732455978,69.7497947268409,6.633124711900284,71.33489695748803,15.942811111247456,98.84347818209673,87.07717597682523,22.960303611963226
4.92737729099382,0.6324104503001076,0.12288648007593796,0.09529643474717908,0.8111035152253958,0.020605081499871152,0.217808828803388,776.7282585999191,5.280103768647053,27.298060987207375,89.55239850039543,25.329306306289762,81.77899815643448,16.21039962342885
4.92737729099382,0.6324104503001076,0.12288648007593796,0.09529643474717908,0.8111035152253958,0.020605081499871152,0.217808828803388,776.7282585999191,5.280103768647053,27.298060987207375,89.55239850039543,25.329306306289762,81.77899815643448,16.21039962342885
4.92737729099382,0.6324104503001076,0.12288648007593796,0.09529643474717908,0.8111035152253958,0.020605081499871152,0.217808828803388,776.7282585999191,5.280103768647053,27.298060987207375,89.55239850039543,25.329306306289762,81.77899815643448,16.21039962342885
4.92737729099382,0.6324104503001076,0.12288648007593796,0.09529643474717908,0.8111035152253958,0.020605081499871152,0.217808828803388,776.7282585999191,5.280103768647053,27.298060987207375,89.55239850039543,25.329306306289762,81.77899815643448,16.21039962342885
4.611819544990589,0.9824287909308131,0.4471006158957623,0.15398568316493622,0.1648361269474924,0.7761575768120621,0.7909563937818178,27.573079495000684,3.922089852971109,84.60287451277974,87.4876457300945,82.38583056999498,67.38513856421812,15.461702824409157
4.7364134076986915,0.6324104503001076,0.12288648007593796,0.09529643474717908,0.8111035152253958,0.020605081499871152,0.5738651829766594,776.7282585999191,5.280103768647053,27.298060987207375,89.55239850039543,25.329306306289762,81.77899815643448,16.21039962342885
4.92737729099382,0.6324104503001076,0.12288648007593796,0.09529643474717908,0.8111035152253958,0.020605081499871152,0.217808828803388,776.7282585999191,5.280103768647053,27.298060987207375,89.55239850039543,25.329306306289762,81.77899815643448,16.21039962342885
4.92737729099382,0.6324104503001076,0.12288648007593796,0.09529643474717908,0.8111035152253958,0.020605081499871152,0.217808828803388,776.7282585999191,5.280103768647053,27.298060987207375,89.55239850039543,25.329306306289762,81.77899815643448,16.21039962342885
4.92737729099382,0.6324104503001076,0.12288648007593796,0.09529643474717908,0.8111035152253958,0.020605081499871152,0.217808828803388,776.7282585999191,5.280103768647053,27.298060987207375,89.55239850039543,25.329306306289762,81.77899815643448,16.21039962342885
4.92737729099382,0.6324104503001076,0.12288648007593796,0.09529643474717908,0.8111035152253958,0.020605081499871152,0.217808828803388,776.7282585999191,5.280103768647053,27.298060987207375,89.55239850039543,25.329306306289762,81.77899815643448,16.21039962342885
4.92737729099382,0.6324104503001076,0.12288648007593796,0.09529643474717908,0.8111035152253958,0.020605081499871152,0.217808828803388,776.7282585999191,5.280103768647053,27.298060987207375,89.55239850039543,25.329306306289762,81.77899815643448,16.21039962342885
4.922702328914244,0.6324104503001076,0.12288648007593796,0.09529643474717908,0.8111035152253958,0.020605081499871152,0.217808828803388,776.7282585999191,5.280103768647053,27.298060987207375,89.55239850039543,28.718063862213587,81.77899815643448,16.21039962342885
6.170082379643257,0.8269036851562541,4.564748087788604,0.1462824048684232,0.08978723706255384,0.4885743891896621,0.6482598732455978,69.7497947268409,6.633124711900284,71.33489695748803,15.942811111247456,98.84347818209673,87.07717597682523,22.960303611963226
4.92737729099382,0.6324104503001076,0.12288648007593796,0.09529643474717908,0.8111035152253958,0.020605081499871152,0.217808828803388,776.7282585999191,5.280103768647053,27.298060987207375,89.55239850039543,25.329306306289762,81.77899815643448,16.21039962342885
4.92737729099382,0.6324104503001076,0.12288648007593796,0.09529643474717908,0.8111035152253958,0.020605081499871152,0.217808828803388,776.7282585999191,5.280103768647053,27.298060987207375,89.55239850039543,25.329306306289762,81.77899815643448,16.21039962342885
4.92737729099382,0.6324104503001076,0.12288648007593796,0.09529643474717908,0.8111035152253958,0.020605081499871152,0.217808828803388,776.7282585999191,5.280103768647053,27.298060987207375,89.55239850039543,25.329306306289762,81.77899815643448,16.21039962342885
4.92737729099382,0.6324104503001076,0.12288648007593796,0.09529643474717908,0.8111035152253958,0.020605081499871152,0.217808828803388,776.7282585999191,5.280103768647053,27.298060987207375,89.55239850039543,25.329306306289762,81.77899815643448,16.21039962342885
4.92737729099382,0.6324104503001076,0.12288648007593796,0.09529643474717908,0.8111035152253958,0.020605081499871152,0.217808828803388,776.7282585999191,5.280103768647053,27.298060987207375,89.55239850039543,25.329306306289762,81.77899815643448,16.21039962342885
4.92737729099382,0.6324104503001076,0.12288648007593796,0.09529643474717908,0.8111035152253958,0.020605081499871152,0.217808828803388,776.7282585999191,5.280103768647053,27.298060987207375,89.55239850039543,25.329306306289762,81.77899815643448,16.21039962342885
4.7364134076986915,0.6324104503001076,0.12288648007593796,0.09529643474717908,0.8111035152253958,0.020605081499871152,0.5738651829766594,776.7282585999191,5.280103768647053,27.298060987207375,89.55239850039543,25.329306306289762,81.77899815643448,16.21039962342885
4.88546389776163,0.6324104503001076,0.12288648007593796,0.09529643474717908,0.8111035152253958,0.18735778224420196,0.3569842090556574,776.7282585999191,5.280103768647053,27.298060987207375,89.55239850039543,25.329306306289762,81.77899815643448,16.21039962342885
4.92737729099382,0.6324104503001076,0.12288648007593796,0.09529643474717908,0.8111035152253958,0.020605081499871152,0.217808828803388,776.7282585999191,5.280103768647053,27.298060987207375,89.55239850039543,25.329306306289762,81.77899815643448,16.21039962342885
4.92737729099382,0.6324104503001076,0.12288648007593796,0.09529643474717908,0.8111035152253958,0.020605081499871152,0.217808828803388,776.7282585999191,5.280103768647053,27.298060987207375,89.55239850039543,25.329306306289762,81.77899815643448,16.21039962342885
4.92737729099382,0.6324104503001076,0.12288648007593796,0.09529643474717908,0.8111035152253958,0.020605081499871152,0.217808828803388,776.7282585999191,5.280103768647053,27.298060987207375,89.55239850039543,25.329306306289762,81.77899815643448,16.21039962342885
4.92737729099382,0.6324104503001076,0.12288648007593796,0.09529643474717908,0.8111035152253958,0.020605081499871152,0.217808828803388,776.7282585999191,5.280103768647053,27.298060987207375,89.55239850039543,25.329306306289762,81.77899815643448,16.21039962342885
4.92737729099382,0.6324104503001076,0.12288648007593796,0.09529643474717908,0.8111035152253958,0.020605081499871152,0.217808828803388,776.7282585999191,5.280103768647053,27.298060987207375,89.55239850039543,25.329306306289762,81.77899815643448,16.21039962342885
4.92737729099382,0.6324104503001076,0.12288648007593796,0.09529643474717908,0.8111035152253958,0.020605081499871152,0.217808828803388,776.7282585999191,5.280103768647053,27.298060987207375,89.55239850039543,25.329306306289762,81.77899815643448,16.21039962342885
4.922702328914244,0.6324104503001076,0.12288648007593796,0.09529643474717908,0.8111035152253958,0.020605081499871152,0.217808828803388,776.7282585999191,5.280103768647053,27.298060987207375,89.55239850039543,28.718063862213587,81.77899815643448,16.21039962342885
6.170082379643257,0.8269036851562541,4.564748087788604,0.1462824048684232,0.08978723706255384,0.4885743891896621,0.6482598732455978,69.7497947268409,6.633124711900284,71.33489695748803,15.942811111247456,98.84347818209673,87.07717597682523,22.960303611963226
4.92737729099382,0.6324104503001076,0.12288648007593796,0.09529643474717908,0.8111035152253958,0.020605081499871152,0.217808828803388,776.7282585999191,5.280103768647053,27.298060987207375,89.55239850039543,25.329306306289762,81.77899815643448,16.21039962342885
4.92737729099382,0.6324104503001076,0.12288648007593796,0.09529643474717908,0.8111035152253958,0.020605081499871152,0.217808828803388,776.7282585999191,5.280103768647053,27.298060987207375,89.55239850039543,25.329306306289762,81.77899815643448,16.21039962342885
4.611819544990589,0.9824287909308131,0.4471006158957623,0.15398568316493622,0.1648361269474924,0.7761575768120621,0.7909563937818178,27.573079495000684,3.922089852971109,84.60287451277974,87.4876457300945,82.38583056999498,67.38513856421812,15.461702824409157
4.92737729099382,0.6324104503001076,0.12288648007593796,0.09529643474717908,0.8111035152253958,0.020605081499871152,0.217808828803388,776.7282585999191,5.280103768647053,27.298060987207375,89.55239850039543,25.329306306289762,81.77899815643448,16.21039962342885
4.92737729099382,0.6324104503001076,0.12288648007593796,0.09529643474717908,0.8111035152253958,0.020605081499871152,0.217808828803388,776.7282585999191,5.280103768647053,27.298060987207375,89.55239850039543,25.329306306289762,81.77899815643448,16.21039962342885
6.170082379643257,0.8269036851562541,4.564748087788604,0.1462824048684232,0.08978723706255384,0.4885743891896621,0.6482598732455978,69.7497947268409,6.633124711900284,71.33489695748803,15.942811111247456,98.84347818209673,87.07717597682523,22.960303611963226
4.922702328914244,0.6324104503001076,0.12288648007593796,0.09529643474717908,0.8111035152253958,0.020605081499871152,0.217808828803388,776.7282585999191,5.280103768647053,27.298060987207375,89.55239850039543,28.718063862213587,81.77899815643448,16.21039962342885
4.92737729099382,0.6324104503001076,0.12288648007593796,0.09529643474717908,0.8111035152253958,0.020605081499871152,0.217808828803388,776.7282585999191,5.280103768647053,27.298060987207375,89.55239850039543,25.329306306289762,81.77899815643448,16.21039962342885
4.92737729099382,0.6324104503001076,0.12288648007593796,0.09529643474717908,0.8111035152253958,0.020605081499871152,0.217808828803388,776.7282585999191,5.280103768647053,27.298060987207375,89.55239850039543,25.329306306289762,81.77899815643448,16.21039962342885
4.88546389776163,0.6324104503001076,0.12288648007593796,0.09529643474717908,0.8111035152253958,0.18735778224420196,0.3569842090556574,776.7282585999191,5.280103768647053,27.298060987207375,89.55239850039543,25.329306306289762,81.77899815643448,16.21039962342885
4.92737729099382,0.6324104503001076,0.12288648007593796,0.09529643474717908,0.8111035152253958,0.020605081499871152,0.217808828803388,776.7282585999191,5.280103768647053,27.298060987207375,89.55239850039543,25.329306306289762,81.77899815643448,16.21039962342885
4.611819544990589,0.9824287909308131,0.4471006158957623,0.15398568316493622,0.1648361269474924,0.7761575768120621,0.7909563937818178,27.573079495000684,3.922089852971109,84.60287451277974,87.4876457300945,82.38583056999498,67.38513856421812,15.461702824409157
4.92737729099382,0.6324104503001076,0.12288648007593796,0.09529643474717908,0.8111035152253958,0.020605081499871152,0.217808828803388,776.7282585999191,5.280103768647053,27.298060987207375,89.55239850039543,25.329306306289762,81.77899815643448,16.21039962342885
4.7364134076986915,0.6324104503001076,0.12288648007593796,0.09529643474717908,0.8111035152253958,0.020605081499871152,0.5738651829766594,776.7282585999191,5.280103768647053,27.298060987207375,89.55239850039543,25.329306306289762,81.77899815643448,16.21039962342885
4.92737729099382,0.6324104503001076,0.12288648007593796,0.09529643474717908,0.8111035152253958,0.020605081499871152,0.217808828803388,776.7282585999191,5.280103768647053,27.298060987207375,89.55239850039543,25.329306306289762,81.77899815643448,16.21039962342885
4.92737729099382,0.6324104503001076,0.12288648007593796,0.09529643474717908,0.8111035152253958,0.020605081499871152,0.217808828803388,776.7282585999191,5.280103768647053,27.298060987207375,89.55239850039543,25.329306306289762,81.77899815643448,16.21039962342885
4.92737729099382,0.6324104503001076,0.12288648007593796,0.09529643474717908,0.8111035152253958,0.020605081499871152,0.217808828803388,776.7282585999191,5.280103768647053,27.298060987207375,89.55239850039543,25.329306306289762,81.77899815643448,16.21039962342885
4.92737729099382,0.6324104503001076,0.12288648007593796,0.09529643474717908,0.8111035152253958,0.020605081499871152,0.217808828803388,776.7282585999191,5.280103768647053,27.298060987207375,89.55239850039543,25.329306306289762,81.77899815643448,16.21039962342885
4.92737729099382,0.6324104503001076,0.12288648007593796,0.09529643474717908,0.8111035152253958,0.020605081499871152,0.217808828803388,776.7282585999191,5.280103768647053,27.298060987207375,89.55239850039543,25.329306306289762,81.77899815643448,16.21039962342885
4.92737729099382,0.6324104503001076,0.12288648007593796,0.09529643474717908,0.8111035152253958,0.020605081499871152,0.217808828803388,776.7282585999191,5.280103768647053,27.298060987207375,89.55239850039543,25.329306306289762,81.77899815643448,16.21039962342885
6.170082379643257,0.8269036851562541,4.564748087788604,0.1462824048684232,0.08978723706255384,0.4885743891896621,0.6482598732455978,69.7497947268409,6.633124711900284,71.33489695748803,15.942811111247456,98.84347818209673,87.07717597682523,22.960303611963226
4.922702328914244,0.6324104503001076,0.12288648007593796,0.09529643474717908,0.8111035152253958,0.020605081499871152,0.217808828803388,776.7282585999191,5.280103768647053,27.298060987207375,89.55239850039543,28.718063862213587,81.77899815643448,16.21039962342885
4.92737729099382,0.6324104503001076,0.12288648007593796,0.09529643474717908,0.8111035152253958,0.020605081499871152,0.217808828803388,776.7282585999191,5.280103768647053,27.298060987207375,89.55239850039543,25.329306306289762,81.77899815643448,16.21039962342885
4.92737729099382,0.6324104503001076,0.12288648007593796,0.09529643474717908,0.8111035152253958,0.020605081499871152,0.217808828803388,776.7282585999191,5.280103768647053,27.298060987207375,89.55239850039543,25.329306306289762,81.77899815643448,16.21039962342885
4.88546389776163,0.6324104503001076,0.12288648007593796,0.09529643474717908,0.8111035152253958,0.18735778224420196,0.3569842090556574,776.7282585999191,5.280103768647053,27.298060987207375,89.55239850039543,25.329306306289762,81.77899815643448,16.21039962342885
4.7364134076986915,0.6324104503001076,0.12288648007593796,0.09529643474717908,0.8111035152253958,0.020605081499871152,0.5738651829766594,776.7282585999191,5.280103768647053,27.298060987207375,89.55239850039543,25.329306306289762,81.77899815643448,16.21039962342885
4.92737729099382,0.6324104503001076,0.12288648007593796,0.09529643474717908,0.8111035152253958,0.020605081499871152,0.217808828803388,776.7282585999191,5.280103768647053,27.298060987207375,89.55239850039543,25.329306306289762,81.77899815643448,16.21039962342885
4.92737729099382,0.6324104503001076,0.12288648007593796,0.09529643474717908,0.8111035152253958,0.020605081499871152,0.217808828803388,776.7282585999191,5.280103768647053,27.298060987207375,89.55239850039543,25.329306306289762,81.77899815643448,16.21039962342885
4.92737729099382,0.6324104503001076,0.12288648007593796,0.09529643474717908,0.8111035152253958,0.020605081499871152,0.217808828803388,776.7282585999191,5.280103768647053,27.298060987207375,89.55239850039543,25.329306306289762,81.77899815643448,16.21039962342885
4.611819544990589,0.9824287909308131,0.4471006158957623,0.15398568316493622,0.1648361269474924,0.7761575768120621,0.7909563937818178,27.573079495000684,3.922089852971109,84.60287451277974,87.4876457300945,82.38583056999498,67.38513856421812,15.461702824409157
4.92737729099382,0.6324104503001076,0.12288648007593796,0.09529643474717908,0.8111035152253958,0.020605081499871152,0.217808828803388,776.7282585999191,5.280103768647053,27.298060987207375,89.55239850039543,25.329306306289762,81.77899815643448,16.21039962342885
4.92737729099382,0.6324104503001076,0.12288648007593796,0.09529643474717908,0.8111035152253958,0.020605081499871152,0.217808828803388,776.7282585999191,5.280103768647053,27.298060987207375,89.55239850039543,25.329306306289762,81.77899815643448,16.21039962342885
4.92737729099382,0.6324104503001076,0.12288648007593796,0.09529643474717908,0.8111035152253958,0.020605081499871152,0.217808828803388,776.7282585999191,5.280103768647053,27.298060987207375,89.55239850039543,25.329306306289762,81.77899815643448,16.21039962342885
4.92737729099382,0.6324104503001076,0.12288648007593796,0.09529643474717908,0.8111035152253958,0.020605081499871152,0.217808828803388,776.7282585999191,5.280103768647053,27.298060987207375,89.55239850039543,25.329306306289762,81.77899815643448,16.21039962342885
4.922702328914244,0.6324104503001076,0.12288648007593796,0.09529643474717908,0.8111035152253958,0.020605081499871152,0.217808828803388,776.7282585999191,5.280103768647053,27.298060987207375,89.55239850039543,28.718063862213587,81.77899815643448,16.21039962342885
6.170082379643257,0.8269036851562541,4.564748087788604,0.1462824048684232,0.08978723706255384,0.4885743891896621,0.6482598732455978,69.7497947268409,6.633124711900284,71.33489695748803,15.942811111247456,98.84347818209673,87.07717597682523,22.960303611963226
4.88546389776163,0.6324104503001076,0.12288648007593796,0.09529643474717908,0.8111035152253958,0.18735778224420196,0.3569842090556574,776.7282585999191,5.280103768647053,27.298060987207375,89.55239850039543,25.329306306289762,81.77899815643448,16.21039962342885
4.92737729099382,0.6324104503001076,0.12288648007593796,0.09529643474717908,0.8111035152253958,0.020605081499871152,0.217808828803388,776.7282585999191,5.280103768647053,27.298060987207375,89.55239850039543,25.329306306289762,81.77899815643448,16.21039962342885
4.92737729099382,0.6324104503001076,0.12288648007593796,0.09529643474717908,0.8111035152253958,0.020605081499871152,0.217808828803388,776.7282585999191,5.280103768647053,27.298060987207375,89.55239850039543,25.329306306289762,81.77899815643448,16.21039962342885
4.7364134076986915,0.6324104503001076,0.12288648007593796,0.09529643474717908,0.8111035152253958,0.020605081499871152,0.5738651829766594,776.7282585999191,5.280103768647053,27.298060987207375,89.55239850039543,25.329306306289762,81.77899815643448,16.21039962342885
4.92737729099382,0.6324104503001076,0.12288648007593796,0.09529643474717908,0.8111035152253958,0.020605081499871152,0.217808828803388,776.7282585999191,5.280103768647053,27.298060987207375,89.55239850039543,25.329306306289762,81.77899815643448,16.21039962342885
4.92737729099382,0.6324104503001076,0.12288648007593796,0.09529643474717908,0.8111035152253958,0.020605081499871152,0.217808828803388,776.7282585999191,5.280103768647053,27.298060987207375,89.55239850039543,25.329306306289762,81.77899815643448,16.21039962342885
4.611819544990589,0.9824287909308131,0.4471006158957623,0.15398568316493622,0.1648361269474924,0.7761575768120621,0.7909563937818178,27.573079495000684,3.922089852971109,84.60287451277974,87.4876457300945,82.38583056999498,67.38513856421812,15.461702824409157
4.92737729099382,0.6324104503001076,0.12288648007593796,0.09529643474717908,0.8111035152253958,0.020605081499871152,0.217808828803388,776.7282585999191,5.280103768647053,27.298060987207375,89.55239850039543,25.329306306289762,81.77899815643448,16.21039962342885
4.92737729099382,0.6324104503001076,0.12288648007593796,0.09529643474717908,0.8111035152253958,0.020605081499871152,0.217808828803388,776.7282585999191,5.280103768647053,27.298060987207375,89.55239850039543,25.329306306289762,81.77899815643448,16.21039962342885
4.92737729099382,0.6324104503001076,0.12288648007593796,0.09529643474717908,0.8111035152253958,0.020605081499871152,0.217808828803388,776.7282585999191,5.280103768647053,27.298060987207375,89.55239850039543,25.329306306289762,81.77899815643448,16.21039962342885
4.92737729099382,0.6324104503001076,0.12288648007593796,0.09529643474717908,0.8111035152253958,0.020605081499871152,0.217808828803388,776.7282585999191,5.280103768647053,27.298060987207375,89.55239850039543,25.329306306289762,81.77899815643448,16.21039962342885
4.88546389776163,0.6324104503001076,0.12288648007593796,0.09529643474717908,0.8111035152253958,0.18735778224420196,0.3569842090556574,776.7282585999191,5.280103768647053,27.298060987207375,89.55239850039543,25.329306306289762,81.77899815643448,16.21039962342885
4.92737729099382,0.6324104503001076,0.12288648007593796,0.09529643474717908,0.8111035152253958,0.020605081499871152,0.217808828803388,776.7282585999191,5.280103768647053,27.298060987207375,89.55239850039543,25.329306306289762,81.77899815643448,16.21039962342885
4.92737729099382,0.6324104503001076,0.12288648007593796,0.09529643474717908,0.8111035152253958,0.020605081499871152,0.217808828803388,776.7282585999191,5.280103768647053,27.298060987207375,89.55239850039543,25.329306306289762,81.77899815643448,16.21039962342885
4.92737729099382,0.6324104503001076,0.12288648007593796,0.09529643474717908,0.8111035152253958,0.020605081499871152,0.217808828803388,776.7282585999191,5.280103768647053,27.298060987207375,89.55239850039543,25.329306306289762,81.77899815643448,16.21039962342885
4.92737729099382,0.6324104503001076,0.12288648007593796,0.09529643474717908,0.8111035152253958,0.020605081499871152,0.217808828803388,776.7282585999191,5.280103768647053,27.298060987207375,89.55239850039543,25.329306306289762,81.77899815643448,16.21039962342885
4.92737729099382,0.6324104503001076,0.12288648007593796,0.09529643474717908,0.8111035152253958,0.020605081499871152,0.217808828803388,776.7282585999191,5.280103768647053,27.298060987207375,89.55239850039543,25.329306306289762,81.77899815643448,16.21039962342885
4.92737729099382,0.6324104503001076,0.12288648007593796,0.09529643474717908,0.8111035152253958,0.020605081499871152,0.217808828803388,776.7282585999191,5.280103768647053,27.298060987207375,89.55239850039543,25.329306306289762,81.77899815643448,16.21039962342885
4.92737729099382,0.6324104503001076,0.12288648007593796,0.09529643474717908,0.8111035152253958,0.020605081499871152,0.217808828803388,776.7282585999191,5.280103768647053,27.298060987207375,89.55239850039543,25.329306306289762,81.77899815643448,16.21039962342885
4.92737729099382,0.6324104503001076,0.12288648007593796,0.09529643474717908,0.8111035152253958,0.020605081499871152,0.217808828803388,776.7282585999191,5.280103768647053,27.298060987207375,89.55239850039543,25.329306306289762,81.77899815643448,16.21039962342885
4.92737729099382,0.6324104503001076,0.12288648007593796,0.09529643474717908,0.8111035152253958,0.020605081499871152,0.217808828803388,776.7282585999191,5.280103768647053,27.298060987207375,89.55239850039543,25.329306306289762,81.77899815643448,16.21039962342885
4.88546389776163,0.6324104503001076,0.12288648007593796,0.09529643474717908,0.8111035152253958,0.18735778224420196,0.3569842090556574,776.7282585999191,5.280103768647053,27.298060987207375,89.55239850039543,25.329306306289762,81.77899815643448,16.21039962342885
4.92737729099382,0.6324104503001076,0.12288648007593796,0.09529643474717908,0.8111035152253958,0.020605081499871152,0.217808828803388,776.7282585999191,5.280103768647053,27.298060987207375,89.55239850039543,25.329306306289762,81.77899815643448,16.21039962342885
4.92737729099382,0.6324104503001076,0.12288648007593796,0.09529643474717908,0.8111035152253958,0.020605081499871152,0.217808828803388,776.7282585999191,5.280103768647053,27.298060987207375,89.55239850039543,25.329306306289762,81.77899815643448,16.21039962342885
4.922702328914244,0.6324104503001076,0.12288648007593796,0.09529643474717908,0.8111035152253958,0.020605081499871152,0.217808828803388,776.7282585999191,5.280103768647053,27.298060987207375,89.55239850039543,28.718063862213587,81.77899815643448,16.21039962342885
4.92737729099382,0.6324104503001076,0.12288648007593796,0.09529643474717908,0.8111035152253958,0.020605081499871152,0.217808828803388,776.7282585999191,5.280103768647053,27.298060987207375,89.55239850039543,25.329306306289762,81.77899815643448,16.21039962342885
4.7364134076986915,0.6324104503001076,0.12288648007593796,0.09529643474717908,0.8111035152253958,0.020605081499871152,0.5738651829766594,776.7282585999191,5.280103768647053,27.298060987207375,89.55239850039543,25.329306306289762,81.77899815643448,16.21039962342885
4.92737729099382,0.6324104503001076,0.12288648007593796,0.09529643474717908,0.8111035152253958,0.020605081499871152,0.217808828803388,776.7282585999191,5.280103768647053,27.298060987207375,89.55239850039543,25.329306306289762,81.77899815643448,16.21039962342885
4.92737729099382,0.6324104503001076,0.12288648007593796,0.09529643474717908,0.8111035152253958,0.020605081499871152,0.217808828803388,776.7282585999191,5.280103768647053,27.298060987207375,89.55239850039543,25.329306306289762,81.77899815643448,16.21039962342885
4.92737729099382,0.6324104503001076,0.12288648007593796,0.09529643474717908,0.8111035152253958,0.020605081499871152,0.217808828803388,776.7282585999191,5.280103768647053,27.298060987207375,89.55239850039543,25.329306306289762,81.77899815643448,16.21039962342885
4.92737729099382,0.6324104503001076,0.12288648007593796,0.09529643474717908,0.8111035152253958,0.020605081499871152,0.217808828803388,776.7282585999191,5.280103768647053,27.298060987207375,89.55239850039543,25.329306306289762,81.77899815643448,16.21039962342885
4.92737729099382,0.6324104503001076,0.12288648007593796,0.09529643474717908,0.8111035152253958,0.020605081499871152,0.217808828803388,776.7282585999191,5.280103768647053,27.298060987207375,89.55239850039543,25.329306306289762,81.77899815643448,16.21039962342885
4.611819544990589,0.9824287909308131,0.4471006158957623,0.15398568316493622,0.1648361269474924,0.7761575768120621,0.7909563937818178,27.573079495000684,3.922089852971109,84.60287451277974,87.4876457300945,82.38583056999498,67.38513856421812,15.461702824409157
4.92737729099382,0.6324104503001076,0.12288648007593796,0.09529643474717908,0.8111035152253958,0.020605081499871152,0.217808828803388,776.7282585999191,5.280103768647053,27.298060987207375,89.55239850039543,25.329306306289762,81.77899815643448,16.21039962342885
4.88546389776163,0.6324104503001076,0.12288648007593796,0.09529643474717908,0.8111035152253958,0.18735778224420196,0.3569842090556574,776.7282585999191,5.280103768647053,27.298060987207375,89.55239850039543,25.329306306289762,81.77899815643448,16.21039962342885
4.92737729099382,0.6324104503001076,0.12288648007593796,0.09529643474717908,0.8111035152253958,0.020605081499871152,0.217808828803388,776.7282585999191,5.280103768647053,27.298060987207375,89.55239850039543,25.329306306289762,81.77899815643448,16.21039962342885
4.349282778412612,0.41365747923636476,0.07334969115306969,0.2062202017138096,0.4337145412748012,0.17796462434705917,0.7553439080581753,297.57380978444763,6.971956785207494,10.740700774603635,50.09821656703782,8.374645980040558,56.70145070352335,55.986147875646566
4.7364134076986915,0.6324104503001076,0.12288648007593796,0.09529643474717908,0.8111035152253958,0.020605081499871152,0.5738651829766594,776.7282585999191,5.280103768647053,27.298060987207375,89.55239850039543,25.329306306289762,81.77899815643448,16.21039962342885
4.922702328914244,0.6324104503001076,0.12288648007593796,0.09529643474717908,0.8111035152253958,0.020605081499871152,0.217808828803388,776.7282585999191,5.280103768647053,27.298060987207375,89.55239850039543,28.718063862213587,81.77899815643448,16.21039962342885
4.92737729099382,0.6324104503001076,0.12288648007593796,0.09529643474717908,0.8111035152253958,0.020605081499871152,0.217808828803388,776.7282585999191,5.280103768647053,27.298060987207375,89.55239850039543,25.329306306289762,81.77899815643448,16.21039962342885
4.92737729099382,0.6324104503001076,0.12288648007593796,0.09529643474717908,0.8111035152253958,0.020605081499871152,0.217808828803388,776.7282585999191,5.280103768647053,27.298060987207375,89.55239850039543,25.329306306289762,81.77899815643448,16.21039962342885
4.92737729099382,0.6324104503001076,0.12288648007593796,0.09529643474717908,0.8111035152253958,0.020605081499871152,0.217808828803388,776.7282585999191,5.280103768647053,27.298060987207375,89.55239850039543,25.329306306289762,81.77899815643448,16.21039962342885
4.92737729099382,0.6324104503001076,0.12288648007593796,0.09529643474717908,0.8111035152253958,0.020605081499871152,0.217808828803388,776.7282585999191,5.280103768647053,27.298060987207375,89.55239850039543,25.329306306289762,81.77899815643448,16.21039962342885
4.92737729099382,0.6324104503001076,0.12288648007593796,0.09529643474717908,0.8111035152253958,0.020605081499871152,0.217808828803388,776.7282585999191,5.280103768647053,27.298060987207375,89.55239850039543,25.329306306289762,81.77899815643448,16.21039962342885
4.92737729099382,0.6324104503001076,0.12288648007593796,0.09529643474717908,0.8111035152253958,0.020605081499871152,0.217808828803388,776.7282585999191,5.280103768647053,27.298060987207375,89.55239850039543,25.329306306289762,81.77899815643448,16.21039962342885
4.92737729099382,0.6324104503001076,0.12288648007593796,0.09529643474717908,0.8111035152253958,0.020605081499871152,0.217808828803388,776.7282585999191,5.280103768647053,27.298060987207375,89.55239850039543,25.329306306289762,81.77899815643448,16.21039962342885
4.88546389776163,0.6324104503001076,0.12288648007593796,0.09529643474717908,0.8111035152253958,0.18735778224420196,0.3569842090556574,776.7282585999191,5.280103768647053,27.298060987207375,89.55239850039543,25.329306306289762,81.77899815643448,16.21039962342885
4.92737729099382,0.6324104503001076,0.12288648007593796,0.09529643474717908,0.8111035152253958,0.020605081499871152,0.217808828803388,776.7282585999191,5.280103768647053,27.298060987207375,89.55239850039543,25.329306306289762,81.77899815643448,16.21039962342885
4.92737729099382,0.6324104503001076,0.12288648007593796,0.09529643474717908,0.8111035152253958,0.020605081499871152,0.217808828803388,776.7282585999191,5.280103768647053,27.298060987207375,89.55239850039543,25.329306306289762,81.77899815643448,16.21039962342885
4.92737729099382,0.6324104503001076,0.12288648007593796,0.09529643474717908,0.8111035152253958,0.020605081499871152,0.217808828803388,776.7282585999191,5.280103768647053,27.298060987207375,89.55239850039543,25.329306306289762,81.77899815643448,16.21039962342885
4.92737729099382,0.6324104503001076,0.12288648007593796,0.09529643474717908,0.8111035152253958,0.020605081499871152,0.217808828803388,776.7282585999191,5.280103768647053,27.298060987207375,89.55239850039543,25.329306306289762,81.77899815643448,16.21039962342885
4.922702328914244,0.6324104503001076,0.12288648007593796,0.09529643474717908,0.8111035152253958,0.020605081499871152,0.217808828803388,776.7282585999191,5.280103768647053,27.298060987207375,89.55239850039543,28.718063862213587,81.77899815643448,16.21039962342885
4.92737729099382,0.6324104503001076,0.12288648007593796,0.09529643474717908,0.8111035152253958,0.020605081499871152,0.217808828803388,776.7282585999191,5.280103768647053,27.298060987207375,89.55239850039543,25.329306306289762,81.77899815643448,16.21039962342885
4.92737729099382,0.6324104503001076,0.12288648007593796,0.09529643474717908,0.8111035152253958,0.020605081499871152,0.217808828803388,776.7282585999191,5.280103768647053,27.298060987207375,89.55239850039543,25.329306306289762,81.77899815643448,16.21039962342885
4.92737729099382,0.6324104503001076,0.12288648007593796,0.09529643474717908,0.8111035152253958,0.020605081499871152,0.217808828803388,776.7282585999191,5.280103768647053,27.298060987207375,89.55239850039543,25.329306306289762,81.77899815643448,16.21039962342885
4.611819544990589,0.9824287909308131,0.4471006158957623,0.15398568316493622,0.1648361269474924,0.7761575768120621,0.7909563937818178,27.573079495000684,3.922089852971109,84.60287451277974,87.4876457300945,82.38583056999498,67.38513856421812,15.461702824409157
4.88546389776163,0.6324104503001076,0.12288648007593796,0.09529643474717908,0.8111035152253958,0.18735778224420196,0.3569842090556574,776.7282585999191,5.280103768647053,27.298060987207375,89.55239850039543,25.329306306289762,81.77899815643448,16.21039962342885
4.92737729099382,0.6324104503001076,0.12288648007593796,0.09529643474717908,0.8111035152253958,0.020605081499871152,0.217808828803388,776.7282585999191,5.280103768647053,27.298060987207375,89.55239850039543,25.329306306289762,81.77899815643448,16.21039962342885
4.349282778412612,0.41365747923636476,0.07334969115306969,0.2062202017138096,0.4337145412748012,0.17796462434705917,0.7553439080581753,297.57380978444763,6.971956785207494,10.740700774603635,50.09821656703782,8.374645980040558,56.70145070352335,55.986147875646566
4.92737729099382,0.6324104503001076,0.12288648007593796,0.09529643474717908,0.8111035152253958,0.020605081499871152,0.217808828803388,776.7282585999191,5.280103768647053,27.298060987207375,89.55239850039543,25.329306306289762,81.77899815643448,16.21039962342885
4.92737729099382,0.6324104503001076,0.12288648007593796,0.09529643474717908,0.8111035152253958,0.020605081499871152,0.217808828803388,776.7282585999191,5.280103768647053,27.298060987207375,89.55239850039543,25.329306306289762,81.77899815643448,16.21039962342885
4.92737729099382,0.6324104503001076,0.12288648007593796,0.09529643474717908,0.8111035152253958,0.020605081499871152,0.217808828803388,776.7282585999191,5.280103768647053,27.298060987207375,89.55239850039543,25.329306306289762,81.77899815643448,16.21039962342885
4.7364134076986915,0.6324104503001076,0.12288648007593796,0.09529643474717908,0.8111035152253958,0.020605081499871152,0.5738651829766594,776.7282585999191,5.280103768647053,27.298060987207375,89.55239850039543,25.329306306289762,81.77899815643448,16.21039962342885
4.92737729099382,0.6324104503001076,0.12288648007593796,0.09529643474717908,0.8111035152253958,0.020605081499871152,0.217808828803388,776.7282585999191,5.280103768647053,27.298060987207375,89.55239850039543,25.329306306289762,81.77899815643448,16.21039962342885
4.922702328914244,0.6324104503001076,0.12288648007593796,0.09529643474717908,0.8111035152253958,0.020605081499871152,0.217808828803388,776.7282585999191,5.280103768647053,27.298060987207375,89.55239850039543,28.718063862213587,81.77899815643448,16.21039962342885
4.92737729099382,0.6324104503001076,0.12288648007593796,0.09529643474717908,0.8111035152253958,0.020605081499871152,0.217808828803388,776.7282585999191,5.280103768647053,27.298060987207375,89.55239850039543,25.329306306289762,81.77899815643448,16.21039962342885
4.92737729099382,0.6324104503001076,0.12288648007593796,0.09529643474717908,0.8111035152253958,0.020605081499871152,0.217808828803388,776.7282585999191,5.280103768647053,27.298060987207375,89.55239850039543,25.329306306289762,81.77899815643448,16.21039962342885
4.92737729099382,0.6324104503001076,0.12288648007593796,0.09529643474717908,0.8111035152253958,0.020605081499871152,0.217808828803388,776.7282585999191,5.280103768647053,27.298060987207375,89.55239850039543,25.329306306289762,81.77899815643448,16.21039962342885
4.92737729099382,0.6324104503001076,0.12288648007593796,0.09529643474717908,0.8111035152253958,0.020605081499871152,0.217808828803388,776.7282585999191,5.280103768647053,27.298060987207375,89.55239850039543,25.329306306289762,81.77899815643448,16.21039962342885
4.611819544990589,0.9824287909308131,0.4471006158957623,0.15398568316493622,0.1648361269474924,0.7761575768120621,0.7909563937818178,27.573079495000684,3.922089852971109,84.60287451277974,87.4876457300945,82.38583056999498,67.38513856421812,15.461702824409157
4.349282778412612,0.41365747923636476,0.07334969115306969,0.2062202017138096,0.4337145412748012,0.17796462434705917,0.7553439080581753,297.57380978444763,6.971956785207494,10.740700774603635,50.09821656703782,8.374645980040558,56.70145070352335,55.986147875646566
4.88546389776163,0.6324104503001076,0.12288648007593796,0.09529643474717908,0.8111035152253958,0.18735778224420196,0.3569842090556574,776.7282585999191,5.280103768647053,27.298060987207375,89.55239850039543,25.329306306289762,81.77899815643448,16.21039962342885
4.92737729099382,0.6324104503001076,0.12288648007593796,0.09529643474717908,0.8111035152253958,0.020605081499871152,0.217808828803388,776.7282585999191,5.280103768647053,27.298060987207375,89.55239850039543,25.329306306289762,81.77899815643448,16.21039962342885
4.7364134076986915,0.6324104503001076,0.12288648007593796,0.09529643474717908,0.8111035152253958,0.020605081499871152,0.5738651829766594,776.7282585999191,5.280103768647053,27.298060987207375,89.55239850039543,25.329306306289762,81.77899815643448,16.21039962342885
4.92737729099382,0.6324104503001076,0.12288648007593796,0.09529643474717908,0.8111035152253958,0.020605081499871152,0.217808828803388,776.7282585999191,5.280103768647053,27.298060987207375,89.55239850039543,25.329306306289762,81.77899815643448,16.21039962342885
4.92737729099382,0.6324104503001076,0.12288648007593796,0.09529643474717908,0.8111035152253958,0.020605081499871152,0.217808828803388,776.7282585999191,5.280103768647053,27.298060987207375,89.55239850039543,25.329306306289762,81.77899815643448,16.21039962342885
4.92737729099382,0.6324104503001076,0.12288648007593796,0.09529643474717908,0.8111035152253958,0.020605081499871152,0.217808828803388,776.7282585999191,5.280103768647053,27.298060987207375,89.55239850039543,25.329306306289762,81.77899815643448,16.21039962342885
4.92737729099382,0.6324104503001076,0.12288648007593796,0.09529643474717908,0.8111035152253958,0.020605081499871152,0.217808828803388,776.7282585999191,5.280103768647053,27.298060987207375,89.55239850039543,25.329306306289762,81.77899815643448,16.21039962342885
4.349282778412612,0.41365747923636476,0.07334969115306969,0.2062202017138096,0.4337145412748012,0.17796462434705917,0.7553439080581753,297.57380978444763,6.971956785207494,10.740700774603635,50.09821656703782,8.374645980040558,56.70145070352335,55.986147875646566
4.92737729099382,0.6324104503001076,0.12288648007593796,0.09529643474717908,0.8111035152253958,0.020605081499871152,0.217808828803388,776.7282585999191,5.280103768647053,27.298060987207375,89.55239850039543,25.329306306289762,81.77899815643448,16.21039962342885
4.92737729099382,0.6324104503001076,0.12288648007593796,0.09529643474717908,0.8111035152253958,0.020605081499871152,0.217808828803388,776.7282585999191,5.280103768647053,27.298060987207375,89.55239850039543,25.329306306289762,81.77899815643448,16.21039962342885
4.92737729099382,0.6324104503001076,0.12288648007593796,0.09529643474717908,0.8111035152253958,0.020605081499871152,0.217808828803388,776.7282585999191,5.280103768647053,27.298060987207375,89.55239850039543,25.329306306289762,81.77899815643448,16.21039962342885
4.92737729099382,0.6324104503001076,0.12288648007593796,0.09529643474717908,0.8111035152253958,0.020605081499871152,0.217808828803388,776.7282585999191,5.280103768647053,27.298060987207375,89.55239850039543,25.329306306289762,81.77899815643448,16.21039962342885
4.7364134076986915,0.6324104503001076,0.12288648007593796,0.09529643474717908,0.8111035152253958,0.020605081499871152,0.5738651829766594,776.7282585999191,5.280103768647053,27.298060987207375,89.55239850039543,25.329306306289762,81.77899815643448,16.21039962342885
4.92737729099382,0.6324104503001076,0.12288648007593796,0.09529643474717908,0.8111035152253958,0.020605081499871152,0.217808828803388,776.7282585999191,5.280103768647053,27.298060987207375,89.55239850039543,25.329306306289762,81.77899815643448,16.21039962342885
4.92737729099382,0.6324104503001076,0.12288648007593796,0.09529643474717908,0.8111035152253958,0.020605081499871152,0.217808828803388,776.7282585999191,5.280103768647053,27.298060987207375,89.55239850039543,25.329306306289762,81.77899815643448,16.21039962342885
4.92737729099382,0.6324104503001076,0.12288648007593796,0.09529643474717908,0.8111035152253958,0.020605081499871152,0.217808828803388,776.7282585999191,5.280103768647053,27.298060987207375,89.55239850039543,25.329306306289762,81.77899815643448,16.21039962342885
4.92737729099382,0.6324104503001076,0.12288648007593796,0.09529643474717908,0.8111035152253958,0.020605081499871152,0.217808828803388,776.7282585999191,5.280103768647053,27.298060987207375,89.55239850039543,25.329306306289762,81.77899815643448,16.21039962342885
4.92737729099382,0.6324104503001076,0.12288648007593796,0.09529643474717908,0.8111035152253958,0.020605081499871152,0.217808828803388,776.7282585999191,5.280103768647053,27.298060987207375,89.55239850039543,25.329306306289762,81.77899815643448,16.21039962342885
4.922702328914244,0.6324104503001076,0.12288648007593796,0.09529643474717908,0.8111035152253958,0.020605081499871152,0.217808828803388,776.7282585999191,5.280103768647053,27.298060987207375,89.55239850039543,28.718063862213587,81.77899815643448,16.21039962342885
4.349282778412612,0.41365747923636476,0.07334969115306969,0.2062202017138096,0.4337145412748012,0.17796462434705917,0.7553439080581753,297.57380978444763,6.971956785207494,10.740700774603635,50.09821656703782,8.374645980040558,56.70145070352335,55.986147875646566
4.88546389776163,0.6324104503001076,0.12288648007593796,0.09529643474717908,0.8111035152253958,0.18735778224420196,0.3569842090556574,776.7282585999191,5.280103768647053,27.298060987207375,89.55239850039543,25.329306306289762,81.77899815643448,16.21039962342885
4.92737729099382,0.6324104503001076,0.12288648007593796,0.09529643474717908,0.8111035152253958,0.020605081499871152,0.217808828803388,776.7282585999191,5.280103768647053,27.298060987207375,89.55239850039543,25.329306306289762,81.77899815643448,16.21039962342885
4.611819544990589,0.9824287909308131,0.4471006158957623,0.15398568316493622,0.1648361269474924,0.7761575768120621,0.7909563937818178,27.573079495000684,3.922089852971109,84.60287451277974,87.4876457300945,82.38583056999498,67.38513856421812,15.461702824409157
4.92737729099382,0.6324104503001076,0.12288648007593796,0.09529643474717908,0.8111035152253958,0.020605081499871152,0.217808828803388,776.7282585999191,5.280103768647053,27.298060987207375,89.55239850039543,25.329306306289762,81.77899815643448,16.21039962342885
4.7364134076986915,0.6324104503001076,0.12288648007593796,0.09529643474717908,0.8111035152253958,0.020605081499871152,0.5738651829766594,776.7282585999191,5.280103768647053,27.298060987207375,89.55239850039543,25.329306306289762,81.77899815643448,16.21039962342885
4.92737729099382,0.6324104503001076,0.12288648007593796,0.09529643474717908,0.8111035152253958,0.020605081499871152,0.217808828803388,776.7282585999191,5.280103768647053,27.298060987207375,89.55239850039543,25.329306306289762,81.77899815643448,16.21039962342885
4.92737729099382,0.6324104503001076,0.12288648007593796,0.09529643474717908,0.8111035152253958,0.020605081499871152,0.217808828803388,776.7282585999191,5.280103768647053,27.298060987207375,89.55239850039543,25.329306306289762,81.77899815643448,16.21039962342885
4.92737729099382,0.6324104503001076,0.12288648007593796,0.09529643474717908,0.8111035152253958,0.020605081499871152,0.217808828803388,776.7282585999191,5.280103768647053,27.298060987207375,89.55239850039543,25.329306306289762,81.77899815643448,16.21039962342885
4.92737729099382,0.6324104503001076,0.12288648007593796,0.09529643474717908,0.8111035152253958,0.020605081499871152,0.217808828803388,776.7282585999191,5.280103768647053,27.298060987207375,89.55239850039543,25.329306306289762,81.77899815643448,16.21039962342885
4.92737729099382,0.6324104503001076,0.12288648007593796,0.09529643474717908,0.8111035152253958,0.020605081499871152,0.217808828803388,776.7282585999191,5.280103768647053,27.298060987207375,89.55239850039543,25.329306306289762,81.77899815643448,16.21039962342885
4.349282778412612,0.41365747923636476,0.07334969115306969,0.2062202017138096,0.4337145412748012,0.17796462434705917,0.7553439080581753,297.57380978444763,6.971956785207494,10.740700774603635,50.09821656703782,8.374645980040558,56.70145070352335,55.986147875646566
4.922702328914244,0.6324104503001076,0.12288648007593796,0.09529643474717908,0.8111035152253958,0.020605081499871152,0.217808828803388,776.7282585999191,5.280103768647053,27.298060987207375,89.55239850039543,28.718063862213587,81.77899815643448,16.21039962342885
4.92737729099382,0.6324104503001076,0.12288648007593796,0.09529643474717908,0.8111035152253958,0.020605081499871152,0.217808828803388,776.7282585999191,5.280103768647053,27.298060987207375,89.55239850039543,25.329306306289762,81.77899815643448,16.21039962342885
4.92737729099382,0.6324104503001076,0.12288648007593796,0.09529643474717908,0.8111035152253958,0.020605081499871152,0.217808828803388,776.7282585999191,5.280103768647053,27.298060987207375,89.55239850039543,25.329306306289762,81.77899815643448,16.21039962342885
4.611819544990589,0.9824287909308131,0.4471006158957623,0.15398568316493622,0.1648361269474924,0.7761575768120621,0.7909563937818178,27.573079495000684,3.922089852971109,84.60287451277974,87.4876457300945,82.38583056999498,67.38513856421812,15.461702824409157
4.92737729099382,0.6324104503001076,0.12288648007593796,0.09529643474717908,0.8111035152253958,0.020605081499871152,0.217808828803388,776.7282585999191,5.280103768647053,27.298060987207375,89.55239850039543,25.329306306289762,81.77899815643448,16.21039962342885
4.7364134076986915,0.6324104503001076,0.12288648007593796,0.09529643474717908,0.8111035152253958,0.020605081499871152,0.5738651829766594,776.7282585999191,5.280103768647053,27.298060987207375,89.55239850039543,25.329306306289762,81.77899815643448,16.21039962342885
4.92737729099382,0.6324104503001076,0.12288648007593796,0.09529643474717908,0.8111035152253958,0.020605081499871152,0.217808828803388,776.7282585999191,5.280103768647053,27.298060987207375,89.55239850039543,25.329306306289762,81.77899815643448,16.21039962342885
4.92737729099382,0.6324104503001076,0.12288648007593796,0.09529643474717908,0.8111035152253958,0.020605081499871152,0.217808828803388,776.7282585999191,5.280103768647053,27.298060987207375,89.55239850039543,25.329306306289762,81.77899815643448,16.21039962342885
4.92737729099382,0.6324104503001076,0.12288648007593796,0.09529643474717908,0.8111035152253958,0.020605081499871152,0.217808828803388,776.7282585999191,5.280103768647053,27.298060987207375,89.55239850039543,25.329306306289762,81.77899815643448,16.21039962342885
4.92737729099382,0.6324104503001076,0.12288648007593796,0.09529643474717908,0.8111035152253958,0.020605081499871152,0.217808828803388,776.7282585999191,5.280103768647053,27.298060987207375,89.55239850039543,25.329306306289762,81.77899815643448,16.21039962342885
4.92737729099382,0.6324104503001076,0.12288648007593796,0.09529643474717908,0.8111035152253958,0.020605081499871152,0.217808828803388,776.7282585999191,5.280103768647053,27.298060987207375,89.55239850039543,25.329306306289762,81.77899815643448,16.21039962342885
4.88546389776163,0.6324104503001076,0.12288648007593796,0.09529643474717908,0.8111035152253958,0.18735778224420196,0.3569842090556574,776.7282585999191,5.280103768647053,27.298060987207375,89.55239850039543,25.329306306289762,81.77899815643448,16.21039962342885
4.349282778412612,0.41365747923636476,0.07334969115306969,0.2062202017138096,0.4337145412748012,0.17796462434705917,0.7553439080581753,297.57380978444763,6.971956785207494,10.740700774603635,50.09821656703782,8.374645980040558,56.70145070352335,55.986147875646566
4.92737729099382,0.6324104503001076,0.12288648007593796,0.09529643474717908,0.8111035152253958,0.020605081499871152,0.217808828803388,776.7282585999191,5.280103768647053,27.298060987207375,89.55239850039543,25.329306306289762,81.77899815643448,16.21039962342885
4.92737729099382,0.6324104503001076,0.12288648007593796,0.09529643474717908,0.8111035152253958,0.020605081499871152,0.217808828803388,776.7282585999191,5.280103768647053,27.298060987207375,89.55239850039543,25.329306306289762,81.77899815643448,16.21039962342885
4.92737729099382,0.6324104503001076,0.12288648007593796,0.09529643474717908,0.8111035152253958,0.020605081499871152,0.217808828803388,776.7282585999191,5.280103768647053,27.298060987207375,89.55239850039543,25.329306306289762,81.77899815643448,16.21039962342885
4.92737729099382,0.6324104503001076,0.12288648007593796,0.09529643474717908,0.8111035152253958,0.020605081499871152,0.217808828803388,776.7282585999191,5.280103768647053,27.298060987207375,89.55239850039543,25.329306306289762,81.77899815643448,16.21039962342885
4.92737729099382,0.6324104503001076,0.12288648007593796,0.09529643474717908,0.8111035152253958,0.020605081499871152,0.217808828803388,776.7282585999191,5.280103768647053,27.298060987207375,89.55239850039543,25.329306306289762,81.77899815643448,16.21039962342885
4.92737729099382,0.6324104503001076,0.12288648007593796,0.09529643474717908,0.8111035152253958,0.020605081499871152,0.217808828803388,776.7282585999191,5.280103768647053,27.298060987207375,89.55239850039543,25.329306306289762,81.77899815643448,16.21039962342885
4.92737729099382,0.6324104503001076,0.12288648007593796,0.09529643474717908,0.8111035152253958,0.020605081499871152,0.217808828803388,776.7282585999191,5.280103768647053,27.298060987207375,89.55239850039543,25.329306306289762,81.77899815643448,16.21039962342885
4.349282778412612,0.41365747923636476,0.07334969115306969,0.2062202017138096,0.4337145412748012,0.17796462434705917,0.7553439080581753,297.57380978444763,6.971956785207494,10.740700774603635,50.09821656703782,8.374645980040558,56.70145070352335,55.986147875646566
4.92737729099382,0.6324104503001076,0.12288648007593796,0.09529643474717908,0.8111035152253958,0.020605081499871152,0.217808828803388,776.7282585999191,5.280103768647053,27.298060987207375,89.55239850039543,25.329306306289762,81.77899815643448,16.21039962342885
4.922702328914244,0.6324104503001076,0.12288648007593796,0.09529643474717908,0.8111035152253958,0.020605081499871152,0.217808828803388,776.7282585999191,5.280103768647053,27.298060987207375,89.55239850039543,28.718063862213587,81.77899815643448,16.21039962342885
4.92737729099382,0.6324104503001076,0.12288648007593796,0.09529643474717908,0.8111035152253958,0.020605081499871152,0.217808828803388,776.7282585999191,5.280103768647053,27.298060987207375,89.55239850039543,25.329306306289762,81.77899815643448,16.21039962342885
4.92737729099382,0.6324104503001076,0.12288648007593796,0.09529643474717908,0.8111035152253958,0.020605081499871152,0.217808828803388,776.7282585999191,5.280103768647053,27.298060987207375,89.55239850039543,25.329306306289762,81.77899815643448,16.21039962342885
4.7364134076986915,0.6324104503001076,0.12288648007593796,0.09529643474717908,0.8111035152253958,0.020605081499871152,0.5738651829766594,776.7282585999191,5.280103768647053,27.298060987207375,89.55239850039543,25.329306306289762,81.77899815643448,16.21039962342885
4.611819544990589,0.9824287909308131,0.4471006158957623,0.15398568316493622,0.1648361269474924,0.7761575768120621,0.7909563937818178,27.573079495000684,3.922089852971109,84.60287451277974,87.4876457300945,82.38583056999498,67.38513856421812,15.461702824409157
4.92737729099382,0.6324104503001076,0.12288648007593796,0.09529643474717908,0.8111035152253958,0.020605081499871152,0.217808828803388,776.7282585999191,5.280103768647053,27.298060987207375,89.55239850039543,25.329306306289762,81.77899815643448,16.21039962342885
4.92737729099382,0.6324104503001076,0.12288648007593796,0.09529643474717908,0.8111035152253958,0.020605081499871152,0.217808828803388,776.7282585999191,5.280103768647053,27.298060987207375,89.55239850039543,25.329306306289762,81.77899815643448,16.21039962342885
4.92737729099382,0.6324104503001076,0.12288648007593796,0.09529643474717908,0.8111035152253958,0.020605081499871152,0.217808828803388,776.7282585999191,5.280103768647053,27.298060987207375,89.55239850039543,25.329306306289762,81.77899815643448,16.21039962342885
4.92737729099382,0.6324104503001076,0.12288648007593796,0.09529643474717908,0.8111035152253958,0.020605081499871152,0.217808828803388,776.7282585999191,5.280103768647053,27.298060987207375,89.55239850039543,25.329306306289762,81.77899815643448,16.21039962342885
4.92737729099382,0.6324104503001076,0.12288648007593796,0.09529643474717908,0.8111035152253958,0.020605081499871152,0.217808828803388,776.7282585999191,5.280103768647053,27.298060987207375,89.55239850039543,25.329306306289762,81.77899815643448,16.21039962342885
4.88546389776163,0.6324104503001076,0.12288648007593796,0.09529643474717908,0.8111035152253958,0.18735778224420196,0.3569842090556574,776.7282585999191,5.280103768647053,27.298060987207375,89.55239850039543,25.329306306289762,81.77899815643448,16.21039962342885
4.349282778412612,0.41365747923636476,0.07334969115306969,0.2062202017138096,0.4337145412748012,0.17796462434705917,0.7553439080581753,297.57380978444763,6.971956785207494,10.740700774603635,50.09821656703782,8.374645980040558,56.70145070352335,55.986147875646566
4.92737729099382,0.6324104503001076,0.12288648007593796,0.09529643474717908,0.8111035152253958,0.020605081499871152,0.217808828803388,776.7282585999191,5.280103768647053,27.298060987207375,89.55239850039543,25.329306306289762,81.77899815643448,16.21039962342885
4.92737729099382,0.6324104503001076,0.12288648007593796,0.09529643474717908,0.8111035152253958,0.020605081499871152,0.217808828803388,776.7282585999191,5.280103768647053,27.298060987207375,89.55239850039543,25.329306306289762,81.77899815643448,16.21039962342885
4.92737729099382,0.6324104503001076,0.12288648007593796,0.09529643474717908,0.8111035152253958,0.020605081499871152,0.217808828803388,776.7282585999191,5.280103768647053,27.298060987207375,89.55239850039543,25.329306306289762,81.77899815643448,16.21039962342885
4.7364134076986915,0.6324104503001076,0.12288648007593796,0.09529643474717908,0.8111035152253958,0.020605081499871152,0.5738651829766594,776.7282585999191,5.280103768647053,27.298060987207375,89.55239850039543,25.329306306289762,81.77899815643448,16.21039962342885
4.92737729099382,0.6324104503001076,0.12288648007593796,0.09529643474717908,0.8111035152253958,0.020605081499871152,0.217808828803388,776.7282585999191,5.280103768647053,27.298060987207375,89.55239850039543,25.329306306289762,81.77899815643448,16.21039962342885
4.922702328914244,0.6324104503001076,0.12288648007593796,0.09529643474717908,0.8111035152253958,0.020605081499871152,0.217808828803388,776.7282585999191,5.280103768647053,27.298060987207375,89.55239850039543,28.718063862213587,81.77899815643448,16.21039962342885
4.92737729099382,0.6324104503001076,0.12288648007593796,0.09529643474717908,0.8111035152253958,0.020605081499871152,0.217808828803388,776.7282585999191,5.280103768647053,27.298060987207375,89.55239850039543,25.329306306289762,81.77899815643448,16.21039962342885
4.92737729099382,0.6324104503001076,0.12288648007593796,0.09529643474717908,0.8111035152253958,0.020605081499871152,0.217808828803388,776.7282585999191,5.280103768647053,27.298060987207375,89.55239850039543,25.329306306289762,81.77899815643448,16.21039962342885
4.349282778412612,0.41365747923636476,0.07334969115306969,0.2062202017138096,0.4337145412748012,0.17796462434705917,0.7553439080581753,297.57380978444763,6.971956785207494,10.740700774603635,50.09821656703782,8.374645980040558,56.70145070352335,55.986147875646566
4.92737729099382,0.6324104503001076,0.12288648007593796,0.09529643474717908,0.8111035152253958,0.020605081499871152,0.217808828803388,776.7282585999191,5.280103768647053,27.298060987207375,89.55239850039543,25.329306306289762,81.77899815643448,16.21039962342885
4.7364134076986915,0.6324104503001076,0.12288648007593796,0.09529643474717908,0.8111035152253958,0.020605081499871152,0.5738651829766594,776.7282585999191,5.280103768647053,27.298060987207375,89.55239850039543,25.329306306289762,81.77899815643448,16.21039962342885
4.92737729099382,0.6324104503001076,0.12288648007593796,0.09529643474717908,0.8111035152253958,0.020605081499871152,0.217808828803388,776.7282585999191,5.280103768647053,27.298060987207375,89.55239850039543,25.329306306289762,81.77899815643448,16.21039962342885
4.92737729099382,0.6324104503001076,0.12288648007593796,0.09529643474717908,0.8111035152253958,0.020605081499871152,0.217808828803388,776.7282585999191,5.280103768647053,27.298060987207375,89.55239850039543,25.329306306289762,81.77899815643448,16.21039962342885
4.611819544990589,0.9824287909308131,0.4471006158957623,0.15398568316493622,0.1648361269474924,0.7761575768120621,0.7909563937818178,27.573079495000684,3.922089852971109,84.60287451277974,87.4876457300945,82.38583056999498,67.38513856421812,15.461702824409157
4.92737729099382,0.6324104503001076,0.12288648007593796,0.09529643474717908,0.8111035152253958,0.020605081499871152,0.217808828803388,776.7282585999191,5.280103768647053,27.298060987207375,89.55239850039543,25.329306306289762,81.77899815643448,16.21039962342885
4.92737729099382,0.6324104503001076,0.12288648007593796,0.09529643474717908,0.8111035152253958,0.020605081499871152,0.217808828803388,776.7282585999191,5.280103768647053,27.298060987207375,89.55239850039543,25.329306306289762,81.77899815643448,16.21039962342885
4.92737729099382,0.6324104503001076,0.12288648007593796,0.09529643474717908,0.8111035152253958,0.020605081499871152,0.217808828803388,776.7282585999191,5.280103768647053,27.298060987207375,89.55239850039543,25.329306306289762,81.77899815643448,16.21039962342885
4.92737729099382,0.6324104503001076,0.12288648007593796,0.09529643474717908,0.8111035152253958,0.020605081499871152,0.217808828803388,776.7282585999191,5.280103768647053,27.298060987207375,89.55239850039543,25.329306306289762,81.77899815643448,16.21039962342885
4.88546389776163,0.6324104503001076,0.12288648007593796,0.09529643474717908,0.8111035152253958,0.18735778224420196,0.3569842090556574,776.7282585999191,5.280103768647053,27.298060987207375,89.55239850039543,25.329306306289762,81.77899815643448,16.21039962342885
4.92737729099382,0.6324104503001076,0.12288648007593796,0.09529643474717908,0.8111035152253958,0.020605081499871152,0.217808828803388,776.7282585999191,5.280103768647053,27.298060987207375,89.55239850039543,25.329306306289762,81.77899815643448,16.21039962342885
4.92737729099382,0.6324104503001076,0.12288648007593796,0.09529643474717908,0.8111035152253958,0.020605081499871152,0.217808828803388,776.7282585999191,5.280103768647053,27.298060987207375,89.55239850039543,25.329306306289762,81.77899815643448,16.21039962342885
4.349282778412612,0.41365747923636476,0.07334969115306969,0.2062202017138096,0.4337145412748012,0.17796462434705917,0.7553439080581753,297.57380978444763,6.971956785207494,10.740700774603635,50.09821656703782,8.374645980040558,56.70145070352335,55.986147875646566
4.7364134076986915,0.6324104503001076,0.12288648007593796,0.09529643474717908,0.8111035152253958,0.020605081499871152,0.5738651829766594,776.7282585999191,5.280103768647053,27.298060987207375,89.55239850039543,25.329306306289762,81.77899815643448,16.21039962342885
4.92737729099382,0.6324104503001076,0.12288648007593796,0.09529643474717908,0.8111035152253958,0.020605081499871152,0.217808828803388,776.7282585999191,5.280103768647053,27.298060987207375,89.55239850039543,25.329306306289762,81.77899815643448,16.21039962342885
4.92737729099382,0.6324104503001076,0.12288648007593796,0.09529643474717908,0.8111035152253958,0.020605081499871152,0.217808828803388,776.7282585999191,5.280103768647053,27.298060987207375,89.55239850039543,25.329306306289762,81.77899815643448,16.21039962342885
4.92737729099382,0.6324104503001076,0.12288648007593796,0.09529643474717908,0.8111035152253958,0.020605081499871152,0.217808828803388,776.7282585999191,5.280103768647053,27.298060987207375,89.55239850039543,25.329306306289762,81.77899815643448,16.21039962342885
4.92737729099382,0.6324104503001076,0.12288648007593796,0.09529643474717908,0.8111035152253958,0.020605081499871152,0.217808828803388,776.7282585999191,5.280103768647053,27.298060987207375,89.55239850039543,25.329306306289762,81.77899815643448,16.21039962342885
4.92737729099382,0.6324104503001076,0.12288648007593796,0.09529643474717908,0.8111035152253958,0.020605081499871152,0.217808828803388,776.7282585999191,5.280103768647053,27.298060987207375,89.55239850039543,25.329306306289762,81.77899815643448,16.21039962342885
4.611819544990589,0.9824287909308131,0.4471006158957623,0.15398568316493622,0.1648361269474924,0.7761575768120621,0.7909563937818178,27.573079495000684,3.922089852971109,84.60287451277974,87.4876457300945,82.38583056999498,67.38513856421812,15.461702824409157
4.92737729099382,0.6324104503001076,0.12288648007593796,0.09529643474717908,0.8111035152253958,0.020605081499871152,0.217808828803388,776.7282585999191,5.280103768647053,27.298060987207375,89.55239850039543,25.329306306289762,81.77899815643448,16.21039962342885
4.922702328914244,0.6324104503001076,0.12288648007593796,0.09529643474717908,0.8111035152253958,0.020605081499871152,0.217808828803388,776.7282585999191,5.280103768647053,27.298060987207375,89.55239850039543,28.718063862213587,81.77899815643448,16.21039962342885
4.92737729099382,0.6324104503001076,0.12288648007593796,0.09529643474717908,0.8111035152253958,0.020605081499871152,0.217808828803388,776.7282585999191,5.280103768647053,27.298060987207375,89.55239850039543,25.329306306289762,81.77899815643448,16.21039962342885
4.92737729099382,0.6324104503001076,0.12288648007593796,0.09529643474717908,0.8111035152253958,0.020605081499871152,0.217808828803388,776.7282585999191,5.280103768647053,27.298060987207375,89.55239850039543,25.329306306289762,81.77899815643448,16.21039962342885
4.88546389776163,0.6324104503001076,0.12288648007593796,0.09529643474717908,0.8111035152253958,0.18735778224420196,0.3569842090556574,776.7282585999191,5.280103768647053,27.298060987207375,89.55239850039543,25.329306306289762,81.77899815643448,16.21039962342885
4.349282778412612,0.41365747923636476,0.07334969115306969,0.2062202017138096,0.4337145412748012,0.17796462434705917,0.7553439080581753,297.57380978444763,6.971956785207494,10.740700774603635,50.09821656703782,8.374645980040558,56.70145070352335,55.986147875646566
4.7364134076986915,0.6324104503001076,0.12288648007593796,0.09529643474717908,0.8111035152253958,0.020605081499871152,0.5738651829766594,776.7282585999191,5.280103768647053,27.298060987207375,89.55239850039543,25.329306306289762,81.77899815643448,16.21039962342885
4.92737729099382,0.6324104503001076,0.12288648007593796,0.09529643474717908,0.8111035152253958,0.020605081499871152,0.217808828803388,776.7282585999191,5.280103768647053,27.298060987207375,89.55239850039543,25.329306306289762,81.77899815643448,16.21039962342885
4.92737729099382,0.6324104503001076,0.12288648007593796,0.09529643474717908,0.8111035152253958,0.020605081499871152,0.217808828803388,776.7282585999191,5.280103768647053,27.298060987207375,89.55239850039543,25.329306306289762,81.77899815643448,16.21039962342885
4.92737729099382,0.6324104503001076,0.12288648007593796,0.09529643474717908,0.8111035152253958,0.020605081499871152,0.217808828803388,776.7282585999191,5.280103768647053,27.298060987207375,89.55239850039543,25.329306306289762,81.77899815643448,16.21039962342885
4.92737729099382,0.6324104503001076,0.12288648007593796,0.09529643474717908,0.8111035152253958,0.020605081499871152,0.217808828803388,776.7282585999191,5.280103768647053,27.298060987207375,89.55239850039543,25.329306306289762,81.77899815643448,16.21039962342885
4.611819544990589,0.9824287909308131,0.4471006158957623,0.15398568316493622,0.1648361269474924,0.7761575768120621,0.7909563937818178,27.573079495000684,3.922089852971109,84.60287451277974,87.4876457300945,82.38583056999498,67.38513856421812,15.461702824409157
4.88546389776163,0.6324104503001076,0.12288648007593796,0.09529643474717908,0.8111035152253958,0.18735778224420196,0.3569842090556574,776.7282585999191,5.280103768647053,27.298060987207375,89.55239850039543,25.329306306289762,81.77899815643448,16.21039962342885
4.92737729099382,0.6324104503001076,0.12288648007593796,0.09529643474717908,0.8111035152253958,0.020605081499871152,0.217808828803388,776.7282585999191,5.280103768647053,27.298060987207375,89.55239850039543,25.329306306289762,81.77899815643448,16.21039962342885
4.92737729099382,0.6324104503001076,0.12288648007593796,0.09529643474717908,0.8111035152253958,0.020605081499871152,0.217808828803388,776.7282585999191,5.280103768647053,27.298060987207375,89.55239850039543,25.329306306289762,81.77899815643448,16.21039962342885
4.92737729099382,0.6324104503001076,0.12288648007593796,0.09529643474717908,0.8111035152253958,0.020605081499871152,0.217808828803388,776.7282585999191,5.280103768647053,27.298060987207375,89.55239850039543,25.329306306289762,81.77899815643448,16.21039962342885
4.92737729099382,0.6324104503001076,0.12288648007593796,0.09529643474717908,0.8111035152253958,0.020605081499871152,0.217808828803388,776.7282585999191,5.280103768647053,27.298060987207375,89.55239850039543,25.329306306289762,81.77899815643448,16.21039962342885
4.922702328914244,0.6324104503001076,0.12288648007593796,0.09529643474717908,0.8111035152253958,0.020605081499871152,0.217808828803388,776.7282585999191,5.280103768647053,27.298060987207375,89.55239850039543,28.718063862213587,81.77899815643448,16.21039962342885
4.349282778412612,0.41365747923636476,0.07334969115306969,0.2062202017138096,0.4337145412748012,0.17796462434705917,0.7553439080581753,297.57380978444763,6.971956785207494,10.740700774603635,50.09821656703782,8.374645980040558,56.70145070352335,55.986147875646566
4.92737729099382,0.6324104503001076,0.12288648007593796,0.09529643474717908,0.8111035152253958,0.020605081499871152,0.217808828803388,776.7282585999191,5.280103768647053,27.298060987207375,89.55239850039543,25.329306306289762,81.77899815643448,16.21039962342885
4.92737729099382,0.6324104503001076,0.12288648007593796,0.09529643474717908,0.8111035152253958,0.020605081499871152,0.217808828803388,776.7282585999191,5.280103768647053,27.298060987207375,89.55239850039543,25.329306306289762,81.77899815643448,16.21039962342885
4.92737729099382,0.6324104503001076,0.12288648007593796,0.09529643474717908,0.8111035152253958,0.020605081499871152,0.217808828803388,776.7282585999191,5.280103768647053,27.298060987207375,89.55239850039543,25.329306306289762,81.77899815643448,16.21039962342885
4.92737729099382,0.6324104503001076,0.12288648007593796,0.09529643474717908,0.8111035152253958,0.020605081499871152,0.217808828803388,776.7282585999191,5.280103768647053,27.298060987207375,89.55239850039543,25.329306306289762,81.77899815643448,16.21039962342885
4.92737729099382,0.6324104503001076,0.12288648007593796,0.09529643474717908,0.8111035152253958,0.020605081499871152,0.217808828803388,776.7282585999191,5.280103768647053,27.298060987207375,89.55239850039543,25.329306306289762,81.77899815643448,16.21039962342885
4.92737729099382,0.6324104503001076,0.12288648007593796,0.09529643474717908,0.8111035152253958,0.020605081499871152,0.217808828803388,776.7282585999191,5.280103768647053,27.298060987207375,89.55239850039543,25.329306306289762,81.77899815643448,16.21039962342885
4.92737729099382,0.6324104503001076,0.12288648007593796,0.09529643474717908,0.8111035152253958,0.020605081499871152,0.217808828803388,776.7282585999191,5.280103768647053,27.298060987207375,89.55239850039543,25.329306306289762,81.77899815643448,16.21039962342885
4.611819544990589,0.9824287909308131,0.4471006158957623,0.15398568316493622,0.1648361269474924,0.7761575768120621,0.7909563937818178,27.573079495000684,3.922089852971109,84.60287451277974,87.4876457300945,82.38583056999498,67.38513856421812,15.461702824409157
4.92737729099382,0.6324104503001076,0.12288648007593796,0.09529643474717908,0.8111035152253958,0.020605081499871152,0.217808828803388,776.7282585999191,5.280103768647053,27.298060987207375,89.55239850039543,25.329306306289762,81.77899815643448,16.21039962342885
4.349282778412612,0.41365747923636476,0.07334969115306969,0.2062202017138096,0.4337145412748012,0.17796462434705917,0.7553439080581753,297.57380978444763,6.971956785207494,10.740700774603635,50.09821656703782,8.374645980040558,56.70145070352335,55.986147875646566
4.92737729099382,0.6324104503001076,0.12288648007593796,0.09529643474717908,0.8111035152253958,0.020605081499871152,0.217808828803388,776.7282585999191,5.280103768647053,27.298060987207375,89.55239850039543,25.329306306289762,81.77899815643448,16.21039962342885
4.922702328914244,0.6324104503001076,0.12288648007593796,0.09529643474717908,0.8111035152253958,0.020605081499871152,0.217808828803388,776.7282585999191,5.280103768647053,27.298060987207375,89.55239850039543,28.718063862213587,81.77899815643448,16.21039962342885
4.92737729099382,0.6324104503001076,0.12288648007593796,0.09529643474717908,0.8111035152253958,0.020605081499871152,0.217808828803388,776.7282585999191,5.280103768647053,27.298060987207375,89.55239850039543,25.329306306289762,81.77899815643448,16.21039962342885
4.7364134076986915,0.6324104503001076,0.12288648007593796,0.09529643474717908,0.8111035152253958,0.020605081499871152,0.5738651829766594,776.7282585999191,5.280103768647053,27.298060987207375,89.55239850039543,25.329306306289762,81.77899815643448,16.21039962342885
4.92737729099382,0.6324104503001076,0.12288648007593796,0.09529643474717908,0.8111035152253958,0.020605081499871152,0.217808828803388,776.7282585999191,5.280103768647053,27.298060987207375,89.55239850039543,25.329306306289762,81.77899815643448,16.21039962342885
4.92737729099382,0.6324104503001076,0.12288648007593796,0.09529643474717908,0.8111035152253958,0.020605081499871152,0.217808828803388,776.7282585999191,5.280103768647053,27.298060987207375,89.55239850039543,25.329306306289762,81.77899815643448,16.21039962342885
4.92737729099382,0.6324104503001076,0.12288648007593796,0.09529643474717908,0.8111035152253958,0.020605081499871152,0.217808828803388,776.7282585999191,5.280103768647053,27.298060987207375,89.55239850039543,25.329306306289762,81.77899815643448,16.21039962342885
4.88546389776163,0.6324104503001076,0.12288648007593796,0.09529643474717908,0.8111035152253958,0.18735778224420196,0.3569842090556574,776.7282585999191,5.280103768647053,27.298060987207375,89.55239850039543,25.329306306289762,81.77899815643448,16.21039962342885
4.92737729099382,0.6324104503001076,0.12288648007593796,0.09529643474717908,0.8111035152253958,0.020605081499871152,0.217808828803388,776.7282585999191,5.280103768647053,27.298060987207375,89.55239850039543,25.329306306289762,81.77899815643448,16.21039962342885
4.92737729099382,0.6324104503001076,0.12288648007593796,0.09529643474717908,0.8111035152253958,0.020605081499871152,0.217808828803388,776.7282585999191,5.280103768647053,27.298060987207375,89.55239850039543,25.329306306289762,81.77899815643448,16.21039962342885
4.92737729099382,0.6324104503001076,0.12288648007593796,0.09529643474717908,0.8111035152253958,0.020605081499871152,0.217808828803388,776.7282585999191,5.280103768647053,27.298060987207375,89.55239850039543,25.329306306289762,81.77899815643448,16.21039962342885
4.7364134076986915,0.6324104503001076,0.12288648007593796,0.09529643474717908,0.8111035152253958,0.020605081499871152,0.5738651829766594,776.7282585999191,5.280103768647053,27.298060987207375,89.55239850039543,25.329306306289762,81.77899815643448,16.21039962342885
4.92737729099382,0.6324104503001076,0.12288648007593796,0.09529643474717908,0.8111035152253958,0.020605081499871152,0.217808828803388,776.7282585999191,5.280103768647053,27.298060987207375,89.55239850039543,25.329306306289762,81.77899815643448,16.21039962342885
4.92737729099382,0.6324104503001076,0.12288648007593796,0.09529643474717908,0.8111035152253958,0.020605081499871152,0.217808828803388,776.7282585999191,5.280103768647053,27.298060987207375,89.55239850039543,25.329306306289762,81.77899815643448,16.21039962342885
4.92737729099382,0.6324104503001076,0.12288648007593796,0.09529643474717908,0.8111035152253958,0.020605081499871152,0.217808828803388,776.7282585999191,5.280103768647053,27.298060987207375,89.55239850039543,25.329306306289762,81.77899815643448,16.21039962342885
4.92737729099382,0.6324104503001076,0.12288648007593796,0.09529643474717908,0.8111035152253958,0.020605081499871152,0.217808828803388,776.7282585999191,5.280103768647053,27.298060987207375,89.55239850039543,25.329306306289762,81.77899815643448,16.21039962342885
4.92737729099382,0.6324104503001076,0.12288648007593796,0.09529643474717908,0.8111035152253958,0.020605081499871152,0.217808828803388,776.7282585999191,5.280103768647053,27.298060987207375,89.55239850039543,25.329306306289762,81.77899815643448,16.21039962342885
4.92737729099382,0.6324104503001076,0.12288648007593796,0.09529643474717908,0.8111035152253958,0.020605081499871152,0.217808828803388,776.7282585999191,5.280103768647053,27.298060987207375,89.55239850039543,25.329306306289762,81.77899815643448,16.21039962342885
4.92737729099382,0.6324104503001076,0.12288648007593796,0.09529643474717908,0.8111035152253958,0.020605081499871152,0.217808828803388,776.7282585999191,5.280103768647053,27.298060987207375,89.55239850039543,25.329306306289762,81.77899815643448,16.21039962342885
4.611819544990589,0.9824287909308131,0.4471006158957623,0.15398568316493622,0.1648361269474924,0.7761575768120621,0.7909563937818178,27.573079495000684,3.922089852971109,84.60287451277974,87.4876457300945,82.38583056999498,67.38513856421812,15.461702824409157
4.349282778412612,0.41365747923636476,0.07334969115306969,0.2062202017138096,0.4337145412748012,0.17796462434705917,0.7553439080581753,297.57380978444763,6.971956785207494,10.740700774603635,50.09821656703782,8.374645980040558,56.70145070352335,55.986147875646566
4.92737729099382,0.6324104503001076,0.12288648007593796,0.09529643474717908,0.8111035152253958,0.020605081499871152,0.217808828803388,776.7282585999191,5.280103768647053,27.298060987207375,89.55239850039543,25.329306306289762,81.77899815643448,16.21039962342885
4.92737729099382,0.6324104503001076,0.12288648007593796,0.09529643474717908,0.8111035152253958,0.020605081499871152,0.217808828803388,776.7282585999191,5.280103768647053,27.298060987207375,89.55239850039543,25.329306306289762,81.77899815643448,16.21039962342885
4.7364134076986915,0.6324104503001076,0.12288648007593796,0.09529643474717908,0.8111035152253958,0.020605081499871152,0.5738651829766594,776.7282585999191,5.280103768647053,27.298060987207375,89.55239850039543,25.329306306289762,81.77899815643448,16.21039962342885
4.92737729099382,0.6324104503001076,0.12288648007593796,0.09529643474717908,0.8111035152253958,0.020605081499871152,0.217808828803388,776.7282585999191,5.280103768647053,27.298060987207375,89.55239850039543,25.329306306289762,81.77899815643448,16.21039962342885
4.92737729099382,0.6324104503001076,0.12288648007593796,0.09529643474717908,0.8111035152253958,0.020605081499871152,0.217808828803388,776.7282585999191,5.280103768647053,27.298060987207375,89.55239850039543,25.329306306289762,81.77899815643448,16.21039962342885
4.92737729099382,0.6324104503001076,0.12288648007593796,0.09529643474717908,0.8111035152253958,0.020605081499871152,0.217808828803388,776.7282585999191,5.280103768647053,27.298060987207375,89.55239850039543,25.329306306289762,81.77899815643448,16.21039962342885
4.922702328914244,0.6324104503001076,0.12288648007593796,0.09529643474717908,0.8111035152253958,0.020605081499871152,0.217808828803388,776.7282585999191,5.280103768647053,27.298060987207375,89.55239850039543,28.718063862213587,81.77899815643448,16.21039962342885
4.92737729099382,0.6324104503001076,0.12288648007593796,0.09529643474717908,0.8111035152253958,0.020605081499871152,0.217808828803388,776.7282585999191,5.280103768647053,27.298060987207375,89.55239850039543,25.329306306289762,81.77899815643448,16.21039962342885
4.92737729099382,0.6324104503001076,0.12288648007593796,0.09529643474717908,0.8111035152253958,0.020605081499871152,0.217808828803388,776.7282585999191,5.280103768647053,27.298060987207375,89.55239850039543,25.329306306289762,81.77899815643448,16.21039962342885
4.92737729099382,0.6324104503001076,0.12288648007593796,0.09529643474717908,0.8111035152253958,0.020605081499871152,0.217808828803388,776.7282585999191,5.280103768647053,27.298060987207375,89.55239850039543,25.329306306289762,81.77899815643448,16.21039962342885
4.92737729099382,0.6324104503001076,0.12288648007593796,0.09529643474717908,0.8111035152253958,0.020605081499871152,0.217808828803388,776.7282585999191,5.280103768647053,27.298060987207375,89.55239850039543,25.329306306289762,81.77899815643448,16.21039962342885
4.88546389776163,0.6324104503001076,0.12288648007593796,0.09529643474717908,0.8111035152253958,0.18735778224420196,0.3569842090556574,776.7282585999191,5.280103768647053,27.298060987207375,89.55239850039543,25.329306306289762,81.77899815643448,16.21039962342885
4.92737729099382,0.6324104503001076,0.12288648007593796,0.09529643474717908,0.8111035152253958,0.020605081499871152,0.217808828803388,776.7282585999191,5.280103768647053,27.298060987207375,89.55239850039543,25.329306306289762,81.77899815643448,16.21039962342885
4.92737729099382,0.6324104503001076,0.12288648007593796,0.09529643474717908,0.8111035152253958,0.020605081499871152,0.217808828803388,776.7282585999191,5.280103768647053,27.298060987207375,89.55239850039543,25.329306306289762,81.77899815643448,16.21039962342885
4.349282778412612,0.41365747923636476,0.07334969115306969,0.2062202017138096,0.4337145412748012,0.17796462434705917,0.7553439080581753,297.57380978444763,6.971956785207494,10.740700774603635,50.09821656703782,8.374645980040558,56.70145070352335,55.986147875646566
4.92737729099382,0.6324104503001076,0.12288648007593796,0.09529643474717908,0.8111035152253958,0.020605081499871152,0.217808828803388,776.7282585999191,5.280103768647053,27.298060987207375,89.55239850039543,25.329306306289762,81.77899815643448,16.21039962342885
4.92737729099382,0.6324104503001076,0.12288648007593796,0.09529643474717908,0.8111035152253958,0.020605081499871152,0.217808828803388,776.7282585999191,5.280103768647053,27.298060987207375,89.55239850039543,25.329306306289762,81.77899815643448,16.21039962342885
4.7364134076986915,0.6324104503001076,0.12288648007593796,0.09529643474717908,0.8111035152253958,0.020605081499871152,0.5738651829766594,776.7282585999191,5.280103768647053,27.298060987207375,89.55239850039543,25.329306306289762,81.77899815643448,16.21039962342885
4.92737729099382,0.6324104503001076,0.12288648007593796,0.09529643474717908,0.8111035152253958,0.020605081499871152,0.217808828803388,776.7282585999191,5.280103768647053,27.298060987207375,89.55239850039543,25.329306306289762,81.77899815643448,16.21039962342885
4.92737729099382,0.6324104503001076,0.12288648007593796,0.09529643474717908,0.8111035152253958,0.020605081499871152,0.217808828803388,776.7282585999191,5.280103768647053,27.298060987207375,89.55239850039543,25.329306306289762,81.77899815643448,16.21039962342885
4.92737729099382,0.6324104503001076,0.12288648007593796,0.09529643474717908,0.8111035152253958,0.020605081499871152,0.217808828803388,776.7282585999191,5.280103768647053,27.298060987207375,89.55239850039543,25.329306306289762,81.77899815643448,16.21039962342885
4.92737729099382,0.6324104503001076,0.12288648007593796,0.09529643474717908,0.8111035152253958,0.020605081499871152,0.217808828803388,776.7282585999191,5.280103768647053,27.298060987207375,89.55239850039543,25.329306306289762,81.77899815643448,16.21039962342885
4.88546389776163,0.6324104503001076,0.12288648007593796,0.09529643474717908,0.8111035152253958,0.18735778224420196,0.3569842090556574,776.7282585999191,5.280103768647053,27.298060987207375,89.55239850039543,25.329306306289762,81.77899815643448,16.21039962342885
4.92737729099382,0.6324104503001076,0.12288648007593796,0.09529643474717908,0.8111035152253958,0.020605081499871152,0.217808828803388,776.7282585999191,5.280103768647053,27.298060987207375,89.55239850039543,25.329306306289762,81.77899815643448,16.21039962342885
4.92737729099382,0.6324104503001076,0.12288648007593796,0.09529643474717908,0.8111035152253958,0.020605081499871152,0.217808828803388,776.7282585999191,5.280103768647053,27.298060987207375,89.55239850039543,25.329306306289762,81.77899815643448,16.21039962342885
4.349282778412612,0.41365747923636476,0.07334969115306969,0.2062202017138096,0.4337145412748012,0.17796462434705917,0.7553439080581753,297.57380978444763,6.971956785207494,10.740700774603635,50.09821656703782,8.374645980040558,56.70145070352335,55.986147875646566
4.92737729099382,0.6324104503001076,0.12288648007593796,0.09529643474717908,0.8111035152253958,0.020605081499871152,0.217808828803388,776.7282585999191,5.280103768647053,27.298060987207375,89.55239850039543,25.329306306289762,81.77899815643448,16.21039962342885
4.611819544990589,0.9824287909308131,0.4471006158957623,0.15398568316493622,0.1648361269474924,0.7761575768120621,0.7909563937818178,27.573079495000684,3.922089852971109,84.60287451277974,87.4876457300945,82.38583056999498,67.38513856421812,15.461702824409157
4.7364134076986915,0.6324104503001076,0.12288648007593796,0.09529643474717908,0.8111035152253958,0.020605081499871152,0.5738651829766594,776.7282585999191,5.280103768647053,27.298060987207375,89.55239850039543,25.329306306289762,81.77899815643448,16.21039962342885
4.92737729099382,0.6324104503001076,0.12288648007593796,0.09529643474717908,0.8111035152253958,0.020605081499871152,0.217808828803388,776.7282585999191,5.280103768647053,27.298060987207375,89.55239850039543,25.329306306289762,81.77899815643448,16.21039962342885
4.88546389776163,0.6324104503001076,0.12288648007593796,0.09529643474717908,0.8111035152253958,0.18735778224420196,0.3569842090556574,776.7282585999191,5.280103768647053,27.298060987207375,89.55239850039543,25.329306306289762,81.77899815643448,16.21039962342885
4.92737729099382,0.6324104503001076,0.12288648007593796,0.09529643474717908,0.8111035152253958,0.020605081499871152,0.217808828803388,776.7282585999191,5.280103768647053,27.298060987207375,89.55239850039543,25.329306306289762,81.77899815643448,16.21039962342885
4.92737729099382,0.6324104503001076,0.12288648007593796,0.09529643474717908,0.8111035152253958,0.020605081499871152,0.217808828803388,776.7282585999191,5.280103768647053,27.298060987207375,89.55239850039543,25.329306306289762,81.77899815643448,16.21039962342885
4.92737729099382,0.6324104503001076,0.12288648007593796,0.09529643474717908,0.8111035152253958,0.020605081499871152,0.217808828803388,776.7282585999191,5.280103768647053,27.298060987207375,89.55239850039543,25.329306306289762,81.77899815643448,16.21039962342885
4.594487136548864,0.6324104503001076,0.12288648007593796,0.07836650103184944,0.8111035152253958,0.019100927428426707,0.217808828803388,463.5297759564156,5.280103768647053,27.298060987207375,89.55239850039543,25.329306306289762,81.77899815643448,16.21039962342885
4.922702328914244,0.6324104503001076,0.12288648007593796,0.09529643474717908,0.8111035152253958,0.020605081499871152,0.217808828803388,776.7282585999191,5.280103768647053,27.298060987207375,89.55239850039543,28.718063862213587,81.77899815643448,16.21039962342885
4.92737729099382,0.6324104503001076,0.12288648007593796,0.09529643474717908,0.8111035152253958,0.020605081499871152,0.217808828803388,776.7282585999191,5.280103768647053,27.298060987207375,89.55239850039543,25.329306306289762,81.77899815643448,16.21039962342885
4.92737729099382,0.6324104503001076,0.12288648007593796,0.09529643474717908,0.8111035152253958,0.020605081499871152,0.217808828803388,776.7282585999191,5.280103768647053,27.298060987207375,89.55239850039543,25.329306306289762,81.77899815643448,16.21039962342885
4.92737729099382,0.6324104503001076,0.12288648007593796,0.09529643474717908,0.8111035152253958,0.020605081499871152,0.217808828803388,776.7282585999191,5.280103768647053,27.298060987207375,89.55239850039543,25.329306306289762,81.77899815643448,16.21039962342885
4.349282778412612,0.41365747923636476,0.07334969115306969,0.2062202017138096,0.4337145412748012,0.17796462434705917,0.7553439080581753,297.57380978444763,6.971956785207494,10.740700774603635,50.09821656703782,8.374645980040558,56.70145070352335,55.986147875646566
4.92737729099382,0.6324104503001076,0.12288648007593796,0.09529643474717908,0.8111035152253958,0.020605081499871152,0.217808828803388,776.7282585999191,5.280103768647053,27.298060987207375,89.55239850039543,25.329306306289762,81.77899815643448,16.21039962342885
4.92737729099382,0.6324104503001076,0.12288648007593796,0.09529643474717908,0.8111035152253958,0.020605081499871152,0.217808828803388,776.7282585999191,5.280103768647053,27.298060987207375,89.55239850039543,25.329306306289762,81.77899815643448,16.21039962342885
4.92737729099382,0.6324104503001076,0.12288648007593796,0.09529643474717908,0.8111035152253958,0.020605081499871152,0.217808828803388,776.7282585999191,5.280103768647053,27.298060987207375,89.55239850039543,25.329306306289762,81.77899815643448,16.21039962342885
4.92737729099382,0.6324104503001076,0.12288648007593796,0.09529643474717908,0.8111035152253958,0.020605081499871152,0.217808828803388,776.7282585999191,5.280103768647053,27.298060987207375,89.55239850039543,25.329306306289762,81.77899815643448,16.21039962342885
4.88546389776163,0.6324104503001076,0.12288648007593796,0.09529643474717908,0.8111035152253958,0.18735778224420196,0.3569842090556574,776.7282585999191,5.280103768647053,27.298060987207375,89.55239850039543,25.329306306289762,81.77899815643448,16.21039962342885
4.92737729099382,0.6324104503001076,0.12288648007593796,0.09529643474717908,0.8111035152253958,0.020605081499871152,0.217808828803388,776.7282585999191,5.280103768647053,27.298060987207375,89.55239850039543,25.329306306289762,81.77899815643448,16.21039962342885
4.594487136548864,0.6324104503001076,0.12288648007593796,0.07836650103184944,0.8111035152253958,0.019100927428426707,0.217808828803388,463.5297759564156,5.280103768647053,27.298060987207375,89.55239850039543,25.329306306289762,81.77899815643448,16.21039962342885
4.92737729099382,0.6324104503001076,0.12288648007593796,0.09529643474717908,0.8111035152253958,0.020605081499871152,0.217808828803388,776.7282585999191,5.280103768647053,27.298060987207375,89.55239850039543,25.329306306289762,81.77899815643448,16.21039962342885
4.349282778412612,0.41365747923636476,0.07334969115306969,0.2062202017138096,0.4337145412748012,0.17796462434705917,0.7553439080581753,297.57380978444763,6.971956785207494,10.740700774603635,50.09821656703782,8.374645980040558,56.70145070352335,55.986147875646566
4.92737729099382,0.6324104503001076,0.12288648007593796,0.09529643474717908,0.8111035152253958,0.020605081499871152,0.217808828803388,776.7282585999191,5.280103768647053,27.298060987207375,89.55239850039543,25.329306306289762,81.77899815643448,16.21039962342885
4.922702328914244,0.6324104503001076,0.12288648007593796,0.09529643474717908,0.8111035152253958,0.020605081499871152,0.217808828803388,776.7282585999191,5.280103768647053,27.298060987207375,89.55239850039543,28.718063862213587,81.77899815643448,16.21039962342885
4.7364134076986915,0.6324104503001076,0.12288648007593796,0.09529643474717908,0.8111035152253958,0.020605081499871152,0.5738651829766594,776.7282585999191,5.280103768647053,27.298060987207375,89.55239850039543,25.329306306289762,81.77899815643448,16.21039962342885
4.611819544990589,0.9824287909308131,0.4471006158957623,0.15398568316493622,0.1648361269474924,0.7761575768120621,0.7909563937818178,27.573079495000684,3.922089852971109,84.60287451277974,87.4876457300945,82.38583056999498,67.38513856421812,15.461702824409157
4.92737729099382,0.6324104503001076,0.12288648007593796,0.09529643474717908,0.8111035152253958,0.020605081499871152,0.217808828803388,776.7282585999191,5.280103768647053,27.298060987207375,89.55239850039543,25.329306306289762,81.77899815643448,16.21039962342885
4.92737729099382,0.6324104503001076,0.12288648007593796,0.09529643474717908,0.8111035152253958,0.020605081499871152,0.217808828803388,776.7282585999191,5.280103768647053,27.298060987207375,89.55239850039543,25.329306306289762,81.77899815643448,16.21039962342885
4.92737729099382,0.6324104503001076,0.12288648007593796,0.09529643474717908,0.8111035152253958,0.020605081499871152,0.217808828803388,776.7282585999191,5.280103768647053,27.298060987207375,89.55239850039543,25.329306306289762,81.77899815643448,16.21039962342885
4.594487136548864,0.6324104503001076,0.12288648007593796,0.07836650103184944,0.8111035152253958,0.019100927428426707,0.217808828803388,463.5297759564156,5.280103768647053,27.298060987207375,89.55239850039543,25.329306306289762,81.77899815643448,16.21039962342885
4.92737729099382,0.6324104503001076,0.12288648007593796,0.09529643474717908,0.8111035152253958,0.020605081499871152,0.217808828803388,776.7282585999191,5.280103768647053,27.298060987207375,89.55239850039543,25.329306306289762,81.77899815643448,16.21039962342885
4.92737729099382,0.6324104503001076,0.12288648007593796,0.09529643474717908,0.8111035152253958,0.020605081499871152,0.217808828803388,776.7282585999191,5.280103768647053,27.298060987207375,89.55239850039543,25.329306306289762,81.77899815643448,16.21039962342885
4.92737729099382,0.6324104503001076,0.12288648007593796,0.09529643474717908,0.8111035152253958,0.020605081499871152,0.217808828803388,776.7282585999191,5.280103768647053,27.298060987207375,89.55239850039543,25.329306306289762,81.77899815643448,16.21039962342885
4.7364134076986915,0.6324104503001076,0.12288648007593796,0.09529643474717908,0.8111035152253958,0.020605081499871152,0.5738651829766594,776.7282585999191,5.280103768647053,27.298060987207375,89.55239850039543,25.329306306289762,81.77899815643448,16.21039962342885
4.92737729099382,0.6324104503001076,0.12288648007593796,0.09529643474717908,0.8111035152253958,0.020605081499871152,0.217808828803388,776.7282585999191,5.280103768647053,27.298060987207375,89.55239850039543,25.329306306289762,81.77899815643448,16.21039962342885
4.92737729099382,0.6324104503001076,0.12288648007593796,0.09529643474717908,0.8111035152253958,0.020605081499871152,0.217808828803388,776.7282585999191,5.280103768647053,27.298060987207375,89.55239850039543,25.329306306289762,81.77899815643448,16.21039962342885
4.611819544990589,0.9824287909308131,0.4471006158957623,0.15398568316493622,0.1648361269474924,0.7761575768120621,0.7909563937818178,27.573079495000684,3.922089852971109,84.60287451277974,87.4876457300945,82.38583056999498,67.38513856421812,15.461702824409157
4.92737729099382,0.6324104503001076,0.12288648007593796,0.09529643474717908,0.8111035152253958,0.020605081499871152,0.217808828803388,776.7282585999191,5.280103768647053,27.298060987207375,89.55239850039543,25.329306306289762,81.77899815643448,16.21039962342885
4.88546389776163,0.6324104503001076,0.12288648007593796,0.09529643474717908,0.8111035152253958,0.18735778224420196,0.3569842090556574,776.7282585999191,5.280103768647053,27.298060987207375,89.55239850039543,25.329306306289762,81.77899815643448,16.21039962342885
4.349282778412612,0.41365747923636476,0.07334969115306969,0.2062202017138096,0.4337145412748012,0.17796462434705917,0.7553439080581753,297.57380978444763,6.971956785207494,10.740700774603635,50.09821656703782,8.374645980040558,56.70145070352335,55.986147875646566
4.92737729099382,0.6324104503001076,0.12288648007593796,0.09529643474717908,0.8111035152253958,0.020605081499871152,0.217808828803388,776.7282585999191,5.280103768647053,27.298060987207375,89.55239850039543,25.329306306289762,81.77899815643448,16.21039962342885
4.92737729099382,0.6324104503001076,0.12288648007593796,0.09529643474717908,0.8111035152253958,0.020605081499871152,0.217808828803388,776.7282585999191,5.280103768647053,27.298060987207375,89.55239850039543,25.329306306289762,81.77899815643448,16.21039962342885
4.7364134076986915,0.6324104503001076,0.12288648007593796,0.09529643474717908,0.8111035152253958,0.020605081499871152,0.5738651829766594,776.7282585999191,5.280103768647053,27.298060987207375,89.55239850039543,25.329306306289762,81.77899815643448,16.21039962342885
4.92737729099382,0.6324104503001076,0.12288648007593796,0.09529643474717908,0.8111035152253958,0.020605081499871152,0.217808828803388,776.7282585999191,5.280103768647053,27.298060987207375,89.55239850039543,25.329306306289762,81.77899815643448,16.21039962342885
4.92737729099382,0.6324104503001076,0.12288648007593796,0.09529643474717908,0.8111035152253958,0.020605081499871152,0.217808828803388,776.7282585999191,5.280103768647053,27.298060987207375,89.55239850039543,25.329306306289762,81.77899815643448,16.21039962342885
4.92737729099382,0.6324104503001076,0.12288648007593796,0.09529643474717908,0.8111035152253958,0.020605081499871152,0.217808828803388,776.7282585999191,5.280103768647053,27.298060987207375,89.55239850039543,25.329306306289762,81.77899815643448,16.21039962342885
4.922702328914244,0.6324104503001076,0.12288648007593796,0.09529643474717908,0.8111035152253958,0.020605081499871152,0.217808828803388,776.7282585999191,5.280103768647053,27.298060987207375,89.55239850039543,28.718063862213587,81.77899815643448,16.21039962342885
4.92737729099382,0.6324104503001076,0.12288648007593796,0.09529643474717908,0.8111035152253958,0.020605081499871152,0.217808828803388,776.7282585999191,5.280103768647053,27.298060987207375,89.55239850039543,25.329306306289762,81.77899815643448,16.21039962342885
4.92737729099382,0.6324104503001076,0.12288648007593796,0.09529643474717908,0.8111035152253958,0.020605081499871152,0.217808828803388,776.7282585999191,5.280103768647053,27.298060987207375,89.55239850039543,25.329306306289762,81.77899815643448,16.21039962342885
4.88546389776163,0.6324104503001076,0.12288648007593796,0.09529643474717908,0.8111035152253958,0.18735778224420196,0.3569842090556574,776.7282585999191,5.280103768647053,27.298060987207375,89.55239850039543,25.329306306289762,81.77899815643448,16.21039962342885
4.92737729099382,0.6324104503001076,0.12288648007593796,0.09529643474717908,0.8111035152253958,0.020605081499871152,0.217808828803388,776.7282585999191,5.280103768647053,27.298060987207375,89.55239850039543,25.329306306289762,81.77899815643448,16.21039962342885
4.594487136548864,0.6324104503001076,0.12288648007593796,0.07836650103184944,0.8111035152253958,0.019100927428426707,0.217808828803388,463.5297759564156,5.280103768647053,27.298060987207375,89.55239850039543,25.329306306289762,81.77899815643448,16.21039962342885
4.349282778412612,0.41365747923636476,0.07334969115306969,0.2062202017138096,0.4337145412748012,0.17796462434705917,0.7553439080581753,297.57380978444763,6.971956785207494,10.740700774603635,50.09821656703782,8.374645980040558,56.70145070352335,55.986147875646566
4.92737729099382,0.6324104503001076,0.12288648007593796,0.09529643474717908,0.8111035152253958,0.020605081499871152,0.217808828803388,776.7282585999191,5.280103768647053,27.298060987207375,89.55239850039543,25.329306306289762,81.77899815643448,16.21039962342885
4.92737729099382,0.6324104503001076,0.12288648007593796,0.09529643474717908,0.8111035152253958,0.020605081499871152,0.217808828803388,776.7282585999191,5.280103768647053,27.298060987207375,89.55239850039543,25.329306306289762,81.77899815643448,16.21039962342885
4.92737729099382,0.6324104503001076,0.12288648007593796,0.09529643474717908,0.8111035152253958,0.020605081499871152,0.217808828803388,776.7282585999191,5.280103768647053,27.298060987207375,89.55239850039543,25.329306306289762,81.77899815643448,16.21039962342885
4.92737729099382,0.6324104503001076,0.12288648007593796,0.09529643474717908,0.8111035152253958,0.020605081499871152,0.217808828803388,776.7282585999191,5.280103768647053,27.298060987207375,89.55239850039543,25.329306306289762,81.77899815643448,16.21039962342885
4.92737729099382,0.6324104503001076,0.12288648007593796,0.09529643474717908,0.8111035152253958,0.020605081499871152,0.217808828803388,776.7282585999191,5.280103768647053,27.298060987207375,89.55239850039543,25.329306306289762,81.77899815643448,16.21039962342885
4.92737729099382,0.6324104503001076,0.12288648007593796,0.09529643474717908,0.8111035152253958,0.020605081499871152,0.217808828803388,776.7282585999191,5.280103768647053,27.298060987207375,89.55239850039543,25.329306306289762,81.77899815643448,16.21039962342885
4.92737729099382,0.6324104503001076,0.12288648007593796,0.09529643474717908,0.8111035152253958,0.020605081499871152,0.217808828803388,776.7282585999191,5.280103768647053,27.298060987207375,89.55239850039543,25.329306306289762,81.77899815643448,16.21039962342885
4.922702328914244,0.6324104503001076,0.12288648007593796,0.09529643474717908,0.8111035152253958,0.020605081499871152,0.217808828803388,776.7282585999191,5.280103768647053,27.298060987207375,89.55239850039543,28.718063862213587,81.77899815643448,16.21039962342885
4.92737729099382,0.6324104503001076,0.12288648007593796,0.09529643474717908,0.8111035152253958,0.020605081499871152,0.217808828803388,776.7282585999191,5.280103768647053,27.298060987207375,89.55239850039543,25.329306306289762,81.77899815643448,16.21039962342885
4.611819544990589,0.9824287909308131,0.4471006158957623,0.15398568316493622,0.1648361269474924,0.7761575768120621,0.7909563937818178,27.573079495000684,3.922089852971109,84.60287451277974,87.4876457300945,82.38583056999498,67.38513856421812,15.461702824409157
4.88546389776163,0.6324104503001076,0.12288648007593796,0.09529643474717908,0.8111035152253958,0.18735778224420196,0.3569842090556574,776.7282585999191,5.280103768647053,27.298060987207375,89.55239850039543,25.329306306289762,81.77899815643448,16.21039962342885
4.92737729099382,0.6324104503001076,0.12288648007593796,0.09529643474717908,0.8111035152253958,0.020605081499871152,0.217808828803388,776.7282585999191,5.280103768647053,27.298060987207375,89.55239850039543,25.329306306289762,81.77899815643448,16.21039962342885
4.7364134076986915,0.6324104503001076,0.12288648007593796,0.09529643474717908,0.8111035152253958,0.020605081499871152,0.5738651829766594,776.7282585999191,5.280103768647053,27.298060987207375,89.55239850039543,25.329306306289762,81.77899815643448,16.21039962342885
4.349282778412612,0.41365747923636476,0.07334969115306969,0.2062202017138096,0.4337145412748012,0.17796462434705917,0.7553439080581753,297.57380978444763,6.971956785207494,10.740700774603635,50.09821656703782,8.374645980040558,56.70145070352335,55.986147875646566
4.92737729099382,0.6324104503001076,0.12288648007593796,0.09529643474717908,0.8111035152253958,0.020605081499871152,0.217808828803388,776.7282585999191,5.280103768647053,27.298060987207375,89.55239850039543,25.329306306289762,81.77899815643448,16.21039962342885
4.92737729099382,0.6324104503001076,0.12288648007593796,0.09529643474717908,0.8111035152253958,0.020605081499871152,0.217808828803388,776.7282585999191,5.280103768647053,27.298060987207375,89.55239850039543,25.329306306289762,81.77899815643448,16.21039962342885
4.92737729099382,0.6324104503001076,0.12288648007593796,0.09529643474717908,0.8111035152253958,0.020605081499871152,0.217808828803388,776.7282585999191,5.280103768647053,27.298060987207375,89.55239850039543,25.329306306289762,81.77899815643448,16.21039962342885
4.92737729099382,0.6324104503001076,0.12288648007593796,0.09529643474717908,0.8111035152253958,0.020605081499871152,0.217808828803388,776.7282585999191,5.280103768647053,27.298060987207375,89.55239850039543,25.329306306289762,81.77899815643448,16.21039962342885
4.92737729099382,0.6324104503001076,0.12288648007593796,0.09529643474717908,0.8111035152253958,0.020605081499871152,0.217808828803388,776.7282585999191,5.280103768647053,27.298060987207375,89.55239850039543,25.329306306289762,81.77899815643448,16.21039962342885
4.92737729099382,0.6324104503001076,0.12288648007593796,0.09529643474717908,0.8111035152253958,0.020605081499871152,0.217808828803388,776.7282585999191,5.280103768647053,27.298060987207375,89.55239850039543,25.329306306289762,81.77899815643448,16.21039962342885
4.92737729099382,0.6324104503001076,0.12288648007593796,0.09529643474717908,0.8111035152253958,0.020605081499871152,0.217808828803388,776.7282585999191,5.280103768647053,27.298060987207375,89.55239850039543,25.329306306289762,81.77899815643448,16.21039962342885
4.92737729099382,0.6324104503001076,0.12288648007593796,0.09529643474717908,0.8111035152253958,0.020605081499871152,0.217808828803388,776.7282585999191,5.280103768647053,27.298060987207375,89.55239850039543,25.329306306289762,81.77899815643448,16.21039962342885
4.92737729099382,0.6324104503001076,0.12288648007593796,0.09529643474717908,0.8111035152253958,0.020605081499871152,0.217808828803388,776.7282585999191,5.280103768647053,27.298060987207375,89.55239850039543,25.329306306289762,81.77899815643448,16.21039962342885
4.88546389776163,0.6324104503001076,0.12288648007593796,0.09529643474717908,0.8111035152253958,0.18735778224420196,0.3569842090556574,776.7282585999191,5.280103768647053,27.298060987207375,89.55239850039543,25.329306306289762,81.77899815643448,16.21039962342885
4.7364134076986915,0.6324104503001076,0.12288648007593796,0.09529643474717908,0.8111035152253958,0.020605081499871152,0.5738651829766594,776.7282585999191,5.280103768647053,27.298060987207375,89.55239850039543,25.329306306289762,81.77899815643448,16.21039962342885
4.92737729099382,0.6324104503001076,0.12288648007593796,0.09529643474717908,0.8111035152253958,0.020605081499871152,0.217808828803388,776.7282585999191,5.280103768647053,27.298060987207375,89.55239850039543,25.329306306289762,81.77899815643448,16.21039962342885
4.349282778412612,0.41365747923636476,0.07334969115306969,0.2062202017138096,0.4337145412748012,0.17796462434705917,0.7553439080581753,297.57380978444763,6.971956785207494,10.740700774603635,50.09821656703782,8.374645980040558,56.70145070352335,55.986147875646566
4.594487136548864,0.6324104503001076,0.12288648007593796,0.07836650103184944,0.8111035152253958,0.019100927428426707,0.217808828803388,463.5297759564156,5.280103768647053,27.298060987207375,89.55239850039543,25.329306306289762,81.77899815643448,16.21039962342885
4.92737729099382,0.6324104503001076,0.12288648007593796,0.09529643474717908,0.8111035152253958,0.020605081499871152,0.217808828803388,776.7282585999191,5.280103768647053,27.298060987207375,89.55239850039543,25.329306306289762,81.77899815643448,16.21039962342885
4.92737729099382,0.6324104503001076,0.12288648007593796,0.09529643474717908,0.8111035152253958,0.020605081499871152,0.217808828803388,776.7282585999191,5.280103768647053,27.298060987207375,89.55239850039543,25.329306306289762,81.77899815643448,16.21039962342885
4.92737729099382,0.6324104503001076,0.12288648007593796,0.09529643474717908,0.8111035152253958,0.020605081499871152,0.217808828803388,776.7282585999191,5.280103768647053,27.298060987207375,89.55239850039543,25.329306306289762,81.77899815643448,16.21039962342885
4.92737729099382,0.6324104503001076,0.12288648007593796,0.09529643474717908,0.8111035152253958,0.020605081499871152,0.217808828803388,776.7282585999191,5.280103768647053,27.298060987207375,89.55239850039543,25.329306306289762,81.77899815643448,16.21039962342885
4.92737729099382,0.6324104503001076,0.12288648007593796,0.09529643474717908,0.8111035152253958,0.020605081499871152,0.217808828803388,776.7282585999191,5.280103768647053,27.298060987207375,89.55239850039543,25.329306306289762,81.77899815643448,16.21039962342885
4.92737729099382,0.6324104503001076,0.12288648007593796,0.09529643474717908,0.8111035152253958,0.020605081499871152,0.217808828803388,776.7282585999191,5.280103768647053,27.298060987207375,89.55239850039543,25.329306306289762,81.77899815643448,16.21039962342885
4.92737729099382,0.6324104503001076,0.12288648007593796,0.09529643474717908,0.8111035152253958,0.020605081499871152,0.217808828803388,776.7282585999191,5.280103768647053,27.298060987207375,89.55239850039543,25.329306306289762,81.77899815643448,16.21039962342885
4.92737729099382,0.6324104503001076,0.12288648007593796,0.09529643474717908,0.8111035152253958,0.020605081499871152,0.217808828803388,776.7282585999191,5.280103768647053,27.298060987207375,89.55239850039543,25.329306306289762,81.77899815643448,16.21039962342885
4.88546389776163,0.6324104503001076,0.12288648007593796,0.09529643474717908,0.8111035152253958,0.18735778224420196,0.3569842090556574,776.7282585999191,5.280103768647053,27.298060987207375,89.55239850039543,25.329306306289762,81.77899815643448,16.21039962342885
4.92737729099382,0.6324104503001076,0.12288648007593796,0.09529643474717908,0.8111035152253958,0.020605081499871152,0.217808828803388,776.7282585999191,5.280103768647053,27.298060987207375,89.55239850039543,25.329306306289762,81.77899815643448,16.21039962342885
4.922702328914244,0.6324104503001076,0.12288648007593796,0.09529643474717908,0.8111035152253958,0.020605081499871152,0.217808828803388,776.7282585999191,5.280103768647053,27.298060987207375,89.55239850039543,28.718063862213587,81.77899815643448,16.21039962342885
4.611819544990589,0.9824287909308131,0.4471006158957623,0.15398568316493622,0.1648361269474924,0.7761575768120621,0.7909563937818178,27.573079495000684,3.922089852971109,84.60287451277974,87.4876457300945,82.38583056999498,67.38513856421812,15.461702824409157
4.7364134076986915,0.6324104503001076,0.12288648007593796,0.09529643474717908,0.8111035152253958,0.020605081499871152,0.5738651829766594,776.7282585999191,5.280103768647053,27.298060987207375,89.55239850039543,25.329306306289762,81.77899815643448,16.21039962342885
4.349282778412612,0.41365747923636476,0.07334969115306969,0.2062202017138096,0.4337145412748012,0.17796462434705917,0.7553439080581753,297.57380978444763,6.971956785207494,10.740700774603635,50.09821656703782,8.374645980040558,56.70145070352335,55.986147875646566
4.594487136548864,0.6324104503001076,0.12288648007593796,0.07836650103184944,0.8111035152253958,0.019100927428426707,0.217808828803388,463.5297759564156,5.280103768647053,27.298060987207375,89.55239850039543,25.329306306289762,81.77899815643448,16.21039962342885
4.92737729099382,0.6324104503001076,0.12288648007593796,0.09529643474717908,0.8111035152253958,0.020605081499871152,0.217808828803388,776.7282585999191,5.280103768647053,27.298060987207375,89.55239850039543,25.329306306289762,81.77899815643448,16.21039962342885
4.92737729099382,0.6324104503001076,0.12288648007593796,0.09529643474717908,0.8111035152253958,0.020605081499871152,0.217808828803388,776.7282585999191,5.280103768647053,27.298060987207375,89.55239850039543,25.329306306289762,81.77899815643448,16.21039962342885
4.92737729099382,0.6324104503001076,0.12288648007593796,0.09529643474717908,0.8111035152253958,0.020605081499871152,0.217808828803388,776.7282585999191,5.280103768647053,27.298060987207375,89.55239850039543,25.329306306289762,81.77899815643448,16.21039962342885
4.92737729099382,0.6324104503001076,0.12288648007593796,0.09529643474717908,0.8111035152253958,0.020605081499871152,0.217808828803388,776.7282585999191,5.280103768647053,27.298060987207375,89.55239850039543,25.329306306289762,81.77899815643448,16.21039962342885
4.92737729099382,0.6324104503001076,0.12288648007593796,0.09529643474717908,0.8111035152253958,0.020605081499871152,0.217808828803388,776.7282585999191,5.280103768647053,27.298060987207375,89.55239850039543,25.329306306289762,81.77899815643448,16.21039962342885
4.88546389776163,0.6324104503001076,0.12288648007593796,0.09529643474717908,0.8111035152253958,0.18735778224420196,0.3569842090556574,776.7282585999191,5.280103768647053,27.298060987207375,89.55239850039543,25.329306306289762,81.77899815643448,16.21039962342885
4.7364134076986915,0.6324104503001076,0.12288648007593796,0.09529643474717908,0.8111035152253958,0.020605081499871152,0.5738651829766594,776.7282585999191,5.280103768647053,27.298060987207375,89.55239850039543,25.329306306289762,81.77899815643448,16.21039962342885
4.922702328914244,0.6324104503001076,0.12288648007593796,0.09529643474717908,0.8111035152253958,0.020605081499871152,0.217808828803388,776.7282585999191,5.280103768647053,27.298060987207375,89.55239850039543,28.718063862213587,81.77899815643448,16.21039962342885
4.349282778412612,0.41365747923636476,0.07334969115306969,0.2062202017138096,0.4337145412748012,0.17796462434705917,0.7553439080581753,297.57380978444763,6.971956785207494,10.740700774603635,50.09821656703782,8.374645980040558,56.70145070352335,55.986147875646566
4.92737729099382,0.6324104503001076,0.12288648007593796,0.09529643474717908,0.8111035152253958,0.020605081499871152,0.217808828803388,776.7282585999191,5.280103768647053,27.298060987207375,89.55239850039543,25.329306306289762,81.77899815643448,16.21039962342885
4.92737729099382,0.6324104503001076,0.12288648007593796,0.09529643474717908,0.8111035152253958,0.020605081499871152,0.217808828803388,776.7282585999191,5.280103768647053,27.298060987207375,89.55239850039543,25.329306306289762,81.77899815643448,16.21039962342885
4.92737729099382,0.6324104503001076,0.12288648007593796,0.09529643474717908,0.8111035152253958,0.020605081499871152,0.217808828803388,776.7282585999191,5.280103768647053,27.298060987207375,89.55239850039543,25.329306306289762,81.77899815643448,16.21039962342885
4.92737729099382,0.6324104503001076,0.12288648007593796,0.09529643474717908,0.8111035152253958,0.020605081499871152,0.217808828803388,776.7282585999191,5.280103768647053,27.298060987207375,89.55239850039543,25.329306306289762,81.77899815643448,16.21039962342885
4.92737729099382,0.6324104503001076,0.12288648007593796,0.09529643474717908,0.8111035152253958,0.020605081499871152,0.217808828803388,776.7282585999191,5.280103768647053,27.298060987207375,89.55239850039543,25.329306306289762,81.77899815643448,16.21039962342885
4.92737729099382,0.6324104503001076,0.12288648007593796,0.09529643474717908,0.8111035152253958,0.020605081499871152,0.217808828803388,776.7282585999191,5.280103768647053,27.298060987207375,89.55239850039543,25.329306306289762,81.77899815643448,16.21039962342885
4.92737729099382,0.6324104503001076,0.12288648007593796,0.09529643474717908,0.8111035152253958,0.020605081499871152,0.217808828803388,776.7282585999191,5.280103768647053,27.298060987207375,89.55239850039543,25.329306306289762,81.77899815643448,16.21039962342885
4.92737729099382,0.6324104503001076,0.12288648007593796,0.09529643474717908,0.8111035152253958,0.020605081499871152,0.217808828803388,776.7282585999191,5.280103768647053,27.298060987207375,89.55239850039543,25.329306306289762,81.77899815643448,16.21039962342885
4.611819544990589,0.9824287909308131,0.4471006158957623,0.15398568316493622,0.1648361269474924,0.7761575768120621,0.7909563937818178,27.573079495000684,3.922089852971109,84.60287451277974,87.4876457300945,82.38583056999498,67.38513856421812,15.461702824409157
4.92737729099382,0.6324104503001076,0.12288648007593796,0.09529643474717908,0.8111035152253958,0.020605081499871152,0.217808828803388,776.7282585999191,5.280103768647053,27.298060987207375,89.55239850039543,25.329306306289762,81.77899815643448,16.21039962342885
4.349282778412612,0.41365747923636476,0.07334969115306969,0.2062202017138096,0.4337145412748012,0.17796462434705917,0.7553439080581753,297.57380978444763,6.971956785207494,10.740700774603635,50.09821656703782,8.374645980040558,56.70145070352335,55.986147875646566
4.92737729099382,0.6324104503001076,0.12288648007593796,0.09529643474717908,0.8111035152253958,0.020605081499871152,0.217808828803388,776.7282585999191,5.280103768647053,27.298060987207375,89.55239850039543,25.329306306289762,81.77899815643448,16.21039962342885
4.594487136548864,0.6324104503001076,0.12288648007593796,0.07836650103184944,0.8111035152253958,0.019100927428426707,0.217808828803388,463.5297759564156,5.280103768647053,27.298060987207375,89.55239850039543,25.329306306289762,81.77899815643448,16.21039962342885
4.92737729099382,0.6324104503001076,0.12288648007593796,0.09529643474717908,0.8111035152253958,0.020605081499871152,0.217808828803388,776.7282585999191,5.280103768647053,27.298060987207375,89.55239850039543,25.329306306289762,81.77899815643448,16.21039962342885
4.92737729099382,0.6324104503001076,0.12288648007593796,0.09529643474717908,0.8111035152253958,0.020605081499871152,0.217808828803388,776.7282585999191,5.280103768647053,27.298060987207375,89.55239850039543,25.329306306289762,81.77899815643448,16.21039962342885
4.88546389776163,0.6324104503001076,0.12288648007593796,0.09529643474717908,0.8111035152253958,0.18735778224420196,0.3569842090556574,776.7282585999191,5.280103768647053,27.298060987207375,89.55239850039543,25.329306306289762,81.77899815643448,16.21039962342885
4.92737729099382,0.6324104503001076,0.12288648007593796,0.09529643474717908,0.8111035152253958,0.020605081499871152,0.217808828803388,776.7282585999191,5.280103768647053,27.298060987207375,89.55239850039543,25.329306306289762,81.77899815643448,16.21039962342885
4.92737729099382,0.6324104503001076,0.12288648007593796,0.09529643474717908,0.8111035152253958,0.020605081499871152,0.217808828803388,776.7282585999191,5.280103768647053,27.298060987207375,89.55239850039543,25.329306306289762,81.77899815643448,16.21039962342885
4.7364134076986915,0.6324104503001076,0.12288648007593796,0.09529643474717908,0.8111035152253958,0.020605081499871152,0.5738651829766594,776.7282585999191,5.280103768647053,27.298060987207375,89.55239850039543,25.329306306289762,81.77899815643448,16.21039962342885
4.92737729099382,0.6324104503001076,0.12288648007593796,0.09529643474717908,0.8111035152253958,0.020605081499871152,0.217808828803388,776.7282585999191,5.280103768647053,27.298060987207375,89.55239850039543,25.329306306289762,81.77899815643448,16.21039962342885
4.92737729099382,0.6324104503001076,0.12288648007593796,0.09529643474717908,0.8111035152253958,0.020605081499871152,0.217808828803388,776.7282585999191,5.280103768647053,27.298060987207375,89.55239850039543,25.329306306289762,81.77899815643448,16.21039962342885
4.611819544990589,0.9824287909308131,0.4471006158957623,0.15398568316493622,0.1648361269474924,0.7761575768120621,0.7909563937818178,27.573079495000684,3.922089852971109,84.60287451277974,87.4876457300945,82.38583056999498,67.38513856421812,15.461702824409157
4.349282778412612,0.41365747923636476,0.07334969115306969,0.2062202017138096,0.4337145412748012,0.17796462434705917,0.7553439080581753,297.57380978444763,6.971956785207494,10.740700774603635,50.09821656703782,8.374645980040558,56.70145070352335,55.986147875646566
4.92737729099382,0.6324104503001076,0.12288648007593796,0.09529643474717908,0.8111035152253958,0.020605081499871152,0.217808828803388,776.7282585999191,5.280103768647053,27.298060987207375,89.55239850039543,25.329306306289762,81.77899815643448,16.21039962342885
4.922702328914244,0.6324104503001076,0.12288648007593796,0.09529643474717908,0.8111035152253958,0.020605081499871152,0.217808828803388,776.7282585999191,5.280103768647053,27.298060987207375,89.55239850039543,28.718063862213587,81.77899815643448,16.21039962342885
4.92737729099382,0.6324104503001076,0.12288648007593796,0.09529643474717908,0.8111035152253958,0.020605081499871152,0.217808828803388,776.7282585999191,5.280103768647053,27.298060987207375,89.55239850039543,25.329306306289762,81.77899815643448,16.21039962342885
4.92737729099382,0.6324104503001076,0.12288648007593796,0.09529643474717908,0.8111035152253958,0.020605081499871152,0.217808828803388,776.7282585999191,5.280103768647053,27.298060987207375,89.55239850039543,25.329306306289762,81.77899815643448,16.21039962342885
4.92737729099382,0.6324104503001076,0.12288648007593796,0.09529643474717908,0.8111035152253958,0.020605081499871152,0.217808828803388,776.7282585999191,5.280103768647053,27.298060987207375,89.55239850039543,25.329306306289762,81.77899815643448,16.21039962342885
4.92737729099382,0.6324104503001076,0.12288648007593796,0.09529643474717908,0.8111035152253958,0.020605081499871152,0.217808828803388,776.7282585999191,5.280103768647053,27.298060987207375,89.55239850039543,25.329306306289762,81.77899815643448,16.21039962342885
4.92737729099382,0.6324104503001076,0.12288648007593796,0.09529643474717908,0.8111035152253958,0.020605081499871152,0.217808828803388,776.7282585999191,5.280103768647053,27.298060987207375,89.55239850039543,25.329306306289762,81.77899815643448,16.21039962342885
4.7364134076986915,0.6324104503001076,0.12288648007593796,0.09529643474717908,0.8111035152253958,0.020605081499871152,0.5738651829766594,776.7282585999191,5.280103768647053,27.298060987207375,89.55239850039543,25.329306306289762,81.77899815643448,16.21039962342885
4.92737729099382,0.6324104503001076,0.12288648007593796,0.09529643474717908,0.8111035152253958,0.020605081499871152,0.217808828803388,776.7282585999191,5.280103768647053,27.298060987207375,89.55239850039543,25.329306306289762,81.77899815643448,16.21039962342885
4.92737729099382,0.6324104503001076,0.12288648007593796,0.09529643474717908,0.8111035152253958,0.020605081499871152,0.217808828803388,776.7282585999191,5.280103768647053,27.298060987207375,89.55239850039543,25.329306306289762,81.77899815643448,16.21039962342885
4.349282778412612,0.41365747923636476,0.07334969115306969,0.2062202017138096,0.4337145412748012,0.17796462434705917,0.7553439080581753,297.57380978444763,6.971956785207494,10.740700774603635,50.09821656703782,8.374645980040558,56.70145070352335,55.986147875646566
4.92737729099382,0.6324104503001076,0.12288648007593796,0.09529643474717908,0.8111035152253958,0.020605081499871152,0.217808828803388,776.7282585999191,5.280103768647053,27.298060987207375,89.55239850039543,25.329306306289762,81.77899815643448,16.21039962342885
4.611819544990589,0.9824287909308131,0.4471006158957623,0.15398568316493622,0.1648361269474924,0.7761575768120621,0.7909563937818178,27.573079495000684,3.922089852971109,84.60287451277974,87.4876457300945,82.38583056999498,67.38513856421812,15.461702824409157
4.92737729099382,0.6324104503001076,0.12288648007593796,0.09529643474717908,0.8111035152253958,0.020605081499871152,0.217808828803388,776.7282585999191,5.280103768647053,27.298060987207375,89.55239850039543,25.329306306289762,81.77899815643448,16.21039962342885
4.594487136548864,0.6324104503001076,0.12288648007593796,0.07836650103184944,0.8111035152253958,0.019100927428426707,0.217808828803388,463.5297759564156,5.280103768647053,27.298060987207375,89.55239850039543,25.329306306289762,81.77899815643448,16.21039962342885
4.92737729099382,0.6324104503001076,0.12288648007593796,0.09529643474717908,0.8111035152253958,0.020605081499871152,0.217808828803388,776.7282585999191,5.280103768647053,27.298060987207375,89.55239850039543,25.329306306289762,81.77899815643448,16.21039962342885
4.92737729099382,0.6324104503001076,0.12288648007593796,0.09529643474717908,0.8111035152253958,0.020605081499871152,0.217808828803388,776.7282585999191,5.280103768647053,27.298060987207375,89.55239850039543,25.329306306289762,81.77899815643448,16.21039962342885
4.88546389776163,0.6324104503001076,0.12288648007593796,0.09529643474717908,0.8111035152253958,0.18735778224420196,0.3569842090556574,776.7282585999191,5.280103768647053,27.298060987207375,89.55239850039543,25.329306306289762,81.77899815643448,16.21039962342885
4.92737729099382,0.6324104503001076,0.12288648007593796,0.09529643474717908,0.8111035152253958,0.020605081499871152,0.217808828803388,776.7282585999191,5.280103768647053,27.298060987207375,89.55239850039543,25.329306306289762,81.77899815643448,16.21039962342885
4.7364134076986915,0.6324104503001076,0.12288648007593796,0.09529643474717908,0.8111035152253958,0.020605081499871152,0.5738651829766594,776.7282585999191,5.280103768647053,27.298060987207375,89.55239850039543,25.329306306289762,81.77899815643448,16.21039962342885
4.92737729099382,0.6324104503001076,0.12288648007593796,0.09529643474717908,0.8111035152253958,0.020605081499871152,0.217808828803388,776.7282585999191,5.280103768647053,27.298060987207375,89.55239850039543,25.329306306289762,81.77899815643448,16.21039962342885
4.92737729099382,0.6324104503001076,0.12288648007593796,0.09529643474717908,0.8111035152253958,0.020605081499871152,0.217808828803388,776.7282585999191,5.280103768647053,27.298060987207375,89.55239850039543,25.329306306289762,81.77899815643448,16.21039962342885
4.349282778412612,0.41365747923636476,0.07334969115306969,0.2062202017138096,0.4337145412748012,0.17796462434705917,0.7553439080581753,297.57380978444763,6.971956785207494,10.740700774603635,50.09821656703782,8.374645980040558,56.70145070352335,55.986147875646566
4.92737729099382,0.6324104503001076,0.12288648007593796,0.09529643474717908,0.8111035152253958,0.020605081499871152,0.217808828803388,776.7282585999191,5.280103768647053,27.298060987207375,89.55239850039543,25.329306306289762,81.77899815643448,16.21039962342885
4.92737729099382,0.6324104503001076,0.12288648007593796,0.09529643474717908,0.8111035152253958,0.020605081499871152,0.217808828803388,776.7282585999191,5.280103768647053,27.298060987207375,89.55239850039543,25.329306306289762,81.77899815643448,16.21039962342885
4.92737729099382,0.6324104503001076,0.12288648007593796,0.09529643474717908,0.8111035152253958,0.020605081499871152,0.217808828803388,776.7282585999191,5.280103768647053,27.298060987207375,89.55239850039543,25.329306306289762,81.77899815643448,16.21039962342885
4.922702328914244,0.6324104503001076,0.12288648007593796,0.09529643474717908,0.8111035152253958,0.020605081499871152,0.217808828803388,776.7282585999191,5.280103768647053,27.298060987207375,89.55239850039543,28.718063862213587,81.77899815643448,16.21039962342885
4.594487136548864,0.6324104503001076,0.12288648007593796,0.07836650103184944,0.8111035152253958,0.019100927428426707,0.217808828803388,463.5297759564156,5.280103768647053,27.298060987207375,89.55239850039543,25.329306306289762,81.77899815643448,16.21039962342885
4.92737729099382,0.6324104503001076,0.12288648007593796,0.09529643474717908,0.8111035152253958,0.020605081499871152,0.217808828803388,776.7282585999191,5.280103768647053,27.298060987207375,89.55239850039543,25.329306306289762,81.77899815643448,16.21039962342885
4.88546389776163,0.6324104503001076,0.12288648007593796,0.09529643474717908,0.8111035152253958,0.18735778224420196,0.3569842090556574,776.7282585999191,5.280103768647053,27.298060987207375,89.55239850039543,25.329306306289762,81.77899815643448,16.21039962342885
4.92737729099382,0.6324104503001076,0.12288648007593796,0.09529643474717908,0.8111035152253958,0.020605081499871152,0.217808828803388,776.7282585999191,5.280103768647053,27.298060987207375,89.55239850039543,25.329306306289762,81.77899815643448,16.21039962342885
4.7364134076986915,0.6324104503001076,0.12288648007593796,0.09529643474717908,0.8111035152253958,0.020605081499871152,0.5738651829766594,776.7282585999191,5.280103768647053,27.298060987207375,89.55239850039543,25.329306306289762,81.77899815643448,16.21039962342885
4.92737729099382,0.6324104503001076,0.12288648007593796,0.09529643474717908,0.8111035152253958,0.020605081499871152,0.217808828803388,776.7282585999191,5.280103768647053,27.298060987207375,89.55239850039543,25.329306306289762,81.77899815643448,16.21039962342885
4.92737729099382,0.6324104503001076,0.12288648007593796,0.09529643474717908,0.8111035152253958,0.020605081499871152,0.217808828803388,776.7282585999191,5.280103768647053,27.298060987207375,89.55239850039543,25.329306306289762,81.77899815643448,16.21039962342885
4.349282778412612,0.41365747923636476,0.07334969115306969,0.2062202017138096,0.4337145412748012,0.17796462434705917,0.7553439080581753,297.57380978444763,6.971956785207494,10.740700774603635,50.09821656703782,8.374645980040558,56.70145070352335,55.986147875646566
4.92737729099382,0.6324104503001076,0.12288648007593796,0.09529643474717908,0.8111035152253958,0.020605081499871152,0.217808828803388,776.7282585999191,5.280103768647053,27.298060987207375,89.55239850039543,25.329306306289762,81.77899815643448,16.21039962342885
4.611819544990589,0.9824287909308131,0.4471006158957623,0.15398568316493622,0.1648361269474924,0.7761575768120621,0.7909563937818178,27.573079495000684,3.922089852971109,84.60287451277974,87.4876457300945,82.38583056999498,67.38513856421812,15.461702824409157
4.92737729099382,0.6324104503001076,0.12288648007593796,0.09529643474717908,0.8111035152253958,0.020605081499871152,0.217808828803388,776.7282585999191,5.280103768647053,27.298060987207375,89.55239850039543,25.329306306289762,81.77899815643448,16.21039962342885
4.92737729099382,0.6324104503001076,0.12288648007593796,0.09529643474717908,0.8111035152253958,0.020605081499871152,0.217808828803388,776.7282585999191,5.280103768647053,27.298060987207375,89.55239850039543,25.329306306289762,81.77899815643448,16.21039962342885
4.92737729099382,0.6324104503001076,0.12288648007593796,0.09529643474717908,0.8111035152253958,0.020605081499871152,0.217808828803388,776.7282585999191,5.280103768647053,27.298060987207375,89.55239850039543,25.329306306289762,81.77899815643448,16.21039962342885
4.594487136548864,0.6324104503001076,0.12288648007593796,0.07836650103184944,0.8111035152253958,0.019100927428426707,0.217808828803388,463.5297759564156,5.280103768647053,27.298060987207375,89.55239850039543,25.329306306289762,81.77899815643448,16.21039962342885
4.922702328914244,0.6324104503001076,0.12288648007593796,0.09529643474717908,0.8111035152253958,0.020605081499871152,0.217808828803388,776.7282585999191,5.280103768647053,27.298060987207375,89.55239850039543,28.718063862213587,81.77899815643448,16.21039962342885
4.92737729099382,0.6324104503001076,0.12288648007593796,0.09529643474717908,0.8111035152253958,0.020605081499871152,0.217808828803388,776.7282585999191,5.280103768647053,27.298060987207375,89.55239850039543,25.329306306289762,81.77899815643448,16.21039962342885
4.7364134076986915,0.6324104503001076,0.12288648007593796,0.09529643474717908,0.8111035152253958,0.020605081499871152,0.5738651829766594,776.7282585999191,5.280103768647053,27.298060987207375,89.55239850039543,25.329306306289762,81.77899815643448,16.21039962342885
4.92737729099382,0.6324104503001076,0.12288648007593796,0.09529643474717908,0.8111035152253958,0.020605081499871152,0.217808828803388,776.7282585999191,5.280103768647053,27.298060987207375,89.55239850039543,25.329306306289762,81.77899815643448,16.21039962342885
4.92737729099382,0.6324104503001076,0.12288648007593796,0.09529643474717908,0.8111035152253958,0.020605081499871152,0.217808828803388,776.7282585999191,5.280103768647053,27.298060987207375,89.55239850039543,25.329306306289762,81.77899815643448,16.21039962342885
4.349282778412612,0.41365747923636476,0.07334969115306969,0.2062202017138096,0.4337145412748012,0.17796462434705917,0.7553439080581753,297.57380978444763,6.971956785207494,10.740700774603635,50.09821656703782,8.374645980040558,56.70145070352335,55.986147875646566
4.611819544990589,0.9824287909308131,0.4471006158957623,0.15398568316493622,0.1648361269474924,0.7761575768120621,0.7909563937818178,27.573079495000684,3.922089852971109,84.60287451277974,87.4876457300945,82.38583056999498,67.38513856421812,15.461702824409157
4.92737729099382,0.6324104503001076,0.12288648007593796,0.09529643474717908,0.8111035152253958,0.020605081499871152,0.217808828803388,776.7282585999191,5.280103768647053,27.298060987207375,89.55239850039543,25.329306306289762,81.77899815643448,16.21039962342885
4.92737729099382,0.6324104503001076,0.12288648007593796,0.09529643474717908,0.8111035152253958,0.020605081499871152,0.217808828803388,776.7282585999191,5.280103768647053,27.298060987207375,89.55239850039543,25.329306306289762,81.77899815643448,16.21039962342885
4.92737729099382,0.6324104503001076,0.12288648007593796,0.09529643474717908,0.8111035152253958,0.020605081499871152,0.217808828803388,776.7282585999191,5.280103768647053,27.298060987207375,89.55239850039543,25.329306306289762,81.77899815643448,16.21039962342885
4.92737729099382,0.6324104503001076,0.12288648007593796,0.09529643474717908,0.8111035152253958,0.020605081499871152,0.217808828803388,776.7282585999191,5.280103768647053,27.298060987207375,89.55239850039543,25.329306306289762,81.77899815643448,16.21039962342885
4.88546389776163,0.6324104503001076,0.12288648007593796,0.09529643474717908,0.8111035152253958,0.18735778224420196,0.3569842090556574,776.7282585999191,5.280103768647053,27.298060987207375,89.55239850039543,25.329306306289762,81.77899815643448,16.21039962342885
4.594487136548864,0.6324104503001076,0.12288648007593796,0.07836650103184944,0.8111035152253958,0.019100927428426707,0.217808828803388,463.5297759564156,5.280103768647053,27.298060987207375,89.55239850039543,25.329306306289762,81.77899815643448,16.21039962342885
4.7364134076986915,0.6324104503001076,0.12288648007593796,0.09529643474717908,0.8111035152253958,0.020605081499871152,0.5738651829766594,776.7282585999191,5.280103768647053,27.298060987207375,89.55239850039543,25.329306306289762,81.77899815643448,16.21039962342885
4.92737729099382,0.6324104503001076,0.12288648007593796,0.09529643474717908,0.8111035152253958,0.020605081499871152,0.217808828803388,776.7282585999191,5.280103768647053,27.298060987207375,89.55239850039543,25.329306306289762,81.77899815643448,16.21039962342885
4.92737729099382,0.6324104503001076,0.12288648007593796,0.09529643474717908,0.8111035152253958,0.020605081499871152,0.217808828803388,776.7282585999191,5.280103768647053,27.298060987207375,89.55239850039543,25.329306306289762,81.77899815643448,16.21039962342885
4.92737729099382,0.6324104503001076,0.12288648007593796,0.09529643474717908,0.8111035152253958,0.020605081499871152,0.217808828803388,776.7282585999191,5.280103768647053,27.298060987207375,89.55239850039543,25.329306306289762,81.77899815643448,16.21039962342885
4.611819544990589,0.9824287909308131,0.4471006158957623,0.15398568316493622,0.1648361269474924,0.7761575768120621,0.7909563937818178,27.573079495000684,3.922089852971109,84.60287451277974,87.4876457300945,82.38583056999498,67.38513856421812,15.461702824409157
4.92737729099382,0.6324104503001076,0.12288648007593796,0.09529643474717908,0.8111035152253958,0.020605081499871152,0.217808828803388,776.7282585999191,5.280103768647053,27.298060987207375,89.55239850039543,25.329306306289762,81.77899815643448,16.21039962342885
4.92737729099382,0.6324104503001076,0.12288648007593796,0.09529643474717908,0.8111035152253958,0.020605081499871152,0.217808828803388,776.7282585999191,5.280103768647053,27.298060987207375,89.55239850039543,25.329306306289762,81.77899815643448,16.21039962342885
4.92737729099382,0.6324104503001076,0.12288648007593796,0.09529643474717908,0.8111035152253958,0.020605081499871152,0.217808828803388,776.7282585999191,5.280103768647053,27.298060987207375,89.55239850039543,25.329306306289762,81.77899815643448,16.21039962342885
4.92737729099382,0.6324104503001076,0.12288648007593796,0.09529643474717908,0.8111035152253958,0.020605081499871152,0.217808828803388,776.7282585999191,5.280103768647053,27.298060987207375,89.55239850039543,25.329306306289762,81.77899815643448,16.21039962342885
4.92737729099382,0.6324104503001076,0.12288648007593796,0.09529643474717908,0.8111035152253958,0.020605081499871152,0.217808828803388,776.7282585999191,5.280103768647053,27.298060987207375,89.55239850039543,25.329306306289762,81.77899815643448,16.21039962342885
4.88546389776163,0.6324104503001076,0.12288648007593796,0.09529643474717908,0.8111035152253958,0.18735778224420196,0.3569842090556574,776.7282585999191,5.280103768647053,27.298060987207375,89.55239850039543,25.329306306289762,81.77899815643448,16.21039962342885
4.92737729099382,0.6324104503001076,0.12288648007593796,0.09529643474717908,0.8111035152253958,0.020605081499871152,0.217808828803388,776.7282585999191,5.280103768647053,27.298060987207375,89.55239850039543,25.329306306289762,81.77899815643448,16.21039962342885
4.922702328914244,0.6324104503001076,0.12288648007593796,0.09529643474717908,0.8111035152253958,0.020605081499871152,0.217808828803388,776.7282585999191,5.280103768647053,27.298060987207375,89.55239850039543,28.718063862213587,81.77899815643448,16.21039962342885
4.594487136548864,0.6324104503001076,0.12288648007593796,0.07836650103184944,0.8111035152253958,0.019100927428426707,0.217808828803388,463.5297759564156,5.280103768647053,27.298060987207375,89.55239850039543,25.329306306289762,81.77899815643448,16.21039962342885
4.92737729099382,0.6324104503001076,0.12288648007593796,0.09529643474717908,0.8111035152253958,0.020605081499871152,0.217808828803388,776.7282585999191,5.280103768647053,27.298060987207375,89.55239850039543,25.329306306289762,81.77899815643448,16.21039962342885
4.92737729099382,0.6324104503001076,0.12288648007593796,0.09529643474717908,0.8111035152253958,0.020605081499871152,0.217808828803388,776.7282585999191,5.280103768647053,27.298060987207375,89.55239850039543,25.329306306289762,81.77899815643448,16.21039962342885
4.349282778412612,0.41365747923636476,0.07334969115306969,0.2062202017138096,0.4337145412748012,0.17796462434705917,0.7553439080581753,297.57380978444763,6.971956785207494,10.740700774603635,50.09821656703782,8.374645980040558,56.70145070352335,55.986147875646566
4.92737729099382,0.6324104503001076,0.12288648007593796,0.09529643474717908,0.8111035152253958,0.020605081499871152,0.217808828803388,776.7282585999191,5.280103768647053,27.298060987207375,89.55239850039543,25.329306306289762,81.77899815643448,16.21039962342885
4.611819544990589,0.9824287909308131,0.4471006158957623,0.15398568316493622,0.1648361269474924,0.7761575768120621,0.7909563937818178,27.573079495000684,3.922089852971109,84.60287451277974,87.4876457300945,82.38583056999498,67.38513856421812,15.461702824409157
4.92737729099382,0.6324104503001076,0.12288648007593796,0.09529643474717908,0.8111035152253958,0.020605081499871152,0.217808828803388,776.7282585999191,5.280103768647053,27.298060987207375,89.55239850039543,25.329306306289762,81.77899815643448,16.21039962342885
4.92737729099382,0.6324104503001076,0.12288648007593796,0.09529643474717908,0.8111035152253958,0.020605081499871152,0.217808828803388,776.7282585999191,5.280103768647053,27.298060987207375,89.55239850039543,25.329306306289762,81.77899815643448,16.21039962342885
4.88546389776163,0.6324104503001076,0.12288648007593796,0.09529643474717908,0.8111035152253958,0.18735778224420196,0.3569842090556574,776.7282585999191,5.280103768647053,27.298060987207375,89.55239850039543,25.329306306289762,81.77899815643448,16.21039962342885
4.92737729099382,0.6324104503001076,0.12288648007593796,0.09529643474717908,0.8111035152253958,0.020605081499871152,0.217808828803388,776.7282585999191,5.280103768647053,27.298060987207375,89.55239850039543,25.329306306289762,81.77899815643448,16.21039962342885
4.7364134076986915,0.6324104503001076,0.12288648007593796,0.09529643474717908,0.8111035152253958,0.020605081499871152,0.5738651829766594,776.7282585999191,5.280103768647053,27.298060987207375,89.55239850039543,25.329306306289762,81.77899815643448,16.21039962342885
4.92737729099382,0.6324104503001076,0.12288648007593796,0.09529643474717908,0.8111035152253958,0.020605081499871152,0.217808828803388,776.7282585999191,5.280103768647053,27.298060987207375,89.55239850039543,25.329306306289762,81.77899815643448,16.21039962342885
4.349282778412612,0.41365747923636476,0.07334969115306969,0.2062202017138096,0.4337145412748012,0.17796462434705917,0.7553439080581753,297.57380978444763,6.971956785207494,10.740700774603635,50.09821656703782,8.374645980040558,56.70145070352335,55.986147875646566
4.92737729099382,0.6324104503001076,0.12288648007593796,0.09529643474717908,0.8111035152253958,0.020605081499871152,0.217808828803388,776.7282585999191,5.280103768647053,27.298060987207375,89.55239850039543,25.329306306289762,81.77899815643448,16.21039962342885
4.92737729099382,0.6324104503001076,0.12288648007593796,0.09529643474717908,0.8111035152253958,0.020605081499871152,0.217808828803388,776.7282585999191,5.280103768647053,27.298060987207375,89.55239850039543,25.329306306289762,81.77899815643448,16.21039962342885
4.92737729099382,0.6324104503001076,0.12288648007593796,0.09529643474717908,0.8111035152253958,0.020605081499871152,0.217808828803388,776.7282585999191,5.280103768647053,27.298060987207375,89.55239850039543,25.329306306289762,81.77899815643448,16.21039962342885
4.611819544990589,0.9824287909308131,0.4471006158957623,0.15398568316493622,0.1648361269474924,0.7761575768120621,0.7909563937818178,27.573079495000684,3.922089852971109,84.60287451277974,87.4876457300945,82.38583056999498,67.38513856421812,15.461702824409157
4.92737729099382,0.6324104503001076,0.12288648007593796,0.09529643474717908,0.8111035152253958,0.020605081499871152,0.217808828803388,776.7282585999191,5.280103768647053,27.298060987207375,89.55239850039543,25.329306306289762,81.77899815643448,16.21039962342885
4.92737729099382,0.6324104503001076,0.12288648007593796,0.09529643474717908,0.8111035152253958,0.020605081499871152,0.217808828803388,776.7282585999191,5.280103768647053,27.298060987207375,89.55239850039543,25.329306306289762,81.77899815643448,16.21039962342885
4.88546389776163,0.6324104503001076,0.12288648007593796,0.09529643474717908,0.8111035152253958,0.18735778224420196,0.3569842090556574,776.7282585999191,5.280103768647053,27.298060987207375,89.55239850039543,25.329306306289762,81.77899815643448,16.21039962342885
4.92737729099382,0.6324104503001076,0.12288648007593796,0.09529643474717908,0.8111035152253958,0.020605081499871152,0.217808828803388,776.7282585999191,5.280103768647053,27.298060987207375,89.55239850039543,25.329306306289762,81.77899815643448,16.21039962342885
4.92737729099382,0.6324104503001076,0.12288648007593796,0.09529643474717908,0.8111035152253958,0.020605081499871152,0.217808828803388,776.7282585999191,5.280103768647053,27.298060987207375,89.55239850039543,25.329306306289762,81.77899815643448,16.21039962342885
4.594487136548864,0.6324104503001076,0.12288648007593796,0.07836650103184944,0.8111035152253958,0.019100927428426707,0.217808828803388,463.5297759564156,5.280103768647053,27.298060987207375,89.55239850039543,25.329306306289762,81.77899815643448,16.21039962342885
4.92737729099382,0.6324104503001076,0.12288648007593796,0.09529643474717908,0.8111035152253958,0.020605081499871152,0.217808828803388,776.7282585999191,5.280103768647053,27.298060987207375,89.55239850039543,25.329306306289762,81.77899815643448,16.21039962342885
4.922702328914244,0.6324104503001076,0.12288648007593796,0.09529643474717908,0.8111035152253958,0.020605081499871152,0.217808828803388,776.7282585999191,5.280103768647053,27.298060987207375,89.55239850039543,28.718063862213587,81.77899815643448,16.21039962342885
4.349282778412612,0.41365747923636476,0.07334969115306969,0.2062202017138096,0.4337145412748012,0.17796462434705917,0.7553439080581753,297.57380978444763,6.971956785207494,10.740700774603635,50.09821656703782,8.374645980040558,56.70145070352335,55.986147875646566
4.92737729099382,0.6324104503001076,0.12288648007593796,0.09529643474717908,0.8111035152253958,0.020605081499871152,0.217808828803388,776.7282585999191,5.280103768647053,27.298060987207375,89.55239850039543,25.329306306289762,81.77899815643448,16.21039962342885
4.92737729099382,0.6324104503001076,0.12288648007593796,0.09529643474717908,0.8111035152253958,0.020605081499871152,0.217808828803388,776.7282585999191,5.280103768647053,27.298060987207375,89.55239850039543,25.329306306289762,81.77899815643448,16.21039962342885
4.92737729099382,0.6324104503001076,0.12288648007593796,0.09529643474717908,0.8111035152253958,0.020605081499871152,0.217808828803388,776.7282585999191,5.280103768647053,27.298060987207375,89.55239850039543,25.329306306289762,81.77899815643448,16.21039962342885
4.92737729099382,0.6324104503001076,0.12288648007593796,0.09529643474717908,0.8111035152253958,0.020605081499871152,0.217808828803388,776.7282585999191,5.280103768647053,27.298060987207375,89.55239850039543,25.329306306289762,81.77899815643448,16.21039962342885
4.611819544990589,0.9824287909308131,0.4471006158957623,0.15398568316493622,0.1648361269474924,0.7761575768120621,0.7909563937818178,27.573079495000684,3.922089852971109,84.60287451277974,87.4876457300945,82.38583056999498,67.38513856421812,15.461702824409157
4.92737729099382,0.6324104503001076,0.12288648007593796,0.09529643474717908,0.8111035152253958,0.020605081499871152,0.217808828803388,776.7282585999191,5.280103768647053,27.298060987207375,89.55239850039543,25.329306306289762,81.77899815643448,16.21039962342885
4.88546389776163,0.6324104503001076,0.12288648007593796,0.09529643474717908,0.8111035152253958,0.18735778224420196,0.3569842090556574,776.7282585999191,5.280103768647053,27.298060987207375,89.55239850039543,25.329306306289762,81.77899815643448,16.21039962342885
4.7364134076986915,0.6324104503001076,0.12288648007593796,0.09529643474717908,0.8111035152253958,0.020605081499871152,0.5738651829766594,776.7282585999191,5.280103768647053,27.298060987207375,89.55239850039543,25.329306306289762,81.77899815643448,16.21039962342885
4.594487136548864,0.6324104503001076,0.12288648007593796,0.07836650103184944,0.8111035152253958,0.019100927428426707,0.217808828803388,463.5297759564156,5.280103768647053,27.298060987207375,89.55239850039543,25.329306306289762,81.77899815643448,16.21039962342885
4.349282778412612,0.41365747923636476,0.07334969115306969,0.2062202017138096,0.4337145412748012,0.17796462434705917,0.7553439080581753,297.57380978444763,6.971956785207494,10.740700774603635,50.09821656703782,8.374645980040558,56.70145070352335,55.986147875646566
4.92737729099382,0.6324104503001076,0.12288648007593796,0.09529643474717908,0.8111035152253958,0.020605081499871152,0.217808828803388,776.7282585999191,5.280103768647053,27.298060987207375,89.55239850039543,25.329306306289762,81.77899815643448,16.21039962342885
4.92737729099382,0.6324104503001076,0.12288648007593796,0.09529643474717908,0.8111035152253958,0.020605081499871152,0.217808828803388,776.7282585999191,5.280103768647053,27.298060987207375,89.55239850039543,25.329306306289762,81.77899815643448,16.21039962342885
4.922702328914244,0.6324104503001076,0.12288648007593796,0.09529643474717908,0.8111035152253958,0.020605081499871152,0.217808828803388,776.7282585999191,5.280103768647053,27.298060987207375,89.55239850039543,28.718063862213587,81.77899815643448,16.21039962342885
4.92737729099382,0.6324104503001076,0.12288648007593796,0.09529643474717908,0.8111035152253958,0.020605081499871152,0.217808828803388,776.7282585999191,5.280103768647053,27.298060987207375,89.55239850039543,25.329306306289762,81.77899815643448,16.21039962342885
4.611819544990589,0.9824287909308131,0.4471006158957623,0.15398568316493622,0.1648361269474924,0.7761575768120621,0.7909563937818178,27.573079495000684,3.922089852971109,84.60287451277974,87.4876457300945,82.38583056999498,67.38513856421812,15.461702824409157
4.92737729099382,0.6324104503001076,0.12288648007593796,0.09529643474717908,0.8111035152253958,0.020605081499871152,0.217808828803388,776.7282585999191,5.280103768647053,27.298060987207375,89.55239850039543,25.329306306289762,81.77899815643448,16.21039962342885
4.92737729099382,0.6324104503001076,0.12288648007593796,0.09529643474717908,0.8111035152253958,0.020605081499871152,0.217808828803388,776.7282585999191,5.280103768647053,27.298060987207375,89.55239850039543,25.329306306289762,81.77899815643448,16.21039962342885
4.92737729099382,0.6324104503001076,0.12288648007593796,0.09529643474717908,0.8111035152253958,0.020605081499871152,0.217808828803388,776.7282585999191,5.280103768647053,27.298060987207375,89.55239850039543,25.329306306289762,81.77899815643448,16.21039962342885
4.92737729099382,0.6324104503001076,0.12288648007593796,0.09529643474717908,0.8111035152253958,0.020605081499871152,0.217808828803388,776.7282585999191,5.280103768647053,27.298060987207375,89.55239850039543,25.329306306289762,81.77899815643448,16.21039962342885
4.7364134076986915,0.6324104503001076,0.12288648007593796,0.09529643474717908,0.8111035152253958,0.020605081499871152,0.5738651829766594,776.7282585999191,5.280103768647053,27.298060987207375,89.55239850039543,25.329306306289762,81.77899815643448,16.21039962342885
4.92737729099382,0.6324104503001076,0.12288648007593796,0.09529643474717908,0.8111035152253958,0.020605081499871152,0.217808828803388,776.7282585999191,5.280103768647053,27.298060987207375,89.55239850039543,25.329306306289762,81.77899815643448,16.21039962342885
4.594487136548864,0.6324104503001076,0.12288648007593796,0.07836650103184944,0.8111035152253958,0.019100927428426707,0.217808828803388,463.5297759564156,5.280103768647053,27.298060987207375,89.55239850039543,25.329306306289762,81.77899815643448,16.21039962342885
4.92737729099382,0.6324104503001076,0.12288648007593796,0.09529643474717908,0.8111035152253958,0.020605081499871152,0.217808828803388,776.7282585999191,5.280103768647053,27.298060987207375,89.55239850039543,25.329306306289762,81.77899815643448,16.21039962342885
4.92737729099382,0.6324104503001076,0.12288648007593796,0.09529643474717908,0.8111035152253958,0.020605081499871152,0.217808828803388,776.7282585999191,5.280103768647053,27.298060987207375,89.55239850039543,25.329306306289762,81.77899815643448,16.21039962342885
4.92737729099382,0.6324104503001076,0.12288648007593796,0.09529643474717908,0.8111035152253958,0.020605081499871152,0.217808828803388,776.7282585999191,5.280103768647053,27.298060987207375,89.55239850039543,25.329306306289762,81.77899815643448,16.21039962342885
4.92737729099382,0.6324104503001076,0.12288648007593796,0.09529643474717908,0.8111035152253958,0.020605081499871152,0.217808828803388,776.7282585999191,5.280103768647053,27.298060987207375,89.55239850039543,25.329306306289762,81.77899815643448,16.21039962342885
4.92737729099382,0.6324104503001076,0.12288648007593796,0.09529643474717908,0.8111035152253958,0.020605081499871152,0.217808828803388,776.7282585999191,5.280103768647053,27.298060987207375,89.55239850039543,25.329306306289762,81.77899815643448,16.21039962342885
4.611819544990589,0.9824287909308131,0.4471006158957623,0.15398568316493622,0.1648361269474924,0.7761575768120621,0.7909563937818178,27.573079495000684,3.922089852971109,84.60287451277974,87.4876457300945,82.38583056999498,67.38513856421812,15.461702824409157
4.92737729099382,0.6324104503001076,0.12288648007593796,0.09529643474717908,0.8111035152253958,0.020605081499871152,0.217808828803388,776.7282585999191,5.280103768647053,27.298060987207375,89.55239850039543,25.329306306289762,81.77899815643448,16.21039962342885
4.92737729099382,0.6324104503001076,0.12288648007593796,0.09529643474717908,0.8111035152253958,0.020605081499871152,0.217808828803388,776.7282585999191,5.280103768647053,27.298060987207375,89.55239850039543,25.329306306289762,81.77899815643448,16.21039962342885
4.92737729099382,0.6324104503001076,0.12288648007593796,0.09529643474717908,0.8111035152253958,0.020605081499871152,0.217808828803388,776.7282585999191,5.280103768647053,27.298060987207375,89.55239850039543,25.329306306289762,81.77899815643448,16.21039962342885
4.92737729099382,0.6324104503001076,0.12288648007593796,0.09529643474717908,0.8111035152253958,0.020605081499871152,0.217808828803388,776.7282585999191,5.280103768647053,27.298060987207375,89.55239850039543,25.329306306289762,81.77899815643448,16.21039962342885
4.88546389776163,0.6324104503001076,0.12288648007593796,0.09529643474717908,0.8111035152253958,0.18735778224420196,0.3569842090556574,776.7282585999191,5.280103768647053,27.298060987207375,89.55239850039543,25.329306306289762,81.77899815643448,16.21039962342885
4.349282778412612,0.41365747923636476,0.07334969115306969,0.2062202017138096,0.4337145412748012,0.17796462434705917,0.7553439080581753,297.57380978444763,6.971956785207494,10.740700774603635,50.09821656703782,8.374645980040558,56.70145070352335,55.986147875646566
4.92737729099382,0.6324104503001076,0.12288648007593796,0.09529643474717908,0.8111035152253958,0.020605081499871152,0.217808828803388,776.7282585999191,5.280103768647053,27.298060987207375,89.55239850039543,25.329306306289762,81.77899815643448,16.21039962342885
4.92737729099382,0.6324104503001076,0.12288648007593796,0.09529643474717908,0.8111035152253958,0.020605081499871152,0.217808828803388,776.7282585999191,5.280103768647053,27.298060987207375,89.55239850039543,25.329306306289762,81.77899815643448,16.21039962342885
4.92737729099382,0.6324104503001076,0.12288648007593796,0.09529643474717908,0.8111035152253958,0.020605081499871152,0.217808828803388,776.7282585999191,5.280103768647053,27.298060987207375,89.55239850039543,25.329306306289762,81.77899815643448,16.21039962342885
4.92737729099382,0.6324104503001076,0.12288648007593796,0.09529643474717908,0.8111035152253958,0.020605081499871152,0.217808828803388,776.7282585999191,5.280103768647053,27.298060987207375,89.55239850039543,25.329306306289762,81.77899815643448,16.21039962342885
4.92737729099382,0.6324104503001076,0.12288648007593796,0.09529643474717908,0.8111035152253958,0.020605081499871152,0.217808828803388,776.7282585999191,5.280103768647053,27.298060987207375,89.55239850039543,25.329306306289762,81.77899815643448,16.21039962342885
4.922702328914244,0.6324104503001076,0.12288648007593796,0.09529643474717908,0.8111035152253958,0.020605081499871152,0.217808828803388,776.7282585999191,5.280103768647053,27.298060987207375,89.55239850039543,28.718063862213587,81.77899815643448,16.21039962342885
4.92737729099382,0.6324104503001076,0.12288648007593796,0.09529643474717908,0.8111035152253958,0.020605081499871152,0.217808828803388,776.7282585999191,5.280103768647053,27.298060987207375,89.55239850039543,25.329306306289762,81.77899815643448,16.21039962342885
4.92737729099382,0.6324104503001076,0.12288648007593796,0.09529643474717908,0.8111035152253958,0.020605081499871152,0.217808828803388,776.7282585999191,5.280103768647053,27.298060987207375,89.55239850039543,25.329306306289762,81.77899815643448,16.21039962342885
4.611819544990589,0.9824287909308131,0.4471006158957623,0.15398568316493622,0.1648361269474924,0.7761575768120621,0.7909563937818178,27.573079495000684,3.922089852971109,84.60287451277974,87.4876457300945,82.38583056999498,67.38513856421812,15.461702824409157
4.92737729099382,0.6324104503001076,0.12288648007593796,0.09529643474717908,0.8111035152253958,0.020605081499871152,0.217808828803388,776.7282585999191,5.280103768647053,27.298060987207375,89.55239850039543,25.329306306289762,81.77899815643448,16.21039962342885
4.88546389776163,0.6324104503001076,0.12288648007593796,0.09529643474717908,0.8111035152253958,0.18735778224420196,0.3569842090556574,776.7282585999191,5.280103768647053,27.298060987207375,89.55239850039543,25.329306306289762,81.77899815643448,16.21039962342885
4.92737729099382,0.6324104503001076,0.12288648007593796,0.09529643474717908,0.8111035152253958,0.020605081499871152,0.217808828803388,776.7282585999191,5.280103768647053,27.298060987207375,89.55239850039543,25.329306306289762,81.77899815643448,16.21039962342885
4.92737729099382,0.6324104503001076,0.12288648007593796,0.09529643474717908,0.8111035152253958,0.020605081499871152,0.217808828803388,776.7282585999191,5.280103768647053,27.298060987207375,89.55239850039543,25.329306306289762,81.77899815643448,16.21039962342885
4.7364134076986915,0.6324104503001076,0.12288648007593796,0.09529643474717908,0.8111035152253958,0.020605081499871152,0.5738651829766594,776.7282585999191,5.280103768647053,27.298060987207375,89.55239850039543,25.329306306289762,81.77899815643448,16.21039962342885
4.594487136548864,0.6324104503001076,0.12288648007593796,0.07836650103184944,0.8111035152253958,0.019100927428426707,0.217808828803388,463.5297759564156,5.280103768647053,27.298060987207375,89.55239850039543,25.329306306289762,81.77899815643448,16.21039962342885
4.92737729099382,0.6324104503001076,0.12288648007593796,0.09529643474717908,0.8111035152253958,0.020605081499871152,0.217808828803388,776.7282585999191,5.280103768647053,27.298060987207375,89.55239850039543,25.329306306289762,81.77899815643448,16.21039962342885
4.92737729099382,0.6324104503001076,0.12288648007593796,0.09529643474717908,0.8111035152253958,0.020605081499871152,0.217808828803388,776.7282585999191,5.280103768647053,27.298060987207375,89.55239850039543,25.329306306289762,81.77899815643448,16.21039962342885
4.92737729099382,0.6324104503001076,0.12288648007593796,0.09529643474717908,0.8111035152253958,0.020605081499871152,0.217808828803388,776.7282585999191,5.280103768647053,27.298060987207375,89.55239850039543,25.329306306289762,81.77899815643448,16.21039962342885
4.92737729099382,0.6324104503001076,0.12288648007593796,0.09529643474717908,0.8111035152253958,0.020605081499871152,0.217808828803388,776.7282585999191,5.280103768647053,27.298060987207375,89.55239850039543,25.329306306289762,81.77899815643448,16.21039962342885
4.88546389776163,0.6324104503001076,0.12288648007593796,0.09529643474717908,0.8111035152253958,0.18735778224420196,0.3569842090556574,776.7282585999191,5.280103768647053,27.298060987207375,89.55239850039543,25.329306306289762,81.77899815643448,16.21039962342885
4.611819544990589,0.9824287909308131,0.4471006158957623,0.15398568316493622,0.1648361269474924,0.7761575768120621,0.7909563937818178,27.573079495000684,3.922089852971109,84.60287451277974,87.4876457300945,82.38583056999498,67.38513856421812,15.461702824409157
4.922702328914244,0.6324104503001076,0.12288648007593796,0.09529643474717908,0.8111035152253958,0.020605081499871152,0.217808828803388,776.7282585999191,5.280103768647053,27.298060987207375,89.55239850039543,28.718063862213587,81.77899815643448,16.21039962342885
4.92737729099382,0.6324104503001076,0.12288648007593796,0.09529643474717908,0.8111035152253958,0.020605081499871152,0.217808828803388,776.7282585999191,5.280103768647053,27.298060987207375,89.55239850039543,25.329306306289762,81.77899815643448,16.21039962342885
4.92737729099382,0.6324104503001076,0.12288648007593796,0.09529643474717908,0.8111035152253958,0.020605081499871152,0.217808828803388,776.7282585999191,5.280103768647053,27.298060987207375,89.55239850039543,25.329306306289762,81.77899815643448,16.21039962342885
4.92737729099382,0.6324104503001076,0.12288648007593796,0.09529643474717908,0.8111035152253958,0.020605081499871152,0.217808828803388,776.7282585999191,5.280103768647053,27.298060987207375,89.55239850039543,25.329306306289762,81.77899815643448,16.21039962342885
4.349282778412612,0.41365747923636476,0.07334969115306969,0.2062202017138096,0.4337145412748012,0.17796462434705917,0.7553439080581753,297.57380978444763,6.971956785207494,10.740700774603635,50.09821656703782,8.374645980040558,56.70145070352335,55.986147875646566
4.92737729099382,0.6324104503001076,0.12288648007593796,0.09529643474717908,0.8111035152253958,0.020605081499871152,0.217808828803388,776.7282585999191,5.280103768647053,27.298060987207375,89.55239850039543,25.329306306289762,81.77899815643448,16.21039962342885
4.7364134076986915,0.6324104503001076,0.12288648007593796,0.09529643474717908,0.8111035152253958,0.020605081499871152,0.5738651829766594,776.7282585999191,5.280103768647053,27.298060987207375,89.55239850039543,25.329306306289762,81.77899815643448,16.21039962342885
4.594487136548864,0.6324104503001076,0.12288648007593796,0.07836650103184944,0.8111035152253958,0.019100927428426707,0.217808828803388,463.5297759564156,5.280103768647053,27.298060987207375,89.55239850039543,25.329306306289762,81.77899815643448,16.21039962342885
4.92737729099382,0.6324104503001076,0.12288648007593796,0.09529643474717908,0.8111035152253958,0.020605081499871152,0.217808828803388,776.7282585999191,5.280103768647053,27.298060987207375,89.55239850039543,25.329306306289762,81.77899815643448,16.21039962342885
4.88546389776163,0.6324104503001076,0.12288648007593796,0.09529643474717908,0.8111035152253958,0.18735778224420196,0.3569842090556574,776.7282585999191,5.280103768647053,27.298060987207375,89.55239850039543,25.329306306289762,81.77899815643448,16.21039962342885
4.92737729099382,0.6324104503001076,0.12288648007593796,0.09529643474717908,0.8111035152253958,0.020605081499871152,0.217808828803388,776.7282585999191,5.280103768647053,27.298060987207375,89.55239850039543,25.329306306289762,81.77899815643448,16.21039962342885
4.92737729099382,0.6324104503001076,0.12288648007593796,0.09529643474717908,0.8111035152253958,0.020605081499871152,0.217808828803388,776.7282585999191,5.280103768647053,27.298060987207375,89.55239850039543,25.329306306289762,81.77899815643448,16.21039962342885
4.92737729099382,0.6324104503001076,0.12288648007593796,0.09529643474717908,0.8111035152253958,0.020605081499871152,0.217808828803388,776.7282585999191,5.280103768647053,27.298060987207375,89.55239850039543,25.329306306289762,81.77899815643448,16.21039962342885
4.92737729099382,0.6324104503001076,0.12288648007593796,0.09529643474717908,0.8111035152253958,0.020605081499871152,0.217808828803388,776.7282585999191,5.280103768647053,27.298060987207375,89.55239850039543,25.329306306289762,81.77899815643448,16.21039962342885
4.92737729099382,0.6324104503001076,0.12288648007593796,0.09529643474717908,0.8111035152253958,0.020605081499871152,0.217808828803388,776.7282585999191,5.280103768647053,27.298060987207375,89.55239850039543,25.329306306289762,81.77899815643448,16.21039962342885
4.611819544990589,0.9824287909308131,0.4471006158957623,0.15398568316493622,0.1648361269474924,0.7761575768120621,0.7909563937818178,27.573079495000684,3.922089852971109,84.60287451277974,87.4876457300945,82.38583056999498,67.38513856421812,15.461702824409157
4.922702328914244,0.6324104503001076,0.12288648007593796,0.09529643474717908,0.8111035152253958,0.020605081499871152,0.217808828803388,776.7282585999191,5.280103768647053,27.298060987207375,89.55239850039543,28.718063862213587,81.77899815643448,16.21039962342885
4.349282778412612,0.41365747923636476,0.07334969115306969,0.2062202017138096,0.4337145412748012,0.17796462434705917,0.7553439080581753,297.57380978444763,6.971956785207494,10.740700774603635,50.09821656703782,8.374645980040558,56.70145070352335,55.986147875646566
2.70715673575762,1.3613733508973453,0.046224916624426536,0.04233643564131222,0.6599848372698764,0.4480116180759421,0.007962092313654773,1194.6515661535152,2.1703947052768693,28.129313413301414,97.1810904949918,91.60608551471157,57.90696805772799,67.15056955503321
4.92737729099382,0.6324104503001076,0.12288648007593796,0.09529643474717908,0.8111035152253958,0.020605081499871152,0.217808828803388,776.7282585999191,5.280103768647053,27.298060987207375,89.55239850039543,25.329306306289762,81.77899815643448,16.21039962342885
4.92737729099382,0.6324104503001076,0.12288648007593796,0.09529643474717908,0.8111035152253958,0.020605081499871152,0.217808828803388,776.7282585999191,5.280103768647053,27.298060987207375,89.55239850039543,25.329306306289762,81.77899815643448,16.21039962342885
4.594487136548864,0.6324104503001076,0.12288648007593796,0.07836650103184944,0.8111035152253958,0.019100927428426707,0.217808828803388,463.5297759564156,5.280103768647053,27.298060987207375,89.55239850039543,25.329306306289762,81.77899815643448,16.21039962342885
4.88546389776163,0.6324104503001076,0.12288648007593796,0.09529643474717908,0.8111035152253958,0.18735778224420196,0.3569842090556574,776.7282585999191,5.280103768647053,27.298060987207375,89.55239850039543,25.329306306289762,81.77899815643448,16.21039962342885
4.92737729099382,0.6324104503001076,0.12288648007593796,0.09529643474717908,0.8111035152253958,0.020605081499871152,0.217808828803388,776.7282585999191,5.280103768647053,27.298060987207375,89.55239850039543,25.329306306289762,81.77899815643448,16.21039962342885
4.92737729099382,0.6324104503001076,0.12288648007593796,0.09529643474717908,0.8111035152253958,0.020605081499871152,0.217808828803388,776.7282585999191,5.280103768647053,27.298060987207375,89.55239850039543,25.329306306289762,81.77899815643448,16.21039962342885
4.92737729099382,0.6324104503001076,0.12288648007593796,0.09529643474717908,0.8111035152253958,0.020605081499871152,0.217808828803388,776.7282585999191,5.280103768647053,27.298060987207375,89.55239850039543,25.329306306289762,81.77899815643448,16.21039962342885
4.92737729099382,0.6324104503001076,0.12288648007593796,0.09529643474717908,0.8111035152253958,0.020605081499871152,0.217808828803388,776.7282585999191,5.280103768647053,27.298060987207375,89.55239850039543,25.329306306289762,81.77899815643448,16.21039962342885
4.349282778412612,0.41365747923636476,0.07334969115306969,0.2062202017138096,0.4337145412748012,0.17796462434705917,0.7553439080581753,297.57380978444763,6.971956785207494,10.740700774603635,50.09821656703782,8.374645980040558,56.70145070352335,55.986147875646566
4.922702328914244,0.6324104503001076,0.12288648007593796,0.09529643474717908,0.8111035152253958,0.020605081499871152,0.217808828803388,776.7282585999191,5.280103768647053,27.298060987207375,89.55239850039543,28.718063862213587,81.77899815643448,16.21039962342885
4.7364134076986915,0.6324104503001076,0.12288648007593796,0.09529643474717908,0.8111035152253958,0.020605081499871152,0.5738651829766594,776.7282585999191,5.280103768647053,27.298060987207375,89.55239850039543,25.329306306289762,81.77899815643448,16.21039962342885
4.92737729099382,0.6324104503001076,0.12288648007593796,0.09529643474717908,0.8111035152253958,0.020605081499871152,0.217808828803388,776.7282585999191,5.280103768647053,27.298060987207375,89.55239850039543,25.329306306289762,81.77899815643448,16.21039962342885
4.92737729099382,0.6324104503001076,0.12288648007593796,0.09529643474717908,0.8111035152253958,0.020605081499871152,0.217808828803388,776.7282585999191,5.280103768647053,27.298060987207375,89.55239850039543,25.329306306289762,81.77899815643448,16.21039962342885
4.88546389776163,0.6324104503001076,0.12288648007593796,0.09529643474717908,0.8111035152253958,0.18735778224420196,0.3569842090556574,776.7282585999191,5.280103768647053,27.298060987207375,89.55239850039543,25.329306306289762,81.77899815643448,16.21039962342885
4.594487136548864,0.6324104503001076,0.12288648007593796,0.07836650103184944,0.8111035152253958,0.019100927428426707,0.217808828803388,463.5297759564156,5.280103768647053,27.298060987207375,89.55239850039543,25.329306306289762,81.77899815643448,16.21039962342885
4.92737729099382,0.6324104503001076,0.12288648007593796,0.09529643474717908,0.8111035152253958,0.020605081499871152,0.217808828803388,776.7282585999191,5.280103768647053,27.298060987207375,89.55239850039543,25.329306306289762,81.77899815643448,16.21039962342885
4.92737729099382,0.6324104503001076,0.12288648007593796,0.09529643474717908,0.8111035152253958,0.020605081499871152,0.217808828803388,776.7282585999191,5.280103768647053,27.298060987207375,89.55239850039543,25.329306306289762,81.77899815643448,16.21039962342885
4.92737729099382,0.6324104503001076,0.12288648007593796,0.09529643474717908,0.8111035152253958,0.020605081499871152,0.217808828803388,776.7282585999191,5.280103768647053,27.298060987207375,89.55239850039543,25.329306306289762,81.77899815643448,16.21039962342885
4.92737729099382,0.6324104503001076,0.12288648007593796,0.09529643474717908,0.8111035152253958,0.020605081499871152,0.217808828803388,776.7282585999191,5.280103768647053,27.298060987207375,89.55239850039543,25.329306306289762,81.77899815643448,16.21039962342885
4.611819544990589,0.9824287909308131,0.4471006158957623,0.15398568316493622,0.1648361269474924,0.7761575768120621,0.7909563937818178,27.573079495000684,3.922089852971109,84.60287451277974,87.4876457300945,82.38583056999498,67.38513856421812,15.461702824409157
4.349282778412612,0.41365747923636476,0.07334969115306969,0.2062202017138096,0.4337145412748012,0.17796462434705917,0.7553439080581753,297.57380978444763,6.971956785207494,10.740700774603635,50.09821656703782,8.374645980040558,56.70145070352335,55.986147875646566
4.92737729099382,0.6324104503001076,0.12288648007593796,0.09529643474717908,0.8111035152253958,0.020605081499871152,0.217808828803388,776.7282585999191,5.280103768647053,27.298060987207375,89.55239850039543,25.329306306289762,81.77899815643448,16.21039962342885
4.92737729099382,0.6324104503001076,0.12288648007593796,0.09529643474717908,0.8111035152253958,0.020605081499871152,0.217808828803388,776.7282585999191,5.280103768647053,27.298060987207375,89.55239850039543,25.329306306289762,81.77899815643448,16.21039962342885
4.7364134076986915,0.6324104503001076,0.12288648007593796,0.09529643474717908,0.8111035152253958,0.020605081499871152,0.5738651829766594,776.7282585999191,5.280103768647053,27.298060987207375,89.55239850039543,25.329306306289762,81.77899815643448,16.21039962342885
2.70715673575762,1.3613733508973453,0.046224916624426536,0.04233643564131222,0.6599848372698764,0.4480116180759421,0.007962092313654773,1194.6515661535152,2.1703947052768693,28.129313413301414,97.1810904949918,91.60608551471157,57.90696805772799,67.15056955503321
4.92737729099382,0.6324104503001076,0.12288648007593796,0.09529643474717908,0.8111035152253958,0.020605081499871152,0.217808828803388,776.7282585999191,5.280103768647053,27.298060987207375,89.55239850039543,25.329306306289762,81.77899815643448,16.21039962342885
4.594487136548864,0.6324104503001076,0.12288648007593796,0.07836650103184944,0.8111035152253958,0.019100927428426707,0.217808828803388,463.5297759564156,5.280103768647053,27.298060987207375,89.55239850039543,25.329306306289762,81.77899815643448,16.21039962342885
4.88546389776163,0.6324104503001076,0.12288648007593796,0.09529643474717908,0.8111035152253958,0.18735778224420196,0.3569842090556574,776.7282585999191,5.280103768647053,27.298060987207375,89.55239850039543,25.329306306289762,81.77899815643448,16.21039962342885
4.92737729099382,0.6324104503001076,0.12288648007593796,0.09529643474717908,0.8111035152253958,0.020605081499871152,0.217808828803388,776.7282585999191,5.280103768647053,27.298060987207375,89.55239850039543,25.329306306289762,81.77899815643448,16.21039962342885
4.92737729099382,0.6324104503001076,0.12288648007593796,0.09529643474717908,0.8111035152253958,0.020605081499871152,0.217808828803388,776.7282585999191,5.280103768647053,27.298060987207375,89.55239850039543,25.329306306289762,81.77899815643448,16.21039962342885
4.611819544990589,0.9824287909308131,0.4471006158957623,0.15398568316493622,0.1648361269474924,0.7761575768120621,0.7909563937818178,27.573079495000684,3.922089852971109,84.60287451277974,87.4876457300945,82.38583056999498,67.38513856421812,15.461702824409157
4.92737729099382,0.6324104503001076,0.12288648007593796,0.09529643474717908,0.8111035152253958,0.020605081499871152,0.217808828803388,776.7282585999191,5.280103768647053,27.298060987207375,89.55239850039543,25.329306306289762,81.77899815643448,16.21039962342885
4.92737729099382,0.6324104503001076,0.12288648007593796,0.09529643474717908,0.8111035152253958,0.020605081499871152,0.217808828803388,776.7282585999191,5.280103768647053,27.298060987207375,89.55239850039543,25.329306306289762,81.77899815643448,16.21039962342885
4.349282778412612,0.41365747923636476,0.07334969115306969,0.2062202017138096,0.4337145412748012,0.17796462434705917,0.7553439080581753,297.57380978444763,6.971956785207494,10.740700774603635,50.09821656703782,8.374645980040558,56.70145070352335,55.986147875646566
4.92737729099382,0.6324104503001076,0.12288648007593796,0.09529643474717908,0.8111035152253958,0.020605081499871152,0.217808828803388,776.7282585999191,5.280103768647053,27.298060987207375,89.55239850039543,25.329306306289762,81.77899815643448,16.21039962342885
4.92737729099382,0.6324104503001076,0.12288648007593796,0.09529643474717908,0.8111035152253958,0.020605081499871152,0.217808828803388,776.7282585999191,5.280103768647053,27.298060987207375,89.55239850039543,25.329306306289762,81.77899815643448,16.21039962342885
4.7364134076986915,0.6324104503001076,0.12288648007593796,0.09529643474717908,0.8111035152253958,0.020605081499871152,0.5738651829766594,776.7282585999191,5.280103768647053,27.298060987207375,89.55239850039543,25.329306306289762,81.77899815643448,16.21039962342885
2.70715673575762,1.3613733508973453,0.046224916624426536,0.04233643564131222,0.6599848372698764,0.4480116180759421,0.007962092313654773,1194.6515661535152,2.1703947052768693,28.129313413301414,97.1810904949918,91.60608551471157,57.90696805772799,67.15056955503321
4.922702328914244,0.6324104503001076,0.12288648007593796,0.09529643474717908,0.8111035152253958,0.020605081499871152,0.217808828803388,776.7282585999191,5.280103768647053,27.298060987207375,89.55239850039543,28.718063862213587,81.77899815643448,16.21039962342885
4.92737729099382,0.6324104503001076,0.12288648007593796,0.09529643474717908,0.8111035152253958,0.020605081499871152,0.217808828803388,776.7282585999191,5.280103768647053,27.298060987207375,89.55239850039543,25.329306306289762,81.77899815643448,16.21039962342885
4.92737729099382,0.6324104503001076,0.12288648007593796,0.09529643474717908,0.8111035152253958,0.020605081499871152,0.217808828803388,776.7282585999191,5.280103768647053,27.298060987207375,89.55239850039543,25.329306306289762,81.77899815643448,16.21039962342885
4.594487136548864,0.6324104503001076,0.12288648007593796,0.07836650103184944,0.8111035152253958,0.019100927428426707,0.217808828803388,463.5297759564156,5.280103768647053,27.298060987207375,89.55239850039543,25.329306306289762,81.77899815643448,16.21039962342885
4.92737729099382,0.6324104503001076,0.12288648007593796,0.09529643474717908,0.8111035152253958,0.020605081499871152,0.217808828803388,776.7282585999191,5.280103768647053,27.298060987207375,89.55239850039543,25.329306306289762,81.77899815643448,16.21039962342885
4.92737729099382,0.6324104503001076,0.12288648007593796,0.09529643474717908,0.8111035152253958,0.020605081499871152,0.217808828803388,776.7282585999191,5.280103768647053,27.298060987207375,89.55239850039543,25.329306306289762,81.77899815643448,16.21039962342885
4.92737729099382,0.6324104503001076,0.12288648007593796,0.09529643474717908,0.8111035152253958,0.020605081499871152,0.217808828803388,776.7282585999191,5.280103768647053,27.298060987207375,89.55239850039543,25.329306306289762,81.77899815643448,16.21039962342885
4.349282778412612,0.41365747923636476,0.07334969115306969,0.2062202017138096,0.4337145412748012,0.17796462434705917,0.7553439080581753,297.57380978444763,6.971956785207494,10.740700774603635,50.09821656703782,8.374645980040558,56.70145070352335,55.986147875646566
4.92737729099382,0.6324104503001076,0.12288648007593796,0.09529643474717908,0.8111035152253958,0.020605081499871152,0.217808828803388,776.7282585999191,5.280103768647053,27.298060987207375,89.55239850039543,25.329306306289762,81.77899815643448,16.21039962342885
4.7364134076986915,0.6324104503001076,0.12288648007593796,0.09529643474717908,0.8111035152253958,0.020605081499871152,0.5738651829766594,776.7282585999191,5.280103768647053,27.298060987207375,89.55239850039543,25.329306306289762,81.77899815643448,16.21039962342885
4.92737729099382,0.6324104503001076,0.12288648007593796,0.09529643474717908,0.8111035152253958,0.020605081499871152,0.217808828803388,776.7282585999191,5.280103768647053,27.298060987207375,89.55239850039543,25.329306306289762,81.77899815643448,16.21039962342885
4.92737729099382,0.6324104503001076,0.12288648007593796,0.09529643474717908,0.8111035152253958,0.020605081499871152,0.217808828803388,776.7282585999191,5.280103768647053,27.298060987207375,89.55239850039543,25.329306306289762,81.77899815643448,16.21039962342885
2.70715673575762,1.3613733508973453,0.046224916624426536,0.04233643564131222,0.6599848372698764,0.4480116180759421,0.007962092313654773,1194.6515661535152,2.1703947052768693,28.129313413301414,97.1810904949918,91.60608551471157,57.90696805772799,67.15056955503321
4.92737729099382,0.6324104503001076,0.12288648007593796,0.09529643474717908,0.8111035152253958,0.020605081499871152,0.217808828803388,776.7282585999191,5.280103768647053,27.298060987207375,89.55239850039543,25.329306306289762,81.77899815643448,16.21039962342885
4.92737729099382,0.6324104503001076,0.12288648007593796,0.09529643474717908,0.8111035152253958,0.020605081499871152,0.217808828803388,776.7282585999191,5.280103768647053,27.298060987207375,89.55239850039543,25.329306306289762,81.77899815643448,16.21039962342885
4.88546389776163,0.6324104503001076,0.12288648007593796,0.09529643474717908,0.8111035152253958,0.18735778224420196,0.3569842090556574,776.7282585999191,5.280103768647053,27.298060987207375,89.55239850039543,25.329306306289762,81.77899815643448,16.21039962342885
4.594487136548864,0.6324104503001076,0.12288648007593796,0.07836650103184944,0.8111035152253958,0.019100927428426707,0.217808828803388,463.5297759564156,5.280103768647053,27.298060987207375,89.55239850039543,25.329306306289762,81.77899815643448,16.21039962342885
4.92737729099382,0.6324104503001076,0.12288648007593796,0.09529643474717908,0.8111035152253958,0.020605081499871152,0.217808828803388,776.7282585999191,5.280103768647053,27.298060987207375,89.55239850039543,25.329306306289762,81.77899815643448,16.21039962342885
4.92737729099382,0.6324104503001076,0.12288648007593796,0.09529643474717908,0.8111035152253958,0.020605081499871152,0.217808828803388,776.7282585999191,5.280103768647053,27.298060987207375,89.55239850039543,25.329306306289762,81.77899815643448,16.21039962342885
4.349282778412612,0.41365747923636476,0.07334969115306969,0.2062202017138096,0.4337145412748012,0.17796462434705917,0.7553439080581753,297.57380978444763,6.971956785207494,10.740700774603635,50.09821656703782,8.374645980040558,56.70145070352335,55.986147875646566
4.611819544990589,0.9824287909308131,0.4471006158957623,0.15398568316493622,0.1648361269474924,0.7761575768120621,0.7909563937818178,27.573079495000684,3.922089852971109,84.60287451277974,87.4876457300945,82.38583056999498,67.38513856421812,15.461702824409157
4.92737729099382,0.6324104503001076,0.12288648007593796,0.09529643474717908,0.8111035152253958,0.020605081499871152,0.217808828803388,776.7282585999191,5.280103768647053,27.298060987207375,89.55239850039543,25.329306306289762,81.77899815643448,16.21039962342885
4.7364134076986915,0.6324104503001076,0.12288648007593796,0.09529643474717908,0.8111035152253958,0.020605081499871152,0.5738651829766594,776.7282585999191,5.280103768647053,27.298060987207375,89.55239850039543,25.329306306289762,81.77899815643448,16.21039962342885
4.92737729099382,0.6324104503001076,0.12288648007593796,0.09529643474717908,0.8111035152253958,0.020605081499871152,0.217808828803388,776.7282585999191,5.280103768647053,27.298060987207375,89.55239850039543,25.329306306289762,81.77899815643448,16.21039962342885
2.70715673575762,1.3613733508973453,0.046224916624426536,0.04233643564131222,0.6599848372698764,0.4480116180759421,0.007962092313654773,1194.6515661535152,2.1703947052768693,28.129313413301414,97.1810904949918,91.60608551471157,57.90696805772799,67.15056955503321
4.92737729099382,0.6324104503001076,0.12288648007593796,0.09529643474717908,0.8111035152253958,0.020605081499871152,0.217808828803388,776.7282585999191,5.280103768647053,27.298060987207375,89.55239850039543,25.329306306289762,81.77899815643448,16.21039962342885
4.922702328914244,0.6324104503001076,0.12288648007593796,0.09529643474717908,0.8111035152253958,0.020605081499871152,0.217808828803388,776.7282585999191,5.280103768647053,27.298060987207375,89.55239850039543,28.718063862213587,81.77899815643448,16.21039962342885
4.88546389776163,0.6324104503001076,0.12288648007593796,0.09529643474717908,0.8111035152253958,0.18735778224420196,0.3569842090556574,776.7282585999191,5.280103768647053,27.298060987207375,89.55239850039543,25.329306306289762,81.77899815643448,16.21039962342885
4.577476854590618,0.058619153429030166,2.851299323480143,0.1905048695164605,0.5451093062183908,0.07398093660881389,0.3754219144451373,83.2084115046236,2.7072016067974842,35.69379586682906,81.08649036260081,52.626994667611775,37.968217757496156,46.07599680168463
4.594487136548864,0.6324104503001076,0.12288648007593796,0.07836650103184944,0.8111035152253958,0.019100927428426707,0.217808828803388,463.5297759564156,5.280103768647053,27.298060987207375,89.55239850039543,25.329306306289762,81.77899815643448,16.21039962342885
4.92737729099382,0.6324104503001076,0.12288648007593796,0.09529643474717908,0.8111035152253958,0.020605081499871152,0.217808828803388,776.7282585999191,5.280103768647053,27.298060987207375,89.55239850039543,25.329306306289762,81.77899815643448,16.21039962342885
4.92737729099382,0.6324104503001076,0.12288648007593796,0.09529643474717908,0.8111035152253958,0.020605081499871152,0.217808828803388,776.7282585999191,5.280103768647053,27.298060987207375,89.55239850039543,25.329306306289762,81.77899815643448,16.21039962342885
4.611819544990589,0.9824287909308131,0.4471006158957623,0.15398568316493622,0.1648361269474924,0.7761575768120621,0.7909563937818178,27.573079495000684,3.922089852971109,84.60287451277974,87.4876457300945,82.38583056999498,67.38513856421812,15.461702824409157
4.349282778412612,0.41365747923636476,0.07334969115306969,0.2062202017138096,0.4337145412748012,0.17796462434705917,0.7553439080581753,297.57380978444763,6.971956785207494,10.740700774603635,50.09821656703782,8.374645980040558,56.70145070352335,55.986147875646566
4.7364134076986915,0.6324104503001076,0.12288648007593796,0.09529643474717908,0.8111035152253958,0.020605081499871152,0.5738651829766594,776.7282585999191,5.280103768647053,27.298060987207375,89.55239850039543,25.329306306289762,81.77899815643448,16.21039962342885
4.92737729099382,0.6324104503001076,0.12288648007593796,0.09529643474717908,0.8111035152253958,0.020605081499871152,0.217808828803388,776.7282585999191,5.280103768647053,27.298060987207375,89.55239850039543,25.329306306289762,81.77899815643448,16.21039962342885
4.92737729099382,0.6324104503001076,0.12288648007593796,0.09529643474717908,0.8111035152253958,0.020605081499871152,0.217808828803388,776.7282585999191,5.280103768647053,27.298060987207375,89.55239850039543,25.329306306289762,81.77899815643448,16.21039962342885
4.92737729099382,0.6324104503001076,0.12288648007593796,0.09529643474717908,0.8111035152253958,0.020605081499871152,0.217808828803388,776.7282585999191,5.280103768647053,27.298060987207375,89.55239850039543,25.329306306289762,81.77899815643448,16.21039962342885
2.70715673575762,1.3613733508973453,0.046224916624426536,0.04233643564131222,0.6599848372698764,0.4480116180759421,0.007962092313654773,1194.6515661535152,2.1703947052768693,28.129313413301414,97.1810904949918,91.60608551471157,57.90696805772799,67.15056955503321
4.92737729099382,0.6324104503001076,0.12288648007593796,0.09529643474717908,0.8111035152253958,0.020605081499871152,0.217808828803388,776.7282585999191,5.280103768647053,27.298060987207375,89.55239850039543,25.329306306289762,81.77899815643448,16.21039962342885
4.88546389776163,0.6324104503001076,0.12288648007593796,0.09529643474717908,0.8111035152253958,0.18735778224420196,0.3569842090556574,776.7282585999191,5.280103768647053,27.298060987207375,89.55239850039543,25.329306306289762,81.77899815643448,16.21039962342885
4.92737729099382,0.6324104503001076,0.12288648007593796,0.09529643474717908,0.8111035152253958,0.020605081499871152,0.217808828803388,776.7282585999191,5.280103768647053,27.298060987207375,89.55239850039543,25.329306306289762,81.77899815643448,16.21039962342885
4.594487136548864,0.6324104503001076,0.12288648007593796,0.07836650103184944,0.8111035152253958,0.019100927428426707,0.217808828803388,463.5297759564156,5.280103768647053,27.298060987207375,89.55239850039543,25.329306306289762,81.77899815643448,16.21039962342885
4.92737729099382,0.6324104503001076,0.12288648007593796,0.09529643474717908,0.8111035152253958,0.020605081499871152,0.217808828803388,776.7282585999191,5.280103768647053,27.298060987207375,89.55239850039543,25.329306306289762,81.77899815643448,16.21039962342885
4.349282778412612,0.41365747923636476,0.07334969115306969,0.2062202017138096,0.4337145412748012,0.17796462434705917,0.7553439080581753,297.57380978444763,6.971956785207494,10.740700774603635,50.09821656703782,8.374645980040558,56.70145070352335,55.986147875646566
4.611819544990589,0.9824287909308131,0.4471006158957623,0.15398568316493622,0.1648361269474924,0.7761575768120621,0.7909563937818178,27.573079495000684,3.922089852971109,84.60287451277974,87.4876457300945,82.38583056999498,67.38513856421812,15.461702824409157
4.92737729099382,0.6324104503001076,0.12288648007593796,0.09529643474717908,0.8111035152253958,0.020605081499871152,0.217808828803388,776.7282585999191,5.280103768647053,27.298060987207375,89.55239850039543,25.329306306289762,81.77899815643448,16.21039962342885
4.92737729099382,0.6324104503001076,0.12288648007593796,0.09529643474717908,0.8111035152253958,0.020605081499871152,0.217808828803388,776.7282585999191,5.280103768647053,27.298060987207375,89.55239850039543,25.329306306289762,81.77899815643448,16.21039962342885
2.70715673575762,1.3613733508973453,0.046224916624426536,0.04233643564131222,0.6599848372698764,0.4480116180759421,0.007962092313654773,1194.6515661535152,2.1703947052768693,28.129313413301414,97.1810904949918,91.60608551471157,57.90696805772799,67.15056955503321
4.92737729099382,0.6324104503001076,0.12288648007593796,0.09529643474717908,0.8111035152253958,0.020605081499871152,0.217808828803388,776.7282585999191,5.280103768647053,27.298060987207375,89.55239850039543,25.329306306289762,81.77899815643448,16.21039962342885
4.92737729099382,0.6324104503001076,0.12288648007593796,0.09529643474717908,0.8111035152253958,0.020605081499871152,0.217808828803388,776.7282585999191,5.280103768647053,27.298060987207375,89.55239850039543,25.329306306289762,81.77899815643448,16.21039962342885
4.88546389776163,0.6324104503001076,0.12288648007593796,0.09529643474717908,0.8111035152253958,0.18735778224420196,0.3569842090556574,776.7282585999191,5.280103768647053,27.298060987207375,89.55239850039543,25.329306306289762,81.77899815643448,16.21039962342885
4.577476854590618,0.058619153429030166,2.851299323480143,0.1905048695164605,0.5451093062183908,0.07398093660881389,0.3754219144451373,83.2084115046236,2.7072016067974842,35.69379586682906,81.08649036260081,52.626994667611775,37.968217757496156,46.07599680168463
4.922702328914244,0.6324104503001076,0.12288648007593796,0.09529643474717908,0.8111035152253958,0.020605081499871152,0.217808828803388,776.7282585999191,5.280103768647053,27.298060987207375,89.55239850039543,28.718063862213587,81.77899815643448,16.21039962342885
4.92737729099382,0.6324104503001076,0.12288648007593796,0.09529643474717908,0.8111035152253958,0.020605081499871152,0.217808828803388,776.7282585999191,5.280103768647053,27.298060987207375,89.55239850039543,25.329306306289762,81.77899815643448,16.21039962342885
4.92737729099382,0.6324104503001076,0.12288648007593796,0.09529643474717908,0.8111035152253958,0.020605081499871152,0.217808828803388,776.7282585999191,5.280103768647053,27.298060987207375,89.55239850039543,25.329306306289762,81.77899815643448,16.21039962342885
4.611819544990589,0.9824287909308131,0.4471006158957623,0.15398568316493622,0.1648361269474924,0.7761575768120621,0.7909563937818178,27.573079495000684,3.922089852971109,84.60287451277974,87.4876457300945,82.38583056999498,67.38513856421812,15.461702824409157
4.92737729099382,0.6324104503001076,0.12288648007593796,0.09529643474717908,0.8111035152253958,0.020605081499871152,0.217808828803388,776.7282585999191,5.280103768647053,27.298060987207375,89.55239850039543,25.329306306289762,81.77899815643448,16.21039962342885
4.349282778412612,0.41365747923636476,0.07334969115306969,0.2062202017138096,0.4337145412748012,0.17796462434705917,0.7553439080581753,297.57380978444763,6.971956785207494,10.740700774603635,50.09821656703782,8.374645980040558,56.70145070352335,55.986147875646566
4.7364134076986915,0.6324104503001076,0.12288648007593796,0.09529643474717908,0.8111035152253958,0.020605081499871152,0.5738651829766594,776.7282585999191,5.280103768647053,27.298060987207375,89.55239850039543,25.329306306289762,81.77899815643448,16.21039962342885
4.92737729099382,0.6324104503001076,0.12288648007593796,0.09529643474717908,0.8111035152253958,0.020605081499871152,0.217808828803388,776.7282585999191,5.280103768647053,27.298060987207375,89.55239850039543,25.329306306289762,81.77899815643448,16.21039962342885
4.92737729099382,0.6324104503001076,0.12288648007593796,0.09529643474717908,0.8111035152253958,0.020605081499871152,0.217808828803388,776.7282585999191,5.280103768647053,27.298060987207375,89.55239850039543,25.329306306289762,81.77899815643448,16.21039962342885
4.92737729099382,0.6324104503001076,0.12288648007593796,0.09529643474717908,0.8111035152253958,0.020605081499871152,0.217808828803388,776.7282585999191,5.280103768647053,27.298060987207375,89.55239850039543,25.329306306289762,81.77899815643448,16.21039962342885
2.70715673575762,1.3613733508973453,0.046224916624426536,0.04233643564131222,0.6599848372698764,0.4480116180759421,0.007962092313654773,1194.6515661535152,2.1703947052768693,28.129313413301414,97.1810904949918,91.60608551471157,57.90696805772799,67.15056955503321
4.92737729099382,0.6324104503001076,0.12288648007593796,0.09529643474717908,0.8111035152253958,0.020605081499871152,0.217808828803388,776.7282585999191,5.280103768647053,27.298060987207375,89.55239850039543,25.329306306289762,81.77899815643448,16.21039962342885
4.92737729099382,0.6324104503001076,0.12288648007593796,0.09529643474717908,0.8111035152253958,0.020605081499871152,0.217808828803388,776.7282585999191,5.280103768647053,27.298060987207375,89.55239850039543,25.329306306289762,81.77899815643448,16.21039962342885
4.577476854590618,0.058619153429030166,2.851299323480143,0.1905048695164605,0.5451093062183908,0.07398093660881389,0.3754219144451373,83.2084115046236,2.7072016067974842,35.69379586682906,81.08649036260081,52.626994667611775,37.968217757496156,46.07599680168463
4.594487136548864,0.6324104503001076,0.12288648007593796,0.07836650103184944,0.8111035152253958,0.019100927428426707,0.217808828803388,463.5297759564156,5.280103768647053,27.298060987207375,89.55239850039543,25.329306306289762,81.77899815643448,16.21039962342885
4.92737729099382,0.6324104503001076,0.12288648007593796,0.09529643474717908,0.8111035152253958,0.020605081499871152,0.217808828803388,776.7282585999191,5.280103768647053,27.298060987207375,89.55239850039543,25.329306306289762,81.77899815643448,16.21039962342885
4.92737729099382,0.6324104503001076,0.12288648007593796,0.09529643474717908,0.8111035152253958,0.020605081499871152,0.217808828803388,776.7282585999191,5.280103768647053,27.298060987207375,89.55239850039543,25.329306306289762,81.77899815643448,16.21039962342885
4.7364134076986915,0.6324104503001076,0.12288648007593796,0.09529643474717908,0.8111035152253958,0.020605081499871152,0.5738651829766594,776.7282585999191,5.280103768647053,27.298060987207375,89.55239850039543,25.329306306289762,81.77899815643448,16.21039962342885
4.611819544990589,0.9824287909308131,0.4471006158957623,0.15398568316493622,0.1648361269474924,0.7761575768120621,0.7909563937818178,27.573079495000684,3.922089852971109,84.60287451277974,87.4876457300945,82.38583056999498,67.38513856421812,15.461702824409157
4.92737729099382,0.6324104503001076,0.12288648007593796,0.09529643474717908,0.8111035152253958,0.020605081499871152,0.217808828803388,776.7282585999191,5.280103768647053,27.298060987207375,89.55239850039543,25.329306306289762,81.77899815643448,16.21039962342885
4.92737729099382,0.6324104503001076,0.12288648007593796,0.09529643474717908,0.8111035152253958,0.020605081499871152,0.217808828803388,776.7282585999191,5.280103768647053,27.298060987207375,89.55239850039543,25.329306306289762,81.77899815643448,16.21039962342885
4.88546389776163,0.6324104503001076,0.12288648007593796,0.09529643474717908,0.8111035152253958,0.18735778224420196,0.3569842090556574,776.7282585999191,5.280103768647053,27.298060987207375,89.55239850039543,25.329306306289762,81.77899815643448,16.21039962342885
4.92737729099382,0.6324104503001076,0.12288648007593796,0.09529643474717908,0.8111035152253958,0.020605081499871152,0.217808828803388,776.7282585999191,5.280103768647053,27.298060987207375,89.55239850039543,25.329306306289762,81.77899815643448,16.21039962342885
4.92737729099382,0.6324104503001076,0.12288648007593796,0.09529643474717908,0.8111035152253958,0.020605081499871152,0.217808828803388,776.7282585999191,5.280103768647053,27.298060987207375,89.55239850039543,25.329306306289762,81.77899815643448,16.21039962342885
4.922702328914244,0.6324104503001076,0.12288648007593796,0.09529643474717908,0.8111035152253958,0.020605081499871152,0.217808828803388,776.7282585999191,5.280103768647053,27.298060987207375,89.55239850039543,28.718063862213587,81.77899815643448,16.21039962342885
4.577476854590618,0.058619153429030166,2.851299323480143,0.1905048695164605,0.5451093062183908,0.07398093660881389,0.3754219144451373,83.2084115046236,2.7072016067974842,35.69379586682906,81.08649036260081,52.626994667611775,37.968217757496156,46.07599680168463
4.594487136548864,0.6324104503001076,0.12288648007593796,0.07836650103184944,0.8111035152253958,0.019100927428426707,0.217808828803388,463.5297759564156,5.280103768647053,27.298060987207375,89.55239850039543,25.329306306289762,81.77899815643448,16.21039962342885
4.92737729099382,0.6324104503001076,0.12288648007593796,0.09529643474717908,0.8111035152253958,0.020605081499871152,0.217808828803388,776.7282585999191,5.280103768647053,27.298060987207375,89.55239850039543,25.329306306289762,81.77899815643448,16.21039962342885
4.92737729099382,0.6324104503001076,0.12288648007593796,0.09529643474717908,0.8111035152253958,0.020605081499871152,0.217808828803388,776.7282585999191,5.280103768647053,27.298060987207375,89.55239850039543,25.329306306289762,81.77899815643448,16.21039962342885
4.92737729099382,0.6324104503001076,0.12288648007593796,0.09529643474717908,0.8111035152253958,0.020605081499871152,0.217808828803388,776.7282585999191,5.280103768647053,27.298060987207375,89.55239850039543,25.329306306289762,81.77899815643448,16.21039962342885
4.349282778412612,0.41365747923636476,0.07334969115306969,0.2062202017138096,0.4337145412748012,0.17796462434705917,0.7553439080581753,297.57380978444763,6.971956785207494,10.740700774603635,50.09821656703782,8.374645980040558,56.70145070352335,55.986147875646566
4.7364134076986915,0.6324104503001076,0.12288648007593796,0.09529643474717908,0.8111035152253958,0.020605081499871152,0.5738651829766594,776.7282585999191,5.280103768647053,27.298060987207375,89.55239850039543,25.329306306289762,81.77899815643448,16.21039962342885
4.611819544990589,0.9824287909308131,0.4471006158957623,0.15398568316493622,0.1648361269474924,0.7761575768120621,0.7909563937818178,27.573079495000684,3.922089852971109,84.60287451277974,87.4876457300945,82.38583056999498,67.38513856421812,15.461702824409157
4.076622644718342,0.9800418332086195,0.09210160186912039,0.08098510429427276,0.16782212413367503,0.22738395134981954,0.6893818528871574,1.9706035145740242,3.2790637808509278,7.663490279946201,0.6773954698008448,70.48325523638647,0.662802836377892,94.67545995892395
4.92737729099382,0.6324104503001076,0.12288648007593796,0.09529643474717908,0.8111035152253958,0.020605081499871152,0.217808828803388,776.7282585999191,5.280103768647053,27.298060987207375,89.55239850039543,25.329306306289762,81.77899815643448,16.21039962342885
4.88546389776163,0.6324104503001076,0.12288648007593796,0.09529643474717908,0.8111035152253958,0.18735778224420196,0.3569842090556574,776.7282585999191,5.280103768647053,27.298060987207375,89.55239850039543,25.329306306289762,81.77899815643448,16.21039962342885
4.92737729099382,0.6324104503001076,0.12288648007593796,0.09529643474717908,0.8111035152253958,0.020605081499871152,0.217808828803388,776.7282585999191,5.280103768647053,27.298060987207375,89.55239850039543,25.329306306289762,81.77899815643448,16.21039962342885
2.70715673575762,1.3613733508973453,0.046224916624426536,0.04233643564131222,0.6599848372698764,0.4480116180759421,0.007962092313654773,1194.6515661535152,2.1703947052768693,28.129313413301414,97.1810904949918,91.60608551471157,57.90696805772799,67.15056955503321
4.92737729099382,0.6324104503001076,0.12288648007593796,0.09529643474717908,0.8111035152253958,0.020605081499871152,0.217808828803388,776.7282585999191,5.280103768647053,27.298060987207375,89.55239850039543,25.329306306289762,81.77899815643448,16.21039962342885
4.577476854590618,0.058619153429030166,2.851299323480143,0.1905048695164605,0.5451093062183908,0.07398093660881389,0.3754219144451373,83.2084115046236,2.7072016067974842,35.69379586682906,81.08649036260081,52.626994667611775,37.968217757496156,46.07599680168463
4.92737729099382,0.6324104503001076,0.12288648007593796,0.09529643474717908,0.8111035152253958,0.020605081499871152,0.217808828803388,776.7282585999191,5.280103768647053,27.298060987207375,89.55239850039543,25.329306306289762,81.77899815643448,16.21039962342885
4.92737729099382,0.6324104503001076,0.12288648007593796,0.09529643474717908,0.8111035152253958,0.020605081499871152,0.217808828803388,776.7282585999191,5.280103768647053,27.298060987207375,89.55239850039543,25.329306306289762,81.77899815643448,16.21039962342885
4.594487136548864,0.6324104503001076,0.12288648007593796,0.07836650103184944,0.8111035152253958,0.019100927428426707,0.217808828803388,463.5297759564156,5.280103768647053,27.298060987207375,89.55239850039543,25.329306306289762,81.77899815643448,16.21039962342885
4.349282778412612,0.41365747923636476,0.07334969115306969,0.2062202017138096,0.4337145412748012,0.17796462434705917,0.7553439080581753,297.57380978444763,6.971956785207494,10.740700774603635,50.09821656703782,8.374645980040558,56.70145070352335,55.986147875646566
4.922702328914244,0.6324104503001076,0.12288648007593796,0.09529643474717908,0.8111035152253958,0.020605081499871152,0.217808828803388,776.7282585999191,5.280103768647053,27.298060987207375,89.55239850039543,28.718063862213587,81.77899815643448,16.21039962342885
4.92737729099382,0.6324104503001076,0.12288648007593796,0.09529643474717908,0.8111035152253958,0.020605081499871152,0.217808828803388,776.7282585999191,5.280103768647053,27.298060987207375,89.55239850039543,25.329306306289762,81.77899815643448,16.21039962342885
4.7364134076986915,0.6324104503001076,0.12288648007593796,0.09529643474717908,0.8111035152253958,0.020605081499871152,0.5738651829766594,776.7282585999191,5.280103768647053,27.298060987207375,89.55239850039543,25.329306306289762,81.77899815643448,16.21039962342885
4.076622644718342,0.9800418332086195,0.09210160186912039,0.08098510429427276,0.16782212413367503,0.22738395134981954,0.6893818528871574,1.9706035145740242,3.2790637808509278,7.663490279946201,0.6773954698008448,70.48325523638647,0.662802836377892,94.67545995892395
4.88546389776163,0.6324104503001076,0.12288648007593796,0.09529643474717908,0.8111035152253958,0.18735778224420196,0.3569842090556574,776.7282585999191,5.280103768647053,27.298060987207375,89.55239850039543,25.329306306289762,81.77899815643448,16.21039962342885
4.92737729099382,0.6324104503001076,0.12288648007593796,0.09529643474717908,0.8111035152253958,0.020605081499871152,0.217808828803388,776.7282585999191,5.280103768647053,27.298060987207375,89.55239850039543,25.329306306289762,81.77899815643448,16.21039962342885
4.92737729099382,0.6324104503001076,0.12288648007593796,0.09529643474717908,0.8111035152253958,0.020605081499871152,0.217808828803388,776.7282585999191,5.280103768647053,27.298060987207375,89.55239850039543,25.329306306289762,81.77899815643448,16.21039962342885
2.70715673575762,1.3613733508973453,0.046224916624426536,0.04233643564131222,0.6599848372698764,0.4480116180759421,0.007962092313654773,1194.6515661535152,2.1703947052768693,28.129313413301414,97.1810904949918,91.60608551471157,57.90696805772799,67.15056955503321
4.577476854590618,0.058619153429030166,2.851299323480143,0.1905048695164605,0.5451093062183908,0.07398093660881389,0.3754219144451373,83.2084115046236,2.7072016067974842,35.69379586682906,81.08649036260081,52.626994667611775,37.968217757496156,46.07599680168463
4.92737729099382,0.6324104503001076,0.12288648007593796,0.09529643474717908,0.8111035152253958,0.020605081499871152,0.217808828803388,776.7282585999191,5.280103768647053,27.298060987207375,89.55239850039543,25.329306306289762,81.77899815643448,16.21039962342885
4.349282778412612,0.41365747923636476,0.07334969115306969,0.2062202017138096,0.4337145412748012,0.17796462434705917,0.7553439080581753,297.57380978444763,6.971956785207494,10.740700774603635,50.09821656703782,8.374645980040558,56.70145070352335,55.986147875646566
4.92737729099382,0.6324104503001076,0.12288648007593796,0.09529643474717908,0.8111035152253958,0.020605081499871152,0.217808828803388,776.7282585999191,5.280103768647053,27.298060987207375,89.55239850039543,25.329306306289762,81.77899815643448,16.21039962342885
4.92737729099382,0.6324104503001076,0.12288648007593796,0.09529643474717908,0.8111035152253958,0.020605081499871152,0.217808828803388,776.7282585999191,5.280103768647053,27.298060987207375,89.55239850039543,25.329306306289762,81.77899815643448,16.21039962342885
4.92737729099382,0.6324104503001076,0.12288648007593796,0.09529643474717908,0.8111035152253958,0.020605081499871152,0.217808828803388,776.7282585999191,5.280103768647053,27.298060987207375,89.55239850039543,25.329306306289762,81.77899815643448,16.21039962342885
4.594487136548864,0.6324104503001076,0.12288648007593796,0.07836650103184944,0.8111035152253958,0.019100927428426707,0.217808828803388,463.5297759564156,5.280103768647053,27.298060987207375,89.55239850039543,25.329306306289762,81.77899815643448,16.21039962342885
4.922702328914244,0.6324104503001076,0.12288648007593796,0.09529643474717908,0.8111035152253958,0.020605081499871152,0.217808828803388,776.7282585999191,5.280103768647053,27.298060987207375,89.55239850039543,28.718063862213587,81.77899815643448,16.21039962342885
4.92737729099382,0.6324104503001076,0.12288648007593796,0.09529643474717908,0.8111035152253958,0.020605081499871152,0.217808828803388,776.7282585999191,5.280103768647053,27.298060987207375,89.55239850039543,25.329306306289762,81.77899815643448,16.21039962342885
4.7364134076986915,0.6324104503001076,0.12288648007593796,0.09529643474717908,0.8111035152253958,0.020605081499871152,0.5738651829766594,776.7282585999191,5.280103768647053,27.298060987207375,89.55239850039543,25.329306306289762,81.77899815643448,16.21039962342885
4.611819544990589,0.9824287909308131,0.4471006158957623,0.15398568316493622,0.1648361269474924,0.7761575768120621,0.7909563937818178,27.573079495000684,3.922089852971109,84.60287451277974,87.4876457300945,82.38583056999498,67.38513856421812,15.461702824409157
4.92737729099382,0.6324104503001076,0.12288648007593796,0.09529643474717908,0.8111035152253958,0.020605081499871152,0.217808828803388,776.7282585999191,5.280103768647053,27.298060987207375,89.55239850039543,25.329306306289762,81.77899815643448,16.21039962342885
4.076622644718342,0.9800418332086195,0.09210160186912039,0.08098510429427276,0.16782212413367503,0.22738395134981954,0.6893818528871574,1.9706035145740242,3.2790637808509278,7.663490279946201,0.6773954698008448,70.48325523638647,0.662802836377892,94.67545995892395
4.88546389776163,0.6324104503001076,0.12288648007593796,0.09529643474717908,0.8111035152253958,0.18735778224420196,0.3569842090556574,776.7282585999191,5.280103768647053,27.298060987207375,89.55239850039543,25.329306306289762,81.77899815643448,16.21039962342885
2.70715673575762,1.3613733508973453,0.046224916624426536,0.04233643564131222,0.6599848372698764,0.4480116180759421,0.007962092313654773,1194.6515661535152,2.1703947052768693,28.129313413301414,97.1810904949918,91.60608551471157,57.90696805772799,67.15056955503321
4.92737729099382,0.6324104503001076,0.12288648007593796,0.09529643474717908,0.8111035152253958,0.020605081499871152,0.217808828803388,776.7282585999191,5.280103768647053,27.298060987207375,89.55239850039543,25.329306306289762,81.77899815643448,16.21039962342885
4.577476854590618,0.058619153429030166,2.851299323480143,0.1905048695164605,0.5451093062183908,0.07398093660881389,0.3754219144451373,83.2084115046236,2.7072016067974842,35.69379586682906,81.08649036260081,52.626994667611775,37.968217757496156,46.07599680168463
4.349282778412612,0.41365747923636476,0.07334969115306969,0.2062202017138096,0.4337145412748012,0.17796462434705917,0.7553439080581753,297.57380978444763,6.971956785207494,10.740700774603635,50.09821656703782,8.374645980040558,56.70145070352335,55.986147875646566
4.92737729099382,0.6324104503001076,0.12288648007593796,0.09529643474717908,0.8111035152253958,0.020605081499871152,0.217808828803388,776.7282585999191,5.280103768647053,27.298060987207375,89.55239850039543,25.329306306289762,81.77899815643448,16.21039962342885
4.92737729099382,0.6324104503001076,0.12288648007593796,0.09529643474717908,0.8111035152253958,0.020605081499871152,0.217808828803388,776.7282585999191,5.280103768647053,27.298060987207375,89.55239850039543,25.329306306289762,81.77899815643448,16.21039962342885
4.92737729099382,0.6324104503001076,0.12288648007593796,0.09529643474717908,0.8111035152253958,0.020605081499871152,0.217808828803388,776.7282585999191,5.280103768647053,27.298060987207375,89.55239850039543,25.329306306289762,81.77899815643448,16.21039962342885
4.7364134076986915,0.6324104503001076,0.12288648007593796,0.09529643474717908,0.8111035152253958,0.020605081499871152,0.5738651829766594,776.7282585999191,5.280103768647053,27.298060987207375,89.55239850039543,25.329306306289762,81.77899815643448,16.21039962342885
4.594487136548864,0.6324104503001076,0.12288648007593796,0.07836650103184944,0.8111035152253958,0.019100927428426707,0.217808828803388,463.5297759564156,5.280103768647053,27.298060987207375,89.55239850039543,25.329306306289762,81.77899815643448,16.21039962342885
4.92737729099382,0.6324104503001076,0.12288648007593796,0.09529643474717908,0.8111035152253958,0.020605081499871152,0.217808828803388,776.7282585999191,5.280103768647053,27.298060987207375,89.55239850039543,25.329306306289762,81.77899815643448,16.21039962342885
4.92737729099382,0.6324104503001076,0.12288648007593796,0.09529643474717908,0.8111035152253958,0.020605081499871152,0.217808828803388,776.7282585999191,5.280103768647053,27.298060987207375,89.55239850039543,25.329306306289762,81.77899815643448,16.21039962342885
4.611819544990589,0.9824287909308131,0.4471006158957623,0.15398568316493622,0.1648361269474924,0.7761575768120621,0.7909563937818178,27.573079495000684,3.922089852971109,84.60287451277974,87.4876457300945,82.38583056999498,67.38513856421812,15.461702824409157
4.92737729099382,0.6324104503001076,0.12288648007593796,0.09529643474717908,0.8111035152253958,0.020605081499871152,0.217808828803388,776.7282585999191,5.280103768647053,27.298060987207375,89.55239850039543,25.329306306289762,81.77899815643448,16.21039962342885
4.88546389776163,0.6324104503001076,0.12288648007593796,0.09529643474717908,0.8111035152253958,0.18735778224420196,0.3569842090556574,776.7282585999191,5.280103768647053,27.298060987207375,89.55239850039543,25.329306306289762,81.77899815643448,16.21039962342885
4.076622644718342,0.9800418332086195,0.09210160186912039,0.08098510429427276,0.16782212413367503,0.22738395134981954,0.6893818528871574,1.9706035145740242,3.2790637808509278,7.663490279946201,0.6773954698008448,70.48325523638647,0.662802836377892,94.67545995892395
2.70715673575762,1.3613733508973453,0.046224916624426536,0.04233643564131222,0.6599848372698764,0.4480116180759421,0.007962092313654773,1194.6515661535152,2.1703947052768693,28.129313413301414,97.1810904949918,91.60608551471157,57.90696805772799,67.15056955503321
4.92737729099382,0.6324104503001076,0.12288648007593796,0.09529643474717908,0.8111035152253958,0.020605081499871152,0.217808828803388,776.7282585999191,5.280103768647053,27.298060987207375,89.55239850039543,25.329306306289762,81.77899815643448,16.21039962342885
4.349282778412612,0.41365747923636476,0.07334969115306969,0.2062202017138096,0.4337145412748012,0.17796462434705917,0.7553439080581753,297.57380978444763,6.971956785207494,10.740700774603635,50.09821656703782,8.374645980040558,56.70145070352335,55.986147875646566
4.577476854590618,0.058619153429030166,2.851299323480143,0.1905048695164605,0.5451093062183908,0.07398093660881389,0.3754219144451373,83.2084115046236,2.7072016067974842,35.69379586682906,81.08649036260081,52.626994667611775,37.968217757496156,46.07599680168463
4.7364134076986915,0.6324104503001076,0.12288648007593796,0.09529643474717908,0.8111035152253958,0.020605081499871152,0.5738651829766594,776.7282585999191,5.280103768647053,27.298060987207375,89.55239850039543,25.329306306289762,81.77899815643448,16.21039962342885
4.92737729099382,0.6324104503001076,0.12288648007593796,0.09529643474717908,0.8111035152253958,0.020605081499871152,0.217808828803388,776.7282585999191,5.280103768647053,27.298060987207375,89.55239850039543,25.329306306289762,81.77899815643448,16.21039962342885
4.594487136548864,0.6324104503001076,0.12288648007593796,0.07836650103184944,0.8111035152253958,0.019100927428426707,0.217808828803388,463.5297759564156,5.280103768647053,27.298060987207375,89.55239850039543,25.329306306289762,81.77899815643448,16.21039962342885
4.922702328914244,0.6324104503001076,0.12288648007593796,0.09529643474717908,0.8111035152253958,0.020605081499871152,0.217808828803388,776.7282585999191,5.280103768647053,27.298060987207375,89.55239850039543,28.718063862213587,81.77899815643448,16.21039962342885
4.92737729099382,0.6324104503001076,0.12288648007593796,0.09529643474717908,0.8111035152253958,0.020605081499871152,0.217808828803388,776.7282585999191,5.280103768647053,27.298060987207375,89.55239850039543,25.329306306289762,81.77899815643448,16.21039962342885
4.92737729099382,0.6324104503001076,0.12288648007593796,0.09529643474717908,0.8111035152253958,0.020605081499871152,0.217808828803388,776.7282585999191,5.280103768647053,27.298060987207375,89.55239850039543,25.329306306289762,81.77899815643448,16.21039962342885
4.611819544990589,0.9824287909308131,0.4471006158957623,0.15398568316493622,0.1648361269474924,0.7761575768120621,0.7909563937818178,27.573079495000684,3.922089852971109,84.60287451277974,87.4876457300945,82.38583056999498,67.38513856421812,15.461702824409157
4.88546389776163,0.6324104503001076,0.12288648007593796,0.09529643474717908,0.8111035152253958,0.18735778224420196,0.3569842090556574,776.7282585999191,5.280103768647053,27.298060987207375,89.55239850039543,25.329306306289762,81.77899815643448,16.21039962342885
4.92737729099382,0.6324104503001076,0.12288648007593796,0.09529643474717908,0.8111035152253958,0.020605081499871152,0.217808828803388,776.7282585999191,5.280103768647053,27.298060987207375,89.55239850039543,25.329306306289762,81.77899815643448,16.21039962342885
4.076622644718342,0.9800418332086195,0.09210160186912039,0.08098510429427276,0.16782212413367503,0.22738395134981954,0.6893818528871574,1.9706035145740242,3.2790637808509278,7.663490279946201,0.6773954698008448,70.48325523638647,0.662802836377892,94.67545995892395
2.70715673575762,1.3613733508973453,0.046224916624426536,0.04233643564131222,0.6599848372698764,0.4480116180759421,0.007962092313654773,1194.6515661535152,2.1703947052768693,28.129313413301414,97.1810904949918,91.60608551471157,57.90696805772799,67.15056955503321
4.349282778412612,0.41365747923636476,0.07334969115306969,0.2062202017138096,0.4337145412748012,0.17796462434705917,0.7553439080581753,297.57380978444763,6.971956785207494,10.740700774603635,50.09821656703782,8.374645980040558,56.70145070352335,55.986147875646566
4.92737729099382,0.6324104503001076,0.12288648007593796,0.09529643474717908,0.8111035152253958,0.020605081499871152,0.217808828803388,776.7282585999191,5.280103768647053,27.298060987207375,89.55239850039543,25.329306306289762,81.77899815643448,16.21039962342885
4.92737729099382,0.6324104503001076,0.12288648007593796,0.09529643474717908,0.8111035152253958,0.020605081499871152,0.217808828803388,776.7282585999191,5.280103768647053,27.298060987207375,89.55239850039543,25.329306306289762,81.77899815643448,16.21039962342885
4.92737729099382,0.6324104503001076,0.12288648007593796,0.09529643474717908,0.8111035152253958,0.020605081499871152,0.217808828803388,776.7282585999191,5.280103768647053,27.298060987207375,89.55239850039543,25.329306306289762,81.77899815643448,16.21039962342885
4.7364134076986915,0.6324104503001076,0.12288648007593796,0.09529643474717908,0.8111035152253958,0.020605081499871152,0.5738651829766594,776.7282585999191,5.280103768647053,27.298060987207375,89.55239850039543,25.329306306289762,81.77899815643448,16.21039962342885
4.922702328914244,0.6324104503001076,0.12288648007593796,0.09529643474717908,0.8111035152253958,0.020605081499871152,0.217808828803388,776.7282585999191,5.280103768647053,27.298060987207375,89.55239850039543,28.718063862213587,81.77899815643448,16.21039962342885
4.88546389776163,0.6324104503001076,0.12288648007593796,0.09529643474717908,0.8111035152253958,0.18735778224420196,0.3569842090556574,776.7282585999191,5.280103768647053,27.298060987207375,89.55239850039543,25.329306306289762,81.77899815643448,16.21039962342885
4.611819544990589,0.9824287909308131,0.4471006158957623,0.15398568316493622,0.1648361269474924,0.7761575768120621,0.7909563937818178,27.573079495000684,3.922089852971109,84.60287451277974,87.4876457300945,82.38583056999498,67.38513856421812,15.461702824409157
4.92737729099382,0.6324104503001076,0.12288648007593796,0.09529643474717908,0.8111035152253958,0.020605081499871152,0.217808828803388,776.7282585999191,5.280103768647053,27.298060987207375,89.55239850039543,25.329306306289762,81.77899815643448,16.21039962342885
4.92737729099382,0.6324104503001076,0.12288648007593796,0.09529643474717908,0.8111035152253958,0.020605081499871152,0.217808828803388,776.7282585999191,5.280103768647053,27.298060987207375,89.55239850039543,25.329306306289762,81.77899815643448,16.21039962342885
4.349282778412612,0.41365747923636476,0.07334969115306969,0.2062202017138096,0.4337145412748012,0.17796462434705917,0.7553439080581753,297.57380978444763,6.971956785207494,10.740700774603635,50.09821656703782,8.374645980040558,56.70145070352335,55.986147875646566
2.70715673575762,1.3613733508973453,0.046224916624426536,0.04233643564131222,0.6599848372698764,0.4480116180759421,0.007962092313654773,1194.6515661535152,2.1703947052768693,28.129313413301414,97.1810904949918,91.60608551471157,57.90696805772799,67.15056955503321
4.92737729099382,0.6324104503001076,0.12288648007593796,0.09529643474717908,0.8111035152253958,0.020605081499871152,0.217808828803388,776.7282585999191,5.280103768647053,27.298060987207375,89.55239850039543,25.329306306289762,81.77899815643448,16.21039962342885
4.577476854590618,0.058619153429030166,2.851299323480143,0.1905048695164605,0.5451093062183908,0.07398093660881389,0.3754219144451373,83.2084115046236,2.7072016067974842,35.69379586682906,81.08649036260081,52.626994667611775,37.968217757496156,46.07599680168463
4.7364134076986915,0.6324104503001076,0.12288648007593796,0.09529643474717908,0.8111035152253958,0.020605081499871152,0.5738651829766594,776.7282585999191,5.280103768647053,27.298060987207375,89.55239850039543,25.329306306289762,81.77899815643448,16.21039962342885
4.92737729099382,0.6324104503001076,0.12288648007593796,0.09529643474717908,0.8111035152253958,0.020605081499871152,0.217808828803388,776.7282585999191,5.280103768647053,27.298060987207375,89.55239850039543,25.329306306289762,81.77899815643448,16.21039962342885
4.594487136548864,0.6324104503001076,0.12288648007593796,0.07836650103184944,0.8111035152253958,0.019100927428426707,0.217808828803388,463.5297759564156,5.280103768647053,27.298060987207375,89.55239850039543,25.329306306289762,81.77899815643448,16.21039962342885
4.92737729099382,0.6324104503001076,0.12288648007593796,0.09529643474717908,0.8111035152253958,0.020605081499871152,0.217808828803388,776.7282585999191,5.280103768647053,27.298060987207375,89.55239850039543,25.329306306289762,81.77899815643448,16.21039962342885
4.611819544990589,0.9824287909308131,0.4471006158957623,0.15398568316493622,0.1648361269474924,0.7761575768120621,0.7909563937818178,27.573079495000684,3.922089852971109,84.60287451277974,87.4876457300945,82.38583056999498,67.38513856421812,15.461702824409157
4.88546389776163,0.6324104503001076,0.12288648007593796,0.09529643474717908,0.8111035152253958,0.18735778224420196,0.3569842090556574,776.7282585999191,5.280103768647053,27.298060987207375,89.55239850039543,25.329306306289762,81.77899815643448,16.21039962342885
4.92737729099382,0.6324104503001076,0.12288648007593796,0.09529643474717908,0.8111035152253958,0.020605081499871152,0.217808828803388,776.7282585999191,5.280103768647053,27.298060987207375,89.55239850039543,25.329306306289762,81.77899815643448,16.21039962342885
4.922702328914244,0.6324104503001076,0.12288648007593796,0.09529643474717908,0.8111035152253958,0.020605081499871152,0.217808828803388,776.7282585999191,5.280103768647053,27.298060987207375,89.55239850039543,28.718063862213587,81.77899815643448,16.21039962342885
4.92737729099382,0.6324104503001076,0.12288648007593796,0.09529643474717908,0.8111035152253958,0.020605081499871152,0.217808828803388,776.7282585999191,5.280103768647053,27.298060987207375,89.55239850039543,25.329306306289762,81.77899815643448,16.21039962342885
4.92737729099382,0.6324104503001076,0.12288648007593796,0.09529643474717908,0.8111035152253958,0.020605081499871152,0.217808828803388,776.7282585999191,5.280103768647053,27.298060987207375,89.55239850039543,25.329306306289762,81.77899815643448,16.21039962342885
4.076622644718342,0.9800418332086195,0.09210160186912039,0.08098510429427276,0.16782212413367503,0.22738395134981954,0.6893818528871574,1.9706035145740242,3.2790637808509278,7.663490279946201,0.6773954698008448,70.48325523638647,0.662802836377892,94.67545995892395
2.70715673575762,1.3613733508973453,0.046224916624426536,0.04233643564131222,0.6599848372698764,0.4480116180759421,0.007962092313654773,1194.6515661535152,2.1703947052768693,28.129313413301414,97.1810904949918,91.60608551471157,57.90696805772799,67.15056955503321
4.349282778412612,0.41365747923636476,0.07334969115306969,0.2062202017138096,0.4337145412748012,0.17796462434705917,0.7553439080581753,297.57380978444763,6.971956785207494,10.740700774603635,50.09821656703782,8.374645980040558,56.70145070352335,55.986147875646566
4.7364134076986915,0.6324104503001076,0.12288648007593796,0.09529643474717908,0.8111035152253958,0.020605081499871152,0.5738651829766594,776.7282585999191,5.280103768647053,27.298060987207375,89.55239850039543,25.329306306289762,81.77899815643448,16.21039962342885
4.92737729099382,0.6324104503001076,0.12288648007593796,0.09529643474717908,0.8111035152253958,0.020605081499871152,0.217808828803388,776.7282585999191,5.280103768647053,27.298060987207375,89.55239850039543,25.329306306289762,81.77899815643448,16.21039962342885
4.92737729099382,0.6324104503001076,0.12288648007593796,0.09529643474717908,0.8111035152253958,0.020605081499871152,0.217808828803388,776.7282585999191,5.280103768647053,27.298060987207375,89.55239850039543,25.329306306289762,81.77899815643448,16.21039962342885
4.92737729099382,0.6324104503001076,0.12288648007593796,0.09529643474717908,0.8111035152253958,0.020605081499871152,0.217808828803388,776.7282585999191,5.280103768647053,27.298060987207375,89.55239850039543,25.329306306289762,81.77899815643448,16.21039962342885
4.92737729099382,0.6324104503001076,0.12288648007593796,0.09529643474717908,0.8111035152253958,0.020605081499871152,0.217808828803388,776.7282585999191,5.280103768647053,27.298060987207375,89.55239850039543,25.329306306289762,81.77899815643448,16.21039962342885
4.88546389776163,0.6324104503001076,0.12288648007593796,0.09529643474717908,0.8111035152253958,0.18735778224420196,0.3569842090556574,776.7282585999191,5.280103768647053,27.298060987207375,89.55239850039543,25.329306306289762,81.77899815643448,16.21039962342885
4.611819544990589,0.9824287909308131,0.4471006158957623,0.15398568316493622,0.1648361269474924,0.7761575768120621,0.7909563937818178,27.573079495000684,3.922089852971109,84.60287451277974,87.4876457300945,82.38583056999498,67.38513856421812,15.461702824409157
4.594487136548864,0.6324104503001076,0.12288648007593796,0.07836650103184944,0.8111035152253958,0.019100927428426707,0.217808828803388,463.5297759564156,5.280103768647053,27.298060987207375,89.55239850039543,25.329306306289762,81.77899815643448,16.21039962342885
4.92737729099382,0.6324104503001076,0.12288648007593796,0.09529643474717908,0.8111035152253958,0.020605081499871152,0.217808828803388,776.7282585999191,5.280103768647053,27.298060987207375,89.55239850039543,25.329306306289762,81.77899815643448,16.21039962342885
4.92737729099382,0.6324104503001076,0.12288648007593796,0.09529643474717908,0.8111035152253958,0.020605081499871152,0.217808828803388,776.7282585999191,5.280103768647053,27.298060987207375,89.55239850039543,25.329306306289762,81.77899815643448,16.21039962342885
4.922702328914244,0.6324104503001076,0.12288648007593796,0.09529643474717908,0.8111035152253958,0.020605081499871152,0.217808828803388,776.7282585999191,5.280103768647053,27.298060987207375,89.55239850039543,28.718063862213587,81.77899815643448,16.21039962342885
4.076622644718342,0.9800418332086195,0.09210160186912039,0.08098510429427276,0.16782212413367503,0.22738395134981954,0.6893818528871574,1.9706035145740242,3.2790637808509278,7.663490279946201,0.6773954698008448,70.48325523638647,0.662802836377892,94.67545995892395
2.70715673575762,1.3613733508973453,0.046224916624426536,0.04233643564131222,0.6599848372698764,0.4480116180759421,0.007962092313654773,1194.6515661535152,2.1703947052768693,28.129313413301414,97.1810904949918,91.60608551471157,57.90696805772799,67.15056955503321
4.349282778412612,0.41365747923636476,0.07334969115306969,0.2062202017138096,0.4337145412748012,0.17796462434705917,0.7553439080581753,297.57380978444763,6.971956785207494,10.740700774603635,50.09821656703782,8.374645980040558,56.70145070352335,55.986147875646566
4.92737729099382,0.6324104503001076,0.12288648007593796,0.09529643474717908,0.8111035152253958,0.020605081499871152,0.217808828803388,776.7282585999191,5.280103768647053,27.298060987207375,89.55239850039543,25.329306306289762,81.77899815643448,16.21039962342885
4.577476854590618,0.058619153429030166,2.851299323480143,0.1905048695164605,0.5451093062183908,0.07398093660881389,0.3754219144451373,83.2084115046236,2.7072016067974842,35.69379586682906,81.08649036260081,52.626994667611775,37.968217757496156,46.07599680168463
4.7364134076986915,0.6324104503001076,0.12288648007593796,0.09529643474717908,0.8111035152253958,0.020605081499871152,0.5738651829766594,776.7282585999191,5.280103768647053,27.298060987207375,89.55239850039543,25.329306306289762,81.77899815643448,16.21039962342885
4.92737729099382,0.6324104503001076,0.12288648007593796,0.09529643474717908,0.8111035152253958,0.020605081499871152,0.217808828803388,776.7282585999191,5.280103768647053,27.298060987207375,89.55239850039543,25.329306306289762,81.77899815643448,16.21039962342885
4.92737729099382,0.6324104503001076,0.12288648007593796,0.09529643474717908,0.8111035152253958,0.020605081499871152,0.217808828803388,776.7282585999191,5.280103768647053,27.298060987207375,89.55239850039543,25.329306306289762,81.77899815643448,16.21039962342885
4.92737729099382,0.6324104503001076,0.12288648007593796,0.09529643474717908,0.8111035152253958,0.020605081499871152,0.217808828803388,776.7282585999191,5.280103768647053,27.298060987207375,89.55239850039543,25.329306306289762,81.77899815643448,16.21039962342885
4.88546389776163,0.6324104503001076,0.12288648007593796,0.09529643474717908,0.8111035152253958,0.18735778224420196,0.3569842090556574,776.7282585999191,5.280103768647053,27.298060987207375,89.55239850039543,25.329306306289762,81.77899815643448,16.21039962342885
4.594487136548864,0.6324104503001076,0.12288648007593796,0.07836650103184944,0.8111035152253958,0.019100927428426707,0.217808828803388,463.5297759564156,5.280103768647053,27.298060987207375,89.55239850039543,25.329306306289762,81.77899815643448,16.21039962342885
4.611819544990589,0.9824287909308131,0.4471006158957623,0.15398568316493622,0.1648361269474924,0.7761575768120621,0.7909563937818178,27.573079495000684,3.922089852971109,84.60287451277974,87.4876457300945,82.38583056999498,67.38513856421812,15.461702824409157
2.70715673575762,1.3613733508973453,0.046224916624426536,0.04233643564131222,0.6599848372698764,0.4480116180759421,0.007962092313654773,1194.6515661535152,2.1703947052768693,28.129313413301414,97.1810904949918,91.60608551471157,57.90696805772799,67.15056955503321
4.076622644718342,0.9800418332086195,0.09210160186912039,0.08098510429427276,0.16782212413367503,0.22738395134981954,0.6893818528871574,1.9706035145740242,3.2790637808509278,7.663490279946201,0.6773954698008448,70.48325523638647,0.662802836377892,94.67545995892395
4.922702328914244,0.6324104503001076,0.12288648007593796,0.09529643474717908,0.8111035152253958,0.020605081499871152,0.217808828803388,776.7282585999191,5.280103768647053,27.298060987207375,89.55239850039543,28.718063862213587,81.77899815643448,16.21039962342885
4.349282778412612,0.41365747923636476,0.07334969115306969,0.2062202017138096,0.4337145412748012,0.17796462434705917,0.7553439080581753,297.57380978444763,6.971956785207494,10.740700774603635,50.09821656703782,8.374645980040558,56.70145070352335,55.986147875646566
4.7364134076986915,0.6324104503001076,0.12288648007593796,0.09529643474717908,0.8111035152253958,0.020605081499871152,0.5738651829766594,776.7282585999191,5.280103768647053,27.298060987207375,89.55239850039543,25.329306306289762,81.77899815643448,16.21039962342885
4.577476854590618,0.058619153429030166,2.851299323480143,0.1905048695164605,0.5451093062183908,0.07398093660881389,0.3754219144451373,83.2084115046236,2.7072016067974842,35.69379586682906,81.08649036260081,52.626994667611775,37.968217757496156,46.07599680168463
4.92737729099382,0.6324104503001076,0.12288648007593796,0.09529643474717908,0.8111035152253958,0.020605081499871152,0.217808828803388,776.7282585999191,5.280103768647053,27.298060987207375,89.55239850039543,25.329306306289762,81.77899815643448,16.21039962342885
4.92737729099382,0.6324104503001076,0.12288648007593796,0.09529643474717908,0.8111035152253958,0.020605081499871152,0.217808828803388,776.7282585999191,5.280103768647053,27.298060987207375,89.55239850039543,25.329306306289762,81.77899815643448,16.21039962342885
4.92737729099382,0.6324104503001076,0.12288648007593796,0.09529643474717908,0.8111035152253958,0.020605081499871152,0.217808828803388,776.7282585999191,5.280103768647053,27.298060987207375,89.55239850039543,25.329306306289762,81.77899815643448,16.21039962342885
4.88546389776163,0.6324104503001076,0.12288648007593796,0.09529643474717908,0.8111035152253958,0.18735778224420196,0.3569842090556574,776.7282585999191,5.280103768647053,27.298060987207375,89.55239850039543,25.329306306289762,81.77899815643448,16.21039962342885
4.611819544990589,0.9824287909308131,0.4471006158957623,0.15398568316493622,0.1648361269474924,0.7761575768120621,0.7909563937818178,27.573079495000684,3.922089852971109,84.60287451277974,87.4876457300945,82.38583056999498,67.38513856421812,15.461702824409157
2.70715673575762,1.3613733508973453,0.046224916624426536,0.04233643564131222,0.6599848372698764,0.4480116180759421,0.007962092313654773,1194.6515661535152,2.1703947052768693,28.129313413301414,97.1810904949918,91.60608551471157,57.90696805772799,67.15056955503321
4.076622644718342,0.9800418332086195,0.09210160186912039,0.08098510429427276,0.16782212413367503,0.22738395134981954,0.6893818528871574,1.9706035145740242,3.2790637808509278,7.663490279946201,0.6773954698008448,70.48325523638647,0.662802836377892,94.67545995892395
4.519840002128423,0.23408631064743182,0.013794570259370576,0.09571543888800066,0.8111035152253958,0.020605081499871152,0.13789472145850962,714.9302865322319,5.602416400541676,14.849837465488791,89.7210335960851,40.997713833672464,95.91237314555568,45.763639764384834
4.92737729099382,0.6324104503001076,0.12288648007593796,0.09529643474717908,0.8111035152253958,0.020605081499871152,0.217808828803388,776.7282585999191,5.280103768647053,27.298060987207375,89.55239850039543,25.329306306289762,81.77899815643448,16.21039962342885
4.349282778412612,0.41365747923636476,0.07334969115306969,0.2062202017138096,0.4337145412748012,0.17796462434705917,0.7553439080581753,297.57380978444763,6.971956785207494,10.740700774603635,50.09821656703782,8.374645980040558,56.70145070352335,55.986147875646566
4.922702328914244,0.6324104503001076,0.12288648007593796,0.09529643474717908,0.8111035152253958,0.020605081499871152,0.217808828803388,776.7282585999191,5.280103768647053,27.298060987207375,89.55239850039543,28.718063862213587,81.77899815643448,16.21039962342885
4.926141713383852,0.6324104503001076,0.12288648007593796,0.09529643474717908,0.8111035152253958,0.020605081499871152,0.217808828803388,776.7282585999191,5.280103768647053,27.298060987207375,89.55239850039543,25.329306306289762,81.77899815643448,14.279450355741114
4.577476854590618,0.058619153429030166,2.851299323480143,0.1905048695164605,0.5451093062183908,0.07398093660881389,0.3754219144451373,83.2084115046236,2.7072016067974842,35.69379586682906,81.08649036260081,52.626994667611775,37.968217757496156,46.07599680168463
4.92737729099382,0.6324104503001076,0.12288648007593796,0.09529643474717908,0.8111035152253958,0.020605081499871152,0.217808828803388,776.7282585999191,5.280103768647053,27.298060987207375,89.55239850039543,25.329306306289762,81.77899815643448,16.21039962342885
4.92737729099382,0.6324104503001076,0.12288648007593796,0.09529643474717908,0.8111035152253958,0.020605081499871152,0.217808828803388,776.7282585999191,5.280103768647053,27.298060987207375,89.55239850039543,25.329306306289762,81.77899815643448,16.21039962342885
4.88546389776163,0.6324104503001076,0.12288648007593796,0.09529643474717908,0.8111035152253958,0.18735778224420196,0.3569842090556574,776.7282585999191,5.280103768647053,27.298060987207375,89.55239850039543,25.329306306289762,81.77899815643448,16.21039962342885
4.611819544990589,0.9824287909308131,0.4471006158957623,0.15398568316493622,0.1648361269474924,0.7761575768120621,0.7909563937818178,27.573079495000684,3.922089852971109,84.60287451277974,87.4876457300945,82.38583056999498,67.38513856421812,15.461702824409157
4.594487136548864,0.6324104503001076,0.12288648007593796,0.07836650103184944,0.8111035152253958,0.019100927428426707,0.217808828803388,463.5297759564156,5.280103768647053,27.298060987207375,89.55239850039543,25.329306306289762,81.77899815643448,16.21039962342885
4.92737729099382,0.6324104503001076,0.12288648007593796,0.09529643474717908,0.8111035152253958,0.020605081499871152,0.217808828803388,776.7282585999191,5.280103768647053,27.298060987207375,89.55239850039543,25.329306306289762,81.77899815643448,16.21039962342885
2.70715673575762,1.3613733508973453,0.046224916624426536,0.04233643564131222,0.6599848372698764,0.4480116180759421,0.007962092313654773,1194.6515661535152,2.1703947052768693,28.129313413301414,97.1810904949918,91.60608551471157,57.90696805772799,67.15056955503321
4.076622644718342,0.9800418332086195,0.09210160186912039,0.08098510429427276,0.16782212413367503,0.22738395134981954,0.6893818528871574,1.9706035145740242,3.2790637808509278,7.663490279946201,0.6773954698008448,70.48325523638647,0.662802836377892,94.67545995892395
4.519840002128423,0.23408631064743182,0.013794570259370576,0.09571543888800066,0.8111035152253958,0.020605081499871152,0.13789472145850962,714.9302865322319,5.602416400541676,14.849837465488791,89.7210335960851,40.997713833672464,95.91237314555568,45.763639764384834
4.349282778412612,0.41365747923636476,0.07334969115306969,0.2062202017138096,0.4337145412748012,0.17796462434705917,0.7553439080581753,297.57380978444763,6.971956785207494,10.740700774603635,50.09821656703782,8.374645980040558,56.70145070352335,55.986147875646566
4.92737729099382,0.6324104503001076,0.12288648007593796,0.09529643474717908,0.8111035152253958,0.020605081499871152,0.217808828803388,776.7282585999191,5.280103768647053,27.298060987207375,89.55239850039543,25.329306306289762,81.77899815643448,16.21039962342885
4.7364134076986915,0.6324104503001076,0.12288648007593796,0.09529643474717908,0.8111035152253958,0.020605081499871152,0.5738651829766594,776.7282585999191,5.280103768647053,27.298060987207375,89.55239850039543,25.329306306289762,81.77899815643448,16.21039962342885
4.92737729099382,0.6324104503001076,0.12288648007593796,0.09529643474717908,0.8111035152253958,0.020605081499871152,0.217808828803388,776.7282585999191,5.280103768647053,27.298060987207375,89.55239850039543,25.329306306289762,81.77899815643448,16.21039962342885
4.88546389776163,0.6324104503001076,0.12288648007593796,0.09529643474717908,0.8111035152253958,0.18735778224420196,0.3569842090556574,776.7282585999191,5.280103768647053,27.298060987207375,89.55239850039543,25.329306306289762,81.77899815643448,16.21039962342885
4.92737729099382,0.6324104503001076,0.12288648007593796,0.09529643474717908,0.8111035152253958,0.020605081499871152,0.217808828803388,776.7282585999191,5.280103768647053,27.298060987207375,89.55239850039543,25.329306306289762,81.77899815643448,16.21039962342885
4.92737729099382,0.6324104503001076,0.12288648007593796,0.09529643474717908,0.8111035152253958,0.020605081499871152,0.217808828803388,776.7282585999191,5.280103768647053,27.298060987207375,89.55239850039543,25.329306306289762,81.77899815643448,16.21039962342885
4.611819544990589,0.9824287909308131,0.4471006158957623,0.15398568316493622,0.1648361269474924,0.7761575768120621,0.7909563937818178,27.573079495000684,3.922089852971109,84.60287451277974,87.4876457300945,82.38583056999498,67.38513856421812,15.461702824409157
4.92737729099382,0.6324104503001076,0.12288648007593796,0.09529643474717908,0.8111035152253958,0.020605081499871152,0.217808828803388,776.7282585999191,5.280103768647053,27.298060987207375,89.55239850039543,25.329306306289762,81.77899815643448,16.21039962342885
4.594487136548864,0.6324104503001076,0.12288648007593796,0.07836650103184944,0.8111035152253958,0.019100927428426707,0.217808828803388,463.5297759564156,5.280103768647053,27.298060987207375,89.55239850039543,25.329306306289762,81.77899815643448,16.21039962342885
4.076622644718342,0.9800418332086195,0.09210160186912039,0.08098510429427276,0.16782212413367503,0.22738395134981954,0.6893818528871574,1.9706035145740242,3.2790637808509278,7.663490279946201,0.6773954698008448,70.48325523638647,0.662802836377892,94.67545995892395
4.519840002128423,0.23408631064743182,0.013794570259370576,0.09571543888800066,0.8111035152253958,0.020605081499871152,0.13789472145850962,714.9302865322319,5.602416400541676,14.849837465488791,89.7210335960851,40.997713833672464,95.91237314555568,45.763639764384834
4.349282778412612,0.41365747923636476,0.07334969115306969,0.2062202017138096,0.4337145412748012,0.17796462434705917,0.7553439080581753,297.57380978444763,6.971956785207494,10.740700774603635,50.09821656703782,8.374645980040558,56.70145070352335,55.986147875646566
4.922702328914244,0.6324104503001076,0.12288648007593796,0.09529643474717908,0.8111035152253958,0.020605081499871152,0.217808828803388,776.7282585999191,5.280103768647053,27.298060987207375,89.55239850039543,28.718063862213587,81.77899815643448,16.21039962342885
4.92737729099382,0.6324104503001076,0.12288648007593796,0.09529643474717908,0.8111035152253958,0.020605081499871152,0.217808828803388,776.7282585999191,5.280103768647053,27.298060987207375,89.55239850039543,25.329306306289762,81.77899815643448,16.21039962342885
4.7364134076986915,0.6324104503001076,0.12288648007593796,0.09529643474717908,0.8111035152253958,0.020605081499871152,0.5738651829766594,776.7282585999191,5.280103768647053,27.298060987207375,89.55239850039543,25.329306306289762,81.77899815643448,16.21039962342885
4.926141713383852,0.6324104503001076,0.12288648007593796,0.09529643474717908,0.8111035152253958,0.020605081499871152,0.217808828803388,776.7282585999191,5.280103768647053,27.298060987207375,89.55239850039543,25.329306306289762,81.77899815643448,14.279450355741114
4.92737729099382,0.6324104503001076,0.12288648007593796,0.09529643474717908,0.8111035152253958,0.020605081499871152,0.217808828803388,776.7282585999191,5.280103768647053,27.298060987207375,89.55239850039543,25.329306306289762,81.77899815643448,16.21039962342885
4.92737729099382,0.6324104503001076,0.12288648007593796,0.09529643474717908,0.8111035152253958,0.020605081499871152,0.217808828803388,776.7282585999191,5.280103768647053,27.298060987207375,89.55239850039543,25.329306306289762,81.77899815643448,16.21039962342885
4.577476854590618,0.058619153429030166,2.851299323480143,0.1905048695164605,0.5451093062183908,0.07398093660881389,0.3754219144451373,83.2084115046236,2.7072016067974842,35.69379586682906,81.08649036260081,52.626994667611775,37.968217757496156,46.07599680168463
4.611819544990589,0.9824287909308131,0.4471006158957623,0.15398568316493622,0.1648361269474924,0.7761575768120621,0.7909563937818178,27.573079495000684,3.922089852971109,84.60287451277974,87.4876457300945,82.38583056999498,67.38513856421812,15.461702824409157
4.92737729099382,0.6324104503001076,0.12288648007593796,0.09529643474717908,0.8111035152253958,0.020605081499871152,0.217808828803388,776.7282585999191,5.280103768647053,27.298060987207375,89.55239850039543,25.329306306289762,81.77899815643448,16.21039962342885
4.92737729099382,0.6324104503001076,0.12288648007593796,0.09529643474717908,0.8111035152253958,0.020605081499871152,0.217808828803388,776.7282585999191,5.280103768647053,27.298060987207375,89.55239850039543,25.329306306289762,81.77899815643448,16.21039962342885
4.594487136548864,0.6324104503001076,0.12288648007593796,0.07836650103184944,0.8111035152253958,0.019100927428426707,0.217808828803388,463.5297759564156,5.280103768647053,27.298060987207375,89.55239850039543,25.329306306289762,81.77899815643448,16.21039962342885
4.076622644718342,0.9800418332086195,0.09210160186912039,0.08098510429427276,0.16782212413367503,0.22738395134981954,0.6893818528871574,1.9706035145740242,3.2790637808509278,7.663490279946201,0.6773954698008448,70.48325523638647,0.662802836377892,94.67545995892395
2.70715673575762,1.3613733508973453,0.046224916624426536,0.04233643564131222,0.6599848372698764,0.4480116180759421,0.007962092313654773,1194.6515661535152,2.1703947052768693,28.129313413301414,97.1810904949918,91.60608551471157,57.90696805772799,67.15056955503321
4.349282778412612,0.41365747923636476,0.07334969115306969,0.2062202017138096,0.4337145412748012,0.17796462434705917,0.7553439080581753,297.57380978444763,6.971956785207494,10.740700774603635,50.09821656703782,8.374645980040558,56.70145070352335,55.986147875646566
4.7364134076986915,0.6324104503001076,0.12288648007593796,0.09529643474717908,0.8111035152253958,0.020605081499871152,0.5738651829766594,776.7282585999191,5.280103768647053,27.298060987207375,89.55239850039543,25.329306306289762,81.77899815643448,16.21039962342885
4.92737729099382,0.6324104503001076,0.12288648007593796,0.09529643474717908,0.8111035152253958,0.020605081499871152,0.217808828803388,776.7282585999191,5.280103768647053,27.298060987207375,89.55239850039543,25.329306306289762,81.77899815643448,16.21039962342885
4.92737729099382,0.6324104503001076,0.12288648007593796,0.09529643474717908,0.8111035152253958,0.020605081499871152,0.217808828803388,776.7282585999191,5.280103768647053,27.298060987207375,89.55239850039543,25.329306306289762,81.77899815643448,16.21039962342885
4.88546389776163,0.6324104503001076,0.12288648007593796,0.09529643474717908,0.8111035152253958,0.18735778224420196,0.3569842090556574,776.7282585999191,5.280103768647053,27.298060987207375,89.55239850039543,25.329306306289762,81.77899815643448,16.21039962342885
4.92737729099382,0.6324104503001076,0.12288648007593796,0.09529643474717908,0.8111035152253958,0.020605081499871152,0.217808828803388,776.7282585999191,5.280103768647053,27.298060987207375,89.55239850039543,25.329306306289762,81.77899815643448,16.21039962342885
4.926141713383852,0.6324104503001076,0.12288648007593796,0.09529643474717908,0.8111035152253958,0.020605081499871152,0.217808828803388,776.7282585999191,5.280103768647053,27.298060987207375,89.55239850039543,25.329306306289762,81.77899815643448,14.279450355741114
4.577476854590618,0.058619153429030166,2.851299323480143,0.1905048695164605,0.5451093062183908,0.07398093660881389,0.3754219144451373,83.2084115046236,2.7072016067974842,35.69379586682906,81.08649036260081,52.626994667611775,37.968217757496156,46.07599680168463
4.611819544990589,0.9824287909308131,0.4471006158957623,0.15398568316493622,0.1648361269474924,0.7761575768120621,0.7909563937818178,27.573079495000684,3.922089852971109,84.60287451277974,87.4876457300945,82.38583056999498,67.38513856421812,15.461702824409157
4.92737729099382,0.6324104503001076,0.12288648007593796,0.09529643474717908,0.8111035152253958,0.020605081499871152,0.217808828803388,776.7282585999191,5.280103768647053,27.298060987207375,89.55239850039543,25.329306306289762,81.77899815643448,16.21039962342885
4.594487136548864,0.6324104503001076,0.12288648007593796,0.07836650103184944,0.8111035152253958,0.019100927428426707,0.217808828803388,463.5297759564156,5.280103768647053,27.298060987207375,89.55239850039543,25.329306306289762,81.77899815643448,16.21039962342885
4.92737729099382,0.6324104503001076,0.12288648007593796,0.09529643474717908,0.8111035152253958,0.020605081499871152,0.217808828803388,776.7282585999191,5.280103768647053,27.298060987207375,89.55239850039543,25.329306306289762,81.77899815643448,16.21039962342885
4.076622644718342,0.9800418332086195,0.09210160186912039,0.08098510429427276,0.16782212413367503,0.22738395134981954,0.6893818528871574,1.9706035145740242,3.2790637808509278,7.663490279946201,0.6773954698008448,70.48325523638647,0.662802836377892,94.67545995892395
4.349282778412612,0.41365747923636476,0.07334969115306969,0.2062202017138096,0.4337145412748012,0.17796462434705917,0.7553439080581753,297.57380978444763,6.971956785207494,10.740700774603635,50.09821656703782,8.374645980040558,56.70145070352335,55.986147875646566
4.519840002128423,0.23408631064743182,0.013794570259370576,0.09571543888800066,0.8111035152253958,0.020605081499871152,0.13789472145850962,714.9302865322319,5.602416400541676,14.849837465488791,89.7210335960851,40.997713833672464,95.91237314555568,45.763639764384834
4.7364134076986915,0.6324104503001076,0.12288648007593796,0.09529643474717908,0.8111035152253958,0.020605081499871152,0.5738651829766594,776.7282585999191,5.280103768647053,27.298060987207375,89.55239850039543,25.329306306289762,81.77899815643448,16.21039962342885
4.922702328914244,0.6324104503001076,0.12288648007593796,0.09529643474717908,0.8111035152253958,0.020605081499871152,0.217808828803388,776.7282585999191,5.280103768647053,27.298060987207375,89.55239850039543,28.718063862213587,81.77899815643448,16.21039962342885
4.92737729099382,0.6324104503001076,0.12288648007593796,0.09529643474717908,0.8111035152253958,0.020605081499871152,0.217808828803388,776.7282585999191,5.280103768647053,27.298060987207375,89.55239850039543,25.329306306289762,81.77899815643448,16.21039962342885
4.92737729099382,0.6324104503001076,0.12288648007593796,0.09529643474717908,0.8111035152253958,0.020605081499871152,0.217808828803388,776.7282585999191,5.280103768647053,27.298060987207375,89.55239850039543,25.329306306289762,81.77899815643448,16.21039962342885
4.92737729099382,0.6324104503001076,0.12288648007593796,0.09529643474717908,0.8111035152253958,0.020605081499871152,0.217808828803388,776.7282585999191,5.280103768647053,27.298060987207375,89.55239850039543,25.329306306289762,81.77899815643448,16.21039962342885
4.88546389776163,0.6324104503001076,0.12288648007593796,0.09529643474717908,0.8111035152253958,0.18735778224420196,0.3569842090556574,776.7282585999191,5.280103768647053,27.298060987207375,89.55239850039543,25.329306306289762,81.77899815643448,16.21039962342885
4.611819544990589,0.9824287909308131,0.4471006158957623,0.15398568316493622,0.1648361269474924,0.7761575768120621,0.7909563937818178,27.573079495000684,3.922089852971109,84.60287451277974,87.4876457300945,82.38583056999498,67.38513856421812,15.461702824409157
4.577476854590618,0.058619153429030166,2.851299323480143,0.1905048695164605,0.5451093062183908,0.07398093660881389,0.3754219144451373,83.2084115046236,2.7072016067974842,35.69379586682906,81.08649036260081,52.626994667611775,37.968217757496156,46.07599680168463
4.926141713383852,0.6324104503001076,0.12288648007593796,0.09529643474717908,0.8111035152253958,0.020605081499871152,0.217808828803388,776.7282585999191,5.280103768647053,27.298060987207375,89.55239850039543,25.329306306289762,81.77899815643448,14.279450355741114
4.594487136548864,0.6324104503001076,0.12288648007593796,0.07836650103184944,0.8111035152253958,0.019100927428426707,0.217808828803388,463.5297759564156,5.280103768647053,27.298060987207375,89.55239850039543,25.329306306289762,81.77899815643448,16.21039962342885
2.70715673575762,1.3613733508973453,0.046224916624426536,0.04233643564131222,0.6599848372698764,0.4480116180759421,0.007962092313654773,1194.6515661535152,2.1703947052768693,28.129313413301414,97.1810904949918,91.60608551471157,57.90696805772799,67.15056955503321
4.92737729099382,0.6324104503001076,0.12288648007593796,0.09529643474717908,0.8111035152253958,0.020605081499871152,0.217808828803388,776.7282585999191,5.280103768647053,27.298060987207375,89.55239850039543,25.329306306289762,81.77899815643448,16.21039962342885
4.349282778412612,0.41365747923636476,0.07334969115306969,0.2062202017138096,0.4337145412748012,0.17796462434705917,0.7553439080581753,297.57380978444763,6.971956785207494,10.740700774603635,50.09821656703782,8.374645980040558,56.70145070352335,55.986147875646566
4.076622644718342,0.9800418332086195,0.09210160186912039,0.08098510429427276,0.16782212413367503,0.22738395134981954,0.6893818528871574,1.9706035145740242,3.2790637808509278,7.663490279946201,0.6773954698008448,70.48325523638647,0.662802836377892,94.67545995892395
4.7364134076986915,0.6324104503001076,0.12288648007593796,0.09529643474717908,0.8111035152253958,0.020605081499871152,0.5738651829766594,776.7282585999191,5.280103768647053,27.298060987207375,89.55239850039543,25.329306306289762,81.77899815643448,16.21039962342885
4.519840002128423,0.23408631064743182,0.013794570259370576,0.09571543888800066,0.8111035152253958,0.020605081499871152,0.13789472145850962,714.9302865322319,5.602416400541676,14.849837465488791,89.7210335960851,40.997713833672464,95.91237314555568,45.763639764384834
4.92737729099382,0.6324104503001076,0.12288648007593796,0.09529643474717908,0.8111035152253958,0.020605081499871152,0.217808828803388,776.7282585999191,5.280103768647053,27.298060987207375,89.55239850039543,25.329306306289762,81.77899815643448,16.21039962342885
4.922702328914244,0.6324104503001076,0.12288648007593796,0.09529643474717908,0.8111035152253958,0.020605081499871152,0.217808828803388,776.7282585999191,5.280103768647053,27.298060987207375,89.55239850039543,28.718063862213587,81.77899815643448,16.21039962342885
4.88546389776163,0.6324104503001076,0.12288648007593796,0.09529643474717908,0.8111035152253958,0.18735778224420196,0.3569842090556574,776.7282585999191,5.280103768647053,27.298060987207375,89.55239850039543,25.329306306289762,81.77899815643448,16.21039962342885
4.92737729099382,0.6324104503001076,0.12288648007593796,0.09529643474717908,0.8111035152253958,0.020605081499871152,0.217808828803388,776.7282585999191,5.280103768647053,27.298060987207375,89.55239850039543,25.329306306289762,81.77899815643448,16.21039962342885
4.611819544990589,0.9824287909308131,0.4471006158957623,0.15398568316493622,0.1648361269474924,0.7761575768120621,0.7909563937818178,27.573079495000684,3.922089852971109,84.60287451277974,87.4876457300945,82.38583056999498,67.38513856421812,15.461702824409157
4.92737729099382,0.6324104503001076,0.12288648007593796,0.09529643474717908,0.8111035152253958,0.020605081499871152,0.217808828803388,776.7282585999191,5.280103768647053,27.298060987207375,89.55239850039543,25.329306306289762,81.77899815643448,16.21039962342885
4.594487136548864,0.6324104503001076,0.12288648007593796,0.07836650103184944,0.8111035152253958,0.019100927428426707,0.217808828803388,463.5297759564156,5.280103768647053,27.298060987207375,89.55239850039543,25.329306306289762,81.77899815643448,16.21039962342885
4.926141713383852,0.6324104503001076,0.12288648007593796,0.09529643474717908,0.8111035152253958,0.020605081499871152,0.217808828803388,776.7282585999191,5.280103768647053,27.298060987207375,89.55239850039543,25.329306306289762,81.77899815643448,14.279450355741114
4.349282778412612,0.41365747923636476,0.07334969115306969,0.2062202017138096,0.4337145412748012,0.17796462434705917,0.7553439080581753,297.57380978444763,6.971956785207494,10.740700774603635,50.09821656703782,8.374645980040558,56.70145070352335,55.986147875646566
4.92737729099382,0.6324104503001076,0.12288648007593796,0.09529643474717908,0.8111035152253958,0.020605081499871152,0.217808828803388,776.7282585999191,5.280103768647053,27.298060987207375,89.55239850039543,25.329306306289762,81.77899815643448,16.21039962342885
4.7364134076986915,0.6324104503001076,0.12288648007593796,0.09529643474717908,0.8111035152253958,0.020605081499871152,0.5738651829766594,776.7282585999191,5.280103768647053,27.298060987207375,89.55239850039543,25.329306306289762,81.77899815643448,16.21039962342885
4.076622644718342,0.9800418332086195,0.09210160186912039,0.08098510429427276,0.16782212413367503,0.22738395134981954,0.6893818528871574,1.9706035145740242,3.2790637808509278,7.663490279946201,0.6773954698008448,70.48325523638647,0.662802836377892,94.67545995892395
4.519840002128423,0.23408631064743182,0.013794570259370576,0.09571543888800066,0.8111035152253958,0.020605081499871152,0.13789472145850962,714.9302865322319,5.602416400541676,14.849837465488791,89.7210335960851,40.997713833672464,95.91237314555568,45.763639764384834
4.922702328914244,0.6324104503001076,0.12288648007593796,0.09529643474717908,0.8111035152253958,0.020605081499871152,0.217808828803388,776.7282585999191,5.280103768647053,27.298060987207375,89.55239850039543,28.718063862213587,81.77899815643448,16.21039962342885
4.92737729099382,0.6324104503001076,0.12288648007593796,0.09529643474717908,0.8111035152253958,0.020605081499871152,0.217808828803388,776.7282585999191,5.280103768647053,27.298060987207375,89.55239850039543,25.329306306289762,81.77899815643448,16.21039962342885
4.92737729099382,0.6324104503001076,0.12288648007593796,0.09529643474717908,0.8111035152253958,0.020605081499871152,0.217808828803388,776.7282585999191,5.280103768647053,27.298060987207375,89.55239850039543,25.329306306289762,81.77899815643448,16.21039962342885
4.611819544990589,0.9824287909308131,0.4471006158957623,0.15398568316493622,0.1648361269474924,0.7761575768120621,0.7909563937818178,27.573079495000684,3.922089852971109,84.60287451277974,87.4876457300945,82.38583056999498,67.38513856421812,15.461702824409157
4.92737729099382,0.6324104503001076,0.12288648007593796,0.09529643474717908,0.8111035152253958,0.020605081499871152,0.217808828803388,776.7282585999191,5.280103768647053,27.298060987207375,89.55239850039543,25.329306306289762,81.77899815643448,16.21039962342885
4.577476854590618,0.058619153429030166,2.851299323480143,0.1905048695164605,0.5451093062183908,0.07398093660881389,0.3754219144451373,83.2084115046236,2.7072016067974842,35.69379586682906,81.08649036260081,52.626994667611775,37.968217757496156,46.07599680168463
4.594487136548864,0.6324104503001076,0.12288648007593796,0.07836650103184944,0.8111035152253958,0.019100927428426707,0.217808828803388,463.5297759564156,5.280103768647053,27.298060987207375,89.55239850039543,25.329306306289762,81.77899815643448,16.21039962342885
2.70715673575762,1.3613733508973453,0.046224916624426536,0.04233643564131222,0.6599848372698764,0.4480116180759421,0.007962092313654773,1194.6515661535152,2.1703947052768693,28.129313413301414,97.1810904949918,91.60608551471157,57.90696805772799,67.15056955503321
4.349282778412612,0.41365747923636476,0.07334969115306969,0.2062202017138096,0.4337145412748012,0.17796462434705917,0.7553439080581753,297.57380978444763,6.971956785207494,10.740700774603635,50.09821656703782,8.374645980040558,56.70145070352335,55.986147875646566
4.926141713383852,0.6324104503001076,0.12288648007593796,0.09529643474717908,0.8111035152253958,0.020605081499871152,0.217808828803388,776.7282585999191,5.280103768647053,27.298060987207375,89.55239850039543,25.329306306289762,81.77899815643448,14.279450355741114
4.7364134076986915,0.6324104503001076,0.12288648007593796,0.09529643474717908,0.8111035152253958,0.020605081499871152,0.5738651829766594,776.7282585999191,5.280103768647053,27.298060987207375,89.55239850039543,25.329306306289762,81.77899815643448,16.21039962342885
4.88546389776163,0.6324104503001076,0.12288648007593796,0.09529643474717908,0.8111035152253958,0.18735778224420196,0.3569842090556574,776.7282585999191,5.280103768647053,27.298060987207375,89.55239850039543,25.329306306289762,81.77899815643448,16.21039962342885
4.92737729099382,0.6324104503001076,0.12288648007593796,0.09529643474717908,0.8111035152253958,0.020605081499871152,0.217808828803388,776.7282585999191,5.280103768647053,27.298060987207375,89.55239850039543,25.329306306289762,81.77899815643448,16.21039962342885
4.92737729099382,0.6324104503001076,0.12288648007593796,0.09529643474717908,0.8111035152253958,0.020605081499871152,0.217808828803388,776.7282585999191,5.280103768647053,27.298060987207375,89.55239850039543,25.329306306289762,81.77899815643448,16.21039962342885
4.922702328914244,0.6324104503001076,0.12288648007593796,0.09529643474717908,0.8111035152253958,0.020605081499871152,0.217808828803388,776.7282585999191,5.280103768647053,27.298060987207375,89.55239850039543,28.718063862213587,81.77899815643448,16.21039962342885
4.519840002128423,0.23408631064743182,0.013794570259370576,0.09571543888800066,0.8111035152253958,0.020605081499871152,0.13789472145850962,714.9302865322319,5.602416400541676,14.849837465488791,89.7210335960851,40.997713833672464,95.91237314555568,45.763639764384834
4.92737729099382,0.6324104503001076,0.12288648007593796,0.09529643474717908,0.8111035152253958,0.020605081499871152,0.217808828803388,776.7282585999191,5.280103768647053,27.298060987207375,89.55239850039543,25.329306306289762,81.77899815643448,16.21039962342885
4.076622644718342,0.9800418332086195,0.09210160186912039,0.08098510429427276,0.16782212413367503,0.22738395134981954,0.6893818528871574,1.9706035145740242,3.2790637808509278,7.663490279946201,0.6773954698008448,70.48325523638647,0.662802836377892,94.67545995892395
4.92737729099382,0.6324104503001076,0.12288648007593796,0.09529643474717908,0.8111035152253958,0.020605081499871152,0.217808828803388,776.7282585999191,5.280103768647053,27.298060987207375,89.55239850039543,25.329306306289762,81.77899815643448,16.21039962342885
4.92737729099382,0.6324104503001076,0.12288648007593796,0.09529643474717908,0.8111035152253958,0.020605081499871152,0.217808828803388,776.7282585999191,5.280103768647053,27.298060987207375,89.55239850039543,25.329306306289762,81.77899815643448,16.21039962342885
4.349282778412612,0.41365747923636476,0.07334969115306969,0.2062202017138096,0.4337145412748012,0.17796462434705917,0.7553439080581753,297.57380978444763,6.971956785207494,10.740700774603635,50.09821656703782,8.374645980040558,56.70145070352335,55.986147875646566
4.577476854590618,0.058619153429030166,2.851299323480143,0.1905048695164605,0.5451093062183908,0.07398093660881389,0.3754219144451373,83.2084115046236,2.7072016067974842,35.69379586682906,81.08649036260081,52.626994667611775,37.968217757496156,46.07599680168463
4.594487136548864,0.6324104503001076,0.12288648007593796,0.07836650103184944,0.8111035152253958,0.019100927428426707,0.217808828803388,463.5297759564156,5.280103768647053,27.298060987207375,89.55239850039543,25.329306306289762,81.77899815643448,16.21039962342885
2.70715673575762,1.3613733508973453,0.046224916624426536,0.04233643564131222,0.6599848372698764,0.4480116180759421,0.007962092313654773,1194.6515661535152,2.1703947052768693,28.129313413301414,97.1810904949918,91.60608551471157,57.90696805772799,67.15056955503321
4.88546389776163,0.6324104503001076,0.12288648007593796,0.09529643474717908,0.8111035152253958,0.18735778224420196,0.3569842090556574,776.7282585999191,5.280103768647053,27.298060987207375,89.55239850039543,25.329306306289762,81.77899815643448,16.21039962342885
4.7364134076986915,0.6324104503001076,0.12288648007593796,0.09529643474717908,0.8111035152253958,0.020605081499871152,0.5738651829766594,776.7282585999191,5.280103768647053,27.298060987207375,89.55239850039543,25.329306306289762,81.77899815643448,16.21039962342885
4.926141713383852,0.6324104503001076,0.12288648007593796,0.09529643474717908,0.8111035152253958,0.020605081499871152,0.217808828803388,776.7282585999191,5.280103768647053,27.298060987207375,89.55239850039543,25.329306306289762,81.77899815643448,14.279450355741114
4.92737729099382,0.6324104503001076,0.12288648007593796,0.09529643474717908,0.8111035152253958,0.020605081499871152,0.217808828803388,776.7282585999191,5.280103768647053,27.298060987207375,89.55239850039543,25.329306306289762,81.77899815643448,16.21039962342885
4.92737729099382,0.6324104503001076,0.12288648007593796,0.09529643474717908,0.8111035152253958,0.020605081499871152,0.217808828803388,776.7282585999191,5.280103768647053,27.298060987207375,89.55239850039543,25.329306306289762,81.77899815643448,16.21039962342885
4.922702328914244,0.6324104503001076,0.12288648007593796,0.09529643474717908,0.8111035152253958,0.020605081499871152,0.217808828803388,776.7282585999191,5.280103768647053,27.298060987207375,89.55239850039543,28.718063862213587,81.77899815643448,16.21039962342885
4.92737729099382,0.6324104503001076,0.12288648007593796,0.09529643474717908,0.8111035152253958,0.020605081499871152,0.217808828803388,776.7282585999191,5.280103768647053,27.298060987207375,89.55239850039543,25.329306306289762,81.77899815643448,16.21039962342885
4.92737729099382,0.6324104503001076,0.12288648007593796,0.09529643474717908,0.8111035152253958,0.020605081499871152,0.217808828803388,776.7282585999191,5.280103768647053,27.298060987207375,89.55239850039543,25.329306306289762,81.77899815643448,16.21039962342885
4.519840002128423,0.23408631064743182,0.013794570259370576,0.09571543888800066,0.8111035152253958,0.020605081499871152,0.13789472145850962,714.9302865322319,5.602416400541676,14.849837465488791,89.7210335960851,40.997713833672464,95.91237314555568,45.763639764384834
4.076622644718342,0.9800418332086195,0.09210160186912039,0.08098510429427276,0.16782212413367503,0.22738395134981954,0.6893818528871574,1.9706035145740242,3.2790637808509278,7.663490279946201,0.6773954698008448,70.48325523638647,0.662802836377892,94.67545995892395
4.611819544990589,0.9824287909308131,0.4471006158957623,0.15398568316493622,0.1648361269474924,0.7761575768120621,0.7909563937818178,27.573079495000684,3.922089852971109,84.60287451277974,87.4876457300945,82.38583056999498,67.38513856421812,15.461702824409157
4.349282778412612,0.41365747923636476,0.07334969115306969,0.2062202017138096,0.4337145412748012,0.17796462434705917,0.7553439080581753,297.57380978444763,6.971956785207494,10.740700774603635,50.09821656703782,8.374645980040558,56.70145070352335,55.986147875646566
4.594487136548864,0.6324104503001076,0.12288648007593796,0.07836650103184944,0.8111035152253958,0.019100927428426707,0.217808828803388,463.5297759564156,5.280103768647053,27.298060987207375,89.55239850039543,25.329306306289762,81.77899815643448,16.21039962342885
4.92737729099382,0.6324104503001076,0.12288648007593796,0.09529643474717908,0.8111035152253958,0.020605081499871152,0.217808828803388,776.7282585999191,5.280103768647053,27.298060987207375,89.55239850039543,25.329306306289762,81.77899815643448,16.21039962342885
2.70715673575762,1.3613733508973453,0.046224916624426536,0.04233643564131222,0.6599848372698764,0.4480116180759421,0.007962092313654773,1194.6515661535152,2.1703947052768693,28.129313413301414,97.1810904949918,91.60608551471157,57.90696805772799,67.15056955503321
4.7364134076986915,0.6324104503001076,0.12288648007593796,0.09529643474717908,0.8111035152253958,0.020605081499871152,0.5738651829766594,776.7282585999191,5.280103768647053,27.298060987207375,89.55239850039543,25.329306306289762,81.77899815643448,16.21039962342885
4.88546389776163,0.6324104503001076,0.12288648007593796,0.09529643474717908,0.8111035152253958,0.18735778224420196,0.3569842090556574,776.7282585999191,5.280103768647053,27.298060987207375,89.55239850039543,25.329306306289762,81.77899815643448,16.21039962342885
4.92737729099382,0.6324104503001076,0.12288648007593796,0.09529643474717908,0.8111035152253958,0.020605081499871152,0.217808828803388,776.7282585999191,5.280103768647053,27.298060987207375,89.55239850039543,25.329306306289762,81.77899815643448,16.21039962342885
4.92737729099382,0.6324104503001076,0.12288648007593796,0.09529643474717908,0.8111035152253958,0.020605081499871152,0.217808828803388,776.7282585999191,5.280103768647053,27.298060987207375,89.55239850039543,25.329306306289762,81.77899815643448,16.21039962342885
4.926141713383852,0.6324104503001076,0.12288648007593796,0.09529643474717908,0.8111035152253958,0.020605081499871152,0.217808828803388,776.7282585999191,5.280103768647053,27.298060987207375,89.55239850039543,25.329306306289762,81.77899815643448,14.279450355741114
4.92737729099382,0.6324104503001076,0.12288648007593796,0.09529643474717908,0.8111035152253958,0.020605081499871152,0.217808828803388,776.7282585999191,5.280103768647053,27.298060987207375,89.55239850039543,25.329306306289762,81.77899815643448,16.21039962342885
4.92737729099382,0.6324104503001076,0.12288648007593796,0.09529643474717908,0.8111035152253958,0.020605081499871152,0.217808828803388,776.7282585999191,5.280103768647053,27.298060987207375,89.55239850039543,25.329306306289762,81.77899815643448,16.21039962342885
4.076622644718342,0.9800418332086195,0.09210160186912039,0.08098510429427276,0.16782212413367503,0.22738395134981954,0.6893818528871574,1.9706035145740242,3.2790637808509278,7.663490279946201,0.6773954698008448,70.48325523638647,0.662802836377892,94.67545995892395
4.519840002128423,0.23408631064743182,0.013794570259370576,0.09571543888800066,0.8111035152253958,0.020605081499871152,0.13789472145850962,714.9302865322319,5.602416400541676,14.849837465488791,89.7210335960851,40.997713833672464,95.91237314555568,45.763639764384834
4.611819544990589,0.9824287909308131,0.4471006158957623,0.15398568316493622,0.1648361269474924,0.7761575768120621,0.7909563937818178,27.573079495000684,3.922089852971109,84.60287451277974,87.4876457300945,82.38583056999498,67.38513856421812,15.461702824409157
4.349282778412612,0.41365747923636476,0.07334969115306969,0.2062202017138096,0.4337145412748012,0.17796462434705917,0.7553439080581753,297.57380978444763,6.971956785207494,10.740700774603635,50.09821656703782,8.374645980040558,56.70145070352335,55.986147875646566
4.594487136548864,0.6324104503001076,0.12288648007593796,0.07836650103184944,0.8111035152253958,0.019100927428426707,0.217808828803388,463.5297759564156,5.280103768647053,27.298060987207375,89.55239850039543,25.329306306289762,81.77899815643448,16.21039962342885
4.7364134076986915,0.6324104503001076,0.12288648007593796,0.09529643474717908,0.8111035152253958,0.020605081499871152,0.5738651829766594,776.7282585999191,5.280103768647053,27.298060987207375,89.55239850039543,25.329306306289762,81.77899815643448,16.21039962342885
4.92737729099382,0.6324104503001076,0.12288648007593796,0.09529643474717908,0.8111035152253958,0.020605081499871152,0.217808828803388,776.7282585999191,5.280103768647053,27.298060987207375,89.55239850039543,25.329306306289762,81.77899815643448,16.21039962342885
2.70715673575762,1.3613733508973453,0.046224916624426536,0.04233643564131222,0.6599848372698764,0.4480116180759421,0.007962092313654773,1194.6515661535152,2.1703947052768693,28.129313413301414,97.1810904949918,91.60608551471157,57.90696805772799,67.15056955503321
4.88546389776163,0.6324104503001076,0.12288648007593796,0.09529643474717908,0.8111035152253958,0.18735778224420196,0.3569842090556574,776.7282585999191,5.280103768647053,27.298060987207375,89.55239850039543,25.329306306289762,81.77899815643448,16.21039962342885
4.577476854590618,0.058619153429030166,2.851299323480143,0.1905048695164605,0.5451093062183908,0.07398093660881389,0.3754219144451373,83.2084115046236,2.7072016067974842,35.69379586682906,81.08649036260081,52.626994667611775,37.968217757496156,46.07599680168463
4.92737729099382,0.6324104503001076,0.12288648007593796,0.09529643474717908,0.8111035152253958,0.020605081499871152,0.217808828803388,776.7282585999191,5.280103768647053,27.298060987207375,89.55239850039543,25.329306306289762,81.77899815643448,16.21039962342885
4.922702328914244,0.6324104503001076,0.12288648007593796,0.09529643474717908,0.8111035152253958,0.020605081499871152,0.217808828803388,776.7282585999191,5.280103768647053,27.298060987207375,89.55239850039543,28.718063862213587,81.77899815643448,16.21039962342885
4.926141713383852,0.6324104503001076,0.12288648007593796,0.09529643474717908,0.8111035152253958,0.020605081499871152,0.217808828803388,776.7282585999191,5.280103768647053,27.298060987207375,89.55239850039543,25.329306306289762,81.77899815643448,14.279450355741114
4.92737729099382,0.6324104503001076,0.12288648007593796,0.09529643474717908,0.8111035152253958,0.020605081499871152,0.217808828803388,776.7282585999191,5.280103768647053,27.298060987207375,89.55239850039543,25.329306306289762,81.77899815643448,16.21039962342885
4.92737729099382,0.6324104503001076,0.12288648007593796,0.09529643474717908,0.8111035152253958,0.020605081499871152,0.217808828803388,776.7282585999191,5.280103768647053,27.298060987207375,89.55239850039543,25.329306306289762,81.77899815643448,16.21039962342885
4.611819544990589,0.9824287909308131,0.4471006158957623,0.15398568316493622,0.1648361269474924,0.7761575768120621,0.7909563937818178,27.573079495000684,3.922089852971109,84.60287451277974,87.4876457300945,82.38583056999498,67.38513856421812,15.461702824409157
4.519840002128423,0.23408631064743182,0.013794570259370576,0.09571543888800066,0.8111035152253958,0.020605081499871152,0.13789472145850962,714.9302865322319,5.602416400541676,14.849837465488791,89.7210335960851,40.997713833672464,95.91237314555568,45.763639764384834
4.076622644718342,0.9800418332086195,0.09210160186912039,0.08098510429427276,0.16782212413367503,0.22738395134981954,0.6893818528871574,1.9706035145740242,3.2790637808509278,7.663490279946201,0.6773954698008448,70.48325523638647,0.662802836377892,94.67545995892395
4.594487136548864,0.6324104503001076,0.12288648007593796,0.07836650103184944,0.8111035152253958,0.019100927428426707,0.217808828803388,463.5297759564156,5.280103768647053,27.298060987207375,89.55239850039543,25.329306306289762,81.77899815643448,16.21039962342885
4.7364134076986915,0.6324104503001076,0.12288648007593796,0.09529643474717908,0.8111035152253958,0.020605081499871152,0.5738651829766594,776.7282585999191,5.280103768647053,27.298060987207375,89.55239850039543,25.329306306289762,81.77899815643448,16.21039962342885
4.92737729099382,0.6324104503001076,0.12288648007593796,0.09529643474717908,0.8111035152253958,0.020605081499871152,0.217808828803388,776.7282585999191,5.280103768647053,27.298060987207375,89.55239850039543,25.329306306289762,81.77899815643448,16.21039962342885
4.88546389776163,0.6324104503001076,0.12288648007593796,0.09529643474717908,0.8111035152253958,0.18735778224420196,0.3569842090556574,776.7282585999191,5.280103768647053,27.298060987207375,89.55239850039543,25.329306306289762,81.77899815643448,16.21039962342885
2.70715673575762,1.3613733508973453,0.046224916624426536,0.04233643564131222,0.6599848372698764,0.4480116180759421,0.007962092313654773,1194.6515661535152,2.1703947052768693,28.129313413301414,97.1810904949918,91.60608551471157,57.90696805772799,67.15056955503321
4.577476854590618,0.058619153429030166,2.851299323480143,0.1905048695164605,0.5451093062183908,0.07398093660881389,0.3754219144451373,83.2084115046236,2.7072016067974842,35.69379586682906,81.08649036260081,52.626994667611775,37.968217757496156,46.07599680168463
4.92737729099382,0.6324104503001076,0.12288648007593796,0.09529643474717908,0.8111035152253958,0.020605081499871152,0.217808828803388,776.7282585999191,5.280103768647053,27.298060987207375,89.55239850039543,25.329306306289762,81.77899815643448,16.21039962342885
4.92737729099382,0.6324104503001076,0.12288648007593796,0.09529643474717908,0.8111035152253958,0.020605081499871152,0.217808828803388,776.7282585999191,5.280103768647053,27.298060987207375,89.55239850039543,25.329306306289762,81.77899815643448,16.21039962342885
4.611819544990589,0.9824287909308131,0.4471006158957623,0.15398568316493622,0.1648361269474924,0.7761575768120621,0.7909563937818178,27.573079495000684,3.922089852971109,84.60287451277974,87.4876457300945,82.38583056999498,67.38513856421812,15.461702824409157
4.922702328914244,0.6324104503001076,0.12288648007593796,0.09529643474717908,0.8111035152253958,0.020605081499871152,0.217808828803388,776.7282585999191,5.280103768647053,27.298060987207375,89.55239850039543,28.718063862213587,81.77899815643448,16.21039962342885
4.349282778412612,0.41365747923636476,0.07334969115306969,0.2062202017138096,0.4337145412748012,0.17796462434705917,0.7553439080581753,297.57380978444763,6.971956785207494,10.740700774603635,50.09821656703782,8.374645980040558,56.70145070352335,55.986147875646566
4.519840002128423,0.23408631064743182,0.013794570259370576,0.09571543888800066,0.8111035152253958,0.020605081499871152,0.13789472145850962,714.9302865322319,5.602416400541676,14.849837465488791,89.7210335960851,40.997713833672464,95.91237314555568,45.763639764384834
4.7364134076986915,0.6324104503001076,0.12288648007593796,0.09529643474717908,0.8111035152253958,0.020605081499871152,0.5738651829766594,776.7282585999191,5.280103768647053,27.298060987207375,89.55239850039543,25.329306306289762,81.77899815643448,16.21039962342885
4.88546389776163,0.6324104503001076,0.12288648007593796,0.09529643474717908,0.8111035152253958,0.18735778224420196,0.3569842090556574,776.7282585999191,5.280103768647053,27.298060987207375,89.55239850039543,25.329306306289762,81.77899815643448,16.21039962342885
2.70715673575762,1.3613733508973453,0.046224916624426536,0.04233643564131222,0.6599848372698764,0.4480116180759421,0.007962092313654773,1194.6515661535152,2.1703947052768693,28.129313413301414,97.1810904949918,91.60608551471157,57.90696805772799,67.15056955503321
4.92737729099382,0.6324104503001076,0.12288648007593796,0.09529643474717908,0.8111035152253958,0.020605081499871152,0.217808828803388,776.7282585999191,5.280103768647053,27.298060987207375,89.55239850039543,25.329306306289762,81.77899815643448,16.21039962342885
4.577476854590618,0.058619153429030166,2.851299323480143,0.1905048695164605,0.5451093062183908,0.07398093660881389,0.3754219144451373,83.2084115046236,2.7072016067974842,35.69379586682906,81.08649036260081,52.626994667611775,37.968217757496156,46.07599680168463
4.92737729099382,0.6324104503001076,0.12288648007593796,0.09529643474717908,0.8111035152253958,0.020605081499871152,0.217808828803388,776.7282585999191,5.280103768647053,27.298060987207375,89.55239850039543,25.329306306289762,81.77899815643448,16.21039962342885
4.92737729099382,0.6324104503001076,0.12288648007593796,0.09529643474717908,0.8111035152253958,0.020605081499871152,0.217808828803388,776.7282585999191,5.280103768647053,27.298060987207375,89.55239850039543,25.329306306289762,81.77899815643448,16.21039962342885
4.92737729099382,0.6324104503001076,0.12288648007593796,0.09529643474717908,0.8111035152253958,0.020605081499871152,0.217808828803388,776.7282585999191,5.280103768647053,27.298060987207375,89.55239850039543,25.329306306289762,81.77899815643448,16.21039962342885
4.611819544990589,0.9824287909308131,0.4471006158957623,0.15398568316493622,0.1648361269474924,0.7761575768120621,0.7909563937818178,27.573079495000684,3.922089852971109,84.60287451277974,87.4876457300945,82.38583056999498,67.38513856421812,15.461702824409157
4.922702328914244,0.6324104503001076,0.12288648007593796,0.09529643474717908,0.8111035152253958,0.020605081499871152,0.217808828803388,776.7282585999191,5.280103768647053,27.298060987207375,89.55239850039543,28.718063862213587,81.77899815643448,16.21039962342885
4.926141713383852,0.6324104503001076,0.12288648007593796,0.09529643474717908,0.8111035152253958,0.020605081499871152,0.217808828803388,776.7282585999191,5.280103768647053,27.298060987207375,89.55239850039543,25.329306306289762,81.77899815643448,14.279450355741114
4.349282778412612,0.41365747923636476,0.07334969115306969,0.2062202017138096,0.4337145412748012,0.17796462434705917,0.7553439080581753,297.57380978444763,6.971956785207494,10.740700774603635,50.09821656703782,8.374645980040558,56.70145070352335,55.986147875646566
4.92737729099382,0.6324104503001076,0.12288648007593796,0.09529643474717908,0.8111035152253958,0.020605081499871152,0.217808828803388,776.7282585999191,5.280103768647053,27.298060987207375,89.55239850039543,25.329306306289762,81.77899815643448,16.21039962342885
4.519840002128423,0.23408631064743182,0.013794570259370576,0.09571543888800066,0.8111035152253958,0.020605081499871152,0.13789472145850962,714.9302865322319,5.602416400541676,14.849837465488791,89.7210335960851,40.997713833672464,95.91237314555568,45.763639764384834
4.7364134076986915,0.6324104503001076,0.12288648007593796,0.09529643474717908,0.8111035152253958,0.020605081499871152,0.5738651829766594,776.7282585999191,5.280103768647053,27.298060987207375,89.55239850039543,25.329306306289762,81.77899815643448,16.21039962342885
4.594487136548864,0.6324104503001076,0.12288648007593796,0.07836650103184944,0.8111035152253958,0.019100927428426707,0.217808828803388,463.5297759564156,5.280103768647053,27.298060987207375,89.55239850039543,25.329306306289762,81.77899815643448,16.21039962342885
4.88546389776163,0.6324104503001076,0.12288648007593796,0.09529643474717908,0.8111035152253958,0.18735778224420196,0.3569842090556574,776.7282585999191,5.280103768647053,27.298060987207375,89.55239850039543,25.329306306289762,81.77899815643448,16.21039962342885
4.076622644718342,0.9800418332086195,0.09210160186912039,0.08098510429427276,0.16782212413367503,0.22738395134981954,0.6893818528871574,1.9706035145740242,3.2790637808509278,7.663490279946201,0.6773954698008448,70.48325523638647,0.662802836377892,94.67545995892395
2.70715673575762,1.3613733508973453,0.046224916624426536,0.04233643564131222,0.6599848372698764,0.4480116180759421,0.007962092313654773,1194.6515661535152,2.1703947052768693,28.129313413301414,97.1810904949918,91.60608551471157,57.90696805772799,67.15056955503321
4.577476854590618,0.058619153429030166,2.851299323480143,0.1905048695164605,0.5451093062183908,0.07398093660881389,0.3754219144451373,83.2084115046236,2.7072016067974842,35.69379586682906,81.08649036260081,52.626994667611775,37.968217757496156,46.07599680168463
4.92737729099382,0.6324104503001076,0.12288648007593796,0.09529643474717908,0.8111035152253958,0.020605081499871152,0.217808828803388,776.7282585999191,5.280103768647053,27.298060987207375,89.55239850039543,25.329306306289762,81.77899815643448,16.21039962342885
4.92737729099382,0.6324104503001076,0.12288648007593796,0.09529643474717908,0.8111035152253958,0.020605081499871152,0.217808828803388,776.7282585999191,5.280103768647053,27.298060987207375,89.55239850039543,25.329306306289762,81.77899815643448,16.21039962342885
4.611819544990589,0.9824287909308131,0.4471006158957623,0.15398568316493622,0.1648361269474924,0.7761575768120621,0.7909563937818178,27.573079495000684,3.922089852971109,84.60287451277974,87.4876457300945,82.38583056999498,67.38513856421812,15.461702824409157
4.92737729099382,0.6324104503001076,0.12288648007593796,0.09529643474717908,0.8111035152253958,0.020605081499871152,0.217808828803388,776.7282585999191,5.280103768647053,27.298060987207375,89.55239850039543,25.329306306289762,81.77899815643448,16.21039962342885
4.349282778412612,0.41365747923636476,0.07334969115306969,0.2062202017138096,0.4337145412748012,0.17796462434705917,0.7553439080581753,297.57380978444763,6.971956785207494,10.740700774603635,50.09821656703782,8.374645980040558,56.70145070352335,55.986147875646566
4.926141713383852,0.6324104503001076,0.12288648007593796,0.09529643474717908,0.8111035152253958,0.020605081499871152,0.217808828803388,776.7282585999191,5.280103768647053,27.298060987207375,89.55239850039543,25.329306306289762,81.77899815643448,14.279450355741114
4.922702328914244,0.6324104503001076,0.12288648007593796,0.09529643474717908,0.8111035152253958,0.020605081499871152,0.217808828803388,776.7282585999191,5.280103768647053,27.298060987207375,89.55239850039543,28.718063862213587,81.77899815643448,16.21039962342885
4.519840002128423,0.23408631064743182,0.013794570259370576,0.09571543888800066,0.8111035152253958,0.020605081499871152,0.13789472145850962,714.9302865322319,5.602416400541676,14.849837465488791,89.7210335960851,40.997713833672464,95.91237314555568,45.763639764384834
4.594487136548864,0.6324104503001076,0.12288648007593796,0.07836650103184944,0.8111035152253958,0.019100927428426707,0.217808828803388,463.5297759564156,5.280103768647053,27.298060987207375,89.55239850039543,25.329306306289762,81.77899815643448,16.21039962342885
4.7364134076986915,0.6324104503001076,0.12288648007593796,0.09529643474717908,0.8111035152253958,0.020605081499871152,0.5738651829766594,776.7282585999191,5.280103768647053,27.298060987207375,89.55239850039543,25.329306306289762,81.77899815643448,16.21039962342885
4.88546389776163,0.6324104503001076,0.12288648007593796,0.09529643474717908,0.8111035152253958,0.18735778224420196,0.3569842090556574,776.7282585999191,5.280103768647053,27.298060987207375,89.55239850039543,25.329306306289762,81.77899815643448,16.21039962342885
4.92737729099382,0.6324104503001076,0.12288648007593796,0.09529643474717908,0.8111035152253958,0.020605081499871152,0.217808828803388,776.7282585999191,5.280103768647053,27.298060987207375,89.55239850039543,25.329306306289762,81.77899815643448,16.21039962342885
4.076622644718342,0.9800418332086195,0.09210160186912039,0.08098510429427276,0.16782212413367503,0.22738395134981954,0.6893818528871574,1.9706035145740242,3.2790637808509278,7.663490279946201,0.6773954698008448,70.48325523638647,0.662802836377892,94.67545995892395
4.92737729099382,0.6324104503001076,0.12288648007593796,0.09529643474717908,0.8111035152253958,0.020605081499871152,0.217808828803388,776.7282585999191,5.280103768647053,27.298060987207375,89.55239850039543,25.329306306289762,81.77899815643448,16.21039962342885
4.92737729099382,0.6324104503001076,0.12288648007593796,0.09529643474717908,0.8111035152253958,0.020605081499871152,0.217808828803388,776.7282585999191,5.280103768647053,27.298060987207375,89.55239850039543,25.329306306289762,81.77899815643448,16.21039962342885
4.92737729099382,0.6324104503001076,0.12288648007593796,0.09529643474717908,0.8111035152253958,0.020605081499871152,0.217808828803388,776.7282585999191,5.280103768647053,27.298060987207375,89.55239850039543,25.329306306289762,81.77899815643448,16.21039962342885
