loss,insulation_to_air_overall_heat_transfer_coefficient_to_environment,pipe_endcaps_to_air_thermal_conductance,heater_weight_1,heater_weight_2,heater_weight_3,heater_weight_4,fluid_to_steel_pipe_convective_heat_transfer_coefficient,steel_thermal_mass_multiplier,TC1_thermal_resistance,TC2_thermal_resistance,TC3_thermal_resistance,TC4_thermal_resistance,TC5_thermal_resistance
17.352406881381594,75.8221390054845,1.2654535585502589,0.7041977440847759,0.8501646866585767,0.8235823643951001,0.9156080075931812,194.01732650552344,3.204887513466028,48.578951648705974,152.54412093875274,143.27492498473185,117.32055772236141,174.8753694333029
15.030107517506812,68.27018730554664,4.056717909133243,0.28615875790599815,0.36859492799809435,0.06768977194007356,0.2643406483653563,1455.8720981654055,2.735774913806577,131.10619207259236,118.7276091358858,8.037346070131896,178.81884035544036,76.81259705551031
4.242484350541314,3.9215249544953634,0.21843778568123667,0.04233643564131222,0.6599848372698764,0.4480116180759421,0.007962092313654773,61.49737866475787,3.7753230723789706,28.129313413301414,97.1810904949918,91.60608551471157,57.90696805772799,67.15056955503321
4.242484350541314,3.9215249544953634,0.21843778568123667,0.04233643564131222,0.6599848372698764,0.4480116180759421,0.007962092313654773,61.49737866475787,3.7753230723789706,28.129313413301414,97.1810904949918,91.60608551471157,57.90696805772799,67.15056955503321
12.089534828526503,8.470969216705617,2.0464161496535618,0.31767804254903725,0.1003709314535758,0.1202089743548309,0.9102223266633188,869.8016870184762,3.998521338928912,148.27949787643868,24.79950006558031,95.97732970028146,41.35014924586729,30.71707975534512
12.851215651491533,29.710127153704647,0.3639588384176279,0.4712508360284694,0.4310116352167001,0.3473793007640145,0.5764810864167377,536.080978082347,8.306434298426622,89.19390888479437,136.63950744235265,188.1914679627723,185.8678278523508,193.72533784826862
11.373380833432655,51.172775074619324,0.09693233345753961,0.2243269287671209,0.9106328193034482,0.6309810336548981,0.5693359228361232,1936.1147569884533,6.090053430050434,185.09054846038276,69.90684057020438,29.749380096166462,169.80345170968852,22.97323198411498
11.548880692245056,14.135652827558465,0.6926443346153772,0.16517653940005136,0.5434614354170435,0.8557214166082853,0.5302879657942272,453.69938892256584,2.037743488654699,83.55421222566693,124.37588829260199,80.94343921361191,186.18433653709127,179.03860096117768
10.580408171755906,4.597249748560105,3.732511632640289,0.40087283299573645,0.22614093216356634,0.9137440038741819,0.995793425192447,571.1685899044038,6.331426819921712,175.1554356680542,63.44003272577843,135.8372627289026,137.5278422998861,102.51792929500043
17.24521838456916,99.67331907199213,0.19153981851362292,0.708068590095485,0.8650250911564593,0.2990070808930653,0.8449774599626285,1906.561520409173,1.0931201749399857,107.68444300562089,175.27232248048531,194.6442434035094,29.29001542665795,107.22501415686378
14.937329803490051,74.21826743469427,3.3475867098307446,0.34308960472657873,0.7191864890568709,0.7661036006647148,0.46912962878674075,310.4758912561964,1.1141701461787166,193.5434557392327,114.33940845291576,184.09334908333247,96.03799183105261,122.23401293334362
20.23273573759682,4.745952194212742,1.8106423803458949,0.920595943311726,0.8834837439045049,0.5730159351918895,0.46876514463406443,266.1121101339065,1.904682818838883,118.57520023491686,141.79929771955454,43.76981039080792,145.55152267378224,18.16556693768122
10.318795739195144,12.27201312920101,1.8096329345108353,0.17612800530452258,0.8864961944054637,0.7231994767667682,0.7189507869145288,199.6710685426088,5.527794656616967,139.18462620818755,94.91286555884524,40.94631479317161,75.43226987666498,49.414084145170385
10.208836756562945,0.7990347816167152,0.23565433338824238,0.5096186327382347,0.5710805226140842,0.6958523761297856,0.7237994214998341,1463.421637719076,3.459519281361968,150.80820369149254,33.77332437174477,178.3053058841013,58.74241334724884,185.4855200345181
14.29927546824771,60.03599579016949,3.759233852192747,0.02191668396316179,0.21697065338491256,0.8574492059611225,0.3066933181596249,857.8311824195557,9.552114392961403,111.25143713316584,49.87784366611285,154.54419335888934,30.170084079298395,146.53540772274522
14.457953415120834,94.19639816180661,2.922256527100973,0.15432477793854385,0.2000597282864313,0.8217542955188586,0.1250074624523207,1158.583221029205,7.377428099582893,43.96964646966727,125.69104590033564,71.3195421051852,187.88743842380646,83.31569575582134
11.44933569496913,3.7262685819627337,2.3595559025088226,0.3604603245520067,0.02245121266454316,0.9348783283670029,0.12481005866550215,401.33969900695865,2.20631710944727,69.91875578846128,17.116734446913743,97.73204474981878,178.98412100356546,53.69553638556224
12.031655879579077,1.5199705440883549,4.147593485183625,0.42530849037569235,0.4349084551685518,0.6722707471974363,0.7316010075296091,929.9387362642068,2.4349180090034968,6.369760432211855,63.040663609886195,76.70582987748264,130.4335431706181,128.44023729895378
4.242484350541314,3.9215249544953634,0.21843778568123667,0.04233643564131222,0.6599848372698764,0.4480116180759421,0.007962092313654773,61.49737866475787,3.7753230723789706,28.129313413301414,97.1810904949918,91.60608551471157,57.90696805772799,67.15056955503321
17.37656760336555,39.83128840472552,4.138368293560721,0.6058897427369366,0.45699065725506294,0.0693630510724161,0.6656281637532026,402.18949172447725,9.84052477583702,2.0245483622795244,5.5646236452808155,0.6520123240675639,197.29859651076228,33.24175363054741
4.242484350541314,3.9215249544953634,0.21843778568123667,0.04233643564131222,0.6599848372698764,0.4480116180759421,0.007962092313654773,61.49737866475787,3.7753230723789706,28.129313413301414,97.1810904949918,91.60608551471157,57.90696805772799,67.15056955503321
15.860842963528597,60.392422513355356,3.0225001178683475,0.5080744492605436,0.411721704596573,0.7451241159796854,0.6971770487259107,1736.3460696182804,7.991326562629524,175.48511559252802,5.131041805929898,12.947663458049512,21.957576788133743,120.53300915651717
11.548880692245056,14.135652827558465,0.6926443346153772,0.16517653940005136,0.5434614354170435,0.8557214166082853,0.5302879657942272,453.69938892256584,2.037743488654699,83.55421222566693,124.37588829260199,80.94343921361191,186.18433653709127,179.03860096117768
10.580408171755906,4.597249748560105,3.732511632640289,0.40087283299573645,0.22614093216356634,0.9137440038741819,0.995793425192447,571.1685899044038,6.331426819921712,175.1554356680542,63.44003272577843,135.8372627289026,137.5278422998861,102.51792929500043
11.373380833432655,51.172775074619324,0.09693233345753961,0.2243269287671209,0.9106328193034482,0.6309810336548981,0.5693359228361232,1936.1147569884533,6.090053430050434,185.09054846038276,69.90684057020438,29.749380096166462,169.80345170968852,22.97323198411498
12.089534828526503,8.470969216705617,2.0464161496535618,0.31767804254903725,0.1003709314535758,0.1202089743548309,0.9102223266633188,869.8016870184762,3.998521338928912,148.27949787643868,24.79950006558031,95.97732970028146,41.35014924586729,30.71707975534512
14.937329803490051,74.21826743469427,3.3475867098307446,0.34308960472657873,0.7191864890568709,0.7661036006647148,0.46912962878674075,310.4758912561964,1.1141701461787166,193.5434557392327,114.33940845291576,184.09334908333247,96.03799183105261,122.23401293334362
11.687110334311145,8.320639973169975,0.2082071286328707,0.5505548852984732,0.14106798046645333,0.7616844649969046,0.8253830098474992,1510.5581571485716,7.90701520480739,47.363318764750716,187.15952969662644,12.964632855088292,80.53244165133698,72.53078725036181
10.318795739195144,12.27201312920101,1.8096329345108353,0.17612800530452258,0.8864961944054637,0.7231994767667682,0.7189507869145288,199.6710685426088,5.527794656616967,139.18462620818755,94.91286555884524,40.94631479317161,75.43226987666498,49.414084145170385
14.29927546824771,60.03599579016949,3.759233852192747,0.02191668396316179,0.21697065338491256,0.8574492059611225,0.3066933181596249,857.8311824195557,9.552114392961403,111.25143713316584,49.87784366611285,154.54419335888934,30.170084079298395,146.53540772274522
10.208836756562945,0.7990347816167152,0.23565433338824238,0.5096186327382347,0.5710805226140842,0.6958523761297856,0.7237994214998341,1463.421637719076,3.459519281361968,150.80820369149254,33.77332437174477,178.3053058841013,58.74241334724884,185.4855200345181
14.457953415120834,94.19639816180661,2.922256527100973,0.15432477793854385,0.2000597282864313,0.8217542955188586,0.1250074624523207,1158.583221029205,7.377428099582893,43.96964646966727,125.69104590033564,71.3195421051852,187.88743842380646,83.31569575582134
11.049530968736633,1.8373105269436325,2.5904112422482535,0.4027965373448027,0.6570300840528362,0.31176460062258876,0.2892822423155237,1151.3796222182307,5.579396189414931,23.32767883155778,107.98089580455189,72.48799243275727,4.552432957822276,24.41094139851633
12.89680524998301,25.78253510656565,1.7925808633991756,0.0750006243681796,0.414263103573112,0.6672719954721816,0.29241504116015393,899.1643175672518,4.907450257944133,73.78981866703225,159.734679126428,101.96474962200726,121.48251739099112,154.2135568703014
12.031655879579077,1.5199705440883549,4.147593485183625,0.42530849037569235,0.4349084551685518,0.6722707471974363,0.7316010075296091,929.9387362642068,2.4349180090034968,6.369760432211855,63.040663609886195,76.70582987748264,130.4335431706181,128.44023729895378
4.242484350541314,3.9215249544953634,0.21843778568123667,0.04233643564131222,0.6599848372698764,0.4480116180759421,0.007962092313654773,61.49737866475787,3.7753230723789706,28.129313413301414,97.1810904949918,91.60608551471157,57.90696805772799,67.15056955503321
4.242484350541314,3.9215249544953634,0.21843778568123667,0.04233643564131222,0.6599848372698764,0.4480116180759421,0.007962092313654773,61.49737866475787,3.7753230723789706,28.129313413301414,97.1810904949918,91.60608551471157,57.90696805772799,67.15056955503321
11.373380833432655,51.172775074619324,0.09693233345753961,0.2243269287671209,0.9106328193034482,0.6309810336548981,0.5693359228361232,1936.1147569884533,6.090053430050434,185.09054846038276,69.90684057020438,29.749380096166462,169.80345170968852,22.97323198411498
11.288287292171153,63.161052119821235,0.18054160308740075,0.07814380836890983,0.7812203659524745,0.3709719125422046,0.2384038862152575,796.621987290688,8.687644376916202,178.64313907004527,23.310908652186185,28.316634846260342,198.37359931700468,136.7197955376891
10.580408171755906,4.597249748560105,3.732511632640289,0.40087283299573645,0.22614093216356634,0.9137440038741819,0.995793425192447,571.1685899044038,6.331426819921712,175.1554356680542,63.44003272577843,135.8372627289026,137.5278422998861,102.51792929500043
15.860842963528597,60.392422513355356,3.0225001178683475,0.5080744492605436,0.411721704596573,0.7451241159796854,0.6971770487259107,1736.3460696182804,7.991326562629524,175.48511559252802,5.131041805929898,12.947663458049512,21.957576788133743,120.53300915651717
11.952739165601892,52.22092989268758,0.03732068138759194,0.486098485077479,0.09706829439981002,0.44341285753565596,0.6906067942025088,1819.3646871781903,8.413009535527554,94.3477796401096,12.98632937027598,68.66270407614901,141.09944564777612,45.53510784037404
12.089534828526503,8.470969216705617,2.0464161496535618,0.31767804254903725,0.1003709314535758,0.1202089743548309,0.9102223266633188,869.8016870184762,3.998521338928912,148.27949787643868,24.79950006558031,95.97732970028146,41.35014924586729,30.71707975534512
11.687110334311145,8.320639973169975,0.2082071286328707,0.5505548852984732,0.14106798046645333,0.7616844649969046,0.8253830098474992,1510.5581571485716,7.90701520480739,47.363318764750716,187.15952969662644,12.964632855088292,80.53244165133698,72.53078725036181
11.976273687372416,41.59123924669736,0.6250586238708186,0.09474722245447767,0.27092145685816904,0.02680280187094472,0.659456277200869,376.72215261828205,5.759237548719116,92.76071692301997,93.31852914182655,100.65028016253535,35.29692457160737,13.852329939703042
10.318795739195144,12.27201312920101,1.8096329345108353,0.17612800530452258,0.8864961944054637,0.7231994767667682,0.7189507869145288,199.6710685426088,5.527794656616967,139.18462620818755,94.91286555884524,40.94631479317161,75.43226987666498,49.414084145170385
11.53745833215595,32.598853330192284,0.2503121371547913,0.020692803106148003,0.8214019292672772,0.6915786042883768,0.054007512788833555,403.4793299731771,1.4036704416028358,46.98480790504209,31.110161405771372,23.539801621653805,134.11953124059275,79.4909462325227
4.242484350541314,3.9215249544953634,0.21843778568123667,0.04233643564131222,0.6599848372698764,0.4480116180759421,0.007962092313654773,61.49737866475787,3.7753230723789706,28.129313413301414,97.1810904949918,91.60608551471157,57.90696805772799,67.15056955503321
14.457953415120834,94.19639816180661,2.922256527100973,0.15432477793854385,0.2000597282864313,0.8217542955188586,0.1250074624523207,1158.583221029205,7.377428099582893,43.96964646966727,125.69104590033564,71.3195421051852,187.88743842380646,83.31569575582134
11.049530968736633,1.8373105269436325,2.5904112422482535,0.4027965373448027,0.6570300840528362,0.31176460062258876,0.2892822423155237,1151.3796222182307,5.579396189414931,23.32767883155778,107.98089580455189,72.48799243275727,4.552432957822276,24.41094139851633
4.242484350541314,3.9215249544953634,0.21843778568123667,0.04233643564131222,0.6599848372698764,0.4480116180759421,0.007962092313654773,61.49737866475787,3.7753230723789706,28.129313413301414,97.1810904949918,91.60608551471157,57.90696805772799,67.15056955503321
12.89680524998301,25.78253510656565,1.7925808633991756,0.0750006243681796,0.414263103573112,0.6672719954721816,0.29241504116015393,899.1643175672518,4.907450257944133,73.78981866703225,159.734679126428,101.96474962200726,121.48251739099112,154.2135568703014
4.242484350541314,3.9215249544953634,0.21843778568123667,0.04233643564131222,0.6599848372698764,0.4480116180759421,0.007962092313654773,61.49737866475787,3.7753230723789706,28.129313413301414,97.1810904949918,91.60608551471157,57.90696805772799,67.15056955503321
12.031655879579077,1.5199705440883549,4.147593485183625,0.42530849037569235,0.4349084551685518,0.6722707471974363,0.7316010075296091,929.9387362642068,2.4349180090034968,6.369760432211855,63.040663609886195,76.70582987748264,130.4335431706181,128.44023729895378
11.288287292171153,63.161052119821235,0.18054160308740075,0.07814380836890983,0.7812203659524745,0.3709719125422046,0.2384038862152575,796.621987290688,8.687644376916202,178.64313907004527,23.310908652186185,28.316634846260342,198.37359931700468,136.7197955376891
11.373380833432655,51.172775074619324,0.09693233345753961,0.2243269287671209,0.9106328193034482,0.6309810336548981,0.5693359228361232,1936.1147569884533,6.090053430050434,185.09054846038276,69.90684057020438,29.749380096166462,169.80345170968852,22.97323198411498
12.096013901669163,9.945532895470386,3.6850803188571724,0.13776284494256347,0.262512934706241,0.41825577748784104,0.20221529339773306,1624.7866645502104,8.328917035765102,155.06720175661602,122.6705570036879,156.83257710078294,75.28212573734687,77.75282064750076
11.952739165601892,52.22092989268758,0.03732068138759194,0.486098485077479,0.09706829439981002,0.44341285753565596,0.6906067942025088,1819.3646871781903,8.413009535527554,94.3477796401096,12.98632937027598,68.66270407614901,141.09944564777612,45.53510784037404
10.580408171755906,4.597249748560105,3.732511632640289,0.40087283299573645,0.22614093216356634,0.9137440038741819,0.995793425192447,571.1685899044038,6.331426819921712,175.1554356680542,63.44003272577843,135.8372627289026,137.5278422998861,102.51792929500043
11.687110334311145,8.320639973169975,0.2082071286328707,0.5505548852984732,0.14106798046645333,0.7616844649969046,0.8253830098474992,1510.5581571485716,7.90701520480739,47.363318764750716,187.15952969662644,12.964632855088292,80.53244165133698,72.53078725036181
11.53745833215595,32.598853330192284,0.2503121371547913,0.020692803106148003,0.8214019292672772,0.6915786042883768,0.054007512788833555,403.4793299731771,1.4036704416028358,46.98480790504209,31.110161405771372,23.539801621653805,134.11953124059275,79.4909462325227
11.976273687372416,41.59123924669736,0.6250586238708186,0.09474722245447767,0.27092145685816904,0.02680280187094472,0.659456277200869,376.72215261828205,5.759237548719116,92.76071692301997,93.31852914182655,100.65028016253535,35.29692457160737,13.852329939703042
10.318795739195144,12.27201312920101,1.8096329345108353,0.17612800530452258,0.8864961944054637,0.7231994767667682,0.7189507869145288,199.6710685426088,5.527794656616967,139.18462620818755,94.91286555884524,40.94631479317161,75.43226987666498,49.414084145170385
14.457953415120834,94.19639816180661,2.922256527100973,0.15432477793854385,0.2000597282864313,0.8217542955188586,0.1250074624523207,1158.583221029205,7.377428099582893,43.96964646966727,125.69104590033564,71.3195421051852,187.88743842380646,83.31569575582134
11.049530968736633,1.8373105269436325,2.5904112422482535,0.4027965373448027,0.6570300840528362,0.31176460062258876,0.2892822423155237,1151.3796222182307,5.579396189414931,23.32767883155778,107.98089580455189,72.48799243275727,4.552432957822276,24.41094139851633
12.89680524998301,25.78253510656565,1.7925808633991756,0.0750006243681796,0.414263103573112,0.6672719954721816,0.29241504116015393,899.1643175672518,4.907450257944133,73.78981866703225,159.734679126428,101.96474962200726,121.48251739099112,154.2135568703014
4.242484350541314,3.9215249544953634,0.21843778568123667,0.04233643564131222,0.6599848372698764,0.4480116180759421,0.007962092313654773,61.49737866475787,3.7753230723789706,28.129313413301414,97.1810904949918,91.60608551471157,57.90696805772799,67.15056955503321
4.242484350541314,3.9215249544953634,0.21843778568123667,0.04233643564131222,0.6599848372698764,0.4480116180759421,0.007962092313654773,61.49737866475787,3.7753230723789706,28.129313413301414,97.1810904949918,91.60608551471157,57.90696805772799,67.15056955503321
11.288287292171153,63.161052119821235,0.18054160308740075,0.07814380836890983,0.7812203659524745,0.3709719125422046,0.2384038862152575,796.621987290688,8.687644376916202,178.64313907004527,23.310908652186185,28.316634846260342,198.37359931700468,136.7197955376891
12.031655879579077,1.5199705440883549,4.147593485183625,0.42530849037569235,0.4349084551685518,0.6722707471974363,0.7316010075296091,929.9387362642068,2.4349180090034968,6.369760432211855,63.040663609886195,76.70582987748264,130.4335431706181,128.44023729895378
4.242484350541314,3.9215249544953634,0.21843778568123667,0.04233643564131222,0.6599848372698764,0.4480116180759421,0.007962092313654773,61.49737866475787,3.7753230723789706,28.129313413301414,97.1810904949918,91.60608551471157,57.90696805772799,67.15056955503321
11.373380833432655,51.172775074619324,0.09693233345753961,0.2243269287671209,0.9106328193034482,0.6309810336548981,0.5693359228361232,1936.1147569884533,6.090053430050434,185.09054846038276,69.90684057020438,29.749380096166462,169.80345170968852,22.97323198411498
11.952739165601892,52.22092989268758,0.03732068138759194,0.486098485077479,0.09706829439981002,0.44341285753565596,0.6906067942025088,1819.3646871781903,8.413009535527554,94.3477796401096,12.98632937027598,68.66270407614901,141.09944564777612,45.53510784037404
12.096013901669163,9.945532895470386,3.6850803188571724,0.13776284494256347,0.262512934706241,0.41825577748784104,0.20221529339773306,1624.7866645502104,8.328917035765102,155.06720175661602,122.6705570036879,156.83257710078294,75.28212573734687,77.75282064750076
11.687110334311145,8.320639973169975,0.2082071286328707,0.5505548852984732,0.14106798046645333,0.7616844649969046,0.8253830098474992,1510.5581571485716,7.90701520480739,47.363318764750716,187.15952969662644,12.964632855088292,80.53244165133698,72.53078725036181
10.580408171755906,4.597249748560105,3.732511632640289,0.40087283299573645,0.22614093216356634,0.9137440038741819,0.995793425192447,571.1685899044038,6.331426819921712,175.1554356680542,63.44003272577843,135.8372627289026,137.5278422998861,102.51792929500043
11.049530968736633,1.8373105269436325,2.5904112422482535,0.4027965373448027,0.6570300840528362,0.31176460062258876,0.2892822423155237,1151.3796222182307,5.579396189414931,23.32767883155778,107.98089580455189,72.48799243275727,4.552432957822276,24.41094139851633
11.976273687372416,41.59123924669736,0.6250586238708186,0.09474722245447767,0.27092145685816904,0.02680280187094472,0.659456277200869,376.72215261828205,5.759237548719116,92.76071692301997,93.31852914182655,100.65028016253535,35.29692457160737,13.852329939703042
4.242484350541314,3.9215249544953634,0.21843778568123667,0.04233643564131222,0.6599848372698764,0.4480116180759421,0.007962092313654773,61.49737866475787,3.7753230723789706,28.129313413301414,97.1810904949918,91.60608551471157,57.90696805772799,67.15056955503321
11.53745833215595,32.598853330192284,0.2503121371547913,0.020692803106148003,0.8214019292672772,0.6915786042883768,0.054007512788833555,403.4793299731771,1.4036704416028358,46.98480790504209,31.110161405771372,23.539801621653805,134.11953124059275,79.4909462325227
11.288287292171153,63.161052119821235,0.18054160308740075,0.07814380836890983,0.7812203659524745,0.3709719125422046,0.2384038862152575,796.621987290688,8.687644376916202,178.64313907004527,23.310908652186185,28.316634846260342,198.37359931700468,136.7197955376891
11.373380833432655,51.172775074619324,0.09693233345753961,0.2243269287671209,0.9106328193034482,0.6309810336548981,0.5693359228361232,1936.1147569884533,6.090053430050434,185.09054846038276,69.90684057020438,29.749380096166462,169.80345170968852,22.97323198411498
4.242484350541314,3.9215249544953634,0.21843778568123667,0.04233643564131222,0.6599848372698764,0.4480116180759421,0.007962092313654773,61.49737866475787,3.7753230723789706,28.129313413301414,97.1810904949918,91.60608551471157,57.90696805772799,67.15056955503321
12.89680524998301,25.78253510656565,1.7925808633991756,0.0750006243681796,0.414263103573112,0.6672719954721816,0.29241504116015393,899.1643175672518,4.907450257944133,73.78981866703225,159.734679126428,101.96474962200726,121.48251739099112,154.2135568703014
12.031655879579077,1.5199705440883549,4.147593485183625,0.42530849037569235,0.4349084551685518,0.6722707471974363,0.7316010075296091,929.9387362642068,2.4349180090034968,6.369760432211855,63.040663609886195,76.70582987748264,130.4335431706181,128.44023729895378
11.952739165601892,52.22092989268758,0.03732068138759194,0.486098485077479,0.09706829439981002,0.44341285753565596,0.6906067942025088,1819.3646871781903,8.413009535527554,94.3477796401096,12.98632937027598,68.66270407614901,141.09944564777612,45.53510784037404
11.687110334311145,8.320639973169975,0.2082071286328707,0.5505548852984732,0.14106798046645333,0.7616844649969046,0.8253830098474992,1510.5581571485716,7.90701520480739,47.363318764750716,187.15952969662644,12.964632855088292,80.53244165133698,72.53078725036181
12.096013901669163,9.945532895470386,3.6850803188571724,0.13776284494256347,0.262512934706241,0.41825577748784104,0.20221529339773306,1624.7866645502104,8.328917035765102,155.06720175661602,122.6705570036879,156.83257710078294,75.28212573734687,77.75282064750076
10.318795739195144,12.27201312920101,1.8096329345108353,0.17612800530452258,0.8864961944054637,0.7231994767667682,0.7189507869145288,199.6710685426088,5.527794656616967,139.18462620818755,94.91286555884524,40.94631479317161,75.43226987666498,49.414084145170385
4.242484350541314,3.9215249544953634,0.21843778568123667,0.04233643564131222,0.6599848372698764,0.4480116180759421,0.007962092313654773,61.49737866475787,3.7753230723789706,28.129313413301414,97.1810904949918,91.60608551471157,57.90696805772799,67.15056955503321
10.580408171755906,4.597249748560105,3.732511632640289,0.40087283299573645,0.22614093216356634,0.9137440038741819,0.995793425192447,571.1685899044038,6.331426819921712,175.1554356680542,63.44003272577843,135.8372627289026,137.5278422998861,102.51792929500043
14.457953415120834,94.19639816180661,2.922256527100973,0.15432477793854385,0.2000597282864313,0.8217542955188586,0.1250074624523207,1158.583221029205,7.377428099582893,43.96964646966727,125.69104590033564,71.3195421051852,187.88743842380646,83.31569575582134
4.242484350541314,3.9215249544953634,0.21843778568123667,0.04233643564131222,0.6599848372698764,0.4480116180759421,0.007962092313654773,61.49737866475787,3.7753230723789706,28.129313413301414,97.1810904949918,91.60608551471157,57.90696805772799,67.15056955503321
11.049530968736633,1.8373105269436325,2.5904112422482535,0.4027965373448027,0.6570300840528362,0.31176460062258876,0.2892822423155237,1151.3796222182307,5.579396189414931,23.32767883155778,107.98089580455189,72.48799243275727,4.552432957822276,24.41094139851633
11.976273687372416,41.59123924669736,0.6250586238708186,0.09474722245447767,0.27092145685816904,0.02680280187094472,0.659456277200869,376.72215261828205,5.759237548719116,92.76071692301997,93.31852914182655,100.65028016253535,35.29692457160737,13.852329939703042
11.53745833215595,32.598853330192284,0.2503121371547913,0.020692803106148003,0.8214019292672772,0.6915786042883768,0.054007512788833555,403.4793299731771,1.4036704416028358,46.98480790504209,31.110161405771372,23.539801621653805,134.11953124059275,79.4909462325227
11.288287292171153,63.161052119821235,0.18054160308740075,0.07814380836890983,0.7812203659524745,0.3709719125422046,0.2384038862152575,796.621987290688,8.687644376916202,178.64313907004527,23.310908652186185,28.316634846260342,198.37359931700468,136.7197955376891
4.242484350541314,3.9215249544953634,0.21843778568123667,0.04233643564131222,0.6599848372698764,0.4480116180759421,0.007962092313654773,61.49737866475787,3.7753230723789706,28.129313413301414,97.1810904949918,91.60608551471157,57.90696805772799,67.15056955503321
12.031655879579077,1.5199705440883549,4.147593485183625,0.42530849037569235,0.4349084551685518,0.6722707471974363,0.7316010075296091,929.9387362642068,2.4349180090034968,6.369760432211855,63.040663609886195,76.70582987748264,130.4335431706181,128.44023729895378
11.373380833432655,51.172775074619324,0.09693233345753961,0.2243269287671209,0.9106328193034482,0.6309810336548981,0.5693359228361232,1936.1147569884533,6.090053430050434,185.09054846038276,69.90684057020438,29.749380096166462,169.80345170968852,22.97323198411498
12.89680524998301,25.78253510656565,1.7925808633991756,0.0750006243681796,0.414263103573112,0.6672719954721816,0.29241504116015393,899.1643175672518,4.907450257944133,73.78981866703225,159.734679126428,101.96474962200726,121.48251739099112,154.2135568703014
9.717989475679635,3.181071205985224,1.086003908952324,0.11876648156393653,0.6841478089559168,0.06151751722332094,0.02113395448679664,1241.4638448589503,6.97079649311889,178.67904788060122,26.55642828535894,15.429305541083833,7.854337025271824,170.4351724323726
11.687110334311145,8.320639973169975,0.2082071286328707,0.5505548852984732,0.14106798046645333,0.7616844649969046,0.8253830098474992,1510.5581571485716,7.90701520480739,47.363318764750716,187.15952969662644,12.964632855088292,80.53244165133698,72.53078725036181
12.096013901669163,9.945532895470386,3.6850803188571724,0.13776284494256347,0.262512934706241,0.41825577748784104,0.20221529339773306,1624.7866645502104,8.328917035765102,155.06720175661602,122.6705570036879,156.83257710078294,75.28212573734687,77.75282064750076
10.580408171755906,4.597249748560105,3.732511632640289,0.40087283299573645,0.22614093216356634,0.9137440038741819,0.995793425192447,571.1685899044038,6.331426819921712,175.1554356680542,63.44003272577843,135.8372627289026,137.5278422998861,102.51792929500043
10.318795739195144,12.27201312920101,1.8096329345108353,0.17612800530452258,0.8864961944054637,0.7231994767667682,0.7189507869145288,199.6710685426088,5.527794656616967,139.18462620818755,94.91286555884524,40.94631479317161,75.43226987666498,49.414084145170385
4.242484350541314,3.9215249544953634,0.21843778568123667,0.04233643564131222,0.6599848372698764,0.4480116180759421,0.007962092313654773,61.49737866475787,3.7753230723789706,28.129313413301414,97.1810904949918,91.60608551471157,57.90696805772799,67.15056955503321
11.049530968736633,1.8373105269436325,2.5904112422482535,0.4027965373448027,0.6570300840528362,0.31176460062258876,0.2892822423155237,1151.3796222182307,5.579396189414931,23.32767883155778,107.98089580455189,72.48799243275727,4.552432957822276,24.41094139851633
4.242484350541314,3.9215249544953634,0.21843778568123667,0.04233643564131222,0.6599848372698764,0.4480116180759421,0.007962092313654773,61.49737866475787,3.7753230723789706,28.129313413301414,97.1810904949918,91.60608551471157,57.90696805772799,67.15056955503321
14.457953415120834,94.19639816180661,2.922256527100973,0.15432477793854385,0.2000597282864313,0.8217542955188586,0.1250074624523207,1158.583221029205,7.377428099582893,43.96964646966727,125.69104590033564,71.3195421051852,187.88743842380646,83.31569575582134
11.53745833215595,32.598853330192284,0.2503121371547913,0.020692803106148003,0.8214019292672772,0.6915786042883768,0.054007512788833555,403.4793299731771,1.4036704416028358,46.98480790504209,31.110161405771372,23.539801621653805,134.11953124059275,79.4909462325227
11.976273687372416,41.59123924669736,0.6250586238708186,0.09474722245447767,0.27092145685816904,0.02680280187094472,0.659456277200869,376.72215261828205,5.759237548719116,92.76071692301997,93.31852914182655,100.65028016253535,35.29692457160737,13.852329939703042
11.288287292171153,63.161052119821235,0.18054160308740075,0.07814380836890983,0.7812203659524745,0.3709719125422046,0.2384038862152575,796.621987290688,8.687644376916202,178.64313907004527,23.310908652186185,28.316634846260342,198.37359931700468,136.7197955376891
11.373380833432655,51.172775074619324,0.09693233345753961,0.2243269287671209,0.9106328193034482,0.6309810336548981,0.5693359228361232,1936.1147569884533,6.090053430050434,185.09054846038276,69.90684057020438,29.749380096166462,169.80345170968852,22.97323198411498
4.242484350541314,3.9215249544953634,0.21843778568123667,0.04233643564131222,0.6599848372698764,0.4480116180759421,0.007962092313654773,61.49737866475787,3.7753230723789706,28.129313413301414,97.1810904949918,91.60608551471157,57.90696805772799,67.15056955503321
12.031655879579077,1.5199705440883549,4.147593485183625,0.42530849037569235,0.4349084551685518,0.6722707471974363,0.7316010075296091,929.9387362642068,2.4349180090034968,6.369760432211855,63.040663609886195,76.70582987748264,130.4335431706181,128.44023729895378
4.242484350541314,3.9215249544953634,0.21843778568123667,0.04233643564131222,0.6599848372698764,0.4480116180759421,0.007962092313654773,61.49737866475787,3.7753230723789706,28.129313413301414,97.1810904949918,91.60608551471157,57.90696805772799,67.15056955503321
12.89680524998301,25.78253510656565,1.7925808633991756,0.0750006243681796,0.414263103573112,0.6672719954721816,0.29241504116015393,899.1643175672518,4.907450257944133,73.78981866703225,159.734679126428,101.96474962200726,121.48251739099112,154.2135568703014
11.687110334311145,8.320639973169975,0.2082071286328707,0.5505548852984732,0.14106798046645333,0.7616844649969046,0.8253830098474992,1510.5581571485716,7.90701520480739,47.363318764750716,187.15952969662644,12.964632855088292,80.53244165133698,72.53078725036181
10.580408171755906,4.597249748560105,3.732511632640289,0.40087283299573645,0.22614093216356634,0.9137440038741819,0.995793425192447,571.1685899044038,6.331426819921712,175.1554356680542,63.44003272577843,135.8372627289026,137.5278422998861,102.51792929500043
14.457953415120834,94.19639816180661,2.922256527100973,0.15432477793854385,0.2000597282864313,0.8217542955188586,0.1250074624523207,1158.583221029205,7.377428099582893,43.96964646966727,125.69104590033564,71.3195421051852,187.88743842380646,83.31569575582134
12.096013901669163,9.945532895470386,3.6850803188571724,0.13776284494256347,0.262512934706241,0.41825577748784104,0.20221529339773306,1624.7866645502104,8.328917035765102,155.06720175661602,122.6705570036879,156.83257710078294,75.28212573734687,77.75282064750076
11.049530968736633,1.8373105269436325,2.5904112422482535,0.4027965373448027,0.6570300840528362,0.31176460062258876,0.2892822423155237,1151.3796222182307,5.579396189414931,23.32767883155778,107.98089580455189,72.48799243275727,4.552432957822276,24.41094139851633
4.242484350541314,3.9215249544953634,0.21843778568123667,0.04233643564131222,0.6599848372698764,0.4480116180759421,0.007962092313654773,61.49737866475787,3.7753230723789706,28.129313413301414,97.1810904949918,91.60608551471157,57.90696805772799,67.15056955503321
4.242484350541314,3.9215249544953634,0.21843778568123667,0.04233643564131222,0.6599848372698764,0.4480116180759421,0.007962092313654773,61.49737866475787,3.7753230723789706,28.129313413301414,97.1810904949918,91.60608551471157,57.90696805772799,67.15056955503321
10.318795739195144,12.27201312920101,1.8096329345108353,0.17612800530452258,0.8864961944054637,0.7231994767667682,0.7189507869145288,199.6710685426088,5.527794656616967,139.18462620818755,94.91286555884524,40.94631479317161,75.43226987666498,49.414084145170385
11.53745833215595,32.598853330192284,0.2503121371547913,0.020692803106148003,0.8214019292672772,0.6915786042883768,0.054007512788833555,403.4793299731771,1.4036704416028358,46.98480790504209,31.110161405771372,23.539801621653805,134.11953124059275,79.4909462325227
11.288287292171153,63.161052119821235,0.18054160308740075,0.07814380836890983,0.7812203659524745,0.3709719125422046,0.2384038862152575,796.621987290688,8.687644376916202,178.64313907004527,23.310908652186185,28.316634846260342,198.37359931700468,136.7197955376891
11.373380833432655,51.172775074619324,0.09693233345753961,0.2243269287671209,0.9106328193034482,0.6309810336548981,0.5693359228361232,1936.1147569884533,6.090053430050434,185.09054846038276,69.90684057020438,29.749380096166462,169.80345170968852,22.97323198411498
11.976273687372416,41.59123924669736,0.6250586238708186,0.09474722245447767,0.27092145685816904,0.02680280187094472,0.659456277200869,376.72215261828205,5.759237548719116,92.76071692301997,93.31852914182655,100.65028016253535,35.29692457160737,13.852329939703042
4.242484350541314,3.9215249544953634,0.21843778568123667,0.04233643564131222,0.6599848372698764,0.4480116180759421,0.007962092313654773,61.49737866475787,3.7753230723789706,28.129313413301414,97.1810904949918,91.60608551471157,57.90696805772799,67.15056955503321
12.432397113962951,54.594689785026446,4.1725256371677535,0.26292905937753847,0.3788259248032724,0.20241768610522134,0.22126021031988363,91.32736637367381,4.612201044798954,107.54311529468029,187.87473522421587,157.6559074075709,133.21644423289604,156.29779396822673
11.687110334311145,8.320639973169975,0.2082071286328707,0.5505548852984732,0.14106798046645333,0.7616844649969046,0.8253830098474992,1510.5581571485716,7.90701520480739,47.363318764750716,187.15952969662644,12.964632855088292,80.53244165133698,72.53078725036181
4.242484350541314,3.9215249544953634,0.21843778568123667,0.04233643564131222,0.6599848372698764,0.4480116180759421,0.007962092313654773,61.49737866475787,3.7753230723789706,28.129313413301414,97.1810904949918,91.60608551471157,57.90696805772799,67.15056955503321
12.031655879579077,1.5199705440883549,4.147593485183625,0.42530849037569235,0.4349084551685518,0.6722707471974363,0.7316010075296091,929.9387362642068,2.4349180090034968,6.369760432211855,63.040663609886195,76.70582987748264,130.4335431706181,128.44023729895378
10.580408171755906,4.597249748560105,3.732511632640289,0.40087283299573645,0.22614093216356634,0.9137440038741819,0.995793425192447,571.1685899044038,6.331426819921712,175.1554356680542,63.44003272577843,135.8372627289026,137.5278422998861,102.51792929500043
12.096013901669163,9.945532895470386,3.6850803188571724,0.13776284494256347,0.262512934706241,0.41825577748784104,0.20221529339773306,1624.7866645502104,8.328917035765102,155.06720175661602,122.6705570036879,156.83257710078294,75.28212573734687,77.75282064750076
13.837811593761726,74.11989147614965,2.2921844220526166,0.32111064586257115,0.5629153766517788,0.4496241019631707,0.7131749288093868,388.16497922856036,3.288180287201904,59.60194545835383,135.50458655105714,71.60668761882036,111.97468421210088,96.24456690216353
11.049530968736633,1.8373105269436325,2.5904112422482535,0.4027965373448027,0.6570300840528362,0.31176460062258876,0.2892822423155237,1151.3796222182307,5.579396189414931,23.32767883155778,107.98089580455189,72.48799243275727,4.552432957822276,24.41094139851633
4.242484350541314,3.9215249544953634,0.21843778568123667,0.04233643564131222,0.6599848372698764,0.4480116180759421,0.007962092313654773,61.49737866475787,3.7753230723789706,28.129313413301414,97.1810904949918,91.60608551471157,57.90696805772799,67.15056955503321
12.432397113962951,54.594689785026446,4.1725256371677535,0.26292905937753847,0.3788259248032724,0.20241768610522134,0.22126021031988363,91.32736637367381,4.612201044798954,107.54311529468029,187.87473522421587,157.6559074075709,133.21644423289604,156.29779396822673
11.976273687372416,41.59123924669736,0.6250586238708186,0.09474722245447767,0.27092145685816904,0.02680280187094472,0.659456277200869,376.72215261828205,5.759237548719116,92.76071692301997,93.31852914182655,100.65028016253535,35.29692457160737,13.852329939703042
10.580408171755906,4.597249748560105,3.732511632640289,0.40087283299573645,0.22614093216356634,0.9137440038741819,0.995793425192447,571.1685899044038,6.331426819921712,175.1554356680542,63.44003272577843,135.8372627289026,137.5278422998861,102.51792929500043
11.53745833215595,32.598853330192284,0.2503121371547913,0.020692803106148003,0.8214019292672772,0.6915786042883768,0.054007512788833555,403.4793299731771,1.4036704416028358,46.98480790504209,31.110161405771372,23.539801621653805,134.11953124059275,79.4909462325227
10.318795739195144,12.27201312920101,1.8096329345108353,0.17612800530452258,0.8864961944054637,0.7231994767667682,0.7189507869145288,199.6710685426088,5.527794656616967,139.18462620818755,94.91286555884524,40.94631479317161,75.43226987666498,49.414084145170385
4.242484350541314,3.9215249544953634,0.21843778568123667,0.04233643564131222,0.6599848372698764,0.4480116180759421,0.007962092313654773,61.49737866475787,3.7753230723789706,28.129313413301414,97.1810904949918,91.60608551471157,57.90696805772799,67.15056955503321
11.288287292171153,63.161052119821235,0.18054160308740075,0.07814380836890983,0.7812203659524745,0.3709719125422046,0.2384038862152575,796.621987290688,8.687644376916202,178.64313907004527,23.310908652186185,28.316634846260342,198.37359931700468,136.7197955376891
13.837811593761726,74.11989147614965,2.2921844220526166,0.32111064586257115,0.5629153766517788,0.4496241019631707,0.7131749288093868,388.16497922856036,3.288180287201904,59.60194545835383,135.50458655105714,71.60668761882036,111.97468421210088,96.24456690216353
11.687110334311145,8.320639973169975,0.2082071286328707,0.5505548852984732,0.14106798046645333,0.7616844649969046,0.8253830098474992,1510.5581571485716,7.90701520480739,47.363318764750716,187.15952969662644,12.964632855088292,80.53244165133698,72.53078725036181
4.242484350541314,3.9215249544953634,0.21843778568123667,0.04233643564131222,0.6599848372698764,0.4480116180759421,0.007962092313654773,61.49737866475787,3.7753230723789706,28.129313413301414,97.1810904949918,91.60608551471157,57.90696805772799,67.15056955503321
11.373380833432655,51.172775074619324,0.09693233345753961,0.2243269287671209,0.9106328193034482,0.6309810336548981,0.5693359228361232,1936.1147569884533,6.090053430050434,185.09054846038276,69.90684057020438,29.749380096166462,169.80345170968852,22.97323198411498
4.242484350541314,3.9215249544953634,0.21843778568123667,0.04233643564131222,0.6599848372698764,0.4480116180759421,0.007962092313654773,61.49737866475787,3.7753230723789706,28.129313413301414,97.1810904949918,91.60608551471157,57.90696805772799,67.15056955503321
12.031655879579077,1.5199705440883549,4.147593485183625,0.42530849037569235,0.4349084551685518,0.6722707471974363,0.7316010075296091,929.9387362642068,2.4349180090034968,6.369760432211855,63.040663609886195,76.70582987748264,130.4335431706181,128.44023729895378
12.096013901669163,9.945532895470386,3.6850803188571724,0.13776284494256347,0.262512934706241,0.41825577748784104,0.20221529339773306,1624.7866645502104,8.328917035765102,155.06720175661602,122.6705570036879,156.83257710078294,75.28212573734687,77.75282064750076
11.976273687372416,41.59123924669736,0.6250586238708186,0.09474722245447767,0.27092145685816904,0.02680280187094472,0.659456277200869,376.72215261828205,5.759237548719116,92.76071692301997,93.31852914182655,100.65028016253535,35.29692457160737,13.852329939703042
8.490777911454447,0.905854170586068,1.6492948947051924,0.3091683487707447,0.23034353993089388,0.5626913817273287,0.4260885758883883,708.0910191331858,5.993464663887707,0.4914914114764173,61.36927832152166,167.05044519023156,193.846687034032,27.465826308250477
9.825632415505769,2.2937749947197847,1.9242672114677626,0.25361504166997134,0.7722319645395418,0.3882441737206486,0.7479629740415361,992.8468287325587,5.160466832157915,28.148817229902598,153.231992835227,135.31514776534615,38.58352603438323,98.22293206695828
4.242484350541314,3.9215249544953634,0.21843778568123667,0.04233643564131222,0.6599848372698764,0.4480116180759421,0.007962092313654773,61.49737866475787,3.7753230723789706,28.129313413301414,97.1810904949918,91.60608551471157,57.90696805772799,67.15056955503321
10.580408171755906,4.597249748560105,3.732511632640289,0.40087283299573645,0.22614093216356634,0.9137440038741819,0.995793425192447,571.1685899044038,6.331426819921712,175.1554356680542,63.44003272577843,135.8372627289026,137.5278422998861,102.51792929500043
12.096013901669163,9.945532895470386,3.6850803188571724,0.13776284494256347,0.262512934706241,0.41825577748784104,0.20221529339773306,1624.7866645502104,8.328917035765102,155.06720175661602,122.6705570036879,156.83257710078294,75.28212573734687,77.75282064750076
11.53745833215595,32.598853330192284,0.2503121371547913,0.020692803106148003,0.8214019292672772,0.6915786042883768,0.054007512788833555,403.4793299731771,1.4036704416028358,46.98480790504209,31.110161405771372,23.539801621653805,134.11953124059275,79.4909462325227
11.288287292171153,63.161052119821235,0.18054160308740075,0.07814380836890983,0.7812203659524745,0.3709719125422046,0.2384038862152575,796.621987290688,8.687644376916202,178.64313907004527,23.310908652186185,28.316634846260342,198.37359931700468,136.7197955376891
10.318795739195144,12.27201312920101,1.8096329345108353,0.17612800530452258,0.8864961944054637,0.7231994767667682,0.7189507869145288,199.6710685426088,5.527794656616967,139.18462620818755,94.91286555884524,40.94631479317161,75.43226987666498,49.414084145170385
11.687110334311145,8.320639973169975,0.2082071286328707,0.5505548852984732,0.14106798046645333,0.7616844649969046,0.8253830098474992,1510.5581571485716,7.90701520480739,47.363318764750716,187.15952969662644,12.964632855088292,80.53244165133698,72.53078725036181
4.242484350541314,3.9215249544953634,0.21843778568123667,0.04233643564131222,0.6599848372698764,0.4480116180759421,0.007962092313654773,61.49737866475787,3.7753230723789706,28.129313413301414,97.1810904949918,91.60608551471157,57.90696805772799,67.15056955503321
4.242484350541314,3.9215249544953634,0.21843778568123667,0.04233643564131222,0.6599848372698764,0.4480116180759421,0.007962092313654773,61.49737866475787,3.7753230723789706,28.129313413301414,97.1810904949918,91.60608551471157,57.90696805772799,67.15056955503321
4.242484350541314,3.9215249544953634,0.21843778568123667,0.04233643564131222,0.6599848372698764,0.4480116180759421,0.007962092313654773,61.49737866475787,3.7753230723789706,28.129313413301414,97.1810904949918,91.60608551471157,57.90696805772799,67.15056955503321
11.373380833432655,51.172775074619324,0.09693233345753961,0.2243269287671209,0.9106328193034482,0.6309810336548981,0.5693359228361232,1936.1147569884533,6.090053430050434,185.09054846038276,69.90684057020438,29.749380096166462,169.80345170968852,22.97323198411498
12.031655879579077,1.5199705440883549,4.147593485183625,0.42530849037569235,0.4349084551685518,0.6722707471974363,0.7316010075296091,929.9387362642068,2.4349180090034968,6.369760432211855,63.040663609886195,76.70582987748264,130.4335431706181,128.44023729895378
12.464385178359278,76.73631743540435,0.023514207382450164,0.556473804761758,0.6834482651583725,0.2786545612016584,0.07678922981883551,662.5128253755219,6.300037145380035,124.94793963959374,175.1388046873604,84.7345416675793,5.153745431314061,91.99710299343434
11.288287292171153,63.161052119821235,0.18054160308740075,0.07814380836890983,0.7812203659524745,0.3709719125422046,0.2384038862152575,796.621987290688,8.687644376916202,178.64313907004527,23.310908652186185,28.316634846260342,198.37359931700468,136.7197955376891
11.976273687372416,41.59123924669736,0.6250586238708186,0.09474722245447767,0.27092145685816904,0.02680280187094472,0.659456277200869,376.72215261828205,5.759237548719116,92.76071692301997,93.31852914182655,100.65028016253535,35.29692457160737,13.852329939703042
11.687110334311145,8.320639973169975,0.2082071286328707,0.5505548852984732,0.14106798046645333,0.7616844649969046,0.8253830098474992,1510.5581571485716,7.90701520480739,47.363318764750716,187.15952969662644,12.964632855088292,80.53244165133698,72.53078725036181
8.490777911454447,0.905854170586068,1.6492948947051924,0.3091683487707447,0.23034353993089388,0.5626913817273287,0.4260885758883883,708.0910191331858,5.993464663887707,0.4914914114764173,61.36927832152166,167.05044519023156,193.846687034032,27.465826308250477
10.580408171755906,4.597249748560105,3.732511632640289,0.40087283299573645,0.22614093216356634,0.9137440038741819,0.995793425192447,571.1685899044038,6.331426819921712,175.1554356680542,63.44003272577843,135.8372627289026,137.5278422998861,102.51792929500043
12.096013901669163,9.945532895470386,3.6850803188571724,0.13776284494256347,0.262512934706241,0.41825577748784104,0.20221529339773306,1624.7866645502104,8.328917035765102,155.06720175661602,122.6705570036879,156.83257710078294,75.28212573734687,77.75282064750076
4.242484350541314,3.9215249544953634,0.21843778568123667,0.04233643564131222,0.6599848372698764,0.4480116180759421,0.007962092313654773,61.49737866475787,3.7753230723789706,28.129313413301414,97.1810904949918,91.60608551471157,57.90696805772799,67.15056955503321
9.825632415505769,2.2937749947197847,1.9242672114677626,0.25361504166997134,0.7722319645395418,0.3882441737206486,0.7479629740415361,992.8468287325587,5.160466832157915,28.148817229902598,153.231992835227,135.31514776534615,38.58352603438323,98.22293206695828
11.53745833215595,32.598853330192284,0.2503121371547913,0.020692803106148003,0.8214019292672772,0.6915786042883768,0.054007512788833555,403.4793299731771,1.4036704416028358,46.98480790504209,31.110161405771372,23.539801621653805,134.11953124059275,79.4909462325227
4.242484350541314,3.9215249544953634,0.21843778568123667,0.04233643564131222,0.6599848372698764,0.4480116180759421,0.007962092313654773,61.49737866475787,3.7753230723789706,28.129313413301414,97.1810904949918,91.60608551471157,57.90696805772799,67.15056955503321
4.242484350541314,3.9215249544953634,0.21843778568123667,0.04233643564131222,0.6599848372698764,0.4480116180759421,0.007962092313654773,61.49737866475787,3.7753230723789706,28.129313413301414,97.1810904949918,91.60608551471157,57.90696805772799,67.15056955503321
11.373380833432655,51.172775074619324,0.09693233345753961,0.2243269287671209,0.9106328193034482,0.6309810336548981,0.5693359228361232,1936.1147569884533,6.090053430050434,185.09054846038276,69.90684057020438,29.749380096166462,169.80345170968852,22.97323198411498
8.490777911454447,0.905854170586068,1.6492948947051924,0.3091683487707447,0.23034353993089388,0.5626913817273287,0.4260885758883883,708.0910191331858,5.993464663887707,0.4914914114764173,61.36927832152166,167.05044519023156,193.846687034032,27.465826308250477
12.031655879579077,1.5199705440883549,4.147593485183625,0.42530849037569235,0.4349084551685518,0.6722707471974363,0.7316010075296091,929.9387362642068,2.4349180090034968,6.369760432211855,63.040663609886195,76.70582987748264,130.4335431706181,128.44023729895378
9.555682112181469,1.6873929604450764,3.8842834928686742,0.308255615077848,0.6286411424751901,0.5178925966491417,0.255504493098234,471.3069838927917,2.9741263990092173,8.393696355080483,40.30457291914031,158.4734671854701,158.36876200861585,89.1794690563152
4.242484350541314,3.9215249544953634,0.21843778568123667,0.04233643564131222,0.6599848372698764,0.4480116180759421,0.007962092313654773,61.49737866475787,3.7753230723789706,28.129313413301414,97.1810904949918,91.60608551471157,57.90696805772799,67.15056955503321
11.288287292171153,63.161052119821235,0.18054160308740075,0.07814380836890983,0.7812203659524745,0.3709719125422046,0.2384038862152575,796.621987290688,8.687644376916202,178.64313907004527,23.310908652186185,28.316634846260342,198.37359931700468,136.7197955376891
12.464385178359278,76.73631743540435,0.023514207382450164,0.556473804761758,0.6834482651583725,0.2786545612016584,0.07678922981883551,662.5128253755219,6.300037145380035,124.94793963959374,175.1388046873604,84.7345416675793,5.153745431314061,91.99710299343434
11.687110334311145,8.320639973169975,0.2082071286328707,0.5505548852984732,0.14106798046645333,0.7616844649969046,0.8253830098474992,1510.5581571485716,7.90701520480739,47.363318764750716,187.15952969662644,12.964632855088292,80.53244165133698,72.53078725036181
10.580408171755906,4.597249748560105,3.732511632640289,0.40087283299573645,0.22614093216356634,0.9137440038741819,0.995793425192447,571.1685899044038,6.331426819921712,175.1554356680542,63.44003272577843,135.8372627289026,137.5278422998861,102.51792929500043
11.373380833432655,51.172775074619324,0.09693233345753961,0.2243269287671209,0.9106328193034482,0.6309810336548981,0.5693359228361232,1936.1147569884533,6.090053430050434,185.09054846038276,69.90684057020438,29.749380096166462,169.80345170968852,22.97323198411498
12.096013901669163,9.945532895470386,3.6850803188571724,0.13776284494256347,0.262512934706241,0.41825577748784104,0.20221529339773306,1624.7866645502104,8.328917035765102,155.06720175661602,122.6705570036879,156.83257710078294,75.28212573734687,77.75282064750076
4.242484350541314,3.9215249544953634,0.21843778568123667,0.04233643564131222,0.6599848372698764,0.4480116180759421,0.007962092313654773,61.49737866475787,3.7753230723789706,28.129313413301414,97.1810904949918,91.60608551471157,57.90696805772799,67.15056955503321
9.825632415505769,2.2937749947197847,1.9242672114677626,0.25361504166997134,0.7722319645395418,0.3882441737206486,0.7479629740415361,992.8468287325587,5.160466832157915,28.148817229902598,153.231992835227,135.31514776534615,38.58352603438323,98.22293206695828
11.976273687372416,41.59123924669736,0.6250586238708186,0.09474722245447767,0.27092145685816904,0.02680280187094472,0.659456277200869,376.72215261828205,5.759237548719116,92.76071692301997,93.31852914182655,100.65028016253535,35.29692457160737,13.852329939703042
11.53745833215595,32.598853330192284,0.2503121371547913,0.020692803106148003,0.8214019292672772,0.6915786042883768,0.054007512788833555,403.4793299731771,1.4036704416028358,46.98480790504209,31.110161405771372,23.539801621653805,134.11953124059275,79.4909462325227
4.242484350541314,3.9215249544953634,0.21843778568123667,0.04233643564131222,0.6599848372698764,0.4480116180759421,0.007962092313654773,61.49737866475787,3.7753230723789706,28.129313413301414,97.1810904949918,91.60608551471157,57.90696805772799,67.15056955503321
4.242484350541314,3.9215249544953634,0.21843778568123667,0.04233643564131222,0.6599848372698764,0.4480116180759421,0.007962092313654773,61.49737866475787,3.7753230723789706,28.129313413301414,97.1810904949918,91.60608551471157,57.90696805772799,67.15056955503321
12.031655879579077,1.5199705440883549,4.147593485183625,0.42530849037569235,0.4349084551685518,0.6722707471974363,0.7316010075296091,929.9387362642068,2.4349180090034968,6.369760432211855,63.040663609886195,76.70582987748264,130.4335431706181,128.44023729895378
8.490777911454447,0.905854170586068,1.6492948947051924,0.3091683487707447,0.23034353993089388,0.5626913817273287,0.4260885758883883,708.0910191331858,5.993464663887707,0.4914914114764173,61.36927832152166,167.05044519023156,193.846687034032,27.465826308250477
11.53745833215595,32.598853330192284,0.2503121371547913,0.020692803106148003,0.8214019292672772,0.6915786042883768,0.054007512788833555,403.4793299731771,1.4036704416028358,46.98480790504209,31.110161405771372,23.539801621653805,134.11953124059275,79.4909462325227
11.976273687372416,41.59123924669736,0.6250586238708186,0.09474722245447767,0.27092145685816904,0.02680280187094472,0.659456277200869,376.72215261828205,5.759237548719116,92.76071692301997,93.31852914182655,100.65028016253535,35.29692457160737,13.852329939703042
9.555682112181469,1.6873929604450764,3.8842834928686742,0.308255615077848,0.6286411424751901,0.5178925966491417,0.255504493098234,471.3069838927917,2.9741263990092173,8.393696355080483,40.30457291914031,158.4734671854701,158.36876200861585,89.1794690563152
11.288287292171153,63.161052119821235,0.18054160308740075,0.07814380836890983,0.7812203659524745,0.3709719125422046,0.2384038862152575,796.621987290688,8.687644376916202,178.64313907004527,23.310908652186185,28.316634846260342,198.37359931700468,136.7197955376891
4.242484350541314,3.9215249544953634,0.21843778568123667,0.04233643564131222,0.6599848372698764,0.4480116180759421,0.007962092313654773,61.49737866475787,3.7753230723789706,28.129313413301414,97.1810904949918,91.60608551471157,57.90696805772799,67.15056955503321
11.687110334311145,8.320639973169975,0.2082071286328707,0.5505548852984732,0.14106798046645333,0.7616844649969046,0.8253830098474992,1510.5581571485716,7.90701520480739,47.363318764750716,187.15952969662644,12.964632855088292,80.53244165133698,72.53078725036181
12.096013901669163,9.945532895470386,3.6850803188571724,0.13776284494256347,0.262512934706241,0.41825577748784104,0.20221529339773306,1624.7866645502104,8.328917035765102,155.06720175661602,122.6705570036879,156.83257710078294,75.28212573734687,77.75282064750076
10.580408171755906,4.597249748560105,3.732511632640289,0.40087283299573645,0.22614093216356634,0.9137440038741819,0.995793425192447,571.1685899044038,6.331426819921712,175.1554356680542,63.44003272577843,135.8372627289026,137.5278422998861,102.51792929500043
11.373380833432655,51.172775074619324,0.09693233345753961,0.2243269287671209,0.9106328193034482,0.6309810336548981,0.5693359228361232,1936.1147569884533,6.090053430050434,185.09054846038276,69.90684057020438,29.749380096166462,169.80345170968852,22.97323198411498
4.242484350541314,3.9215249544953634,0.21843778568123667,0.04233643564131222,0.6599848372698764,0.4480116180759421,0.007962092313654773,61.49737866475787,3.7753230723789706,28.129313413301414,97.1810904949918,91.60608551471157,57.90696805772799,67.15056955503321
12.464385178359278,76.73631743540435,0.023514207382450164,0.556473804761758,0.6834482651583725,0.2786545612016584,0.07678922981883551,662.5128253755219,6.300037145380035,124.94793963959374,175.1388046873604,84.7345416675793,5.153745431314061,91.99710299343434
9.825632415505769,2.2937749947197847,1.9242672114677626,0.25361504166997134,0.7722319645395418,0.3882441737206486,0.7479629740415361,992.8468287325587,5.160466832157915,28.148817229902598,153.231992835227,135.31514776534615,38.58352603438323,98.22293206695828
4.242484350541314,3.9215249544953634,0.21843778568123667,0.04233643564131222,0.6599848372698764,0.4480116180759421,0.007962092313654773,61.49737866475787,3.7753230723789706,28.129313413301414,97.1810904949918,91.60608551471157,57.90696805772799,67.15056955503321
12.096013901669163,9.945532895470386,3.6850803188571724,0.13776284494256347,0.262512934706241,0.41825577748784104,0.20221529339773306,1624.7866645502104,8.328917035765102,155.06720175661602,122.6705570036879,156.83257710078294,75.28212573734687,77.75282064750076
4.242484350541314,3.9215249544953634,0.21843778568123667,0.04233643564131222,0.6599848372698764,0.4480116180759421,0.007962092313654773,61.49737866475787,3.7753230723789706,28.129313413301414,97.1810904949918,91.60608551471157,57.90696805772799,67.15056955503321
12.031655879579077,1.5199705440883549,4.147593485183625,0.42530849037569235,0.4349084551685518,0.6722707471974363,0.7316010075296091,929.9387362642068,2.4349180090034968,6.369760432211855,63.040663609886195,76.70582987748264,130.4335431706181,128.44023729895378
8.490777911454447,0.905854170586068,1.6492948947051924,0.3091683487707447,0.23034353993089388,0.5626913817273287,0.4260885758883883,708.0910191331858,5.993464663887707,0.4914914114764173,61.36927832152166,167.05044519023156,193.846687034032,27.465826308250477
11.53745833215595,32.598853330192284,0.2503121371547913,0.020692803106148003,0.8214019292672772,0.6915786042883768,0.054007512788833555,403.4793299731771,1.4036704416028358,46.98480790504209,31.110161405771372,23.539801621653805,134.11953124059275,79.4909462325227
9.825632415505769,2.2937749947197847,1.9242672114677626,0.25361504166997134,0.7722319645395418,0.3882441737206486,0.7479629740415361,992.8468287325587,5.160466832157915,28.148817229902598,153.231992835227,135.31514776534615,38.58352603438323,98.22293206695828
11.381293155731697,94.19639816180661,0.06774963389981814,0.11290821509865566,0.3737084247864077,0.8217542955188586,0.70486227260037,1158.583221029205,7.331364204062041,6.795272182945464,93.78720088388022,131.48910186578445,187.88743842380646,137.5423167949275
4.242484350541314,3.9215249544953634,0.21843778568123667,0.04233643564131222,0.6599848372698764,0.4480116180759421,0.007962092313654773,61.49737866475787,3.7753230723789706,28.129313413301414,97.1810904949918,91.60608551471157,57.90696805772799,67.15056955503321
11.288287292171153,63.161052119821235,0.18054160308740075,0.07814380836890983,0.7812203659524745,0.3709719125422046,0.2384038862152575,796.621987290688,8.687644376916202,178.64313907004527,23.310908652186185,28.316634846260342,198.37359931700468,136.7197955376891
11.687110334311145,8.320639973169975,0.2082071286328707,0.5505548852984732,0.14106798046645333,0.7616844649969046,0.8253830098474992,1510.5581571485716,7.90701520480739,47.363318764750716,187.15952969662644,12.964632855088292,80.53244165133698,72.53078725036181
10.580408171755906,4.597249748560105,3.732511632640289,0.40087283299573645,0.22614093216356634,0.9137440038741819,0.995793425192447,571.1685899044038,6.331426819921712,175.1554356680542,63.44003272577843,135.8372627289026,137.5278422998861,102.51792929500043
9.555682112181469,1.6873929604450764,3.8842834928686742,0.308255615077848,0.6286411424751901,0.5178925966491417,0.255504493098234,471.3069838927917,2.9741263990092173,8.393696355080483,40.30457291914031,158.4734671854701,158.36876200861585,89.1794690563152
11.976273687372416,41.59123924669736,0.6250586238708186,0.09474722245447767,0.27092145685816904,0.02680280187094472,0.659456277200869,376.72215261828205,5.759237548719116,92.76071692301997,93.31852914182655,100.65028016253535,35.29692457160737,13.852329939703042
11.373380833432655,51.172775074619324,0.09693233345753961,0.2243269287671209,0.9106328193034482,0.6309810336548981,0.5693359228361232,1936.1147569884533,6.090053430050434,185.09054846038276,69.90684057020438,29.749380096166462,169.80345170968852,22.97323198411498
4.242484350541314,3.9215249544953634,0.21843778568123667,0.04233643564131222,0.6599848372698764,0.4480116180759421,0.007962092313654773,61.49737866475787,3.7753230723789706,28.129313413301414,97.1810904949918,91.60608551471157,57.90696805772799,67.15056955503321
12.031655879579077,1.5199705440883549,4.147593485183625,0.42530849037569235,0.4349084551685518,0.6722707471974363,0.7316010075296091,929.9387362642068,2.4349180090034968,6.369760432211855,63.040663609886195,76.70582987748264,130.4335431706181,128.44023729895378
4.242484350541314,3.9215249544953634,0.21843778568123667,0.04233643564131222,0.6599848372698764,0.4480116180759421,0.007962092313654773,61.49737866475787,3.7753230723789706,28.129313413301414,97.1810904949918,91.60608551471157,57.90696805772799,67.15056955503321
11.53745833215595,32.598853330192284,0.2503121371547913,0.020692803106148003,0.8214019292672772,0.6915786042883768,0.054007512788833555,403.4793299731771,1.4036704416028358,46.98480790504209,31.110161405771372,23.539801621653805,134.11953124059275,79.4909462325227
12.096013901669163,9.945532895470386,3.6850803188571724,0.13776284494256347,0.262512934706241,0.41825577748784104,0.20221529339773306,1624.7866645502104,8.328917035765102,155.06720175661602,122.6705570036879,156.83257710078294,75.28212573734687,77.75282064750076
9.555682112181469,1.6873929604450764,3.8842834928686742,0.308255615077848,0.6286411424751901,0.5178925966491417,0.255504493098234,471.3069838927917,2.9741263990092173,8.393696355080483,40.30457291914031,158.4734671854701,158.36876200861585,89.1794690563152
4.242484350541314,3.9215249544953634,0.21843778568123667,0.04233643564131222,0.6599848372698764,0.4480116180759421,0.007962092313654773,61.49737866475787,3.7753230723789706,28.129313413301414,97.1810904949918,91.60608551471157,57.90696805772799,67.15056955503321
8.490777911454447,0.905854170586068,1.6492948947051924,0.3091683487707447,0.23034353993089388,0.5626913817273287,0.4260885758883883,708.0910191331858,5.993464663887707,0.4914914114764173,61.36927832152166,167.05044519023156,193.846687034032,27.465826308250477
4.242484350541314,3.9215249544953634,0.21843778568123667,0.04233643564131222,0.6599848372698764,0.4480116180759421,0.007962092313654773,61.49737866475787,3.7753230723789706,28.129313413301414,97.1810904949918,91.60608551471157,57.90696805772799,67.15056955503321
4.242484350541314,3.9215249544953634,0.21843778568123667,0.04233643564131222,0.6599848372698764,0.4480116180759421,0.007962092313654773,61.49737866475787,3.7753230723789706,28.129313413301414,97.1810904949918,91.60608551471157,57.90696805772799,67.15056955503321
11.53745833215595,32.598853330192284,0.2503121371547913,0.020692803106148003,0.8214019292672772,0.6915786042883768,0.054007512788833555,403.4793299731771,1.4036704416028358,46.98480790504209,31.110161405771372,23.539801621653805,134.11953124059275,79.4909462325227
11.288287292171153,63.161052119821235,0.18054160308740075,0.07814380836890983,0.7812203659524745,0.3709719125422046,0.2384038862152575,796.621987290688,8.687644376916202,178.64313907004527,23.310908652186185,28.316634846260342,198.37359931700468,136.7197955376891
11.687110334311145,8.320639973169975,0.2082071286328707,0.5505548852984732,0.14106798046645333,0.7616844649969046,0.8253830098474992,1510.5581571485716,7.90701520480739,47.363318764750716,187.15952969662644,12.964632855088292,80.53244165133698,72.53078725036181
10.580408171755906,4.597249748560105,3.732511632640289,0.40087283299573645,0.22614093216356634,0.9137440038741819,0.995793425192447,571.1685899044038,6.331426819921712,175.1554356680542,63.44003272577843,135.8372627289026,137.5278422998861,102.51792929500043
9.825632415505769,2.2937749947197847,1.9242672114677626,0.25361504166997134,0.7722319645395418,0.3882441737206486,0.7479629740415361,992.8468287325587,5.160466832157915,28.148817229902598,153.231992835227,135.31514776534615,38.58352603438323,98.22293206695828
11.373380833432655,51.172775074619324,0.09693233345753961,0.2243269287671209,0.9106328193034482,0.6309810336548981,0.5693359228361232,1936.1147569884533,6.090053430050434,185.09054846038276,69.90684057020438,29.749380096166462,169.80345170968852,22.97323198411498
11.381293155731697,94.19639816180661,0.06774963389981814,0.11290821509865566,0.3737084247864077,0.8217542955188586,0.70486227260037,1158.583221029205,7.331364204062041,6.795272182945464,93.78720088388022,131.48910186578445,187.88743842380646,137.5423167949275
10.21101550028362,2.1066828425816055,3.6205598658256597,0.2107756957433357,0.7196643767264393,0.6935996339765453,0.9946460462804578,1798.0742046130879,4.826551229251188,97.28978355511285,51.50350357000343,5.533726302172889,45.42571379444838,110.53586112190492
4.242484350541314,3.9215249544953634,0.21843778568123667,0.04233643564131222,0.6599848372698764,0.4480116180759421,0.007962092313654773,61.49737866475787,3.7753230723789706,28.129313413301414,97.1810904949918,91.60608551471157,57.90696805772799,67.15056955503321
11.976273687372416,41.59123924669736,0.6250586238708186,0.09474722245447767,0.27092145685816904,0.02680280187094472,0.659456277200869,376.72215261828205,5.759237548719116,92.76071692301997,93.31852914182655,100.65028016253535,35.29692457160737,13.852329939703042
9.555682112181469,1.6873929604450764,3.8842834928686742,0.308255615077848,0.6286411424751901,0.5178925966491417,0.255504493098234,471.3069838927917,2.9741263990092173,8.393696355080483,40.30457291914031,158.4734671854701,158.36876200861585,89.1794690563152
12.096013901669163,9.945532895470386,3.6850803188571724,0.13776284494256347,0.262512934706241,0.41825577748784104,0.20221529339773306,1624.7866645502104,8.328917035765102,155.06720175661602,122.6705570036879,156.83257710078294,75.28212573734687,77.75282064750076
10.580408171755906,4.597249748560105,3.732511632640289,0.40087283299573645,0.22614093216356634,0.9137440038741819,0.995793425192447,571.1685899044038,6.331426819921712,175.1554356680542,63.44003272577843,135.8372627289026,137.5278422998861,102.51792929500043
4.242484350541314,3.9215249544953634,0.21843778568123667,0.04233643564131222,0.6599848372698764,0.4480116180759421,0.007962092313654773,61.49737866475787,3.7753230723789706,28.129313413301414,97.1810904949918,91.60608551471157,57.90696805772799,67.15056955503321
10.21101550028362,2.1066828425816055,3.6205598658256597,0.2107756957433357,0.7196643767264393,0.6935996339765453,0.9946460462804578,1798.0742046130879,4.826551229251188,97.28978355511285,51.50350357000343,5.533726302172889,45.42571379444838,110.53586112190492
4.242484350541314,3.9215249544953634,0.21843778568123667,0.04233643564131222,0.6599848372698764,0.4480116180759421,0.007962092313654773,61.49737866475787,3.7753230723789706,28.129313413301414,97.1810904949918,91.60608551471157,57.90696805772799,67.15056955503321
11.381293155731697,94.19639816180661,0.06774963389981814,0.11290821509865566,0.3737084247864077,0.8217542955188586,0.70486227260037,1158.583221029205,7.331364204062041,6.795272182945464,93.78720088388022,131.48910186578445,187.88743842380646,137.5423167949275
8.490777911454447,0.905854170586068,1.6492948947051924,0.3091683487707447,0.23034353993089388,0.5626913817273287,0.4260885758883883,708.0910191331858,5.993464663887707,0.4914914114764173,61.36927832152166,167.05044519023156,193.846687034032,27.465826308250477
11.53745833215595,32.598853330192284,0.2503121371547913,0.020692803106148003,0.8214019292672772,0.6915786042883768,0.054007512788833555,403.4793299731771,1.4036704416028358,46.98480790504209,31.110161405771372,23.539801621653805,134.11953124059275,79.4909462325227
11.687110334311145,8.320639973169975,0.2082071286328707,0.5505548852984732,0.14106798046645333,0.7616844649969046,0.8253830098474992,1510.5581571485716,7.90701520480739,47.363318764750716,187.15952969662644,12.964632855088292,80.53244165133698,72.53078725036181
11.288287292171153,63.161052119821235,0.18054160308740075,0.07814380836890983,0.7812203659524745,0.3709719125422046,0.2384038862152575,796.621987290688,8.687644376916202,178.64313907004527,23.310908652186185,28.316634846260342,198.37359931700468,136.7197955376891
5.872828381390907,2.2544007493250042,0.03313244847953487,0.23523700477081239,0.42680228101443307,0.006179179161675541,0.7047010622427147,730.051777431244,5.545877513863882,48.90669179323073,157.36098547746698,17.626584564805015,51.99317878926626,80.82118575446403
4.242484350541314,3.9215249544953634,0.21843778568123667,0.04233643564131222,0.6599848372698764,0.4480116180759421,0.007962092313654773,61.49737866475787,3.7753230723789706,28.129313413301414,97.1810904949918,91.60608551471157,57.90696805772799,67.15056955503321
11.373380833432655,51.172775074619324,0.09693233345753961,0.2243269287671209,0.9106328193034482,0.6309810336548981,0.5693359228361232,1936.1147569884533,6.090053430050434,185.09054846038276,69.90684057020438,29.749380096166462,169.80345170968852,22.97323198411498
4.242484350541314,3.9215249544953634,0.21843778568123667,0.04233643564131222,0.6599848372698764,0.4480116180759421,0.007962092313654773,61.49737866475787,3.7753230723789706,28.129313413301414,97.1810904949918,91.60608551471157,57.90696805772799,67.15056955503321
4.242484350541314,3.9215249544953634,0.21843778568123667,0.04233643564131222,0.6599848372698764,0.4480116180759421,0.007962092313654773,61.49737866475787,3.7753230723789706,28.129313413301414,97.1810904949918,91.60608551471157,57.90696805772799,67.15056955503321
12.096013901669163,9.945532895470386,3.6850803188571724,0.13776284494256347,0.262512934706241,0.41825577748784104,0.20221529339773306,1624.7866645502104,8.328917035765102,155.06720175661602,122.6705570036879,156.83257710078294,75.28212573734687,77.75282064750076
10.580408171755906,4.597249748560105,3.732511632640289,0.40087283299573645,0.22614093216356634,0.9137440038741819,0.995793425192447,571.1685899044038,6.331426819921712,175.1554356680542,63.44003272577843,135.8372627289026,137.5278422998861,102.51792929500043
9.555682112181469,1.6873929604450764,3.8842834928686742,0.308255615077848,0.6286411424751901,0.5178925966491417,0.255504493098234,471.3069838927917,2.9741263990092173,8.393696355080483,40.30457291914031,158.4734671854701,158.36876200861585,89.1794690563152
11.976273687372416,41.59123924669736,0.6250586238708186,0.09474722245447767,0.27092145685816904,0.02680280187094472,0.659456277200869,376.72215261828205,5.759237548719116,92.76071692301997,93.31852914182655,100.65028016253535,35.29692457160737,13.852329939703042
11.373380833432655,51.172775074619324,0.09693233345753961,0.2243269287671209,0.9106328193034482,0.6309810336548981,0.5693359228361232,1936.1147569884533,6.090053430050434,185.09054846038276,69.90684057020438,29.749380096166462,169.80345170968852,22.97323198411498
4.242484350541314,3.9215249544953634,0.21843778568123667,0.04233643564131222,0.6599848372698764,0.4480116180759421,0.007962092313654773,61.49737866475787,3.7753230723789706,28.129313413301414,97.1810904949918,91.60608551471157,57.90696805772799,67.15056955503321
10.21101550028362,2.1066828425816055,3.6205598658256597,0.2107756957433357,0.7196643767264393,0.6935996339765453,0.9946460462804578,1798.0742046130879,4.826551229251188,97.28978355511285,51.50350357000343,5.533726302172889,45.42571379444838,110.53586112190492
8.490777911454447,0.905854170586068,1.6492948947051924,0.3091683487707447,0.23034353993089388,0.5626913817273287,0.4260885758883883,708.0910191331858,5.993464663887707,0.4914914114764173,61.36927832152166,167.05044519023156,193.846687034032,27.465826308250477
11.53745833215595,32.598853330192284,0.2503121371547913,0.020692803106148003,0.8214019292672772,0.6915786042883768,0.054007512788833555,403.4793299731771,1.4036704416028358,46.98480790504209,31.110161405771372,23.539801621653805,134.11953124059275,79.4909462325227
12.096013901669163,9.945532895470386,3.6850803188571724,0.13776284494256347,0.262512934706241,0.41825577748784104,0.20221529339773306,1624.7866645502104,8.328917035765102,155.06720175661602,122.6705570036879,156.83257710078294,75.28212573734687,77.75282064750076
11.381293155731697,94.19639816180661,0.06774963389981814,0.11290821509865566,0.3737084247864077,0.8217542955188586,0.70486227260037,1158.583221029205,7.331364204062041,6.795272182945464,93.78720088388022,131.48910186578445,187.88743842380646,137.5423167949275
11.687110334311145,8.320639973169975,0.2082071286328707,0.5505548852984732,0.14106798046645333,0.7616844649969046,0.8253830098474992,1510.5581571485716,7.90701520480739,47.363318764750716,187.15952969662644,12.964632855088292,80.53244165133698,72.53078725036181
11.288287292171153,63.161052119821235,0.18054160308740075,0.07814380836890983,0.7812203659524745,0.3709719125422046,0.2384038862152575,796.621987290688,8.687644376916202,178.64313907004527,23.310908652186185,28.316634846260342,198.37359931700468,136.7197955376891
5.872828381390907,2.2544007493250042,0.03313244847953487,0.23523700477081239,0.42680228101443307,0.006179179161675541,0.7047010622427147,730.051777431244,5.545877513863882,48.90669179323073,157.36098547746698,17.626584564805015,51.99317878926626,80.82118575446403
4.242484350541314,3.9215249544953634,0.21843778568123667,0.04233643564131222,0.6599848372698764,0.4480116180759421,0.007962092313654773,61.49737866475787,3.7753230723789706,28.129313413301414,97.1810904949918,91.60608551471157,57.90696805772799,67.15056955503321
4.242484350541314,3.9215249544953634,0.21843778568123667,0.04233643564131222,0.6599848372698764,0.4480116180759421,0.007962092313654773,61.49737866475787,3.7753230723789706,28.129313413301414,97.1810904949918,91.60608551471157,57.90696805772799,67.15056955503321
4.242484350541314,3.9215249544953634,0.21843778568123667,0.04233643564131222,0.6599848372698764,0.4480116180759421,0.007962092313654773,61.49737866475787,3.7753230723789706,28.129313413301414,97.1810904949918,91.60608551471157,57.90696805772799,67.15056955503321
10.580408171755906,4.597249748560105,3.732511632640289,0.40087283299573645,0.22614093216356634,0.9137440038741819,0.995793425192447,571.1685899044038,6.331426819921712,175.1554356680542,63.44003272577843,135.8372627289026,137.5278422998861,102.51792929500043
11.53745833215595,32.598853330192284,0.2503121371547913,0.020692803106148003,0.8214019292672772,0.6915786042883768,0.054007512788833555,403.4793299731771,1.4036704416028358,46.98480790504209,31.110161405771372,23.539801621653805,134.11953124059275,79.4909462325227
11.687110334311145,8.320639973169975,0.2082071286328707,0.5505548852984732,0.14106798046645333,0.7616844649969046,0.8253830098474992,1510.5581571485716,7.90701520480739,47.363318764750716,187.15952969662644,12.964632855088292,80.53244165133698,72.53078725036181
11.288287292171153,63.161052119821235,0.18054160308740075,0.07814380836890983,0.7812203659524745,0.3709719125422046,0.2384038862152575,796.621987290688,8.687644376916202,178.64313907004527,23.310908652186185,28.316634846260342,198.37359931700468,136.7197955376891
11.373380833432655,51.172775074619324,0.09693233345753961,0.2243269287671209,0.9106328193034482,0.6309810336548981,0.5693359228361232,1936.1147569884533,6.090053430050434,185.09054846038276,69.90684057020438,29.749380096166462,169.80345170968852,22.97323198411498
9.555682112181469,1.6873929604450764,3.8842834928686742,0.308255615077848,0.6286411424751901,0.5178925966491417,0.255504493098234,471.3069838927917,2.9741263990092173,8.393696355080483,40.30457291914031,158.4734671854701,158.36876200861585,89.1794690563152
4.242484350541314,3.9215249544953634,0.21843778568123667,0.04233643564131222,0.6599848372698764,0.4480116180759421,0.007962092313654773,61.49737866475787,3.7753230723789706,28.129313413301414,97.1810904949918,91.60608551471157,57.90696805772799,67.15056955503321
11.976273687372416,41.59123924669736,0.6250586238708186,0.09474722245447767,0.27092145685816904,0.02680280187094472,0.659456277200869,376.72215261828205,5.759237548719116,92.76071692301997,93.31852914182655,100.65028016253535,35.29692457160737,13.852329939703042
10.21101550028362,2.1066828425816055,3.6205598658256597,0.2107756957433357,0.7196643767264393,0.6935996339765453,0.9946460462804578,1798.0742046130879,4.826551229251188,97.28978355511285,51.50350357000343,5.533726302172889,45.42571379444838,110.53586112190492
12.096013901669163,9.945532895470386,3.6850803188571724,0.13776284494256347,0.262512934706241,0.41825577748784104,0.20221529339773306,1624.7866645502104,8.328917035765102,155.06720175661602,122.6705570036879,156.83257710078294,75.28212573734687,77.75282064750076
10.580408171755906,4.597249748560105,3.732511632640289,0.40087283299573645,0.22614093216356634,0.9137440038741819,0.995793425192447,571.1685899044038,6.331426819921712,175.1554356680542,63.44003272577843,135.8372627289026,137.5278422998861,102.51792929500043
8.490777911454447,0.905854170586068,1.6492948947051924,0.3091683487707447,0.23034353993089388,0.5626913817273287,0.4260885758883883,708.0910191331858,5.993464663887707,0.4914914114764173,61.36927832152166,167.05044519023156,193.846687034032,27.465826308250477
4.242484350541314,3.9215249544953634,0.21843778568123667,0.04233643564131222,0.6599848372698764,0.4480116180759421,0.007962092313654773,61.49737866475787,3.7753230723789706,28.129313413301414,97.1810904949918,91.60608551471157,57.90696805772799,67.15056955503321
5.872828381390907,2.2544007493250042,0.03313244847953487,0.23523700477081239,0.42680228101443307,0.006179179161675541,0.7047010622427147,730.051777431244,5.545877513863882,48.90669179323073,157.36098547746698,17.626584564805015,51.99317878926626,80.82118575446403
11.373380833432655,51.172775074619324,0.09693233345753961,0.2243269287671209,0.9106328193034482,0.6309810336548981,0.5693359228361232,1936.1147569884533,6.090053430050434,185.09054846038276,69.90684057020438,29.749380096166462,169.80345170968852,22.97323198411498
11.381293155731697,94.19639816180661,0.06774963389981814,0.11290821509865566,0.3737084247864077,0.8217542955188586,0.70486227260037,1158.583221029205,7.331364204062041,6.795272182945464,93.78720088388022,131.48910186578445,187.88743842380646,137.5423167949275
11.976273687372416,41.59123924669736,0.6250586238708186,0.09474722245447767,0.27092145685816904,0.02680280187094472,0.659456277200869,376.72215261828205,5.759237548719116,92.76071692301997,93.31852914182655,100.65028016253535,35.29692457160737,13.852329939703042
11.687110334311145,8.320639973169975,0.2082071286328707,0.5505548852984732,0.14106798046645333,0.7616844649969046,0.8253830098474992,1510.5581571485716,7.90701520480739,47.363318764750716,187.15952969662644,12.964632855088292,80.53244165133698,72.53078725036181
4.242484350541314,3.9215249544953634,0.21843778568123667,0.04233643564131222,0.6599848372698764,0.4480116180759421,0.007962092313654773,61.49737866475787,3.7753230723789706,28.129313413301414,97.1810904949918,91.60608551471157,57.90696805772799,67.15056955503321
11.53745833215595,32.598853330192284,0.2503121371547913,0.020692803106148003,0.8214019292672772,0.6915786042883768,0.054007512788833555,403.4793299731771,1.4036704416028358,46.98480790504209,31.110161405771372,23.539801621653805,134.11953124059275,79.4909462325227
11.288287292171153,63.161052119821235,0.18054160308740075,0.07814380836890983,0.7812203659524745,0.3709719125422046,0.2384038862152575,796.621987290688,8.687644376916202,178.64313907004527,23.310908652186185,28.316634846260342,198.37359931700468,136.7197955376891
4.242484350541314,3.9215249544953634,0.21843778568123667,0.04233643564131222,0.6599848372698764,0.4480116180759421,0.007962092313654773,61.49737866475787,3.7753230723789706,28.129313413301414,97.1810904949918,91.60608551471157,57.90696805772799,67.15056955503321
4.242484350541314,3.9215249544953634,0.21843778568123667,0.04233643564131222,0.6599848372698764,0.4480116180759421,0.007962092313654773,61.49737866475787,3.7753230723789706,28.129313413301414,97.1810904949918,91.60608551471157,57.90696805772799,67.15056955503321
4.242484350541314,3.9215249544953634,0.21843778568123667,0.04233643564131222,0.6599848372698764,0.4480116180759421,0.007962092313654773,61.49737866475787,3.7753230723789706,28.129313413301414,97.1810904949918,91.60608551471157,57.90696805772799,67.15056955503321
12.096013901669163,9.945532895470386,3.6850803188571724,0.13776284494256347,0.262512934706241,0.41825577748784104,0.20221529339773306,1624.7866645502104,8.328917035765102,155.06720175661602,122.6705570036879,156.83257710078294,75.28212573734687,77.75282064750076
9.555682112181469,1.6873929604450764,3.8842834928686742,0.308255615077848,0.6286411424751901,0.5178925966491417,0.255504493098234,471.3069838927917,2.9741263990092173,8.393696355080483,40.30457291914031,158.4734671854701,158.36876200861585,89.1794690563152
11.381293155731697,94.19639816180661,0.06774963389981814,0.11290821509865566,0.3737084247864077,0.8217542955188586,0.70486227260037,1158.583221029205,7.331364204062041,6.795272182945464,93.78720088388022,131.48910186578445,187.88743842380646,137.5423167949275
10.580408171755906,4.597249748560105,3.732511632640289,0.40087283299573645,0.22614093216356634,0.9137440038741819,0.995793425192447,571.1685899044038,6.331426819921712,175.1554356680542,63.44003272577843,135.8372627289026,137.5278422998861,102.51792929500043
10.21101550028362,2.1066828425816055,3.6205598658256597,0.2107756957433357,0.7196643767264393,0.6935996339765453,0.9946460462804578,1798.0742046130879,4.826551229251188,97.28978355511285,51.50350357000343,5.533726302172889,45.42571379444838,110.53586112190492
8.490777911454447,0.905854170586068,1.6492948947051924,0.3091683487707447,0.23034353993089388,0.5626913817273287,0.4260885758883883,708.0910191331858,5.993464663887707,0.4914914114764173,61.36927832152166,167.05044519023156,193.846687034032,27.465826308250477
11.53745833215595,32.598853330192284,0.2503121371547913,0.020692803106148003,0.8214019292672772,0.6915786042883768,0.054007512788833555,403.4793299731771,1.4036704416028358,46.98480790504209,31.110161405771372,23.539801621653805,134.11953124059275,79.4909462325227
5.872828381390907,2.2544007493250042,0.03313244847953487,0.23523700477081239,0.42680228101443307,0.006179179161675541,0.7047010622427147,730.051777431244,5.545877513863882,48.90669179323073,157.36098547746698,17.626584564805015,51.99317878926626,80.82118575446403
11.373380833432655,51.172775074619324,0.09693233345753961,0.2243269287671209,0.9106328193034482,0.6309810336548981,0.5693359228361232,1936.1147569884533,6.090053430050434,185.09054846038276,69.90684057020438,29.749380096166462,169.80345170968852,22.97323198411498
12.096013901669163,9.945532895470386,3.6850803188571724,0.13776284494256347,0.262512934706241,0.41825577748784104,0.20221529339773306,1624.7866645502104,8.328917035765102,155.06720175661602,122.6705570036879,156.83257710078294,75.28212573734687,77.75282064750076
4.242484350541314,3.9215249544953634,0.21843778568123667,0.04233643564131222,0.6599848372698764,0.4480116180759421,0.007962092313654773,61.49737866475787,3.7753230723789706,28.129313413301414,97.1810904949918,91.60608551471157,57.90696805772799,67.15056955503321
11.687110334311145,8.320639973169975,0.2082071286328707,0.5505548852984732,0.14106798046645333,0.7616844649969046,0.8253830098474992,1510.5581571485716,7.90701520480739,47.363318764750716,187.15952969662644,12.964632855088292,80.53244165133698,72.53078725036181
10.21101550028362,2.1066828425816055,3.6205598658256597,0.2107756957433357,0.7196643767264393,0.6935996339765453,0.9946460462804578,1798.0742046130879,4.826551229251188,97.28978355511285,51.50350357000343,5.533726302172889,45.42571379444838,110.53586112190492
11.976273687372416,41.59123924669736,0.6250586238708186,0.09474722245447767,0.27092145685816904,0.02680280187094472,0.659456277200869,376.72215261828205,5.759237548719116,92.76071692301997,93.31852914182655,100.65028016253535,35.29692457160737,13.852329939703042
4.242484350541314,3.9215249544953634,0.21843778568123667,0.04233643564131222,0.6599848372698764,0.4480116180759421,0.007962092313654773,61.49737866475787,3.7753230723789706,28.129313413301414,97.1810904949918,91.60608551471157,57.90696805772799,67.15056955503321
11.288287292171153,63.161052119821235,0.18054160308740075,0.07814380836890983,0.7812203659524745,0.3709719125422046,0.2384038862152575,796.621987290688,8.687644376916202,178.64313907004527,23.310908652186185,28.316634846260342,198.37359931700468,136.7197955376891
4.242484350541314,3.9215249544953634,0.21843778568123667,0.04233643564131222,0.6599848372698764,0.4480116180759421,0.007962092313654773,61.49737866475787,3.7753230723789706,28.129313413301414,97.1810904949918,91.60608551471157,57.90696805772799,67.15056955503321
4.242484350541314,3.9215249544953634,0.21843778568123667,0.04233643564131222,0.6599848372698764,0.4480116180759421,0.007962092313654773,61.49737866475787,3.7753230723789706,28.129313413301414,97.1810904949918,91.60608551471157,57.90696805772799,67.15056955503321
10.580408171755906,4.597249748560105,3.732511632640289,0.40087283299573645,0.22614093216356634,0.9137440038741819,0.995793425192447,571.1685899044038,6.331426819921712,175.1554356680542,63.44003272577843,135.8372627289026,137.5278422998861,102.51792929500043
8.490777911454447,0.905854170586068,1.6492948947051924,0.3091683487707447,0.23034353993089388,0.5626913817273287,0.4260885758883883,708.0910191331858,5.993464663887707,0.4914914114764173,61.36927832152166,167.05044519023156,193.846687034032,27.465826308250477
4.242484350541314,3.9215249544953634,0.21843778568123667,0.04233643564131222,0.6599848372698764,0.4480116180759421,0.007962092313654773,61.49737866475787,3.7753230723789706,28.129313413301414,97.1810904949918,91.60608551471157,57.90696805772799,67.15056955503321
9.555682112181469,1.6873929604450764,3.8842834928686742,0.308255615077848,0.6286411424751901,0.5178925966491417,0.255504493098234,471.3069838927917,2.9741263990092173,8.393696355080483,40.30457291914031,158.4734671854701,158.36876200861585,89.1794690563152
11.381293155731697,94.19639816180661,0.06774963389981814,0.11290821509865566,0.3737084247864077,0.8217542955188586,0.70486227260037,1158.583221029205,7.331364204062041,6.795272182945464,93.78720088388022,131.48910186578445,187.88743842380646,137.5423167949275
11.53745833215595,32.598853330192284,0.2503121371547913,0.020692803106148003,0.8214019292672772,0.6915786042883768,0.054007512788833555,403.4793299731771,1.4036704416028358,46.98480790504209,31.110161405771372,23.539801621653805,134.11953124059275,79.4909462325227
11.373380833432655,51.172775074619324,0.09693233345753961,0.2243269287671209,0.9106328193034482,0.6309810336548981,0.5693359228361232,1936.1147569884533,6.090053430050434,185.09054846038276,69.90684057020438,29.749380096166462,169.80345170968852,22.97323198411498
5.872828381390907,2.2544007493250042,0.03313244847953487,0.23523700477081239,0.42680228101443307,0.006179179161675541,0.7047010622427147,730.051777431244,5.545877513863882,48.90669179323073,157.36098547746698,17.626584564805015,51.99317878926626,80.82118575446403
12.096013901669163,9.945532895470386,3.6850803188571724,0.13776284494256347,0.262512934706241,0.41825577748784104,0.20221529339773306,1624.7866645502104,8.328917035765102,155.06720175661602,122.6705570036879,156.83257710078294,75.28212573734687,77.75282064750076
11.687110334311145,8.320639973169975,0.2082071286328707,0.5505548852984732,0.14106798046645333,0.7616844649969046,0.8253830098474992,1510.5581571485716,7.90701520480739,47.363318764750716,187.15952969662644,12.964632855088292,80.53244165133698,72.53078725036181
4.242484350541314,3.9215249544953634,0.21843778568123667,0.04233643564131222,0.6599848372698764,0.4480116180759421,0.007962092313654773,61.49737866475787,3.7753230723789706,28.129313413301414,97.1810904949918,91.60608551471157,57.90696805772799,67.15056955503321
8.490777911454447,0.905854170586068,1.6492948947051924,0.3091683487707447,0.23034353993089388,0.5626913817273287,0.4260885758883883,708.0910191331858,5.993464663887707,0.4914914114764173,61.36927832152166,167.05044519023156,193.846687034032,27.465826308250477
10.21101550028362,2.1066828425816055,3.6205598658256597,0.2107756957433357,0.7196643767264393,0.6935996339765453,0.9946460462804578,1798.0742046130879,4.826551229251188,97.28978355511285,51.50350357000343,5.533726302172889,45.42571379444838,110.53586112190492
4.242484350541314,3.9215249544953634,0.21843778568123667,0.04233643564131222,0.6599848372698764,0.4480116180759421,0.007962092313654773,61.49737866475787,3.7753230723789706,28.129313413301414,97.1810904949918,91.60608551471157,57.90696805772799,67.15056955503321
9.44721419829755,45.06011709764312,0.03553698205248496,0.10903776209298383,0.34989058376030835,0.3910840363238873,0.7464777839638699,1070.0251457154984,2.982568716285826,122.10222348072725,189.23267078165085,88.19754999951289,99.75926096175108,59.102247533492566
11.976273687372416,41.59123924669736,0.6250586238708186,0.09474722245447767,0.27092145685816904,0.02680280187094472,0.659456277200869,376.72215261828205,5.759237548719116,92.76071692301997,93.31852914182655,100.65028016253535,35.29692457160737,13.852329939703042
11.381293155731697,94.19639816180661,0.06774963389981814,0.11290821509865566,0.3737084247864077,0.8217542955188586,0.70486227260037,1158.583221029205,7.331364204062041,6.795272182945464,93.78720088388022,131.48910186578445,187.88743842380646,137.5423167949275
11.687110334311145,8.320639973169975,0.2082071286328707,0.5505548852984732,0.14106798046645333,0.7616844649969046,0.8253830098474992,1510.5581571485716,7.90701520480739,47.363318764750716,187.15952969662644,12.964632855088292,80.53244165133698,72.53078725036181
4.242484350541314,3.9215249544953634,0.21843778568123667,0.04233643564131222,0.6599848372698764,0.4480116180759421,0.007962092313654773,61.49737866475787,3.7753230723789706,28.129313413301414,97.1810904949918,91.60608551471157,57.90696805772799,67.15056955503321
10.580408171755906,4.597249748560105,3.732511632640289,0.40087283299573645,0.22614093216356634,0.9137440038741819,0.995793425192447,571.1685899044038,6.331426819921712,175.1554356680542,63.44003272577843,135.8372627289026,137.5278422998861,102.51792929500043
4.242484350541314,3.9215249544953634,0.21843778568123667,0.04233643564131222,0.6599848372698764,0.4480116180759421,0.007962092313654773,61.49737866475787,3.7753230723789706,28.129313413301414,97.1810904949918,91.60608551471157,57.90696805772799,67.15056955503321
4.242484350541314,3.9215249544953634,0.21843778568123667,0.04233643564131222,0.6599848372698764,0.4480116180759421,0.007962092313654773,61.49737866475787,3.7753230723789706,28.129313413301414,97.1810904949918,91.60608551471157,57.90696805772799,67.15056955503321
4.242484350541314,3.9215249544953634,0.21843778568123667,0.04233643564131222,0.6599848372698764,0.4480116180759421,0.007962092313654773,61.49737866475787,3.7753230723789706,28.129313413301414,97.1810904949918,91.60608551471157,57.90696805772799,67.15056955503321
11.53745833215595,32.598853330192284,0.2503121371547913,0.020692803106148003,0.8214019292672772,0.6915786042883768,0.054007512788833555,403.4793299731771,1.4036704416028358,46.98480790504209,31.110161405771372,23.539801621653805,134.11953124059275,79.4909462325227
9.555682112181469,1.6873929604450764,3.8842834928686742,0.308255615077848,0.6286411424751901,0.5178925966491417,0.255504493098234,471.3069838927917,2.9741263990092173,8.393696355080483,40.30457291914031,158.4734671854701,158.36876200861585,89.1794690563152
12.096013901669163,9.945532895470386,3.6850803188571724,0.13776284494256347,0.262512934706241,0.41825577748784104,0.20221529339773306,1624.7866645502104,8.328917035765102,155.06720175661602,122.6705570036879,156.83257710078294,75.28212573734687,77.75282064750076
4.242484350541314,3.9215249544953634,0.21843778568123667,0.04233643564131222,0.6599848372698764,0.4480116180759421,0.007962092313654773,61.49737866475787,3.7753230723789706,28.129313413301414,97.1810904949918,91.60608551471157,57.90696805772799,67.15056955503321
11.373380833432655,51.172775074619324,0.09693233345753961,0.2243269287671209,0.9106328193034482,0.6309810336548981,0.5693359228361232,1936.1147569884533,6.090053430050434,185.09054846038276,69.90684057020438,29.749380096166462,169.80345170968852,22.97323198411498
4.242484350541314,3.9215249544953634,0.21843778568123667,0.04233643564131222,0.6599848372698764,0.4480116180759421,0.007962092313654773,61.49737866475787,3.7753230723789706,28.129313413301414,97.1810904949918,91.60608551471157,57.90696805772799,67.15056955503321
8.490777911454447,0.905854170586068,1.6492948947051924,0.3091683487707447,0.23034353993089388,0.5626913817273287,0.4260885758883883,708.0910191331858,5.993464663887707,0.4914914114764173,61.36927832152166,167.05044519023156,193.846687034032,27.465826308250477
10.21101550028362,2.1066828425816055,3.6205598658256597,0.2107756957433357,0.7196643767264393,0.6935996339765453,0.9946460462804578,1798.0742046130879,4.826551229251188,97.28978355511285,51.50350357000343,5.533726302172889,45.42571379444838,110.53586112190492
9.44721419829755,45.06011709764312,0.03553698205248496,0.10903776209298383,0.34989058376030835,0.3910840363238873,0.7464777839638699,1070.0251457154984,2.982568716285826,122.10222348072725,189.23267078165085,88.19754999951289,99.75926096175108,59.102247533492566
11.687110334311145,8.320639973169975,0.2082071286328707,0.5505548852984732,0.14106798046645333,0.7616844649969046,0.8253830098474992,1510.5581571485716,7.90701520480739,47.363318764750716,187.15952969662644,12.964632855088292,80.53244165133698,72.53078725036181
11.381293155731697,94.19639816180661,0.06774963389981814,0.11290821509865566,0.3737084247864077,0.8217542955188586,0.70486227260037,1158.583221029205,7.331364204062041,6.795272182945464,93.78720088388022,131.48910186578445,187.88743842380646,137.5423167949275
11.976273687372416,41.59123924669736,0.6250586238708186,0.09474722245447767,0.27092145685816904,0.02680280187094472,0.659456277200869,376.72215261828205,5.759237548719116,92.76071692301997,93.31852914182655,100.65028016253535,35.29692457160737,13.852329939703042
10.580408171755906,4.597249748560105,3.732511632640289,0.40087283299573645,0.22614093216356634,0.9137440038741819,0.995793425192447,571.1685899044038,6.331426819921712,175.1554356680542,63.44003272577843,135.8372627289026,137.5278422998861,102.51792929500043
4.242484350541314,3.9215249544953634,0.21843778568123667,0.04233643564131222,0.6599848372698764,0.4480116180759421,0.007962092313654773,61.49737866475787,3.7753230723789706,28.129313413301414,97.1810904949918,91.60608551471157,57.90696805772799,67.15056955503321
4.242484350541314,3.9215249544953634,0.21843778568123667,0.04233643564131222,0.6599848372698764,0.4480116180759421,0.007962092313654773,61.49737866475787,3.7753230723789706,28.129313413301414,97.1810904949918,91.60608551471157,57.90696805772799,67.15056955503321
11.53745833215595,32.598853330192284,0.2503121371547913,0.020692803106148003,0.8214019292672772,0.6915786042883768,0.054007512788833555,403.4793299731771,1.4036704416028358,46.98480790504209,31.110161405771372,23.539801621653805,134.11953124059275,79.4909462325227
4.242484350541314,3.9215249544953634,0.21843778568123667,0.04233643564131222,0.6599848372698764,0.4480116180759421,0.007962092313654773,61.49737866475787,3.7753230723789706,28.129313413301414,97.1810904949918,91.60608551471157,57.90696805772799,67.15056955503321
12.096013901669163,9.945532895470386,3.6850803188571724,0.13776284494256347,0.262512934706241,0.41825577748784104,0.20221529339773306,1624.7866645502104,8.328917035765102,155.06720175661602,122.6705570036879,156.83257710078294,75.28212573734687,77.75282064750076
4.242484350541314,3.9215249544953634,0.21843778568123667,0.04233643564131222,0.6599848372698764,0.4480116180759421,0.007962092313654773,61.49737866475787,3.7753230723789706,28.129313413301414,97.1810904949918,91.60608551471157,57.90696805772799,67.15056955503321
11.373380833432655,51.172775074619324,0.09693233345753961,0.2243269287671209,0.9106328193034482,0.6309810336548981,0.5693359228361232,1936.1147569884533,6.090053430050434,185.09054846038276,69.90684057020438,29.749380096166462,169.80345170968852,22.97323198411498
9.555682112181469,1.6873929604450764,3.8842834928686742,0.308255615077848,0.6286411424751901,0.5178925966491417,0.255504493098234,471.3069838927917,2.9741263990092173,8.393696355080483,40.30457291914031,158.4734671854701,158.36876200861585,89.1794690563152
4.242484350541314,3.9215249544953634,0.21843778568123667,0.04233643564131222,0.6599848372698764,0.4480116180759421,0.007962092313654773,61.49737866475787,3.7753230723789706,28.129313413301414,97.1810904949918,91.60608551471157,57.90696805772799,67.15056955503321
8.490777911454447,0.905854170586068,1.6492948947051924,0.3091683487707447,0.23034353993089388,0.5626913817273287,0.4260885758883883,708.0910191331858,5.993464663887707,0.4914914114764173,61.36927832152166,167.05044519023156,193.846687034032,27.465826308250477
9.44721419829755,45.06011709764312,0.03553698205248496,0.10903776209298383,0.34989058376030835,0.3910840363238873,0.7464777839638699,1070.0251457154984,2.982568716285826,122.10222348072725,189.23267078165085,88.19754999951289,99.75926096175108,59.102247533492566
11.53745833215595,32.598853330192284,0.2503121371547913,0.020692803106148003,0.8214019292672772,0.6915786042883768,0.054007512788833555,403.4793299731771,1.4036704416028358,46.98480790504209,31.110161405771372,23.539801621653805,134.11953124059275,79.4909462325227
10.21101550028362,2.1066828425816055,3.6205598658256597,0.2107756957433357,0.7196643767264393,0.6935996339765453,0.9946460462804578,1798.0742046130879,4.826551229251188,97.28978355511285,51.50350357000343,5.533726302172889,45.42571379444838,110.53586112190492
12.096013901669163,9.945532895470386,3.6850803188571724,0.13776284494256347,0.262512934706241,0.41825577748784104,0.20221529339773306,1624.7866645502104,8.328917035765102,155.06720175661602,122.6705570036879,156.83257710078294,75.28212573734687,77.75282064750076
11.687110334311145,8.320639973169975,0.2082071286328707,0.5505548852984732,0.14106798046645333,0.7616844649969046,0.8253830098474992,1510.5581571485716,7.90701520480739,47.363318764750716,187.15952969662644,12.964632855088292,80.53244165133698,72.53078725036181
10.580408171755906,4.597249748560105,3.732511632640289,0.40087283299573645,0.22614093216356634,0.9137440038741819,0.995793425192447,571.1685899044038,6.331426819921712,175.1554356680542,63.44003272577843,135.8372627289026,137.5278422998861,102.51792929500043
4.242484350541314,3.9215249544953634,0.21843778568123667,0.04233643564131222,0.6599848372698764,0.4480116180759421,0.007962092313654773,61.49737866475787,3.7753230723789706,28.129313413301414,97.1810904949918,91.60608551471157,57.90696805772799,67.15056955503321
11.976273687372416,41.59123924669736,0.6250586238708186,0.09474722245447767,0.27092145685816904,0.02680280187094472,0.659456277200869,376.72215261828205,5.759237548719116,92.76071692301997,93.31852914182655,100.65028016253535,35.29692457160737,13.852329939703042
11.381293155731697,94.19639816180661,0.06774963389981814,0.11290821509865566,0.3737084247864077,0.8217542955188586,0.70486227260037,1158.583221029205,7.331364204062041,6.795272182945464,93.78720088388022,131.48910186578445,187.88743842380646,137.5423167949275
4.242484350541314,3.9215249544953634,0.21843778568123667,0.04233643564131222,0.6599848372698764,0.4480116180759421,0.007962092313654773,61.49737866475787,3.7753230723789706,28.129313413301414,97.1810904949918,91.60608551471157,57.90696805772799,67.15056955503321
12.096013901669163,9.945532895470386,3.6850803188571724,0.13776284494256347,0.262512934706241,0.41825577748784104,0.20221529339773306,1624.7866645502104,8.328917035765102,155.06720175661602,122.6705570036879,156.83257710078294,75.28212573734687,77.75282064750076
11.373380833432655,51.172775074619324,0.09693233345753961,0.2243269287671209,0.9106328193034482,0.6309810336548981,0.5693359228361232,1936.1147569884533,6.090053430050434,185.09054846038276,69.90684057020438,29.749380096166462,169.80345170968852,22.97323198411498
4.242484350541314,3.9215249544953634,0.21843778568123667,0.04233643564131222,0.6599848372698764,0.4480116180759421,0.007962092313654773,61.49737866475787,3.7753230723789706,28.129313413301414,97.1810904949918,91.60608551471157,57.90696805772799,67.15056955503321
4.242484350541314,3.9215249544953634,0.21843778568123667,0.04233643564131222,0.6599848372698764,0.4480116180759421,0.007962092313654773,61.49737866475787,3.7753230723789706,28.129313413301414,97.1810904949918,91.60608551471157,57.90696805772799,67.15056955503321
4.242484350541314,3.9215249544953634,0.21843778568123667,0.04233643564131222,0.6599848372698764,0.4480116180759421,0.007962092313654773,61.49737866475787,3.7753230723789706,28.129313413301414,97.1810904949918,91.60608551471157,57.90696805772799,67.15056955503321
4.242484350541314,3.9215249544953634,0.21843778568123667,0.04233643564131222,0.6599848372698764,0.4480116180759421,0.007962092313654773,61.49737866475787,3.7753230723789706,28.129313413301414,97.1810904949918,91.60608551471157,57.90696805772799,67.15056955503321
9.555682112181469,1.6873929604450764,3.8842834928686742,0.308255615077848,0.6286411424751901,0.5178925966491417,0.255504493098234,471.3069838927917,2.9741263990092173,8.393696355080483,40.30457291914031,158.4734671854701,158.36876200861585,89.1794690563152
9.44721419829755,45.06011709764312,0.03553698205248496,0.10903776209298383,0.34989058376030835,0.3910840363238873,0.7464777839638699,1070.0251457154984,2.982568716285826,122.10222348072725,189.23267078165085,88.19754999951289,99.75926096175108,59.102247533492566
8.490777911454447,0.905854170586068,1.6492948947051924,0.3091683487707447,0.23034353993089388,0.5626913817273287,0.4260885758883883,708.0910191331858,5.993464663887707,0.4914914114764173,61.36927832152166,167.05044519023156,193.846687034032,27.465826308250477
11.381293155731697,94.19639816180661,0.06774963389981814,0.11290821509865566,0.3737084247864077,0.8217542955188586,0.70486227260037,1158.583221029205,7.331364204062041,6.795272182945464,93.78720088388022,131.48910186578445,187.88743842380646,137.5423167949275
10.21101550028362,2.1066828425816055,3.6205598658256597,0.2107756957433357,0.7196643767264393,0.6935996339765453,0.9946460462804578,1798.0742046130879,4.826551229251188,97.28978355511285,51.50350357000343,5.533726302172889,45.42571379444838,110.53586112190492
10.47539000270156,1.995632676130036,1.3389889859540598,0.22345059182574334,0.665404116070178,0.5928278165046408,0.4457637986981574,809.272046548652,1.1900625003764638,110.3885401654856,67.15319144069807,11.849052571854566,121.00375217378462,18.49723173413833
11.687110334311145,8.320639973169975,0.2082071286328707,0.5505548852984732,0.14106798046645333,0.7616844649969046,0.8253830098474992,1510.5581571485716,7.90701520480739,47.363318764750716,187.15952969662644,12.964632855088292,80.53244165133698,72.53078725036181
10.580408171755906,4.597249748560105,3.732511632640289,0.40087283299573645,0.22614093216356634,0.9137440038741819,0.995793425192447,571.1685899044038,6.331426819921712,175.1554356680542,63.44003272577843,135.8372627289026,137.5278422998861,102.51792929500043
4.242484350541314,3.9215249544953634,0.21843778568123667,0.04233643564131222,0.6599848372698764,0.4480116180759421,0.007962092313654773,61.49737866475787,3.7753230723789706,28.129313413301414,97.1810904949918,91.60608551471157,57.90696805772799,67.15056955503321
11.381293155731697,94.19639816180661,0.06774963389981814,0.11290821509865566,0.3737084247864077,0.8217542955188586,0.70486227260037,1158.583221029205,7.331364204062041,6.795272182945464,93.78720088388022,131.48910186578445,187.88743842380646,137.5423167949275
8.281215489841793,6.0484912099088834,0.4132170306618261,0.1746906868541374,0.027468083910448304,0.33662986866352423,0.3992836717033928,449.97684387034224,6.276344860689362,119.72497218615177,68.58558697417274,144.8402053957612,57.217259651378164,149.67226471890675
11.976273687372416,41.59123924669736,0.6250586238708186,0.09474722245447767,0.27092145685816904,0.02680280187094472,0.659456277200869,376.72215261828205,5.759237548719116,92.76071692301997,93.31852914182655,100.65028016253535,35.29692457160737,13.852329939703042
11.373380833432655,51.172775074619324,0.09693233345753961,0.2243269287671209,0.9106328193034482,0.6309810336548981,0.5693359228361232,1936.1147569884533,6.090053430050434,185.09054846038276,69.90684057020438,29.749380096166462,169.80345170968852,22.97323198411498
4.242484350541314,3.9215249544953634,0.21843778568123667,0.04233643564131222,0.6599848372698764,0.4480116180759421,0.007962092313654773,61.49737866475787,3.7753230723789706,28.129313413301414,97.1810904949918,91.60608551471157,57.90696805772799,67.15056955503321
4.242484350541314,3.9215249544953634,0.21843778568123667,0.04233643564131222,0.6599848372698764,0.4480116180759421,0.007962092313654773,61.49737866475787,3.7753230723789706,28.129313413301414,97.1810904949918,91.60608551471157,57.90696805772799,67.15056955503321
4.242484350541314,3.9215249544953634,0.21843778568123667,0.04233643564131222,0.6599848372698764,0.4480116180759421,0.007962092313654773,61.49737866475787,3.7753230723789706,28.129313413301414,97.1810904949918,91.60608551471157,57.90696805772799,67.15056955503321
4.242484350541314,3.9215249544953634,0.21843778568123667,0.04233643564131222,0.6599848372698764,0.4480116180759421,0.007962092313654773,61.49737866475787,3.7753230723789706,28.129313413301414,97.1810904949918,91.60608551471157,57.90696805772799,67.15056955503321
9.44721419829755,45.06011709764312,0.03553698205248496,0.10903776209298383,0.34989058376030835,0.3910840363238873,0.7464777839638699,1070.0251457154984,2.982568716285826,122.10222348072725,189.23267078165085,88.19754999951289,99.75926096175108,59.102247533492566
4.242484350541314,3.9215249544953634,0.21843778568123667,0.04233643564131222,0.6599848372698764,0.4480116180759421,0.007962092313654773,61.49737866475787,3.7753230723789706,28.129313413301414,97.1810904949918,91.60608551471157,57.90696805772799,67.15056955503321
9.555682112181469,1.6873929604450764,3.8842834928686742,0.308255615077848,0.6286411424751901,0.5178925966491417,0.255504493098234,471.3069838927917,2.9741263990092173,8.393696355080483,40.30457291914031,158.4734671854701,158.36876200861585,89.1794690563152
7.417583112900736,0.7259764448942427,3.58496071182885,0.34802764088551086,0.19976067760474714,0.1642244138005801,0.4043673827090232,300.03142709704315,3.6445201957744775,78.97695003597994,24.520500426903265,49.82337375500628,88.18445068037047,112.05793397883865
10.47539000270156,1.995632676130036,1.3389889859540598,0.22345059182574334,0.665404116070178,0.5928278165046408,0.4457637986981574,809.272046548652,1.1900625003764638,110.3885401654856,67.15319144069807,11.849052571854566,121.00375217378462,18.49723173413833
10.21101550028362,2.1066828425816055,3.6205598658256597,0.2107756957433357,0.7196643767264393,0.6935996339765453,0.9946460462804578,1798.0742046130879,4.826551229251188,97.28978355511285,51.50350357000343,5.533726302172889,45.42571379444838,110.53586112190492
11.948698136220159,41.59123924669736,0.6250586238708186,0.09474722245447767,0.27092145685816904,0.02680280187094472,0.659456277200869,376.72215261828205,5.759237548719116,92.76071692301997,93.31852914182655,152.09760540563778,35.29692457160737,13.368549086413877
10.580408171755906,4.597249748560105,3.732511632640289,0.40087283299573645,0.22614093216356634,0.9137440038741819,0.995793425192447,571.1685899044038,6.331426819921712,175.1554356680542,63.44003272577843,135.8372627289026,137.5278422998861,102.51792929500043
8.281215489841793,6.0484912099088834,0.4132170306618261,0.1746906868541374,0.027468083910448304,0.33662986866352423,0.3992836717033928,449.97684387034224,6.276344860689362,119.72497218615177,68.58558697417274,144.8402053957612,57.217259651378164,149.67226471890675
4.242484350541314,3.9215249544953634,0.21843778568123667,0.04233643564131222,0.6599848372698764,0.4480116180759421,0.007962092313654773,61.49737866475787,3.7753230723789706,28.129313413301414,97.1810904949918,91.60608551471157,57.90696805772799,67.15056955503321
7.417583112900736,0.7259764448942427,3.58496071182885,0.34802764088551086,0.19976067760474714,0.1642244138005801,0.4043673827090232,300.03142709704315,3.6445201957744775,78.97695003597994,24.520500426903265,49.82337375500628,88.18445068037047,112.05793397883865
10.47539000270156,1.995632676130036,1.3389889859540598,0.22345059182574334,0.665404116070178,0.5928278165046408,0.4457637986981574,809.272046548652,1.1900625003764638,110.3885401654856,67.15319144069807,11.849052571854566,121.00375217378462,18.49723173413833
11.373380833432655,51.172775074619324,0.09693233345753961,0.2243269287671209,0.9106328193034482,0.6309810336548981,0.5693359228361232,1936.1147569884533,6.090053430050434,185.09054846038276,69.90684057020438,29.749380096166462,169.80345170968852,22.97323198411498
11.381293155731697,94.19639816180661,0.06774963389981814,0.11290821509865566,0.3737084247864077,0.8217542955188586,0.70486227260037,1158.583221029205,7.331364204062041,6.795272182945464,93.78720088388022,131.48910186578445,187.88743842380646,137.5423167949275
10.580408171755906,4.597249748560105,3.732511632640289,0.40087283299573645,0.22614093216356634,0.9137440038741819,0.995793425192447,571.1685899044038,6.331426819921712,175.1554356680542,63.44003272577843,135.8372627289026,137.5278422998861,102.51792929500043
4.242484350541314,3.9215249544953634,0.21843778568123667,0.04233643564131222,0.6599848372698764,0.4480116180759421,0.007962092313654773,61.49737866475787,3.7753230723789706,28.129313413301414,97.1810904949918,91.60608551471157,57.90696805772799,67.15056955503321
4.242484350541314,3.9215249544953634,0.21843778568123667,0.04233643564131222,0.6599848372698764,0.4480116180759421,0.007962092313654773,61.49737866475787,3.7753230723789706,28.129313413301414,97.1810904949918,91.60608551471157,57.90696805772799,67.15056955503321
4.242484350541314,3.9215249544953634,0.21843778568123667,0.04233643564131222,0.6599848372698764,0.4480116180759421,0.007962092313654773,61.49737866475787,3.7753230723789706,28.129313413301414,97.1810904949918,91.60608551471157,57.90696805772799,67.15056955503321
9.44721419829755,45.06011709764312,0.03553698205248496,0.10903776209298383,0.34989058376030835,0.3910840363238873,0.7464777839638699,1070.0251457154984,2.982568716285826,122.10222348072725,189.23267078165085,88.19754999951289,99.75926096175108,59.102247533492566
4.242484350541314,3.9215249544953634,0.21843778568123667,0.04233643564131222,0.6599848372698764,0.4480116180759421,0.007962092313654773,61.49737866475787,3.7753230723789706,28.129313413301414,97.1810904949918,91.60608551471157,57.90696805772799,67.15056955503321
4.242484350541314,3.9215249544953634,0.21843778568123667,0.04233643564131222,0.6599848372698764,0.4480116180759421,0.007962092313654773,61.49737866475787,3.7753230723789706,28.129313413301414,97.1810904949918,91.60608551471157,57.90696805772799,67.15056955503321
10.21101550028362,2.1066828425816055,3.6205598658256597,0.2107756957433357,0.7196643767264393,0.6935996339765453,0.9946460462804578,1798.0742046130879,4.826551229251188,97.28978355511285,51.50350357000343,5.533726302172889,45.42571379444838,110.53586112190492
9.555682112181469,1.6873929604450764,3.8842834928686742,0.308255615077848,0.6286411424751901,0.5178925966491417,0.255504493098234,471.3069838927917,2.9741263990092173,8.393696355080483,40.30457291914031,158.4734671854701,158.36876200861585,89.1794690563152
11.381293155731697,94.19639816180661,0.06774963389981814,0.11290821509865566,0.3737084247864077,0.8217542955188586,0.70486227260037,1158.583221029205,7.331364204062041,6.795272182945464,93.78720088388022,131.48910186578445,187.88743842380646,137.5423167949275
4.242484350541314,3.9215249544953634,0.21843778568123667,0.04233643564131222,0.6599848372698764,0.4480116180759421,0.007962092313654773,61.49737866475787,3.7753230723789706,28.129313413301414,97.1810904949918,91.60608551471157,57.90696805772799,67.15056955503321
8.091302960939597,0.5298507113511225,0.9612630183979637,0.20764497360772854,0.3421372605444058,0.16758310966596038,0.76326469316026,1298.4883678230865,8.355170314726529,96.56137470240272,39.133470903991686,43.20732404862206,167.19018546360942,113.82519900414214
9.44721419829755,45.06011709764312,0.03553698205248496,0.10903776209298383,0.34989058376030835,0.3910840363238873,0.7464777839638699,1070.0251457154984,2.982568716285826,122.10222348072725,189.23267078165085,88.19754999951289,99.75926096175108,59.102247533492566
8.281215489841793,6.0484912099088834,0.4132170306618261,0.1746906868541374,0.027468083910448304,0.33662986866352423,0.3992836717033928,449.97684387034224,6.276344860689362,119.72497218615177,68.58558697417274,144.8402053957612,57.217259651378164,149.67226471890675
10.47539000270156,1.995632676130036,1.3389889859540598,0.22345059182574334,0.665404116070178,0.5928278165046408,0.4457637986981574,809.272046548652,1.1900625003764638,110.3885401654856,67.15319144069807,11.849052571854566,121.00375217378462,18.49723173413833
7.417583112900736,0.7259764448942427,3.58496071182885,0.34802764088551086,0.19976067760474714,0.1642244138005801,0.4043673827090232,300.03142709704315,3.6445201957744775,78.97695003597994,24.520500426903265,49.82337375500628,88.18445068037047,112.05793397883865
10.580408171755906,4.597249748560105,3.732511632640289,0.40087283299573645,0.22614093216356634,0.9137440038741819,0.995793425192447,571.1685899044038,6.331426819921712,175.1554356680542,63.44003272577843,135.8372627289026,137.5278422998861,102.51792929500043
10.985337294015466,6.334513289208708,0.6316375970258056,0.3208037810089807,0.7817073432420841,0.5951991181718536,0.6158787080448758,1040.4508420906816,8.212915911045984,38.69084578467072,84.64974468785898,80.20151910465825,76.14506021666239,62.32923145572183
4.242484350541314,3.9215249544953634,0.21843778568123667,0.04233643564131222,0.6599848372698764,0.4480116180759421,0.007962092313654773,61.49737866475787,3.7753230723789706,28.129313413301414,97.1810904949918,91.60608551471157,57.90696805772799,67.15056955503321
4.242484350541314,3.9215249544953634,0.21843778568123667,0.04233643564131222,0.6599848372698764,0.4480116180759421,0.007962092313654773,61.49737866475787,3.7753230723789706,28.129313413301414,97.1810904949918,91.60608551471157,57.90696805772799,67.15056955503321
4.242484350541314,3.9215249544953634,0.21843778568123667,0.04233643564131222,0.6599848372698764,0.4480116180759421,0.007962092313654773,61.49737866475787,3.7753230723789706,28.129313413301414,97.1810904949918,91.60608551471157,57.90696805772799,67.15056955503321
9.44721419829755,45.06011709764312,0.03553698205248496,0.10903776209298383,0.34989058376030835,0.3910840363238873,0.7464777839638699,1070.0251457154984,2.982568716285826,122.10222348072725,189.23267078165085,88.19754999951289,99.75926096175108,59.102247533492566
7.417583112900736,0.7259764448942427,3.58496071182885,0.34802764088551086,0.19976067760474714,0.1642244138005801,0.4043673827090232,300.03142709704315,3.6445201957744775,78.97695003597994,24.520500426903265,49.82337375500628,88.18445068037047,112.05793397883865
10.985337294015466,6.334513289208708,0.6316375970258056,0.3208037810089807,0.7817073432420841,0.5951991181718536,0.6158787080448758,1040.4508420906816,8.212915911045984,38.69084578467072,84.64974468785898,80.20151910465825,76.14506021666239,62.32923145572183
4.242484350541314,3.9215249544953634,0.21843778568123667,0.04233643564131222,0.6599848372698764,0.4480116180759421,0.007962092313654773,61.49737866475787,3.7753230723789706,28.129313413301414,97.1810904949918,91.60608551471157,57.90696805772799,67.15056955503321
4.242484350541314,3.9215249544953634,0.21843778568123667,0.04233643564131222,0.6599848372698764,0.4480116180759421,0.007962092313654773,61.49737866475787,3.7753230723789706,28.129313413301414,97.1810904949918,91.60608551471157,57.90696805772799,67.15056955503321
10.21101550028362,2.1066828425816055,3.6205598658256597,0.2107756957433357,0.7196643767264393,0.6935996339765453,0.9946460462804578,1798.0742046130879,4.826551229251188,97.28978355511285,51.50350357000343,5.533726302172889,45.42571379444838,110.53586112190492
4.242484350541314,3.9215249544953634,0.21843778568123667,0.04233643564131222,0.6599848372698764,0.4480116180759421,0.007962092313654773,61.49737866475787,3.7753230723789706,28.129313413301414,97.1810904949918,91.60608551471157,57.90696805772799,67.15056955503321
9.555682112181469,1.6873929604450764,3.8842834928686742,0.308255615077848,0.6286411424751901,0.5178925966491417,0.255504493098234,471.3069838927917,2.9741263990092173,8.393696355080483,40.30457291914031,158.4734671854701,158.36876200861585,89.1794690563152
4.242484350541314,3.9215249544953634,0.21843778568123667,0.04233643564131222,0.6599848372698764,0.4480116180759421,0.007962092313654773,61.49737866475787,3.7753230723789706,28.129313413301414,97.1810904949918,91.60608551471157,57.90696805772799,67.15056955503321
4.242484350541314,3.9215249544953634,0.21843778568123667,0.04233643564131222,0.6599848372698764,0.4480116180759421,0.007962092313654773,61.49737866475787,3.7753230723789706,28.129313413301414,97.1810904949918,91.60608551471157,57.90696805772799,67.15056955503321
11.381293155731697,94.19639816180661,0.06774963389981814,0.11290821509865566,0.3737084247864077,0.8217542955188586,0.70486227260037,1158.583221029205,7.331364204062041,6.795272182945464,93.78720088388022,131.48910186578445,187.88743842380646,137.5423167949275
8.281215489841793,6.0484912099088834,0.4132170306618261,0.1746906868541374,0.027468083910448304,0.33662986866352423,0.3992836717033928,449.97684387034224,6.276344860689362,119.72497218615177,68.58558697417274,144.8402053957612,57.217259651378164,149.67226471890675
9.44721419829755,45.06011709764312,0.03553698205248496,0.10903776209298383,0.34989058376030835,0.3910840363238873,0.7464777839638699,1070.0251457154984,2.982568716285826,122.10222348072725,189.23267078165085,88.19754999951289,99.75926096175108,59.102247533492566
8.091302960939597,0.5298507113511225,0.9612630183979637,0.20764497360772854,0.3421372605444058,0.16758310966596038,0.76326469316026,1298.4883678230865,8.355170314726529,96.56137470240272,39.133470903991686,43.20732404862206,167.19018546360942,113.82519900414214
10.47539000270156,1.995632676130036,1.3389889859540598,0.22345059182574334,0.665404116070178,0.5928278165046408,0.4457637986981574,809.272046548652,1.1900625003764638,110.3885401654856,67.15319144069807,11.849052571854566,121.00375217378462,18.49723173413833
4.242484350541314,3.9215249544953634,0.21843778568123667,0.04233643564131222,0.6599848372698764,0.4480116180759421,0.007962092313654773,61.49737866475787,3.7753230723789706,28.129313413301414,97.1810904949918,91.60608551471157,57.90696805772799,67.15056955503321
10.580408171755906,4.597249748560105,3.732511632640289,0.40087283299573645,0.22614093216356634,0.9137440038741819,0.995793425192447,571.1685899044038,6.331426819921712,175.1554356680542,63.44003272577843,135.8372627289026,137.5278422998861,102.51792929500043
4.242484350541314,3.9215249544953634,0.21843778568123667,0.04233643564131222,0.6599848372698764,0.4480116180759421,0.007962092313654773,61.49737866475787,3.7753230723789706,28.129313413301414,97.1810904949918,91.60608551471157,57.90696805772799,67.15056955503321
4.242484350541314,3.9215249544953634,0.21843778568123667,0.04233643564131222,0.6599848372698764,0.4480116180759421,0.007962092313654773,61.49737866475787,3.7753230723789706,28.129313413301414,97.1810904949918,91.60608551471157,57.90696805772799,67.15056955503321
9.555682112181469,1.6873929604450764,3.8842834928686742,0.308255615077848,0.6286411424751901,0.5178925966491417,0.255504493098234,471.3069838927917,2.9741263990092173,8.393696355080483,40.30457291914031,158.4734671854701,158.36876200861585,89.1794690563152
9.44721419829755,45.06011709764312,0.03553698205248496,0.10903776209298383,0.34989058376030835,0.3910840363238873,0.7464777839638699,1070.0251457154984,2.982568716285826,122.10222348072725,189.23267078165085,88.19754999951289,99.75926096175108,59.102247533492566
7.417583112900736,0.7259764448942427,3.58496071182885,0.34802764088551086,0.19976067760474714,0.1642244138005801,0.4043673827090232,300.03142709704315,3.6445201957744775,78.97695003597994,24.520500426903265,49.82337375500628,88.18445068037047,112.05793397883865
8.091302960939597,0.5298507113511225,0.9612630183979637,0.20764497360772854,0.3421372605444058,0.16758310966596038,0.76326469316026,1298.4883678230865,8.355170314726529,96.56137470240272,39.133470903991686,43.20732404862206,167.19018546360942,113.82519900414214
10.985337294015466,6.334513289208708,0.6316375970258056,0.3208037810089807,0.7817073432420841,0.5951991181718536,0.6158787080448758,1040.4508420906816,8.212915911045984,38.69084578467072,84.64974468785898,80.20151910465825,76.14506021666239,62.32923145572183
4.242484350541314,3.9215249544953634,0.21843778568123667,0.04233643564131222,0.6599848372698764,0.4480116180759421,0.007962092313654773,61.49737866475787,3.7753230723789706,28.129313413301414,97.1810904949918,91.60608551471157,57.90696805772799,67.15056955503321
4.242484350541314,3.9215249544953634,0.21843778568123667,0.04233643564131222,0.6599848372698764,0.4480116180759421,0.007962092313654773,61.49737866475787,3.7753230723789706,28.129313413301414,97.1810904949918,91.60608551471157,57.90696805772799,67.15056955503321
10.21101550028362,2.1066828425816055,3.6205598658256597,0.2107756957433357,0.7196643767264393,0.6935996339765453,0.9946460462804578,1798.0742046130879,4.826551229251188,97.28978355511285,51.50350357000343,5.533726302172889,45.42571379444838,110.53586112190492
4.242484350541314,3.9215249544953634,0.21843778568123667,0.04233643564131222,0.6599848372698764,0.4480116180759421,0.007962092313654773,61.49737866475787,3.7753230723789706,28.129313413301414,97.1810904949918,91.60608551471157,57.90696805772799,67.15056955503321
8.281215489841793,6.0484912099088834,0.4132170306618261,0.1746906868541374,0.027468083910448304,0.33662986866352423,0.3992836717033928,449.97684387034224,6.276344860689362,119.72497218615177,68.58558697417274,144.8402053957612,57.217259651378164,149.67226471890675
4.242484350541314,3.9215249544953634,0.21843778568123667,0.04233643564131222,0.6599848372698764,0.4480116180759421,0.007962092313654773,61.49737866475787,3.7753230723789706,28.129313413301414,97.1810904949918,91.60608551471157,57.90696805772799,67.15056955503321
10.47539000270156,1.995632676130036,1.3389889859540598,0.22345059182574334,0.665404116070178,0.5928278165046408,0.4457637986981574,809.272046548652,1.1900625003764638,110.3885401654856,67.15319144069807,11.849052571854566,121.00375217378462,18.49723173413833
11.381293155731697,94.19639816180661,0.06774963389981814,0.11290821509865566,0.3737084247864077,0.8217542955188586,0.70486227260037,1158.583221029205,7.331364204062041,6.795272182945464,93.78720088388022,131.48910186578445,187.88743842380646,137.5423167949275
4.242484350541314,3.9215249544953634,0.21843778568123667,0.04233643564131222,0.6599848372698764,0.4480116180759421,0.007962092313654773,61.49737866475787,3.7753230723789706,28.129313413301414,97.1810904949918,91.60608551471157,57.90696805772799,67.15056955503321
10.580408171755906,4.597249748560105,3.732511632640289,0.40087283299573645,0.22614093216356634,0.9137440038741819,0.995793425192447,571.1685899044038,6.331426819921712,175.1554356680542,63.44003272577843,135.8372627289026,137.5278422998861,102.51792929500043
4.242484350541314,3.9215249544953634,0.21843778568123667,0.04233643564131222,0.6599848372698764,0.4480116180759421,0.007962092313654773,61.49737866475787,3.7753230723789706,28.129313413301414,97.1810904949918,91.60608551471157,57.90696805772799,67.15056955503321
4.242484350541314,3.9215249544953634,0.21843778568123667,0.04233643564131222,0.6599848372698764,0.4480116180759421,0.007962092313654773,61.49737866475787,3.7753230723789706,28.129313413301414,97.1810904949918,91.60608551471157,57.90696805772799,67.15056955503321
4.242484350541314,3.9215249544953634,0.21843778568123667,0.04233643564131222,0.6599848372698764,0.4480116180759421,0.007962092313654773,61.49737866475787,3.7753230723789706,28.129313413301414,97.1810904949918,91.60608551471157,57.90696805772799,67.15056955503321
9.44721419829755,45.06011709764312,0.03553698205248496,0.10903776209298383,0.34989058376030835,0.3910840363238873,0.7464777839638699,1070.0251457154984,2.982568716285826,122.10222348072725,189.23267078165085,88.19754999951289,99.75926096175108,59.102247533492566
9.555682112181469,1.6873929604450764,3.8842834928686742,0.308255615077848,0.6286411424751901,0.5178925966491417,0.255504493098234,471.3069838927917,2.9741263990092173,8.393696355080483,40.30457291914031,158.4734671854701,158.36876200861585,89.1794690563152
7.417583112900736,0.7259764448942427,3.58496071182885,0.34802764088551086,0.19976067760474714,0.1642244138005801,0.4043673827090232,300.03142709704315,3.6445201957744775,78.97695003597994,24.520500426903265,49.82337375500628,88.18445068037047,112.05793397883865
10.47539000270156,1.995632676130036,1.3389889859540598,0.22345059182574334,0.665404116070178,0.5928278165046408,0.4457637986981574,809.272046548652,1.1900625003764638,110.3885401654856,67.15319144069807,11.849052571854566,121.00375217378462,18.49723173413833
10.985337294015466,6.334513289208708,0.6316375970258056,0.3208037810089807,0.7817073432420841,0.5951991181718536,0.6158787080448758,1040.4508420906816,8.212915911045984,38.69084578467072,84.64974468785898,80.20151910465825,76.14506021666239,62.32923145572183
4.242484350541314,3.9215249544953634,0.21843778568123667,0.04233643564131222,0.6599848372698764,0.4480116180759421,0.007962092313654773,61.49737866475787,3.7753230723789706,28.129313413301414,97.1810904949918,91.60608551471157,57.90696805772799,67.15056955503321
10.580408171755906,4.597249748560105,3.732511632640289,0.40087283299573645,0.22614093216356634,0.9137440038741819,0.995793425192447,571.1685899044038,6.331426819921712,175.1554356680542,63.44003272577843,135.8372627289026,137.5278422998861,102.51792929500043
4.242484350541314,3.9215249544953634,0.21843778568123667,0.04233643564131222,0.6599848372698764,0.4480116180759421,0.007962092313654773,61.49737866475787,3.7753230723789706,28.129313413301414,97.1810904949918,91.60608551471157,57.90696805772799,67.15056955503321
10.21101550028362,2.1066828425816055,3.6205598658256597,0.2107756957433357,0.7196643767264393,0.6935996339765453,0.9946460462804578,1798.0742046130879,4.826551229251188,97.28978355511285,51.50350357000343,5.533726302172889,45.42571379444838,110.53586112190492
8.091302960939597,0.5298507113511225,0.9612630183979637,0.20764497360772854,0.3421372605444058,0.16758310966596038,0.76326469316026,1298.4883678230865,8.355170314726529,96.56137470240272,39.133470903991686,43.20732404862206,167.19018546360942,113.82519900414214
4.242484350541314,3.9215249544953634,0.21843778568123667,0.04233643564131222,0.6599848372698764,0.4480116180759421,0.007962092313654773,61.49737866475787,3.7753230723789706,28.129313413301414,97.1810904949918,91.60608551471157,57.90696805772799,67.15056955503321
8.281215489841793,6.0484912099088834,0.4132170306618261,0.1746906868541374,0.027468083910448304,0.33662986866352423,0.3992836717033928,449.97684387034224,6.276344860689362,119.72497218615177,68.58558697417274,144.8402053957612,57.217259651378164,149.67226471890675
7.417583112900736,0.7259764448942427,3.58496071182885,0.34802764088551086,0.19976067760474714,0.1642244138005801,0.4043673827090232,300.03142709704315,3.6445201957744775,78.97695003597994,24.520500426903265,49.82337375500628,88.18445068037047,112.05793397883865
10.47539000270156,1.995632676130036,1.3389889859540598,0.22345059182574334,0.665404116070178,0.5928278165046408,0.4457637986981574,809.272046548652,1.1900625003764638,110.3885401654856,67.15319144069807,11.849052571854566,121.00375217378462,18.49723173413833
4.242484350541314,3.9215249544953634,0.21843778568123667,0.04233643564131222,0.6599848372698764,0.4480116180759421,0.007962092313654773,61.49737866475787,3.7753230723789706,28.129313413301414,97.1810904949918,91.60608551471157,57.90696805772799,67.15056955503321
4.242484350541314,3.9215249544953634,0.21843778568123667,0.04233643564131222,0.6599848372698764,0.4480116180759421,0.007962092313654773,61.49737866475787,3.7753230723789706,28.129313413301414,97.1810904949918,91.60608551471157,57.90696805772799,67.15056955503321
4.242484350541314,3.9215249544953634,0.21843778568123667,0.04233643564131222,0.6599848372698764,0.4480116180759421,0.007962092313654773,61.49737866475787,3.7753230723789706,28.129313413301414,97.1810904949918,91.60608551471157,57.90696805772799,67.15056955503321
4.242484350541314,3.9215249544953634,0.21843778568123667,0.04233643564131222,0.6599848372698764,0.4480116180759421,0.007962092313654773,61.49737866475787,3.7753230723789706,28.129313413301414,97.1810904949918,91.60608551471157,57.90696805772799,67.15056955503321
4.242484350541314,3.9215249544953634,0.21843778568123667,0.04233643564131222,0.6599848372698764,0.4480116180759421,0.007962092313654773,61.49737866475787,3.7753230723789706,28.129313413301414,97.1810904949918,91.60608551471157,57.90696805772799,67.15056955503321
11.381293155731697,94.19639816180661,0.06774963389981814,0.11290821509865566,0.3737084247864077,0.8217542955188586,0.70486227260037,1158.583221029205,7.331364204062041,6.795272182945464,93.78720088388022,131.48910186578445,187.88743842380646,137.5423167949275
4.242484350541314,3.9215249544953634,0.21843778568123667,0.04233643564131222,0.6599848372698764,0.4480116180759421,0.007962092313654773,61.49737866475787,3.7753230723789706,28.129313413301414,97.1810904949918,91.60608551471157,57.90696805772799,67.15056955503321
7.417583112900736,0.7259764448942427,3.58496071182885,0.34802764088551086,0.19976067760474714,0.1642244138005801,0.4043673827090232,300.03142709704315,3.6445201957744775,78.97695003597994,24.520500426903265,49.82337375500628,88.18445068037047,112.05793397883865
9.44721419829755,45.06011709764312,0.03553698205248496,0.10903776209298383,0.34989058376030835,0.3910840363238873,0.7464777839638699,1070.0251457154984,2.982568716285826,122.10222348072725,189.23267078165085,88.19754999951289,99.75926096175108,59.102247533492566
10.47539000270156,1.995632676130036,1.3389889859540598,0.22345059182574334,0.665404116070178,0.5928278165046408,0.4457637986981574,809.272046548652,1.1900625003764638,110.3885401654856,67.15319144069807,11.849052571854566,121.00375217378462,18.49723173413833
10.985337294015466,6.334513289208708,0.6316375970258056,0.3208037810089807,0.7817073432420841,0.5951991181718536,0.6158787080448758,1040.4508420906816,8.212915911045984,38.69084578467072,84.64974468785898,80.20151910465825,76.14506021666239,62.32923145572183
4.242484350541314,3.9215249544953634,0.21843778568123667,0.04233643564131222,0.6599848372698764,0.4480116180759421,0.007962092313654773,61.49737866475787,3.7753230723789706,28.129313413301414,97.1810904949918,91.60608551471157,57.90696805772799,67.15056955503321
10.580408171755906,4.597249748560105,3.732511632640289,0.40087283299573645,0.22614093216356634,0.9137440038741819,0.995793425192447,571.1685899044038,6.331426819921712,175.1554356680542,63.44003272577843,135.8372627289026,137.5278422998861,102.51792929500043
9.555682112181469,1.6873929604450764,3.8842834928686742,0.308255615077848,0.6286411424751901,0.5178925966491417,0.255504493098234,471.3069838927917,2.9741263990092173,8.393696355080483,40.30457291914031,158.4734671854701,158.36876200861585,89.1794690563152
4.242484350541314,3.9215249544953634,0.21843778568123667,0.04233643564131222,0.6599848372698764,0.4480116180759421,0.007962092313654773,61.49737866475787,3.7753230723789706,28.129313413301414,97.1810904949918,91.60608551471157,57.90696805772799,67.15056955503321
4.242484350541314,3.9215249544953634,0.21843778568123667,0.04233643564131222,0.6599848372698764,0.4480116180759421,0.007962092313654773,61.49737866475787,3.7753230723789706,28.129313413301414,97.1810904949918,91.60608551471157,57.90696805772799,67.15056955503321
10.21101550028362,2.1066828425816055,3.6205598658256597,0.2107756957433357,0.7196643767264393,0.6935996339765453,0.9946460462804578,1798.0742046130879,4.826551229251188,97.28978355511285,51.50350357000343,5.533726302172889,45.42571379444838,110.53586112190492
4.242484350541314,3.9215249544953634,0.21843778568123667,0.04233643564131222,0.6599848372698764,0.4480116180759421,0.007962092313654773,61.49737866475787,3.7753230723789706,28.129313413301414,97.1810904949918,91.60608551471157,57.90696805772799,67.15056955503321
8.281215489841793,6.0484912099088834,0.4132170306618261,0.1746906868541374,0.027468083910448304,0.33662986866352423,0.3992836717033928,449.97684387034224,6.276344860689362,119.72497218615177,68.58558697417274,144.8402053957612,57.217259651378164,149.67226471890675
7.417583112900736,0.7259764448942427,3.58496071182885,0.34802764088551086,0.19976067760474714,0.1642244138005801,0.4043673827090232,300.03142709704315,3.6445201957744775,78.97695003597994,24.520500426903265,49.82337375500628,88.18445068037047,112.05793397883865
8.091302960939597,0.5298507113511225,0.9612630183979637,0.20764497360772854,0.3421372605444058,0.16758310966596038,0.76326469316026,1298.4883678230865,8.355170314726529,96.56137470240272,39.133470903991686,43.20732404862206,167.19018546360942,113.82519900414214
10.47539000270156,1.995632676130036,1.3389889859540598,0.22345059182574334,0.665404116070178,0.5928278165046408,0.4457637986981574,809.272046548652,1.1900625003764638,110.3885401654856,67.15319144069807,11.849052571854566,121.00375217378462,18.49723173413833
4.242484350541314,3.9215249544953634,0.21843778568123667,0.04233643564131222,0.6599848372698764,0.4480116180759421,0.007962092313654773,61.49737866475787,3.7753230723789706,28.129313413301414,97.1810904949918,91.60608551471157,57.90696805772799,67.15056955503321
4.242484350541314,3.9215249544953634,0.21843778568123667,0.04233643564131222,0.6599848372698764,0.4480116180759421,0.007962092313654773,61.49737866475787,3.7753230723789706,28.129313413301414,97.1810904949918,91.60608551471157,57.90696805772799,67.15056955503321
4.242484350541314,3.9215249544953634,0.21843778568123667,0.04233643564131222,0.6599848372698764,0.4480116180759421,0.007962092313654773,61.49737866475787,3.7753230723789706,28.129313413301414,97.1810904949918,91.60608551471157,57.90696805772799,67.15056955503321
4.242484350541314,3.9215249544953634,0.21843778568123667,0.04233643564131222,0.6599848372698764,0.4480116180759421,0.007962092313654773,61.49737866475787,3.7753230723789706,28.129313413301414,97.1810904949918,91.60608551471157,57.90696805772799,67.15056955503321
11.381293155731697,94.19639816180661,0.06774963389981814,0.11290821509865566,0.3737084247864077,0.8217542955188586,0.70486227260037,1158.583221029205,7.331364204062041,6.795272182945464,93.78720088388022,131.48910186578445,187.88743842380646,137.5423167949275
8.091302960939597,0.5298507113511225,0.9612630183979637,0.20764497360772854,0.3421372605444058,0.16758310966596038,0.76326469316026,1298.4883678230865,8.355170314726529,96.56137470240272,39.133470903991686,43.20732404862206,167.19018546360942,113.82519900414214
9.44721419829755,45.06011709764312,0.03553698205248496,0.10903776209298383,0.34989058376030835,0.3910840363238873,0.7464777839638699,1070.0251457154984,2.982568716285826,122.10222348072725,189.23267078165085,88.19754999951289,99.75926096175108,59.102247533492566
10.580408171755906,4.597249748560105,3.732511632640289,0.40087283299573645,0.22614093216356634,0.9137440038741819,0.995793425192447,571.1685899044038,6.331426819921712,175.1554356680542,63.44003272577843,135.8372627289026,137.5278422998861,102.51792929500043
4.242484350541314,3.9215249544953634,0.21843778568123667,0.04233643564131222,0.6599848372698764,0.4480116180759421,0.007962092313654773,61.49737866475787,3.7753230723789706,28.129313413301414,97.1810904949918,91.60608551471157,57.90696805772799,67.15056955503321
10.985337294015466,6.334513289208708,0.6316375970258056,0.3208037810089807,0.7817073432420841,0.5951991181718536,0.6158787080448758,1040.4508420906816,8.212915911045984,38.69084578467072,84.64974468785898,80.20151910465825,76.14506021666239,62.32923145572183
6.459687300213903,6.042537435627908,0.03769801672276764,0.024346447987005013,0.7441539792476268,0.8600244268834749,0.06389153985339943,657.0265902019398,4.437080721820524,91.26342443387607,141.5997979125508,98.91448562477859,42.92153719653102,4.3668091060916465
4.242484350541314,3.9215249544953634,0.21843778568123667,0.04233643564131222,0.6599848372698764,0.4480116180759421,0.007962092313654773,61.49737866475787,3.7753230723789706,28.129313413301414,97.1810904949918,91.60608551471157,57.90696805772799,67.15056955503321
9.555682112181469,1.6873929604450764,3.8842834928686742,0.308255615077848,0.6286411424751901,0.5178925966491417,0.255504493098234,471.3069838927917,2.9741263990092173,8.393696355080483,40.30457291914031,158.4734671854701,158.36876200861585,89.1794690563152
8.281215489841793,6.0484912099088834,0.4132170306618261,0.1746906868541374,0.027468083910448304,0.33662986866352423,0.3992836717033928,449.97684387034224,6.276344860689362,119.72497218615177,68.58558697417274,144.8402053957612,57.217259651378164,149.67226471890675
10.21101550028362,2.1066828425816055,3.6205598658256597,0.2107756957433357,0.7196643767264393,0.6935996339765453,0.9946460462804578,1798.0742046130879,4.826551229251188,97.28978355511285,51.50350357000343,5.533726302172889,45.42571379444838,110.53586112190492
10.47539000270156,1.995632676130036,1.3389889859540598,0.22345059182574334,0.665404116070178,0.5928278165046408,0.4457637986981574,809.272046548652,1.1900625003764638,110.3885401654856,67.15319144069807,11.849052571854566,121.00375217378462,18.49723173413833
4.242484350541314,3.9215249544953634,0.21843778568123667,0.04233643564131222,0.6599848372698764,0.4480116180759421,0.007962092313654773,61.49737866475787,3.7753230723789706,28.129313413301414,97.1810904949918,91.60608551471157,57.90696805772799,67.15056955503321
4.242484350541314,3.9215249544953634,0.21843778568123667,0.04233643564131222,0.6599848372698764,0.4480116180759421,0.007962092313654773,61.49737866475787,3.7753230723789706,28.129313413301414,97.1810904949918,91.60608551471157,57.90696805772799,67.15056955503321
4.242484350541314,3.9215249544953634,0.21843778568123667,0.04233643564131222,0.6599848372698764,0.4480116180759421,0.007962092313654773,61.49737866475787,3.7753230723789706,28.129313413301414,97.1810904949918,91.60608551471157,57.90696805772799,67.15056955503321
4.242484350541314,3.9215249544953634,0.21843778568123667,0.04233643564131222,0.6599848372698764,0.4480116180759421,0.007962092313654773,61.49737866475787,3.7753230723789706,28.129313413301414,97.1810904949918,91.60608551471157,57.90696805772799,67.15056955503321
11.381293155731697,94.19639816180661,0.06774963389981814,0.11290821509865566,0.3737084247864077,0.8217542955188586,0.70486227260037,1158.583221029205,7.331364204062041,6.795272182945464,93.78720088388022,131.48910186578445,187.88743842380646,137.5423167949275
9.44721419829755,45.06011709764312,0.03553698205248496,0.10903776209298383,0.34989058376030835,0.3910840363238873,0.7464777839638699,1070.0251457154984,2.982568716285826,122.10222348072725,189.23267078165085,88.19754999951289,99.75926096175108,59.102247533492566
10.580408171755906,4.597249748560105,3.732511632640289,0.40087283299573645,0.22614093216356634,0.9137440038741819,0.995793425192447,571.1685899044038,6.331426819921712,175.1554356680542,63.44003272577843,135.8372627289026,137.5278422998861,102.51792929500043
10.985337294015466,6.334513289208708,0.6316375970258056,0.3208037810089807,0.7817073432420841,0.5951991181718536,0.6158787080448758,1040.4508420906816,8.212915911045984,38.69084578467072,84.64974468785898,80.20151910465825,76.14506021666239,62.32923145572183
8.091302960939597,0.5298507113511225,0.9612630183979637,0.20764497360772854,0.3421372605444058,0.16758310966596038,0.76326469316026,1298.4883678230865,8.355170314726529,96.56137470240272,39.133470903991686,43.20732404862206,167.19018546360942,113.82519900414214
6.459687300213903,6.042537435627908,0.03769801672276764,0.024346447987005013,0.7441539792476268,0.8600244268834749,0.06389153985339943,657.0265902019398,4.437080721820524,91.26342443387607,141.5997979125508,98.91448562477859,42.92153719653102,4.3668091060916465
4.242484350541314,3.9215249544953634,0.21843778568123667,0.04233643564131222,0.6599848372698764,0.4480116180759421,0.007962092313654773,61.49737866475787,3.7753230723789706,28.129313413301414,97.1810904949918,91.60608551471157,57.90696805772799,67.15056955503321
4.242484350541314,3.9215249544953634,0.21843778568123667,0.04233643564131222,0.6599848372698764,0.4480116180759421,0.007962092313654773,61.49737866475787,3.7753230723789706,28.129313413301414,97.1810904949918,91.60608551471157,57.90696805772799,67.15056955503321
8.281215489841793,6.0484912099088834,0.4132170306618261,0.1746906868541374,0.027468083910448304,0.33662986866352423,0.3992836717033928,449.97684387034224,6.276344860689362,119.72497218615177,68.58558697417274,144.8402053957612,57.217259651378164,149.67226471890675
10.21101550028362,2.1066828425816055,3.6205598658256597,0.2107756957433357,0.7196643767264393,0.6935996339765453,0.9946460462804578,1798.0742046130879,4.826551229251188,97.28978355511285,51.50350357000343,5.533726302172889,45.42571379444838,110.53586112190492
9.555682112181469,1.6873929604450764,3.8842834928686742,0.308255615077848,0.6286411424751901,0.5178925966491417,0.255504493098234,471.3069838927917,2.9741263990092173,8.393696355080483,40.30457291914031,158.4734671854701,158.36876200861585,89.1794690563152
4.242484350541314,3.9215249544953634,0.21843778568123667,0.04233643564131222,0.6599848372698764,0.4480116180759421,0.007962092313654773,61.49737866475787,3.7753230723789706,28.129313413301414,97.1810904949918,91.60608551471157,57.90696805772799,67.15056955503321
10.47539000270156,1.995632676130036,1.3389889859540598,0.22345059182574334,0.665404116070178,0.5928278165046408,0.4457637986981574,809.272046548652,1.1900625003764638,110.3885401654856,67.15319144069807,11.849052571854566,121.00375217378462,18.49723173413833
4.242484350541314,3.9215249544953634,0.21843778568123667,0.04233643564131222,0.6599848372698764,0.4480116180759421,0.007962092313654773,61.49737866475787,3.7753230723789706,28.129313413301414,97.1810904949918,91.60608551471157,57.90696805772799,67.15056955503321
8.281215489841793,6.0484912099088834,0.4132170306618261,0.1746906868541374,0.027468083910448304,0.33662986866352423,0.3992836717033928,449.97684387034224,6.276344860689362,119.72497218615177,68.58558697417274,144.8402053957612,57.217259651378164,149.67226471890675
4.242484350541314,3.9215249544953634,0.21843778568123667,0.04233643564131222,0.6599848372698764,0.4480116180759421,0.007962092313654773,61.49737866475787,3.7753230723789706,28.129313413301414,97.1810904949918,91.60608551471157,57.90696805772799,67.15056955503321
4.242484350541314,3.9215249544953634,0.21843778568123667,0.04233643564131222,0.6599848372698764,0.4480116180759421,0.007962092313654773,61.49737866475787,3.7753230723789706,28.129313413301414,97.1810904949918,91.60608551471157,57.90696805772799,67.15056955503321
9.44721419829755,45.06011709764312,0.03553698205248496,0.10903776209298383,0.34989058376030835,0.3910840363238873,0.7464777839638699,1070.0251457154984,2.982568716285826,122.10222348072725,189.23267078165085,88.19754999951289,99.75926096175108,59.102247533492566
10.580408171755906,4.597249748560105,3.732511632640289,0.40087283299573645,0.22614093216356634,0.9137440038741819,0.995793425192447,571.1685899044038,6.331426819921712,175.1554356680542,63.44003272577843,135.8372627289026,137.5278422998861,102.51792929500043
6.459687300213903,6.042537435627908,0.03769801672276764,0.024346447987005013,0.7441539792476268,0.8600244268834749,0.06389153985339943,657.0265902019398,4.437080721820524,91.26342443387607,141.5997979125508,98.91448562477859,42.92153719653102,4.3668091060916465
10.985337294015466,6.334513289208708,0.6316375970258056,0.3208037810089807,0.7817073432420841,0.5951991181718536,0.6158787080448758,1040.4508420906816,8.212915911045984,38.69084578467072,84.64974468785898,80.20151910465825,76.14506021666239,62.32923145572183
11.381293155731697,94.19639816180661,0.06774963389981814,0.11290821509865566,0.3737084247864077,0.8217542955188586,0.70486227260037,1158.583221029205,7.331364204062041,6.795272182945464,93.78720088388022,131.48910186578445,187.88743842380646,137.5423167949275
4.242484350541314,3.9215249544953634,0.21843778568123667,0.04233643564131222,0.6599848372698764,0.4480116180759421,0.007962092313654773,61.49737866475787,3.7753230723789706,28.129313413301414,97.1810904949918,91.60608551471157,57.90696805772799,67.15056955503321
8.091302960939597,0.5298507113511225,0.9612630183979637,0.20764497360772854,0.3421372605444058,0.16758310966596038,0.76326469316026,1298.4883678230865,8.355170314726529,96.56137470240272,39.133470903991686,43.20732404862206,167.19018546360942,113.82519900414214
4.242484350541314,3.9215249544953634,0.21843778568123667,0.04233643564131222,0.6599848372698764,0.4480116180759421,0.007962092313654773,61.49737866475787,3.7753230723789706,28.129313413301414,97.1810904949918,91.60608551471157,57.90696805772799,67.15056955503321
10.21101550028362,2.1066828425816055,3.6205598658256597,0.2107756957433357,0.7196643767264393,0.6935996339765453,0.9946460462804578,1798.0742046130879,4.826551229251188,97.28978355511285,51.50350357000343,5.533726302172889,45.42571379444838,110.53586112190492
4.242484350541314,3.9215249544953634,0.21843778568123667,0.04233643564131222,0.6599848372698764,0.4480116180759421,0.007962092313654773,61.49737866475787,3.7753230723789706,28.129313413301414,97.1810904949918,91.60608551471157,57.90696805772799,67.15056955503321
10.580408171755906,4.597249748560105,3.732511632640289,0.40087283299573645,0.22614093216356634,0.9137440038741819,0.995793425192447,571.1685899044038,6.331426819921712,175.1554356680542,63.44003272577843,135.8372627289026,137.5278422998861,102.51792929500043
6.459687300213903,6.042537435627908,0.03769801672276764,0.024346447987005013,0.7441539792476268,0.8600244268834749,0.06389153985339943,657.0265902019398,4.437080721820524,91.26342443387607,141.5997979125508,98.91448562477859,42.92153719653102,4.3668091060916465
10.47539000270156,1.995632676130036,1.3389889859540598,0.22345059182574334,0.665404116070178,0.5928278165046408,0.4457637986981574,809.272046548652,1.1900625003764638,110.3885401654856,67.15319144069807,11.849052571854566,121.00375217378462,18.49723173413833
4.242484350541314,3.9215249544953634,0.21843778568123667,0.04233643564131222,0.6599848372698764,0.4480116180759421,0.007962092313654773,61.49737866475787,3.7753230723789706,28.129313413301414,97.1810904949918,91.60608551471157,57.90696805772799,67.15056955503321
9.555682112181469,1.6873929604450764,3.8842834928686742,0.308255615077848,0.6286411424751901,0.5178925966491417,0.255504493098234,471.3069838927917,2.9741263990092173,8.393696355080483,40.30457291914031,158.4734671854701,158.36876200861585,89.1794690563152
8.281215489841793,6.0484912099088834,0.4132170306618261,0.1746906868541374,0.027468083910448304,0.33662986866352423,0.3992836717033928,449.97684387034224,6.276344860689362,119.72497218615177,68.58558697417274,144.8402053957612,57.217259651378164,149.67226471890675
4.242484350541314,3.9215249544953634,0.21843778568123667,0.04233643564131222,0.6599848372698764,0.4480116180759421,0.007962092313654773,61.49737866475787,3.7753230723789706,28.129313413301414,97.1810904949918,91.60608551471157,57.90696805772799,67.15056955503321
9.44721419829755,45.06011709764312,0.03553698205248496,0.10903776209298383,0.34989058376030835,0.3910840363238873,0.7464777839638699,1070.0251457154984,2.982568716285826,122.10222348072725,189.23267078165085,88.19754999951289,99.75926096175108,59.102247533492566
4.242484350541314,3.9215249544953634,0.21843778568123667,0.04233643564131222,0.6599848372698764,0.4480116180759421,0.007962092313654773,61.49737866475787,3.7753230723789706,28.129313413301414,97.1810904949918,91.60608551471157,57.90696805772799,67.15056955503321
4.242484350541314,3.9215249544953634,0.21843778568123667,0.04233643564131222,0.6599848372698764,0.4480116180759421,0.007962092313654773,61.49737866475787,3.7753230723789706,28.129313413301414,97.1810904949918,91.60608551471157,57.90696805772799,67.15056955503321
4.242484350541314,3.9215249544953634,0.21843778568123667,0.04233643564131222,0.6599848372698764,0.4480116180759421,0.007962092313654773,61.49737866475787,3.7753230723789706,28.129313413301414,97.1810904949918,91.60608551471157,57.90696805772799,67.15056955503321
10.985337294015466,6.334513289208708,0.6316375970258056,0.3208037810089807,0.7817073432420841,0.5951991181718536,0.6158787080448758,1040.4508420906816,8.212915911045984,38.69084578467072,84.64974468785898,80.20151910465825,76.14506021666239,62.32923145572183
8.281215489841793,6.0484912099088834,0.4132170306618261,0.1746906868541374,0.027468083910448304,0.33662986866352423,0.3992836717033928,449.97684387034224,6.276344860689362,119.72497218615177,68.58558697417274,144.8402053957612,57.217259651378164,149.67226471890675
11.381293155731697,94.19639816180661,0.06774963389981814,0.11290821509865566,0.3737084247864077,0.8217542955188586,0.70486227260037,1158.583221029205,7.331364204062041,6.795272182945464,93.78720088388022,131.48910186578445,187.88743842380646,137.5423167949275
8.091302960939597,0.5298507113511225,0.9612630183979637,0.20764497360772854,0.3421372605444058,0.16758310966596038,0.76326469316026,1298.4883678230865,8.355170314726529,96.56137470240272,39.133470903991686,43.20732404862206,167.19018546360942,113.82519900414214
4.242484350541314,3.9215249544953634,0.21843778568123667,0.04233643564131222,0.6599848372698764,0.4480116180759421,0.007962092313654773,61.49737866475787,3.7753230723789706,28.129313413301414,97.1810904949918,91.60608551471157,57.90696805772799,67.15056955503321
4.242484350541314,3.9215249544953634,0.21843778568123667,0.04233643564131222,0.6599848372698764,0.4480116180759421,0.007962092313654773,61.49737866475787,3.7753230723789706,28.129313413301414,97.1810904949918,91.60608551471157,57.90696805772799,67.15056955503321
10.580408171755906,4.597249748560105,3.732511632640289,0.40087283299573645,0.22614093216356634,0.9137440038741819,0.995793425192447,571.1685899044038,6.331426819921712,175.1554356680542,63.44003272577843,135.8372627289026,137.5278422998861,102.51792929500043
4.242484350541314,3.9215249544953634,0.21843778568123667,0.04233643564131222,0.6599848372698764,0.4480116180759421,0.007962092313654773,61.49737866475787,3.7753230723789706,28.129313413301414,97.1810904949918,91.60608551471157,57.90696805772799,67.15056955503321
6.459687300213903,6.042537435627908,0.03769801672276764,0.024346447987005013,0.7441539792476268,0.8600244268834749,0.06389153985339943,657.0265902019398,4.437080721820524,91.26342443387607,141.5997979125508,98.91448562477859,42.92153719653102,4.3668091060916465
10.21101550028362,2.1066828425816055,3.6205598658256597,0.2107756957433357,0.7196643767264393,0.6935996339765453,0.9946460462804578,1798.0742046130879,4.826551229251188,97.28978355511285,51.50350357000343,5.533726302172889,45.42571379444838,110.53586112190492
10.47539000270156,1.995632676130036,1.3389889859540598,0.22345059182574334,0.665404116070178,0.5928278165046408,0.4457637986981574,809.272046548652,1.1900625003764638,110.3885401654856,67.15319144069807,11.849052571854566,121.00375217378462,18.49723173413833
10.985337294015466,6.334513289208708,0.6316375970258056,0.3208037810089807,0.7817073432420841,0.5951991181718536,0.6158787080448758,1040.4508420906816,8.212915911045984,38.69084578467072,84.64974468785898,80.20151910465825,76.14506021666239,62.32923145572183
8.281215489841793,6.0484912099088834,0.4132170306618261,0.1746906868541374,0.027468083910448304,0.33662986866352423,0.3992836717033928,449.97684387034224,6.276344860689362,119.72497218615177,68.58558697417274,144.8402053957612,57.217259651378164,149.67226471890675
9.555682112181469,1.6873929604450764,3.8842834928686742,0.308255615077848,0.6286411424751901,0.5178925966491417,0.255504493098234,471.3069838927917,2.9741263990092173,8.393696355080483,40.30457291914031,158.4734671854701,158.36876200861585,89.1794690563152
4.242484350541314,3.9215249544953634,0.21843778568123667,0.04233643564131222,0.6599848372698764,0.4480116180759421,0.007962092313654773,61.49737866475787,3.7753230723789706,28.129313413301414,97.1810904949918,91.60608551471157,57.90696805772799,67.15056955503321
9.44721419829755,45.06011709764312,0.03553698205248496,0.10903776209298383,0.34989058376030835,0.3910840363238873,0.7464777839638699,1070.0251457154984,2.982568716285826,122.10222348072725,189.23267078165085,88.19754999951289,99.75926096175108,59.102247533492566
4.242484350541314,3.9215249544953634,0.21843778568123667,0.04233643564131222,0.6599848372698764,0.4480116180759421,0.007962092313654773,61.49737866475787,3.7753230723789706,28.129313413301414,97.1810904949918,91.60608551471157,57.90696805772799,67.15056955503321
10.21101550028362,2.1066828425816055,3.6205598658256597,0.2107756957433357,0.7196643767264393,0.6935996339765453,0.9946460462804578,1798.0742046130879,4.826551229251188,97.28978355511285,51.50350357000343,5.533726302172889,45.42571379444838,110.53586112190492
4.242484350541314,3.9215249544953634,0.21843778568123667,0.04233643564131222,0.6599848372698764,0.4480116180759421,0.007962092313654773,61.49737866475787,3.7753230723789706,28.129313413301414,97.1810904949918,91.60608551471157,57.90696805772799,67.15056955503321
4.242484350541314,3.9215249544953634,0.21843778568123667,0.04233643564131222,0.6599848372698764,0.4480116180759421,0.007962092313654773,61.49737866475787,3.7753230723789706,28.129313413301414,97.1810904949918,91.60608551471157,57.90696805772799,67.15056955503321
9.555682112181469,1.6873929604450764,3.8842834928686742,0.308255615077848,0.6286411424751901,0.5178925966491417,0.255504493098234,471.3069838927917,2.9741263990092173,8.393696355080483,40.30457291914031,158.4734671854701,158.36876200861585,89.1794690563152
4.242484350541314,3.9215249544953634,0.21843778568123667,0.04233643564131222,0.6599848372698764,0.4480116180759421,0.007962092313654773,61.49737866475787,3.7753230723789706,28.129313413301414,97.1810904949918,91.60608551471157,57.90696805772799,67.15056955503321
9.44721419829755,45.06011709764312,0.03553698205248496,0.10903776209298383,0.34989058376030835,0.3910840363238873,0.7464777839638699,1070.0251457154984,2.982568716285826,122.10222348072725,189.23267078165085,88.19754999951289,99.75926096175108,59.102247533492566
8.314991436863522,0.9236195505891056,0.28002781280531797,0.1670158852075141,0.99439098846585,0.04805077264887342,0.07589314073897557,1637.5948531786864,3.062919198904038,182.48089184608907,128.4824467164325,181.4865015857203,19.21506748247949,179.3195955332141
4.242484350541314,3.9215249544953634,0.21843778568123667,0.04233643564131222,0.6599848372698764,0.4480116180759421,0.007962092313654773,61.49737866475787,3.7753230723789706,28.129313413301414,97.1810904949918,91.60608551471157,57.90696805772799,67.15056955503321
6.459687300213903,6.042537435627908,0.03769801672276764,0.024346447987005013,0.7441539792476268,0.8600244268834749,0.06389153985339943,657.0265902019398,4.437080721820524,91.26342443387607,141.5997979125508,98.91448562477859,42.92153719653102,4.3668091060916465
11.381293155731697,94.19639816180661,0.06774963389981814,0.11290821509865566,0.3737084247864077,0.8217542955188586,0.70486227260037,1158.583221029205,7.331364204062041,6.795272182945464,93.78720088388022,131.48910186578445,187.88743842380646,137.5423167949275
8.091302960939597,0.5298507113511225,0.9612630183979637,0.20764497360772854,0.3421372605444058,0.16758310966596038,0.76326469316026,1298.4883678230865,8.355170314726529,96.56137470240272,39.133470903991686,43.20732404862206,167.19018546360942,113.82519900414214
10.47539000270156,1.995632676130036,1.3389889859540598,0.22345059182574334,0.665404116070178,0.5928278165046408,0.4457637986981574,809.272046548652,1.1900625003764638,110.3885401654856,67.15319144069807,11.849052571854566,121.00375217378462,18.49723173413833
10.985337294015466,6.334513289208708,0.6316375970258056,0.3208037810089807,0.7817073432420841,0.5951991181718536,0.6158787080448758,1040.4508420906816,8.212915911045984,38.69084578467072,84.64974468785898,80.20151910465825,76.14506021666239,62.32923145572183
8.281215489841793,6.0484912099088834,0.4132170306618261,0.1746906868541374,0.027468083910448304,0.33662986866352423,0.3992836717033928,449.97684387034224,6.276344860689362,119.72497218615177,68.58558697417274,144.8402053957612,57.217259651378164,149.67226471890675
4.242484350541314,3.9215249544953634,0.21843778568123667,0.04233643564131222,0.6599848372698764,0.4480116180759421,0.007962092313654773,61.49737866475787,3.7753230723789706,28.129313413301414,97.1810904949918,91.60608551471157,57.90696805772799,67.15056955503321
4.242484350541314,3.9215249544953634,0.21843778568123667,0.04233643564131222,0.6599848372698764,0.4480116180759421,0.007962092313654773,61.49737866475787,3.7753230723789706,28.129313413301414,97.1810904949918,91.60608551471157,57.90696805772799,67.15056955503321
4.242484350541314,3.9215249544953634,0.21843778568123667,0.04233643564131222,0.6599848372698764,0.4480116180759421,0.007962092313654773,61.49737866475787,3.7753230723789706,28.129313413301414,97.1810904949918,91.60608551471157,57.90696805772799,67.15056955503321
9.44721419829755,45.06011709764312,0.03553698205248496,0.10903776209298383,0.34989058376030835,0.3910840363238873,0.7464777839638699,1070.0251457154984,2.982568716285826,122.10222348072725,189.23267078165085,88.19754999951289,99.75926096175108,59.102247533492566
4.242484350541314,3.9215249544953634,0.21843778568123667,0.04233643564131222,0.6599848372698764,0.4480116180759421,0.007962092313654773,61.49737866475787,3.7753230723789706,28.129313413301414,97.1810904949918,91.60608551471157,57.90696805772799,67.15056955503321
10.21101550028362,2.1066828425816055,3.6205598658256597,0.2107756957433357,0.7196643767264393,0.6935996339765453,0.9946460462804578,1798.0742046130879,4.826551229251188,97.28978355511285,51.50350357000343,5.533726302172889,45.42571379444838,110.53586112190492
10.47539000270156,1.995632676130036,1.3389889859540598,0.22345059182574334,0.665404116070178,0.5928278165046408,0.4457637986981574,809.272046548652,1.1900625003764638,110.3885401654856,67.15319144069807,11.849052571854566,121.00375217378462,18.49723173413833
4.242484350541314,3.9215249544953634,0.21843778568123667,0.04233643564131222,0.6599848372698764,0.4480116180759421,0.007962092313654773,61.49737866475787,3.7753230723789706,28.129313413301414,97.1810904949918,91.60608551471157,57.90696805772799,67.15056955503321
8.314991436863522,0.9236195505891056,0.28002781280531797,0.1670158852075141,0.99439098846585,0.04805077264887342,0.07589314073897557,1637.5948531786864,3.062919198904038,182.48089184608907,128.4824467164325,181.4865015857203,19.21506748247949,179.3195955332141
4.242484350541314,3.9215249544953634,0.21843778568123667,0.04233643564131222,0.6599848372698764,0.4480116180759421,0.007962092313654773,61.49737866475787,3.7753230723789706,28.129313413301414,97.1810904949918,91.60608551471157,57.90696805772799,67.15056955503321
6.459687300213903,6.042537435627908,0.03769801672276764,0.024346447987005013,0.7441539792476268,0.8600244268834749,0.06389153985339943,657.0265902019398,4.437080721820524,91.26342443387607,141.5997979125508,98.91448562477859,42.92153719653102,4.3668091060916465
9.555682112181469,1.6873929604450764,3.8842834928686742,0.308255615077848,0.6286411424751901,0.5178925966491417,0.255504493098234,471.3069838927917,2.9741263990092173,8.393696355080483,40.30457291914031,158.4734671854701,158.36876200861585,89.1794690563152
10.21101550028362,2.1066828425816055,3.6205598658256597,0.2107756957433357,0.7196643767264393,0.6935996339765453,0.9946460462804578,1798.0742046130879,4.826551229251188,97.28978355511285,51.50350357000343,5.533726302172889,45.42571379444838,110.53586112190492
11.381293155731697,94.19639816180661,0.06774963389981814,0.11290821509865566,0.3737084247864077,0.8217542955188586,0.70486227260037,1158.583221029205,7.331364204062041,6.795272182945464,93.78720088388022,131.48910186578445,187.88743842380646,137.5423167949275
10.985337294015466,6.334513289208708,0.6316375970258056,0.3208037810089807,0.7817073432420841,0.5951991181718536,0.6158787080448758,1040.4508420906816,8.212915911045984,38.69084578467072,84.64974468785898,80.20151910465825,76.14506021666239,62.32923145572183
8.281215489841793,6.0484912099088834,0.4132170306618261,0.1746906868541374,0.027468083910448304,0.33662986866352423,0.3992836717033928,449.97684387034224,6.276344860689362,119.72497218615177,68.58558697417274,144.8402053957612,57.217259651378164,149.67226471890675
8.091302960939597,0.5298507113511225,0.9612630183979637,0.20764497360772854,0.3421372605444058,0.16758310966596038,0.76326469316026,1298.4883678230865,8.355170314726529,96.56137470240272,39.133470903991686,43.20732404862206,167.19018546360942,113.82519900414214
4.242484350541314,3.9215249544953634,0.21843778568123667,0.04233643564131222,0.6599848372698764,0.4480116180759421,0.007962092313654773,61.49737866475787,3.7753230723789706,28.129313413301414,97.1810904949918,91.60608551471157,57.90696805772799,67.15056955503321
8.314991436863522,0.9236195505891056,0.28002781280531797,0.1670158852075141,0.99439098846585,0.04805077264887342,0.07589314073897557,1637.5948531786864,3.062919198904038,182.48089184608907,128.4824467164325,181.4865015857203,19.21506748247949,179.3195955332141
9.44721419829755,45.06011709764312,0.03553698205248496,0.10903776209298383,0.34989058376030835,0.3910840363238873,0.7464777839638699,1070.0251457154984,2.982568716285826,122.10222348072725,189.23267078165085,88.19754999951289,99.75926096175108,59.102247533492566
6.459687300213903,6.042537435627908,0.03769801672276764,0.024346447987005013,0.7441539792476268,0.8600244268834749,0.06389153985339943,657.0265902019398,4.437080721820524,91.26342443387607,141.5997979125508,98.91448562477859,42.92153719653102,4.3668091060916465
4.242484350541314,3.9215249544953634,0.21843778568123667,0.04233643564131222,0.6599848372698764,0.4480116180759421,0.007962092313654773,61.49737866475787,3.7753230723789706,28.129313413301414,97.1810904949918,91.60608551471157,57.90696805772799,67.15056955503321
4.242484350541314,3.9215249544953634,0.21843778568123667,0.04233643564131222,0.6599848372698764,0.4480116180759421,0.007962092313654773,61.49737866475787,3.7753230723789706,28.129313413301414,97.1810904949918,91.60608551471157,57.90696805772799,67.15056955503321
10.21101550028362,2.1066828425816055,3.6205598658256597,0.2107756957433357,0.7196643767264393,0.6935996339765453,0.9946460462804578,1798.0742046130879,4.826551229251188,97.28978355511285,51.50350357000343,5.533726302172889,45.42571379444838,110.53586112190492
9.555682112181469,1.6873929604450764,3.8842834928686742,0.308255615077848,0.6286411424751901,0.5178925966491417,0.255504493098234,471.3069838927917,2.9741263990092173,8.393696355080483,40.30457291914031,158.4734671854701,158.36876200861585,89.1794690563152
4.242484350541314,3.9215249544953634,0.21843778568123667,0.04233643564131222,0.6599848372698764,0.4480116180759421,0.007962092313654773,61.49737866475787,3.7753230723789706,28.129313413301414,97.1810904949918,91.60608551471157,57.90696805772799,67.15056955503321
10.47539000270156,1.995632676130036,1.3389889859540598,0.22345059182574334,0.665404116070178,0.5928278165046408,0.4457637986981574,809.272046548652,1.1900625003764638,110.3885401654856,67.15319144069807,11.849052571854566,121.00375217378462,18.49723173413833
10.985337294015466,6.334513289208708,0.6316375970258056,0.3208037810089807,0.7817073432420841,0.5951991181718536,0.6158787080448758,1040.4508420906816,8.212915911045984,38.69084578467072,84.64974468785898,80.20151910465825,76.14506021666239,62.32923145572183
4.242484350541314,3.9215249544953634,0.21843778568123667,0.04233643564131222,0.6599848372698764,0.4480116180759421,0.007962092313654773,61.49737866475787,3.7753230723789706,28.129313413301414,97.1810904949918,91.60608551471157,57.90696805772799,67.15056955503321
11.381293155731697,94.19639816180661,0.06774963389981814,0.11290821509865566,0.3737084247864077,0.8217542955188586,0.70486227260037,1158.583221029205,7.331364204062041,6.795272182945464,93.78720088388022,131.48910186578445,187.88743842380646,137.5423167949275
4.242484350541314,3.9215249544953634,0.21843778568123667,0.04233643564131222,0.6599848372698764,0.4480116180759421,0.007962092313654773,61.49737866475787,3.7753230723789706,28.129313413301414,97.1810904949918,91.60608551471157,57.90696805772799,67.15056955503321
9.44721419829755,45.06011709764312,0.03553698205248496,0.10903776209298383,0.34989058376030835,0.3910840363238873,0.7464777839638699,1070.0251457154984,2.982568716285826,122.10222348072725,189.23267078165085,88.19754999951289,99.75926096175108,59.102247533492566
4.242484350541314,3.9215249544953634,0.21843778568123667,0.04233643564131222,0.6599848372698764,0.4480116180759421,0.007962092313654773,61.49737866475787,3.7753230723789706,28.129313413301414,97.1810904949918,91.60608551471157,57.90696805772799,67.15056955503321
8.281215489841793,6.0484912099088834,0.4132170306618261,0.1746906868541374,0.027468083910448304,0.33662986866352423,0.3992836717033928,449.97684387034224,6.276344860689362,119.72497218615177,68.58558697417274,144.8402053957612,57.217259651378164,149.67226471890675
8.314991436863522,0.9236195505891056,0.28002781280531797,0.1670158852075141,0.99439098846585,0.04805077264887342,0.07589314073897557,1637.5948531786864,3.062919198904038,182.48089184608907,128.4824467164325,181.4865015857203,19.21506748247949,179.3195955332141
6.459687300213903,6.042537435627908,0.03769801672276764,0.024346447987005013,0.7441539792476268,0.8600244268834749,0.06389153985339943,657.0265902019398,4.437080721820524,91.26342443387607,141.5997979125508,98.91448562477859,42.92153719653102,4.3668091060916465
8.091302960939597,0.5298507113511225,0.9612630183979637,0.20764497360772854,0.3421372605444058,0.16758310966596038,0.76326469316026,1298.4883678230865,8.355170314726529,96.56137470240272,39.133470903991686,43.20732404862206,167.19018546360942,113.82519900414214
4.242484350541314,3.9215249544953634,0.21843778568123667,0.04233643564131222,0.6599848372698764,0.4480116180759421,0.007962092313654773,61.49737866475787,3.7753230723789706,28.129313413301414,97.1810904949918,91.60608551471157,57.90696805772799,67.15056955503321
4.242484350541314,3.9215249544953634,0.21843778568123667,0.04233643564131222,0.6599848372698764,0.4480116180759421,0.007962092313654773,61.49737866475787,3.7753230723789706,28.129313413301414,97.1810904949918,91.60608551471157,57.90696805772799,67.15056955503321
9.555682112181469,1.6873929604450764,3.8842834928686742,0.308255615077848,0.6286411424751901,0.5178925966491417,0.255504493098234,471.3069838927917,2.9741263990092173,8.393696355080483,40.30457291914031,158.4734671854701,158.36876200861585,89.1794690563152
10.21101550028362,2.1066828425816055,3.6205598658256597,0.2107756957433357,0.7196643767264393,0.6935996339765453,0.9946460462804578,1798.0742046130879,4.826551229251188,97.28978355511285,51.50350357000343,5.533726302172889,45.42571379444838,110.53586112190492
4.242484350541314,3.9215249544953634,0.21843778568123667,0.04233643564131222,0.6599848372698764,0.4480116180759421,0.007962092313654773,61.49737866475787,3.7753230723789706,28.129313413301414,97.1810904949918,91.60608551471157,57.90696805772799,67.15056955503321
10.985337294015466,6.334513289208708,0.6316375970258056,0.3208037810089807,0.7817073432420841,0.5951991181718536,0.6158787080448758,1040.4508420906816,8.212915911045984,38.69084578467072,84.64974468785898,80.20151910465825,76.14506021666239,62.32923145572183
10.47539000270156,1.995632676130036,1.3389889859540598,0.22345059182574334,0.665404116070178,0.5928278165046408,0.4457637986981574,809.272046548652,1.1900625003764638,110.3885401654856,67.15319144069807,11.849052571854566,121.00375217378462,18.49723173413833
4.242484350541314,3.9215249544953634,0.21843778568123667,0.04233643564131222,0.6599848372698764,0.4480116180759421,0.007962092313654773,61.49737866475787,3.7753230723789706,28.129313413301414,97.1810904949918,91.60608551471157,57.90696805772799,67.15056955503321
4.242484350541314,3.9215249544953634,0.21843778568123667,0.04233643564131222,0.6599848372698764,0.4480116180759421,0.007962092313654773,61.49737866475787,3.7753230723789706,28.129313413301414,97.1810904949918,91.60608551471157,57.90696805772799,67.15056955503321
8.314991436863522,0.9236195505891056,0.28002781280531797,0.1670158852075141,0.99439098846585,0.04805077264887342,0.07589314073897557,1637.5948531786864,3.062919198904038,182.48089184608907,128.4824467164325,181.4865015857203,19.21506748247949,179.3195955332141
11.381293155731697,94.19639816180661,0.06774963389981814,0.11290821509865566,0.3737084247864077,0.8217542955188586,0.70486227260037,1158.583221029205,7.331364204062041,6.795272182945464,93.78720088388022,131.48910186578445,187.88743842380646,137.5423167949275
9.44721419829755,45.06011709764312,0.03553698205248496,0.10903776209298383,0.34989058376030835,0.3910840363238873,0.7464777839638699,1070.0251457154984,2.982568716285826,122.10222348072725,189.23267078165085,88.19754999951289,99.75926096175108,59.102247533492566
6.459687300213903,6.042537435627908,0.03769801672276764,0.024346447987005013,0.7441539792476268,0.8600244268834749,0.06389153985339943,657.0265902019398,4.437080721820524,91.26342443387607,141.5997979125508,98.91448562477859,42.92153719653102,4.3668091060916465
4.242484350541314,3.9215249544953634,0.21843778568123667,0.04233643564131222,0.6599848372698764,0.4480116180759421,0.007962092313654773,61.49737866475787,3.7753230723789706,28.129313413301414,97.1810904949918,91.60608551471157,57.90696805772799,67.15056955503321
8.091302960939597,0.5298507113511225,0.9612630183979637,0.20764497360772854,0.3421372605444058,0.16758310966596038,0.76326469316026,1298.4883678230865,8.355170314726529,96.56137470240272,39.133470903991686,43.20732404862206,167.19018546360942,113.82519900414214
8.281215489841793,6.0484912099088834,0.4132170306618261,0.1746906868541374,0.027468083910448304,0.33662986866352423,0.3992836717033928,449.97684387034224,6.276344860689362,119.72497218615177,68.58558697417274,144.8402053957612,57.217259651378164,149.67226471890675
4.242484350541314,3.9215249544953634,0.21843778568123667,0.04233643564131222,0.6599848372698764,0.4480116180759421,0.007962092313654773,61.49737866475787,3.7753230723789706,28.129313413301414,97.1810904949918,91.60608551471157,57.90696805772799,67.15056955503321
4.242484350541314,3.9215249544953634,0.21843778568123667,0.04233643564131222,0.6599848372698764,0.4480116180759421,0.007962092313654773,61.49737866475787,3.7753230723789706,28.129313413301414,97.1810904949918,91.60608551471157,57.90696805772799,67.15056955503321
9.44721419829755,45.06011709764312,0.03553698205248496,0.10903776209298383,0.34989058376030835,0.3910840363238873,0.7464777839638699,1070.0251457154984,2.982568716285826,122.10222348072725,189.23267078165085,88.19754999951289,99.75926096175108,59.102247533492566
4.242484350541314,3.9215249544953634,0.21843778568123667,0.04233643564131222,0.6599848372698764,0.4480116180759421,0.007962092313654773,61.49737866475787,3.7753230723789706,28.129313413301414,97.1810904949918,91.60608551471157,57.90696805772799,67.15056955503321
10.985337294015466,6.334513289208708,0.6316375970258056,0.3208037810089807,0.7817073432420841,0.5951991181718536,0.6158787080448758,1040.4508420906816,8.212915911045984,38.69084578467072,84.64974468785898,80.20151910465825,76.14506021666239,62.32923145572183
4.242484350541314,3.9215249544953634,0.21843778568123667,0.04233643564131222,0.6599848372698764,0.4480116180759421,0.007962092313654773,61.49737866475787,3.7753230723789706,28.129313413301414,97.1810904949918,91.60608551471157,57.90696805772799,67.15056955503321
4.242484350541314,3.9215249544953634,0.21843778568123667,0.04233643564131222,0.6599848372698764,0.4480116180759421,0.007962092313654773,61.49737866475787,3.7753230723789706,28.129313413301414,97.1810904949918,91.60608551471157,57.90696805772799,67.15056955503321
10.21101550028362,2.1066828425816055,3.6205598658256597,0.2107756957433357,0.7196643767264393,0.6935996339765453,0.9946460462804578,1798.0742046130879,4.826551229251188,97.28978355511285,51.50350357000343,5.533726302172889,45.42571379444838,110.53586112190492
10.47539000270156,1.995632676130036,1.3389889859540598,0.22345059182574334,0.665404116070178,0.5928278165046408,0.4457637986981574,809.272046548652,1.1900625003764638,110.3885401654856,67.15319144069807,11.849052571854566,121.00375217378462,18.49723173413833
4.242484350541314,3.9215249544953634,0.21843778568123667,0.04233643564131222,0.6599848372698764,0.4480116180759421,0.007962092313654773,61.49737866475787,3.7753230723789706,28.129313413301414,97.1810904949918,91.60608551471157,57.90696805772799,67.15056955503321
8.314991436863522,0.9236195505891056,0.28002781280531797,0.1670158852075141,0.99439098846585,0.04805077264887342,0.07589314073897557,1637.5948531786864,3.062919198904038,182.48089184608907,128.4824467164325,181.4865015857203,19.21506748247949,179.3195955332141
9.555682112181469,1.6873929604450764,3.8842834928686742,0.308255615077848,0.6286411424751901,0.5178925966491417,0.255504493098234,471.3069838927917,2.9741263990092173,8.393696355080483,40.30457291914031,158.4734671854701,158.36876200861585,89.1794690563152
6.459687300213903,6.042537435627908,0.03769801672276764,0.024346447987005013,0.7441539792476268,0.8600244268834749,0.06389153985339943,657.0265902019398,4.437080721820524,91.26342443387607,141.5997979125508,98.91448562477859,42.92153719653102,4.3668091060916465
4.083985809093743,3.9215249544953634,0.21843778568123667,0.04233643564131222,0.7110304951912051,0.4480116180759421,0.959369388084155,61.49737866475787,3.7753230723789706,28.129313413301414,97.1810904949918,91.60608551471157,57.90696805772799,15.67850702529271
11.381293155731697,94.19639816180661,0.06774963389981814,0.11290821509865566,0.3737084247864077,0.8217542955188586,0.70486227260037,1158.583221029205,7.331364204062041,6.795272182945464,93.78720088388022,131.48910186578445,187.88743842380646,137.5423167949275
8.281215489841793,6.0484912099088834,0.4132170306618261,0.1746906868541374,0.027468083910448304,0.33662986866352423,0.3992836717033928,449.97684387034224,6.276344860689362,119.72497218615177,68.58558697417274,144.8402053957612,57.217259651378164,149.67226471890675
10.985337294015466,6.334513289208708,0.6316375970258056,0.3208037810089807,0.7817073432420841,0.5951991181718536,0.6158787080448758,1040.4508420906816,8.212915911045984,38.69084578467072,84.64974468785898,80.20151910465825,76.14506021666239,62.32923145572183
10.21101550028362,2.1066828425816055,3.6205598658256597,0.2107756957433357,0.7196643767264393,0.6935996339765453,0.9946460462804578,1798.0742046130879,4.826551229251188,97.28978355511285,51.50350357000343,5.533726302172889,45.42571379444838,110.53586112190492
8.091302960939597,0.5298507113511225,0.9612630183979637,0.20764497360772854,0.3421372605444058,0.16758310966596038,0.76326469316026,1298.4883678230865,8.355170314726529,96.56137470240272,39.133470903991686,43.20732404862206,167.19018546360942,113.82519900414214
10.47539000270156,1.995632676130036,1.3389889859540598,0.22345059182574334,0.665404116070178,0.5928278165046408,0.4457637986981574,809.272046548652,1.1900625003764638,110.3885401654856,67.15319144069807,11.849052571854566,121.00375217378462,18.49723173413833
9.44721419829755,45.06011709764312,0.03553698205248496,0.10903776209298383,0.34989058376030835,0.3910840363238873,0.7464777839638699,1070.0251457154984,2.982568716285826,122.10222348072725,189.23267078165085,88.19754999951289,99.75926096175108,59.102247533492566
4.242484350541314,3.9215249544953634,0.21843778568123667,0.04233643564131222,0.6599848372698764,0.4480116180759421,0.007962092313654773,61.49737866475787,3.7753230723789706,28.129313413301414,97.1810904949918,91.60608551471157,57.90696805772799,67.15056955503321
4.242484350541314,3.9215249544953634,0.21843778568123667,0.04233643564131222,0.6599848372698764,0.4480116180759421,0.007962092313654773,61.49737866475787,3.7753230723789706,28.129313413301414,97.1810904949918,91.60608551471157,57.90696805772799,67.15056955503321
11.381293155731697,94.19639816180661,0.06774963389981814,0.11290821509865566,0.3737084247864077,0.8217542955188586,0.70486227260037,1158.583221029205,7.331364204062041,6.795272182945464,93.78720088388022,131.48910186578445,187.88743842380646,137.5423167949275
4.242484350541314,3.9215249544953634,0.21843778568123667,0.04233643564131222,0.6599848372698764,0.4480116180759421,0.007962092313654773,61.49737866475787,3.7753230723789706,28.129313413301414,97.1810904949918,91.60608551471157,57.90696805772799,67.15056955503321
4.242484350541314,3.9215249544953634,0.21843778568123667,0.04233643564131222,0.6599848372698764,0.4480116180759421,0.007962092313654773,61.49737866475787,3.7753230723789706,28.129313413301414,97.1810904949918,91.60608551471157,57.90696805772799,67.15056955503321
8.314991436863522,0.9236195505891056,0.28002781280531797,0.1670158852075141,0.99439098846585,0.04805077264887342,0.07589314073897557,1637.5948531786864,3.062919198904038,182.48089184608907,128.4824467164325,181.4865015857203,19.21506748247949,179.3195955332141
4.242484350541314,3.9215249544953634,0.21843778568123667,0.04233643564131222,0.6599848372698764,0.4480116180759421,0.007962092313654773,61.49737866475787,3.7753230723789706,28.129313413301414,97.1810904949918,91.60608551471157,57.90696805772799,67.15056955503321
10.985337294015466,6.334513289208708,0.6316375970258056,0.3208037810089807,0.7817073432420841,0.5951991181718536,0.6158787080448758,1040.4508420906816,8.212915911045984,38.69084578467072,84.64974468785898,80.20151910465825,76.14506021666239,62.32923145572183
6.459687300213903,6.042537435627908,0.03769801672276764,0.024346447987005013,0.7441539792476268,0.8600244268834749,0.06389153985339943,657.0265902019398,4.437080721820524,91.26342443387607,141.5997979125508,98.91448562477859,42.92153719653102,4.3668091060916465
8.091302960939597,0.5298507113511225,0.9612630183979637,0.20764497360772854,0.3421372605444058,0.16758310966596038,0.76326469316026,1298.4883678230865,8.355170314726529,96.56137470240272,39.133470903991686,43.20732404862206,167.19018546360942,113.82519900414214
9.555682112181469,1.6873929604450764,3.8842834928686742,0.308255615077848,0.6286411424751901,0.5178925966491417,0.255504493098234,471.3069838927917,2.9741263990092173,8.393696355080483,40.30457291914031,158.4734671854701,158.36876200861585,89.1794690563152
8.281215489841793,6.0484912099088834,0.4132170306618261,0.1746906868541374,0.027468083910448304,0.33662986866352423,0.3992836717033928,449.97684387034224,6.276344860689362,119.72497218615177,68.58558697417274,144.8402053957612,57.217259651378164,149.67226471890675
4.083985809093743,3.9215249544953634,0.21843778568123667,0.04233643564131222,0.7110304951912051,0.4480116180759421,0.959369388084155,61.49737866475787,3.7753230723789706,28.129313413301414,97.1810904949918,91.60608551471157,57.90696805772799,15.67850702529271
4.242484350541314,3.9215249544953634,0.21843778568123667,0.04233643564131222,0.6599848372698764,0.4480116180759421,0.007962092313654773,61.49737866475787,3.7753230723789706,28.129313413301414,97.1810904949918,91.60608551471157,57.90696805772799,67.15056955503321
4.242484350541314,3.9215249544953634,0.21843778568123667,0.04233643564131222,0.6599848372698764,0.4480116180759421,0.007962092313654773,61.49737866475787,3.7753230723789706,28.129313413301414,97.1810904949918,91.60608551471157,57.90696805772799,67.15056955503321
11.381293155731697,94.19639816180661,0.06774963389981814,0.11290821509865566,0.3737084247864077,0.8217542955188586,0.70486227260037,1158.583221029205,7.331364204062041,6.795272182945464,93.78720088388022,131.48910186578445,187.88743842380646,137.5423167949275
6.459687300213903,6.042537435627908,0.03769801672276764,0.024346447987005013,0.7441539792476268,0.8600244268834749,0.06389153985339943,657.0265902019398,4.437080721820524,91.26342443387607,141.5997979125508,98.91448562477859,42.92153719653102,4.3668091060916465
10.21101550028362,2.1066828425816055,3.6205598658256597,0.2107756957433357,0.7196643767264393,0.6935996339765453,0.9946460462804578,1798.0742046130879,4.826551229251188,97.28978355511285,51.50350357000343,5.533726302172889,45.42571379444838,110.53586112190492
10.47539000270156,1.995632676130036,1.3389889859540598,0.22345059182574334,0.665404116070178,0.5928278165046408,0.4457637986981574,809.272046548652,1.1900625003764638,110.3885401654856,67.15319144069807,11.849052571854566,121.00375217378462,18.49723173413833
9.44721419829755,45.06011709764312,0.03553698205248496,0.10903776209298383,0.34989058376030835,0.3910840363238873,0.7464777839638699,1070.0251457154984,2.982568716285826,122.10222348072725,189.23267078165085,88.19754999951289,99.75926096175108,59.102247533492566
4.242484350541314,3.9215249544953634,0.21843778568123667,0.04233643564131222,0.6599848372698764,0.4480116180759421,0.007962092313654773,61.49737866475787,3.7753230723789706,28.129313413301414,97.1810904949918,91.60608551471157,57.90696805772799,67.15056955503321
9.555682112181469,1.6873929604450764,3.8842834928686742,0.308255615077848,0.6286411424751901,0.5178925966491417,0.255504493098234,471.3069838927917,2.9741263990092173,8.393696355080483,40.30457291914031,158.4734671854701,158.36876200861585,89.1794690563152
4.083985809093743,3.9215249544953634,0.21843778568123667,0.04233643564131222,0.7110304951912051,0.4480116180759421,0.959369388084155,61.49737866475787,3.7753230723789706,28.129313413301414,97.1810904949918,91.60608551471157,57.90696805772799,15.67850702529271
8.314991436863522,0.9236195505891056,0.28002781280531797,0.1670158852075141,0.99439098846585,0.04805077264887342,0.07589314073897557,1637.5948531786864,3.062919198904038,182.48089184608907,128.4824467164325,181.4865015857203,19.21506748247949,179.3195955332141
4.242484350541314,3.9215249544953634,0.21843778568123667,0.04233643564131222,0.6599848372698764,0.4480116180759421,0.007962092313654773,61.49737866475787,3.7753230723789706,28.129313413301414,97.1810904949918,91.60608551471157,57.90696805772799,67.15056955503321
10.21101550028362,2.1066828425816055,3.6205598658256597,0.2107756957433357,0.7196643767264393,0.6935996339765453,0.9946460462804578,1798.0742046130879,4.826551229251188,97.28978355511285,51.50350357000343,5.533726302172889,45.42571379444838,110.53586112190492
10.985337294015466,6.334513289208708,0.6316375970258056,0.3208037810089807,0.7817073432420841,0.5951991181718536,0.6158787080448758,1040.4508420906816,8.212915911045984,38.69084578467072,84.64974468785898,80.20151910465825,76.14506021666239,62.32923145572183
4.242484350541314,3.9215249544953634,0.21843778568123667,0.04233643564131222,0.6599848372698764,0.4480116180759421,0.007962092313654773,61.49737866475787,3.7753230723789706,28.129313413301414,97.1810904949918,91.60608551471157,57.90696805772799,67.15056955503321
11.381293155731697,94.19639816180661,0.06774963389981814,0.11290821509865566,0.3737084247864077,0.8217542955188586,0.70486227260037,1158.583221029205,7.331364204062041,6.795272182945464,93.78720088388022,131.48910186578445,187.88743842380646,137.5423167949275
10.47539000270156,1.995632676130036,1.3389889859540598,0.22345059182574334,0.665404116070178,0.5928278165046408,0.4457637986981574,809.272046548652,1.1900625003764638,110.3885401654856,67.15319144069807,11.849052571854566,121.00375217378462,18.49723173413833
8.091302960939597,0.5298507113511225,0.9612630183979637,0.20764497360772854,0.3421372605444058,0.16758310966596038,0.76326469316026,1298.4883678230865,8.355170314726529,96.56137470240272,39.133470903991686,43.20732404862206,167.19018546360942,113.82519900414214
8.281215489841793,6.0484912099088834,0.4132170306618261,0.1746906868541374,0.027468083910448304,0.33662986866352423,0.3992836717033928,449.97684387034224,6.276344860689362,119.72497218615177,68.58558697417274,144.8402053957612,57.217259651378164,149.67226471890675
4.242484350541314,3.9215249544953634,0.21843778568123667,0.04233643564131222,0.6599848372698764,0.4480116180759421,0.007962092313654773,61.49737866475787,3.7753230723789706,28.129313413301414,97.1810904949918,91.60608551471157,57.90696805772799,67.15056955503321
4.242484350541314,3.9215249544953634,0.21843778568123667,0.04233643564131222,0.6599848372698764,0.4480116180759421,0.007962092313654773,61.49737866475787,3.7753230723789706,28.129313413301414,97.1810904949918,91.60608551471157,57.90696805772799,67.15056955503321
4.242484350541314,3.9215249544953634,0.21843778568123667,0.04233643564131222,0.6599848372698764,0.4480116180759421,0.007962092313654773,61.49737866475787,3.7753230723789706,28.129313413301414,97.1810904949918,91.60608551471157,57.90696805772799,67.15056955503321
6.459687300213903,6.042537435627908,0.03769801672276764,0.024346447987005013,0.7441539792476268,0.8600244268834749,0.06389153985339943,657.0265902019398,4.437080721820524,91.26342443387607,141.5997979125508,98.91448562477859,42.92153719653102,4.3668091060916465
10.21101550028362,2.1066828425816055,3.6205598658256597,0.2107756957433357,0.7196643767264393,0.6935996339765453,0.9946460462804578,1798.0742046130879,4.826551229251188,97.28978355511285,51.50350357000343,5.533726302172889,45.42571379444838,110.53586112190492
9.44721419829755,45.06011709764312,0.03553698205248496,0.10903776209298383,0.34989058376030835,0.3910840363238873,0.7464777839638699,1070.0251457154984,2.982568716285826,122.10222348072725,189.23267078165085,88.19754999951289,99.75926096175108,59.102247533492566
8.314991436863522,0.9236195505891056,0.28002781280531797,0.1670158852075141,0.99439098846585,0.04805077264887342,0.07589314073897557,1637.5948531786864,3.062919198904038,182.48089184608907,128.4824467164325,181.4865015857203,19.21506748247949,179.3195955332141
8.091302960939597,0.5298507113511225,0.9612630183979637,0.20764497360772854,0.3421372605444058,0.16758310966596038,0.76326469316026,1298.4883678230865,8.355170314726529,96.56137470240272,39.133470903991686,43.20732404862206,167.19018546360942,113.82519900414214
4.242484350541314,3.9215249544953634,0.21843778568123667,0.04233643564131222,0.6599848372698764,0.4480116180759421,0.007962092313654773,61.49737866475787,3.7753230723789706,28.129313413301414,97.1810904949918,91.60608551471157,57.90696805772799,67.15056955503321
4.242484350541314,3.9215249544953634,0.21843778568123667,0.04233643564131222,0.6599848372698764,0.4480116180759421,0.007962092313654773,61.49737866475787,3.7753230723789706,28.129313413301414,97.1810904949918,91.60608551471157,57.90696805772799,67.15056955503321
4.083985809093743,3.9215249544953634,0.21843778568123667,0.04233643564131222,0.7110304951912051,0.4480116180759421,0.959369388084155,61.49737866475787,3.7753230723789706,28.129313413301414,97.1810904949918,91.60608551471157,57.90696805772799,15.67850702529271
4.242484350541314,3.9215249544953634,0.21843778568123667,0.04233643564131222,0.6599848372698764,0.4480116180759421,0.007962092313654773,61.49737866475787,3.7753230723789706,28.129313413301414,97.1810904949918,91.60608551471157,57.90696805772799,67.15056955503321
9.555682112181469,1.6873929604450764,3.8842834928686742,0.308255615077848,0.6286411424751901,0.5178925966491417,0.255504493098234,471.3069838927917,2.9741263990092173,8.393696355080483,40.30457291914031,158.4734671854701,158.36876200861585,89.1794690563152
4.242484350541314,3.9215249544953634,0.21843778568123667,0.04233643564131222,0.6599848372698764,0.4480116180759421,0.007962092313654773,61.49737866475787,3.7753230723789706,28.129313413301414,97.1810904949918,91.60608551471157,57.90696805772799,67.15056955503321
6.459687300213903,6.042537435627908,0.03769801672276764,0.024346447987005013,0.7441539792476268,0.8600244268834749,0.06389153985339943,657.0265902019398,4.437080721820524,91.26342443387607,141.5997979125508,98.91448562477859,42.92153719653102,4.3668091060916465
10.985337294015466,6.334513289208708,0.6316375970258056,0.3208037810089807,0.7817073432420841,0.5951991181718536,0.6158787080448758,1040.4508420906816,8.212915911045984,38.69084578467072,84.64974468785898,80.20151910465825,76.14506021666239,62.32923145572183
10.21101550028362,2.1066828425816055,3.6205598658256597,0.2107756957433357,0.7196643767264393,0.6935996339765453,0.9946460462804578,1798.0742046130879,4.826551229251188,97.28978355511285,51.50350357000343,5.533726302172889,45.42571379444838,110.53586112190492
4.242484350541314,3.9215249544953634,0.21843778568123667,0.04233643564131222,0.6599848372698764,0.4480116180759421,0.007962092313654773,61.49737866475787,3.7753230723789706,28.129313413301414,97.1810904949918,91.60608551471157,57.90696805772799,67.15056955503321
9.44721419829755,45.06011709764312,0.03553698205248496,0.10903776209298383,0.34989058376030835,0.3910840363238873,0.7464777839638699,1070.0251457154984,2.982568716285826,122.10222348072725,189.23267078165085,88.19754999951289,99.75926096175108,59.102247533492566
10.47539000270156,1.995632676130036,1.3389889859540598,0.22345059182574334,0.665404116070178,0.5928278165046408,0.4457637986981574,809.272046548652,1.1900625003764638,110.3885401654856,67.15319144069807,11.849052571854566,121.00375217378462,18.49723173413833
8.281215489841793,6.0484912099088834,0.4132170306618261,0.1746906868541374,0.027468083910448304,0.33662986866352423,0.3992836717033928,449.97684387034224,6.276344860689362,119.72497218615177,68.58558697417274,144.8402053957612,57.217259651378164,149.67226471890675
11.381293155731697,94.19639816180661,0.06774963389981814,0.11290821509865566,0.3737084247864077,0.8217542955188586,0.70486227260037,1158.583221029205,7.331364204062041,6.795272182945464,93.78720088388022,131.48910186578445,187.88743842380646,137.5423167949275
4.242484350541314,3.9215249544953634,0.21843778568123667,0.04233643564131222,0.6599848372698764,0.4480116180759421,0.007962092313654773,61.49737866475787,3.7753230723789706,28.129313413301414,97.1810904949918,91.60608551471157,57.90696805772799,67.15056955503321
4.242484350541314,3.9215249544953634,0.21843778568123667,0.04233643564131222,0.6599848372698764,0.4480116180759421,0.007962092313654773,61.49737866475787,3.7753230723789706,28.129313413301414,97.1810904949918,91.60608551471157,57.90696805772799,67.15056955503321
4.242484350541314,3.9215249544953634,0.21843778568123667,0.04233643564131222,0.6599848372698764,0.4480116180759421,0.007962092313654773,61.49737866475787,3.7753230723789706,28.129313413301414,97.1810904949918,91.60608551471157,57.90696805772799,67.15056955503321
4.083985809093743,3.9215249544953634,0.21843778568123667,0.04233643564131222,0.7110304951912051,0.4480116180759421,0.959369388084155,61.49737866475787,3.7753230723789706,28.129313413301414,97.1810904949918,91.60608551471157,57.90696805772799,15.67850702529271
8.281215489841793,6.0484912099088834,0.4132170306618261,0.1746906868541374,0.027468083910448304,0.33662986866352423,0.3992836717033928,449.97684387034224,6.276344860689362,119.72497218615177,68.58558697417274,144.8402053957612,57.217259651378164,149.67226471890675
8.314991436863522,0.9236195505891056,0.28002781280531797,0.1670158852075141,0.99439098846585,0.04805077264887342,0.07589314073897557,1637.5948531786864,3.062919198904038,182.48089184608907,128.4824467164325,181.4865015857203,19.21506748247949,179.3195955332141
4.083985809093743,3.9215249544953634,0.21843778568123667,0.04233643564131222,0.7110304951912051,0.4480116180759421,0.959369388084155,61.49737866475787,3.7753230723789706,28.129313413301414,97.1810904949918,91.60608551471157,57.90696805772799,15.67850702529271
6.459687300213903,6.042537435627908,0.03769801672276764,0.024346447987005013,0.7441539792476268,0.8600244268834749,0.06389153985339943,657.0265902019398,4.437080721820524,91.26342443387607,141.5997979125508,98.91448562477859,42.92153719653102,4.3668091060916465
4.242484350541314,3.9215249544953634,0.21843778568123667,0.04233643564131222,0.6599848372698764,0.4480116180759421,0.007962092313654773,61.49737866475787,3.7753230723789706,28.129313413301414,97.1810904949918,91.60608551471157,57.90696805772799,67.15056955503321
10.21101550028362,2.1066828425816055,3.6205598658256597,0.2107756957433357,0.7196643767264393,0.6935996339765453,0.9946460462804578,1798.0742046130879,4.826551229251188,97.28978355511285,51.50350357000343,5.533726302172889,45.42571379444838,110.53586112190492
4.242484350541314,3.9215249544953634,0.21843778568123667,0.04233643564131222,0.6599848372698764,0.4480116180759421,0.007962092313654773,61.49737866475787,3.7753230723789706,28.129313413301414,97.1810904949918,91.60608551471157,57.90696805772799,67.15056955503321
10.985337294015466,6.334513289208708,0.6316375970258056,0.3208037810089807,0.7817073432420841,0.5951991181718536,0.6158787080448758,1040.4508420906816,8.212915911045984,38.69084578467072,84.64974468785898,80.20151910465825,76.14506021666239,62.32923145572183
8.091302960939597,0.5298507113511225,0.9612630183979637,0.20764497360772854,0.3421372605444058,0.16758310966596038,0.76326469316026,1298.4883678230865,8.355170314726529,96.56137470240272,39.133470903991686,43.20732404862206,167.19018546360942,113.82519900414214
4.242484350541314,3.9215249544953634,0.21843778568123667,0.04233643564131222,0.6599848372698764,0.4480116180759421,0.007962092313654773,61.49737866475787,3.7753230723789706,28.129313413301414,97.1810904949918,91.60608551471157,57.90696805772799,67.15056955503321
9.555682112181469,1.6873929604450764,3.8842834928686742,0.308255615077848,0.6286411424751901,0.5178925966491417,0.255504493098234,471.3069838927917,2.9741263990092173,8.393696355080483,40.30457291914031,158.4734671854701,158.36876200861585,89.1794690563152
10.47539000270156,1.995632676130036,1.3389889859540598,0.22345059182574334,0.665404116070178,0.5928278165046408,0.4457637986981574,809.272046548652,1.1900625003764638,110.3885401654856,67.15319144069807,11.849052571854566,121.00375217378462,18.49723173413833
9.44721419829755,45.06011709764312,0.03553698205248496,0.10903776209298383,0.34989058376030835,0.3910840363238873,0.7464777839638699,1070.0251457154984,2.982568716285826,122.10222348072725,189.23267078165085,88.19754999951289,99.75926096175108,59.102247533492566
8.281215489841793,6.0484912099088834,0.4132170306618261,0.1746906868541374,0.027468083910448304,0.33662986866352423,0.3992836717033928,449.97684387034224,6.276344860689362,119.72497218615177,68.58558697417274,144.8402053957612,57.217259651378164,149.67226471890675
4.242484350541314,3.9215249544953634,0.21843778568123667,0.04233643564131222,0.6599848372698764,0.4480116180759421,0.007962092313654773,61.49737866475787,3.7753230723789706,28.129313413301414,97.1810904949918,91.60608551471157,57.90696805772799,67.15056955503321
4.242484350541314,3.9215249544953634,0.21843778568123667,0.04233643564131222,0.6599848372698764,0.4480116180759421,0.007962092313654773,61.49737866475787,3.7753230723789706,28.129313413301414,97.1810904949918,91.60608551471157,57.90696805772799,67.15056955503321
11.381293155731697,94.19639816180661,0.06774963389981814,0.11290821509865566,0.3737084247864077,0.8217542955188586,0.70486227260037,1158.583221029205,7.331364204062041,6.795272182945464,93.78720088388022,131.48910186578445,187.88743842380646,137.5423167949275
6.459687300213903,6.042537435627908,0.03769801672276764,0.024346447987005013,0.7441539792476268,0.8600244268834749,0.06389153985339943,657.0265902019398,4.437080721820524,91.26342443387607,141.5997979125508,98.91448562477859,42.92153719653102,4.3668091060916465
10.21101550028362,2.1066828425816055,3.6205598658256597,0.2107756957433357,0.7196643767264393,0.6935996339765453,0.9946460462804578,1798.0742046130879,4.826551229251188,97.28978355511285,51.50350357000343,5.533726302172889,45.42571379444838,110.53586112190492
10.985337294015466,6.334513289208708,0.6316375970258056,0.3208037810089807,0.7817073432420841,0.5951991181718536,0.6158787080448758,1040.4508420906816,8.212915911045984,38.69084578467072,84.64974468785898,80.20151910465825,76.14506021666239,62.32923145572183
7.945303103018768,0.09009130607299308,0.2862253514646998,0.06450888786297027,0.7783950630251888,0.6061281376769293,0.15888961545163335,917.1609498966176,0.8926834507471125,2.418138469542546,86.9962225475777,65.19453625258916,37.665562861720005,18.49723173413833
8.091302960939597,0.5298507113511225,0.9612630183979637,0.20764497360772854,0.3421372605444058,0.16758310966596038,0.76326469316026,1298.4883678230865,8.355170314726529,96.56137470240272,39.133470903991686,43.20732404862206,167.19018546360942,113.82519900414214
8.281215489841793,6.0484912099088834,0.4132170306618261,0.1746906868541374,0.027468083910448304,0.33662986866352423,0.3992836717033928,449.97684387034224,6.276344860689362,119.72497218615177,68.58558697417274,144.8402053957612,57.217259651378164,149.67226471890675
8.314991436863522,0.9236195505891056,0.28002781280531797,0.1670158852075141,0.99439098846585,0.04805077264887342,0.07589314073897557,1637.5948531786864,3.062919198904038,182.48089184608907,128.4824467164325,181.4865015857203,19.21506748247949,179.3195955332141
6.459687300213903,6.042537435627908,0.03769801672276764,0.024346447987005013,0.7441539792476268,0.8600244268834749,0.06389153985339943,657.0265902019398,4.437080721820524,91.26342443387607,141.5997979125508,98.91448562477859,42.92153719653102,4.3668091060916465
4.083985809093743,3.9215249544953634,0.21843778568123667,0.04233643564131222,0.7110304951912051,0.4480116180759421,0.959369388084155,61.49737866475787,3.7753230723789706,28.129313413301414,97.1810904949918,91.60608551471157,57.90696805772799,15.67850702529271
4.242484350541314,3.9215249544953634,0.21843778568123667,0.04233643564131222,0.6599848372698764,0.4480116180759421,0.007962092313654773,61.49737866475787,3.7753230723789706,28.129313413301414,97.1810904949918,91.60608551471157,57.90696805772799,67.15056955503321
4.242484350541314,3.9215249544953634,0.21843778568123667,0.04233643564131222,0.6599848372698764,0.4480116180759421,0.007962092313654773,61.49737866475787,3.7753230723789706,28.129313413301414,97.1810904949918,91.60608551471157,57.90696805772799,67.15056955503321
10.21101550028362,2.1066828425816055,3.6205598658256597,0.2107756957433357,0.7196643767264393,0.6935996339765453,0.9946460462804578,1798.0742046130879,4.826551229251188,97.28978355511285,51.50350357000343,5.533726302172889,45.42571379444838,110.53586112190492
9.743013142073028,6.17811131249119,0.46605716413911197,0.2431315809640786,0.9784782865356667,0.754743895523394,0.4052446120662291,346.83935784609906,2.9010156869804815,21.15776197479664,109.01546974527011,49.40924179364183,152.22568050561463,52.76790511885834
7.945303103018768,0.09009130607299308,0.2862253514646998,0.06450888786297027,0.7783950630251888,0.6061281376769293,0.15888961545163335,917.1609498966176,0.8926834507471125,2.418138469542546,86.9962225475777,65.19453625258916,37.665562861720005,18.49723173413833
9.44721419829755,45.06011709764312,0.03553698205248496,0.10903776209298383,0.34989058376030835,0.3910840363238873,0.7464777839638699,1070.0251457154984,2.982568716285826,122.10222348072725,189.23267078165085,88.19754999951289,99.75926096175108,59.102247533492566
9.555682112181469,1.6873929604450764,3.8842834928686742,0.308255615077848,0.6286411424751901,0.5178925966491417,0.255504493098234,471.3069838927917,2.9741263990092173,8.393696355080483,40.30457291914031,158.4734671854701,158.36876200861585,89.1794690563152
4.242484350541314,3.9215249544953634,0.21843778568123667,0.04233643564131222,0.6599848372698764,0.4480116180759421,0.007962092313654773,61.49737866475787,3.7753230723789706,28.129313413301414,97.1810904949918,91.60608551471157,57.90696805772799,67.15056955503321
4.242484350541314,3.9215249544953634,0.21843778568123667,0.04233643564131222,0.6599848372698764,0.4480116180759421,0.007962092313654773,61.49737866475787,3.7753230723789706,28.129313413301414,97.1810904949918,91.60608551471157,57.90696805772799,67.15056955503321
4.242484350541314,3.9215249544953634,0.21843778568123667,0.04233643564131222,0.6599848372698764,0.4480116180759421,0.007962092313654773,61.49737866475787,3.7753230723789706,28.129313413301414,97.1810904949918,91.60608551471157,57.90696805772799,67.15056955503321
4.242484350541314,3.9215249544953634,0.21843778568123667,0.04233643564131222,0.6599848372698764,0.4480116180759421,0.007962092313654773,61.49737866475787,3.7753230723789706,28.129313413301414,97.1810904949918,91.60608551471157,57.90696805772799,67.15056955503321
11.381293155731697,94.19639816180661,0.06774963389981814,0.11290821509865566,0.3737084247864077,0.8217542955188586,0.70486227260037,1158.583221029205,7.331364204062041,6.795272182945464,93.78720088388022,131.48910186578445,187.88743842380646,137.5423167949275
10.21101550028362,2.1066828425816055,3.6205598658256597,0.2107756957433357,0.7196643767264393,0.6935996339765453,0.9946460462804578,1798.0742046130879,4.826551229251188,97.28978355511285,51.50350357000343,5.533726302172889,45.42571379444838,110.53586112190492
8.281215489841793,6.0484912099088834,0.4132170306618261,0.1746906868541374,0.027468083910448304,0.33662986866352423,0.3992836717033928,449.97684387034224,6.276344860689362,119.72497218615177,68.58558697417274,144.8402053957612,57.217259651378164,149.67226471890675
9.44721419829755,45.06011709764312,0.03553698205248496,0.10903776209298383,0.34989058376030835,0.3910840363238873,0.7464777839638699,1070.0251457154984,2.982568716285826,122.10222348072725,189.23267078165085,88.19754999951289,99.75926096175108,59.102247533492566
8.314991436863522,0.9236195505891056,0.28002781280531797,0.1670158852075141,0.99439098846585,0.04805077264887342,0.07589314073897557,1637.5948531786864,3.062919198904038,182.48089184608907,128.4824467164325,181.4865015857203,19.21506748247949,179.3195955332141
9.555682112181469,1.6873929604450764,3.8842834928686742,0.308255615077848,0.6286411424751901,0.5178925966491417,0.255504493098234,471.3069838927917,2.9741263990092173,8.393696355080483,40.30457291914031,158.4734671854701,158.36876200861585,89.1794690563152
4.242484350541314,3.9215249544953634,0.21843778568123667,0.04233643564131222,0.6599848372698764,0.4480116180759421,0.007962092313654773,61.49737866475787,3.7753230723789706,28.129313413301414,97.1810904949918,91.60608551471157,57.90696805772799,67.15056955503321
8.091302960939597,0.5298507113511225,0.9612630183979637,0.20764497360772854,0.3421372605444058,0.16758310966596038,0.76326469316026,1298.4883678230865,8.355170314726529,96.56137470240272,39.133470903991686,43.20732404862206,167.19018546360942,113.82519900414214
4.242484350541314,3.9215249544953634,0.21843778568123667,0.04233643564131222,0.6599848372698764,0.4480116180759421,0.007962092313654773,61.49737866475787,3.7753230723789706,28.129313413301414,97.1810904949918,91.60608551471157,57.90696805772799,67.15056955503321
4.242484350541314,3.9215249544953634,0.21843778568123667,0.04233643564131222,0.6599848372698764,0.4480116180759421,0.007962092313654773,61.49737866475787,3.7753230723789706,28.129313413301414,97.1810904949918,91.60608551471157,57.90696805772799,67.15056955503321
4.083985809093743,3.9215249544953634,0.21843778568123667,0.04233643564131222,0.7110304951912051,0.4480116180759421,0.959369388084155,61.49737866475787,3.7753230723789706,28.129313413301414,97.1810904949918,91.60608551471157,57.90696805772799,15.67850702529271
4.242484350541314,3.9215249544953634,0.21843778568123667,0.04233643564131222,0.6599848372698764,0.4480116180759421,0.007962092313654773,61.49737866475787,3.7753230723789706,28.129313413301414,97.1810904949918,91.60608551471157,57.90696805772799,67.15056955503321
9.743013142073028,6.17811131249119,0.46605716413911197,0.2431315809640786,0.9784782865356667,0.754743895523394,0.4052446120662291,346.83935784609906,2.9010156869804815,21.15776197479664,109.01546974527011,49.40924179364183,152.22568050561463,52.76790511885834
8.281215489841793,6.0484912099088834,0.4132170306618261,0.1746906868541374,0.027468083910448304,0.33662986866352423,0.3992836717033928,449.97684387034224,6.276344860689362,119.72497218615177,68.58558697417274,144.8402053957612,57.217259651378164,149.67226471890675
8.314991436863522,0.9236195505891056,0.28002781280531797,0.1670158852075141,0.99439098846585,0.04805077264887342,0.07589314073897557,1637.5948531786864,3.062919198904038,182.48089184608907,128.4824467164325,181.4865015857203,19.21506748247949,179.3195955332141
8.10506849760032,0.5269274513671931,1.1766326658092074,0.04861621814742609,0.07085743989545612,0.38618352794788846,0.8218065087676436,1425.1120995755755,4.06670991933886,13.245890428587767,181.05886546213867,83.38557738692892,161.2224846749304,95.0445216986174
7.945303103018768,0.09009130607299308,0.2862253514646998,0.06450888786297027,0.7783950630251888,0.6061281376769293,0.15888961545163335,917.1609498966176,0.8926834507471125,2.418138469542546,86.9962225475777,65.19453625258916,37.665562861720005,18.49723173413833
4.242484350541314,3.9215249544953634,0.21843778568123667,0.04233643564131222,0.6599848372698764,0.4480116180759421,0.007962092313654773,61.49737866475787,3.7753230723789706,28.129313413301414,97.1810904949918,91.60608551471157,57.90696805772799,67.15056955503321
4.242484350541314,3.9215249544953634,0.21843778568123667,0.04233643564131222,0.6599848372698764,0.4480116180759421,0.007962092313654773,61.49737866475787,3.7753230723789706,28.129313413301414,97.1810904949918,91.60608551471157,57.90696805772799,67.15056955503321
4.242484350541314,3.9215249544953634,0.21843778568123667,0.04233643564131222,0.6599848372698764,0.4480116180759421,0.007962092313654773,61.49737866475787,3.7753230723789706,28.129313413301414,97.1810904949918,91.60608551471157,57.90696805772799,67.15056955503321
4.242484350541314,3.9215249544953634,0.21843778568123667,0.04233643564131222,0.6599848372698764,0.4480116180759421,0.007962092313654773,61.49737866475787,3.7753230723789706,28.129313413301414,97.1810904949918,91.60608551471157,57.90696805772799,67.15056955503321
10.21101550028362,2.1066828425816055,3.6205598658256597,0.2107756957433357,0.7196643767264393,0.6935996339765453,0.9946460462804578,1798.0742046130879,4.826551229251188,97.28978355511285,51.50350357000343,5.533726302172889,45.42571379444838,110.53586112190492
8.314991436863522,0.9236195505891056,0.28002781280531797,0.1670158852075141,0.99439098846585,0.04805077264887342,0.07589314073897557,1637.5948531786864,3.062919198904038,182.48089184608907,128.4824467164325,181.4865015857203,19.21506748247949,179.3195955332141
11.381293155731697,94.19639816180661,0.06774963389981814,0.11290821509865566,0.3737084247864077,0.8217542955188586,0.70486227260037,1158.583221029205,7.331364204062041,6.795272182945464,93.78720088388022,131.48910186578445,187.88743842380646,137.5423167949275
4.242484350541314,3.9215249544953634,0.21843778568123667,0.04233643564131222,0.6599848372698764,0.4480116180759421,0.007962092313654773,61.49737866475787,3.7753230723789706,28.129313413301414,97.1810904949918,91.60608551471157,57.90696805772799,67.15056955503321
9.555682112181469,1.6873929604450764,3.8842834928686742,0.308255615077848,0.6286411424751901,0.5178925966491417,0.255504493098234,471.3069838927917,2.9741263990092173,8.393696355080483,40.30457291914031,158.4734671854701,158.36876200861585,89.1794690563152
8.281215489841793,6.0484912099088834,0.4132170306618261,0.1746906868541374,0.027468083910448304,0.33662986866352423,0.3992836717033928,449.97684387034224,6.276344860689362,119.72497218615177,68.58558697417274,144.8402053957612,57.217259651378164,149.67226471890675
4.242484350541314,3.9215249544953634,0.21843778568123667,0.04233643564131222,0.6599848372698764,0.4480116180759421,0.007962092313654773,61.49737866475787,3.7753230723789706,28.129313413301414,97.1810904949918,91.60608551471157,57.90696805772799,67.15056955503321
4.083985809093743,3.9215249544953634,0.21843778568123667,0.04233643564131222,0.7110304951912051,0.4480116180759421,0.959369388084155,61.49737866475787,3.7753230723789706,28.129313413301414,97.1810904949918,91.60608551471157,57.90696805772799,15.67850702529271
9.743013142073028,6.17811131249119,0.46605716413911197,0.2431315809640786,0.9784782865356667,0.754743895523394,0.4052446120662291,346.83935784609906,2.9010156869804815,21.15776197479664,109.01546974527011,49.40924179364183,152.22568050561463,52.76790511885834
8.091302960939597,0.5298507113511225,0.9612630183979637,0.20764497360772854,0.3421372605444058,0.16758310966596038,0.76326469316026,1298.4883678230865,8.355170314726529,96.56137470240272,39.133470903991686,43.20732404862206,167.19018546360942,113.82519900414214
7.945303103018768,0.09009130607299308,0.2862253514646998,0.06450888786297027,0.7783950630251888,0.6061281376769293,0.15888961545163335,917.1609498966176,0.8926834507471125,2.418138469542546,86.9962225475777,65.19453625258916,37.665562861720005,18.49723173413833
4.242484350541314,3.9215249544953634,0.21843778568123667,0.04233643564131222,0.6599848372698764,0.4480116180759421,0.007962092313654773,61.49737866475787,3.7753230723789706,28.129313413301414,97.1810904949918,91.60608551471157,57.90696805772799,67.15056955503321
8.10506849760032,0.5269274513671931,1.1766326658092074,0.04861621814742609,0.07085743989545612,0.38618352794788846,0.8218065087676436,1425.1120995755755,4.06670991933886,13.245890428587767,181.05886546213867,83.38557738692892,161.2224846749304,95.0445216986174
10.673430194811258,97.62818142619152,0.06774963389981814,0.09958533175300979,0.7830118501300276,0.47004511937223603,0.7590670196707688,1318.842463544689,6.079603462170904,0.8937268661618866,1.7813222159927022,167.11962172748375,106.26892660020792,183.77636012569968
4.242484350541314,3.9215249544953634,0.21843778568123667,0.04233643564131222,0.6599848372698764,0.4480116180759421,0.007962092313654773,61.49737866475787,3.7753230723789706,28.129313413301414,97.1810904949918,91.60608551471157,57.90696805772799,67.15056955503321
8.281215489841793,6.0484912099088834,0.4132170306618261,0.1746906868541374,0.027468083910448304,0.33662986866352423,0.3992836717033928,449.97684387034224,6.276344860689362,119.72497218615177,68.58558697417274,144.8402053957612,57.217259651378164,149.67226471890675
4.242484350541314,3.9215249544953634,0.21843778568123667,0.04233643564131222,0.6599848372698764,0.4480116180759421,0.007962092313654773,61.49737866475787,3.7753230723789706,28.129313413301414,97.1810904949918,91.60608551471157,57.90696805772799,67.15056955503321
4.242484350541314,3.9215249544953634,0.21843778568123667,0.04233643564131222,0.6599848372698764,0.4480116180759421,0.007962092313654773,61.49737866475787,3.7753230723789706,28.129313413301414,97.1810904949918,91.60608551471157,57.90696805772799,67.15056955503321
10.21101550028362,2.1066828425816055,3.6205598658256597,0.2107756957433357,0.7196643767264393,0.6935996339765453,0.9946460462804578,1798.0742046130879,4.826551229251188,97.28978355511285,51.50350357000343,5.533726302172889,45.42571379444838,110.53586112190492
4.242484350541314,3.9215249544953634,0.21843778568123667,0.04233643564131222,0.6599848372698764,0.4480116180759421,0.007962092313654773,61.49737866475787,3.7753230723789706,28.129313413301414,97.1810904949918,91.60608551471157,57.90696805772799,67.15056955503321
4.242484350541314,3.9215249544953634,0.21843778568123667,0.04233643564131222,0.6599848372698764,0.4480116180759421,0.007962092313654773,61.49737866475787,3.7753230723789706,28.129313413301414,97.1810904949918,91.60608551471157,57.90696805772799,67.15056955503321
4.242484350541314,3.9215249544953634,0.21843778568123667,0.04233643564131222,0.6599848372698764,0.4480116180759421,0.007962092313654773,61.49737866475787,3.7753230723789706,28.129313413301414,97.1810904949918,91.60608551471157,57.90696805772799,67.15056955503321
8.10506849760032,0.5269274513671931,1.1766326658092074,0.04861621814742609,0.07085743989545612,0.38618352794788846,0.8218065087676436,1425.1120995755755,4.06670991933886,13.245890428587767,181.05886546213867,83.38557738692892,161.2224846749304,95.0445216986174
4.242484350541314,3.9215249544953634,0.21843778568123667,0.04233643564131222,0.6599848372698764,0.4480116180759421,0.007962092313654773,61.49737866475787,3.7753230723789706,28.129313413301414,97.1810904949918,91.60608551471157,57.90696805772799,67.15056955503321
4.242484350541314,3.9215249544953634,0.21843778568123667,0.04233643564131222,0.6599848372698764,0.4480116180759421,0.007962092313654773,61.49737866475787,3.7753230723789706,28.129313413301414,97.1810904949918,91.60608551471157,57.90696805772799,67.15056955503321
4.242484350541314,3.9215249544953634,0.21843778568123667,0.04233643564131222,0.6599848372698764,0.4480116180759421,0.007962092313654773,61.49737866475787,3.7753230723789706,28.129313413301414,97.1810904949918,91.60608551471157,57.90696805772799,67.15056955503321
4.083985809093743,3.9215249544953634,0.21843778568123667,0.04233643564131222,0.7110304951912051,0.4480116180759421,0.959369388084155,61.49737866475787,3.7753230723789706,28.129313413301414,97.1810904949918,91.60608551471157,57.90696805772799,15.67850702529271
9.555682112181469,1.6873929604450764,3.8842834928686742,0.308255615077848,0.6286411424751901,0.5178925966491417,0.255504493098234,471.3069838927917,2.9741263990092173,8.393696355080483,40.30457291914031,158.4734671854701,158.36876200861585,89.1794690563152
9.743013142073028,6.17811131249119,0.46605716413911197,0.2431315809640786,0.9784782865356667,0.754743895523394,0.4052446120662291,346.83935784609906,2.9010156869804815,21.15776197479664,109.01546974527011,49.40924179364183,152.22568050561463,52.76790511885834
4.242484350541314,3.9215249544953634,0.21843778568123667,0.04233643564131222,0.6599848372698764,0.4480116180759421,0.007962092313654773,61.49737866475787,3.7753230723789706,28.129313413301414,97.1810904949918,91.60608551471157,57.90696805772799,67.15056955503321
7.945303103018768,0.09009130607299308,0.2862253514646998,0.06450888786297027,0.7783950630251888,0.6061281376769293,0.15888961545163335,917.1609498966176,0.8926834507471125,2.418138469542546,86.9962225475777,65.19453625258916,37.665562861720005,18.49723173413833
4.242484350541314,3.9215249544953634,0.21843778568123667,0.04233643564131222,0.6599848372698764,0.4480116180759421,0.007962092313654773,61.49737866475787,3.7753230723789706,28.129313413301414,97.1810904949918,91.60608551471157,57.90696805772799,67.15056955503321
4.242484350541314,3.9215249544953634,0.21843778568123667,0.04233643564131222,0.6599848372698764,0.4480116180759421,0.007962092313654773,61.49737866475787,3.7753230723789706,28.129313413301414,97.1810904949918,91.60608551471157,57.90696805772799,67.15056955503321
8.091302960939597,0.5298507113511225,0.9612630183979637,0.20764497360772854,0.3421372605444058,0.16758310966596038,0.76326469316026,1298.4883678230865,8.355170314726529,96.56137470240272,39.133470903991686,43.20732404862206,167.19018546360942,113.82519900414214
4.242484350541314,3.9215249544953634,0.21843778568123667,0.04233643564131222,0.6599848372698764,0.4480116180759421,0.007962092313654773,61.49737866475787,3.7753230723789706,28.129313413301414,97.1810904949918,91.60608551471157,57.90696805772799,67.15056955503321
8.281215489841793,6.0484912099088834,0.4132170306618261,0.1746906868541374,0.027468083910448304,0.33662986866352423,0.3992836717033928,449.97684387034224,6.276344860689362,119.72497218615177,68.58558697417274,144.8402053957612,57.217259651378164,149.67226471890675
4.242484350541314,3.9215249544953634,0.21843778568123667,0.04233643564131222,0.6599848372698764,0.4480116180759421,0.007962092313654773,61.49737866475787,3.7753230723789706,28.129313413301414,97.1810904949918,91.60608551471157,57.90696805772799,67.15056955503321
4.242484350541314,3.9215249544953634,0.21843778568123667,0.04233643564131222,0.6599848372698764,0.4480116180759421,0.007962092313654773,61.49737866475787,3.7753230723789706,28.129313413301414,97.1810904949918,91.60608551471157,57.90696805772799,67.15056955503321
10.21101550028362,2.1066828425816055,3.6205598658256597,0.2107756957433357,0.7196643767264393,0.6935996339765453,0.9946460462804578,1798.0742046130879,4.826551229251188,97.28978355511285,51.50350357000343,5.533726302172889,45.42571379444838,110.53586112190492
4.242484350541314,3.9215249544953634,0.21843778568123667,0.04233643564131222,0.6599848372698764,0.4480116180759421,0.007962092313654773,61.49737866475787,3.7753230723789706,28.129313413301414,97.1810904949918,91.60608551471157,57.90696805772799,67.15056955503321
4.083985809093743,3.9215249544953634,0.21843778568123667,0.04233643564131222,0.7110304951912051,0.4480116180759421,0.959369388084155,61.49737866475787,3.7753230723789706,28.129313413301414,97.1810904949918,91.60608551471157,57.90696805772799,15.67850702529271
9.743013142073028,6.17811131249119,0.46605716413911197,0.2431315809640786,0.9784782865356667,0.754743895523394,0.4052446120662291,346.83935784609906,2.9010156869804815,21.15776197479664,109.01546974527011,49.40924179364183,152.22568050561463,52.76790511885834
8.10506849760032,0.5269274513671931,1.1766326658092074,0.04861621814742609,0.07085743989545612,0.38618352794788846,0.8218065087676436,1425.1120995755755,4.06670991933886,13.245890428587767,181.05886546213867,83.38557738692892,161.2224846749304,95.0445216986174
4.242484350541314,3.9215249544953634,0.21843778568123667,0.04233643564131222,0.6599848372698764,0.4480116180759421,0.007962092313654773,61.49737866475787,3.7753230723789706,28.129313413301414,97.1810904949918,91.60608551471157,57.90696805772799,67.15056955503321
4.242484350541314,3.9215249544953634,0.21843778568123667,0.04233643564131222,0.6599848372698764,0.4480116180759421,0.007962092313654773,61.49737866475787,3.7753230723789706,28.129313413301414,97.1810904949918,91.60608551471157,57.90696805772799,67.15056955503321
4.242484350541314,3.9215249544953634,0.21843778568123667,0.04233643564131222,0.6599848372698764,0.4480116180759421,0.007962092313654773,61.49737866475787,3.7753230723789706,28.129313413301414,97.1810904949918,91.60608551471157,57.90696805772799,67.15056955503321
4.242484350541314,3.9215249544953634,0.21843778568123667,0.04233643564131222,0.6599848372698764,0.4480116180759421,0.007962092313654773,61.49737866475787,3.7753230723789706,28.129313413301414,97.1810904949918,91.60608551471157,57.90696805772799,67.15056955503321
4.242484350541314,3.9215249544953634,0.21843778568123667,0.04233643564131222,0.6599848372698764,0.4480116180759421,0.007962092313654773,61.49737866475787,3.7753230723789706,28.129313413301414,97.1810904949918,91.60608551471157,57.90696805772799,67.15056955503321
4.242484350541314,3.9215249544953634,0.21843778568123667,0.04233643564131222,0.6599848372698764,0.4480116180759421,0.007962092313654773,61.49737866475787,3.7753230723789706,28.129313413301414,97.1810904949918,91.60608551471157,57.90696805772799,67.15056955503321
7.945303103018768,0.09009130607299308,0.2862253514646998,0.06450888786297027,0.7783950630251888,0.6061281376769293,0.15888961545163335,917.1609498966176,0.8926834507471125,2.418138469542546,86.9962225475777,65.19453625258916,37.665562861720005,18.49723173413833
9.555682112181469,1.6873929604450764,3.8842834928686742,0.308255615077848,0.6286411424751901,0.5178925966491417,0.255504493098234,471.3069838927917,2.9741263990092173,8.393696355080483,40.30457291914031,158.4734671854701,158.36876200861585,89.1794690563152
8.10506849760032,0.5269274513671931,1.1766326658092074,0.04861621814742609,0.07085743989545612,0.38618352794788846,0.8218065087676436,1425.1120995755755,4.06670991933886,13.245890428587767,181.05886546213867,83.38557738692892,161.2224846749304,95.0445216986174
8.091302960939597,0.5298507113511225,0.9612630183979637,0.20764497360772854,0.3421372605444058,0.16758310966596038,0.76326469316026,1298.4883678230865,8.355170314726529,96.56137470240272,39.133470903991686,43.20732404862206,167.19018546360942,113.82519900414214
8.281215489841793,6.0484912099088834,0.4132170306618261,0.1746906868541374,0.027468083910448304,0.33662986866352423,0.3992836717033928,449.97684387034224,6.276344860689362,119.72497218615177,68.58558697417274,144.8402053957612,57.217259651378164,149.67226471890675
4.242484350541314,3.9215249544953634,0.21843778568123667,0.04233643564131222,0.6599848372698764,0.4480116180759421,0.007962092313654773,61.49737866475787,3.7753230723789706,28.129313413301414,97.1810904949918,91.60608551471157,57.90696805772799,67.15056955503321
4.242484350541314,3.9215249544953634,0.21843778568123667,0.04233643564131222,0.6599848372698764,0.4480116180759421,0.007962092313654773,61.49737866475787,3.7753230723789706,28.129313413301414,97.1810904949918,91.60608551471157,57.90696805772799,67.15056955503321
10.21101550028362,2.1066828425816055,3.6205598658256597,0.2107756957433357,0.7196643767264393,0.6935996339765453,0.9946460462804578,1798.0742046130879,4.826551229251188,97.28978355511285,51.50350357000343,5.533726302172889,45.42571379444838,110.53586112190492
4.083985809093743,3.9215249544953634,0.21843778568123667,0.04233643564131222,0.7110304951912051,0.4480116180759421,0.959369388084155,61.49737866475787,3.7753230723789706,28.129313413301414,97.1810904949918,91.60608551471157,57.90696805772799,15.67850702529271
9.641597410045186,1.129952963348052,4.994207136494021,0.044548097716112574,0.943976283679911,0.5300908865726557,0.7173534243667481,1427.546465184892,9.048439533396607,94.13154102621644,14.747939691326982,180.1990763155418,187.00342801625402,15.224159860108907
4.242484350541314,3.9215249544953634,0.21843778568123667,0.04233643564131222,0.6599848372698764,0.4480116180759421,0.007962092313654773,61.49737866475787,3.7753230723789706,28.129313413301414,97.1810904949918,91.60608551471157,57.90696805772799,67.15056955503321
7.945303103018768,0.09009130607299308,0.2862253514646998,0.06450888786297027,0.7783950630251888,0.6061281376769293,0.15888961545163335,917.1609498966176,0.8926834507471125,2.418138469542546,86.9962225475777,65.19453625258916,37.665562861720005,18.49723173413833
8.10506849760032,0.5269274513671931,1.1766326658092074,0.04861621814742609,0.07085743989545612,0.38618352794788846,0.8218065087676436,1425.1120995755755,4.06670991933886,13.245890428587767,181.05886546213867,83.38557738692892,161.2224846749304,95.0445216986174
8.281215489841793,6.0484912099088834,0.4132170306618261,0.1746906868541374,0.027468083910448304,0.33662986866352423,0.3992836717033928,449.97684387034224,6.276344860689362,119.72497218615177,68.58558697417274,144.8402053957612,57.217259651378164,149.67226471890675
4.242484350541314,3.9215249544953634,0.21843778568123667,0.04233643564131222,0.6599848372698764,0.4480116180759421,0.007962092313654773,61.49737866475787,3.7753230723789706,28.129313413301414,97.1810904949918,91.60608551471157,57.90696805772799,67.15056955503321
4.242484350541314,3.9215249544953634,0.21843778568123667,0.04233643564131222,0.6599848372698764,0.4480116180759421,0.007962092313654773,61.49737866475787,3.7753230723789706,28.129313413301414,97.1810904949918,91.60608551471157,57.90696805772799,67.15056955503321
4.242484350541314,3.9215249544953634,0.21843778568123667,0.04233643564131222,0.6599848372698764,0.4480116180759421,0.007962092313654773,61.49737866475787,3.7753230723789706,28.129313413301414,97.1810904949918,91.60608551471157,57.90696805772799,67.15056955503321
4.083985809093743,3.9215249544953634,0.21843778568123667,0.04233643564131222,0.7110304951912051,0.4480116180759421,0.959369388084155,61.49737866475787,3.7753230723789706,28.129313413301414,97.1810904949918,91.60608551471157,57.90696805772799,15.67850702529271
4.242484350541314,3.9215249544953634,0.21843778568123667,0.04233643564131222,0.6599848372698764,0.4480116180759421,0.007962092313654773,61.49737866475787,3.7753230723789706,28.129313413301414,97.1810904949918,91.60608551471157,57.90696805772799,67.15056955503321
4.242484350541314,3.9215249544953634,0.21843778568123667,0.04233643564131222,0.6599848372698764,0.4480116180759421,0.007962092313654773,61.49737866475787,3.7753230723789706,28.129313413301414,97.1810904949918,91.60608551471157,57.90696805772799,67.15056955503321
4.242484350541314,3.9215249544953634,0.21843778568123667,0.04233643564131222,0.6599848372698764,0.4480116180759421,0.007962092313654773,61.49737866475787,3.7753230723789706,28.129313413301414,97.1810904949918,91.60608551471157,57.90696805772799,67.15056955503321
7.945303103018768,0.09009130607299308,0.2862253514646998,0.06450888786297027,0.7783950630251888,0.6061281376769293,0.15888961545163335,917.1609498966176,0.8926834507471125,2.418138469542546,86.9962225475777,65.19453625258916,37.665562861720005,18.49723173413833
8.10506849760032,0.5269274513671931,1.1766326658092074,0.04861621814742609,0.07085743989545612,0.38618352794788846,0.8218065087676436,1425.1120995755755,4.06670991933886,13.245890428587767,181.05886546213867,83.38557738692892,161.2224846749304,95.0445216986174
9.555682112181469,1.6873929604450764,3.8842834928686742,0.308255615077848,0.6286411424751901,0.5178925966491417,0.255504493098234,471.3069838927917,2.9741263990092173,8.393696355080483,40.30457291914031,158.4734671854701,158.36876200861585,89.1794690563152
4.242484350541314,3.9215249544953634,0.21843778568123667,0.04233643564131222,0.6599848372698764,0.4480116180759421,0.007962092313654773,61.49737866475787,3.7753230723789706,28.129313413301414,97.1810904949918,91.60608551471157,57.90696805772799,67.15056955503321
8.091302960939597,0.5298507113511225,0.9612630183979637,0.20764497360772854,0.3421372605444058,0.16758310966596038,0.76326469316026,1298.4883678230865,8.355170314726529,96.56137470240272,39.133470903991686,43.20732404862206,167.19018546360942,113.82519900414214
4.242484350541314,3.9215249544953634,0.21843778568123667,0.04233643564131222,0.6599848372698764,0.4480116180759421,0.007962092313654773,61.49737866475787,3.7753230723789706,28.129313413301414,97.1810904949918,91.60608551471157,57.90696805772799,67.15056955503321
4.242484350541314,3.9215249544953634,0.21843778568123667,0.04233643564131222,0.6599848372698764,0.4480116180759421,0.007962092313654773,61.49737866475787,3.7753230723789706,28.129313413301414,97.1810904949918,91.60608551471157,57.90696805772799,67.15056955503321
4.083985809093743,3.9215249544953634,0.21843778568123667,0.04233643564131222,0.7110304951912051,0.4480116180759421,0.959369388084155,61.49737866475787,3.7753230723789706,28.129313413301414,97.1810904949918,91.60608551471157,57.90696805772799,15.67850702529271
10.21101550028362,2.1066828425816055,3.6205598658256597,0.2107756957433357,0.7196643767264393,0.6935996339765453,0.9946460462804578,1798.0742046130879,4.826551229251188,97.28978355511285,51.50350357000343,5.533726302172889,45.42571379444838,110.53586112190492
9.641597410045186,1.129952963348052,4.994207136494021,0.044548097716112574,0.943976283679911,0.5300908865726557,0.7173534243667481,1427.546465184892,9.048439533396607,94.13154102621644,14.747939691326982,180.1990763155418,187.00342801625402,15.224159860108907
4.242484350541314,3.9215249544953634,0.21843778568123667,0.04233643564131222,0.6599848372698764,0.4480116180759421,0.007962092313654773,61.49737866475787,3.7753230723789706,28.129313413301414,97.1810904949918,91.60608551471157,57.90696805772799,67.15056955503321
4.242484350541314,3.9215249544953634,0.21843778568123667,0.04233643564131222,0.6599848372698764,0.4480116180759421,0.007962092313654773,61.49737866475787,3.7753230723789706,28.129313413301414,97.1810904949918,91.60608551471157,57.90696805772799,67.15056955503321
8.281215489841793,6.0484912099088834,0.4132170306618261,0.1746906868541374,0.027468083910448304,0.33662986866352423,0.3992836717033928,449.97684387034224,6.276344860689362,119.72497218615177,68.58558697417274,144.8402053957612,57.217259651378164,149.67226471890675
4.242484350541314,3.9215249544953634,0.21843778568123667,0.04233643564131222,0.6599848372698764,0.4480116180759421,0.007962092313654773,61.49737866475787,3.7753230723789706,28.129313413301414,97.1810904949918,91.60608551471157,57.90696805772799,67.15056955503321
4.242484350541314,3.9215249544953634,0.21843778568123667,0.04233643564131222,0.6599848372698764,0.4480116180759421,0.007962092313654773,61.49737866475787,3.7753230723789706,28.129313413301414,97.1810904949918,91.60608551471157,57.90696805772799,67.15056955503321
4.242484350541314,3.9215249544953634,0.21843778568123667,0.04233643564131222,0.6599848372698764,0.4480116180759421,0.007962092313654773,61.49737866475787,3.7753230723789706,28.129313413301414,97.1810904949918,91.60608551471157,57.90696805772799,67.15056955503321
4.083985809093743,3.9215249544953634,0.21843778568123667,0.04233643564131222,0.7110304951912051,0.4480116180759421,0.959369388084155,61.49737866475787,3.7753230723789706,28.129313413301414,97.1810904949918,91.60608551471157,57.90696805772799,15.67850702529271
8.091302960939597,0.5298507113511225,0.9612630183979637,0.20764497360772854,0.3421372605444058,0.16758310966596038,0.76326469316026,1298.4883678230865,8.355170314726529,96.56137470240272,39.133470903991686,43.20732404862206,167.19018546360942,113.82519900414214
9.641597410045186,1.129952963348052,4.994207136494021,0.044548097716112574,0.943976283679911,0.5300908865726557,0.7173534243667481,1427.546465184892,9.048439533396607,94.13154102621644,14.747939691326982,180.1990763155418,187.00342801625402,15.224159860108907
7.945303103018768,0.09009130607299308,0.2862253514646998,0.06450888786297027,0.7783950630251888,0.6061281376769293,0.15888961545163335,917.1609498966176,0.8926834507471125,2.418138469542546,86.9962225475777,65.19453625258916,37.665562861720005,18.49723173413833
4.242484350541314,3.9215249544953634,0.21843778568123667,0.04233643564131222,0.6599848372698764,0.4480116180759421,0.007962092313654773,61.49737866475787,3.7753230723789706,28.129313413301414,97.1810904949918,91.60608551471157,57.90696805772799,67.15056955503321
8.281215489841793,6.0484912099088834,0.4132170306618261,0.1746906868541374,0.027468083910448304,0.33662986866352423,0.3992836717033928,449.97684387034224,6.276344860689362,119.72497218615177,68.58558697417274,144.8402053957612,57.217259651378164,149.67226471890675
4.242484350541314,3.9215249544953634,0.21843778568123667,0.04233643564131222,0.6599848372698764,0.4480116180759421,0.007962092313654773,61.49737866475787,3.7753230723789706,28.129313413301414,97.1810904949918,91.60608551471157,57.90696805772799,67.15056955503321
8.10506849760032,0.5269274513671931,1.1766326658092074,0.04861621814742609,0.07085743989545612,0.38618352794788846,0.8218065087676436,1425.1120995755755,4.06670991933886,13.245890428587767,181.05886546213867,83.38557738692892,161.2224846749304,95.0445216986174
4.242484350541314,3.9215249544953634,0.21843778568123667,0.04233643564131222,0.6599848372698764,0.4480116180759421,0.007962092313654773,61.49737866475787,3.7753230723789706,28.129313413301414,97.1810904949918,91.60608551471157,57.90696805772799,67.15056955503321
4.242484350541314,3.9215249544953634,0.21843778568123667,0.04233643564131222,0.6599848372698764,0.4480116180759421,0.007962092313654773,61.49737866475787,3.7753230723789706,28.129313413301414,97.1810904949918,91.60608551471157,57.90696805772799,67.15056955503321
4.242484350541314,3.9215249544953634,0.21843778568123667,0.04233643564131222,0.6599848372698764,0.4480116180759421,0.007962092313654773,61.49737866475787,3.7753230723789706,28.129313413301414,97.1810904949918,91.60608551471157,57.90696805772799,67.15056955503321
4.242484350541314,3.9215249544953634,0.21843778568123667,0.04233643564131222,0.6599848372698764,0.4480116180759421,0.007962092313654773,61.49737866475787,3.7753230723789706,28.129313413301414,97.1810904949918,91.60608551471157,57.90696805772799,67.15056955503321
9.555682112181469,1.6873929604450764,3.8842834928686742,0.308255615077848,0.6286411424751901,0.5178925966491417,0.255504493098234,471.3069838927917,2.9741263990092173,8.393696355080483,40.30457291914031,158.4734671854701,158.36876200861585,89.1794690563152
10.21101550028362,2.1066828425816055,3.6205598658256597,0.2107756957433357,0.7196643767264393,0.6935996339765453,0.9946460462804578,1798.0742046130879,4.826551229251188,97.28978355511285,51.50350357000343,5.533726302172889,45.42571379444838,110.53586112190492
4.242484350541314,3.9215249544953634,0.21843778568123667,0.04233643564131222,0.6599848372698764,0.4480116180759421,0.007962092313654773,61.49737866475787,3.7753230723789706,28.129313413301414,97.1810904949918,91.60608551471157,57.90696805772799,67.15056955503321
4.242484350541314,3.9215249544953634,0.21843778568123667,0.04233643564131222,0.6599848372698764,0.4480116180759421,0.007962092313654773,61.49737866475787,3.7753230723789706,28.129313413301414,97.1810904949918,91.60608551471157,57.90696805772799,67.15056955503321
4.242484350541314,3.9215249544953634,0.21843778568123667,0.04233643564131222,0.6599848372698764,0.4480116180759421,0.007962092313654773,61.49737866475787,3.7753230723789706,28.129313413301414,97.1810904949918,91.60608551471157,57.90696805772799,67.15056955503321
4.242484350541314,3.9215249544953634,0.21843778568123667,0.04233643564131222,0.6599848372698764,0.4480116180759421,0.007962092313654773,61.49737866475787,3.7753230723789706,28.129313413301414,97.1810904949918,91.60608551471157,57.90696805772799,67.15056955503321
4.242484350541314,3.9215249544953634,0.21843778568123667,0.04233643564131222,0.6599848372698764,0.4480116180759421,0.007962092313654773,61.49737866475787,3.7753230723789706,28.129313413301414,97.1810904949918,91.60608551471157,57.90696805772799,67.15056955503321
4.083985809093743,3.9215249544953634,0.21843778568123667,0.04233643564131222,0.7110304951912051,0.4480116180759421,0.959369388084155,61.49737866475787,3.7753230723789706,28.129313413301414,97.1810904949918,91.60608551471157,57.90696805772799,15.67850702529271
4.242484350541314,3.9215249544953634,0.21843778568123667,0.04233643564131222,0.6599848372698764,0.4480116180759421,0.007962092313654773,61.49737866475787,3.7753230723789706,28.129313413301414,97.1810904949918,91.60608551471157,57.90696805772799,67.15056955503321
10.21101550028362,2.1066828425816055,3.6205598658256597,0.2107756957433357,0.7196643767264393,0.6935996339765453,0.9946460462804578,1798.0742046130879,4.826551229251188,97.28978355511285,51.50350357000343,5.533726302172889,45.42571379444838,110.53586112190492
7.945303103018768,0.09009130607299308,0.2862253514646998,0.06450888786297027,0.7783950630251888,0.6061281376769293,0.15888961545163335,917.1609498966176,0.8926834507471125,2.418138469542546,86.9962225475777,65.19453625258916,37.665562861720005,18.49723173413833
9.641597410045186,1.129952963348052,4.994207136494021,0.044548097716112574,0.943976283679911,0.5300908865726557,0.7173534243667481,1427.546465184892,9.048439533396607,94.13154102621644,14.747939691326982,180.1990763155418,187.00342801625402,15.224159860108907
8.281215489841793,6.0484912099088834,0.4132170306618261,0.1746906868541374,0.027468083910448304,0.33662986866352423,0.3992836717033928,449.97684387034224,6.276344860689362,119.72497218615177,68.58558697417274,144.8402053957612,57.217259651378164,149.67226471890675
8.091302960939597,0.5298507113511225,0.9612630183979637,0.20764497360772854,0.3421372605444058,0.16758310966596038,0.76326469316026,1298.4883678230865,8.355170314726529,96.56137470240272,39.133470903991686,43.20732404862206,167.19018546360942,113.82519900414214
8.10506849760032,0.5269274513671931,1.1766326658092074,0.04861621814742609,0.07085743989545612,0.38618352794788846,0.8218065087676436,1425.1120995755755,4.06670991933886,13.245890428587767,181.05886546213867,83.38557738692892,161.2224846749304,95.0445216986174
4.242484350541314,3.9215249544953634,0.21843778568123667,0.04233643564131222,0.6599848372698764,0.4480116180759421,0.007962092313654773,61.49737866475787,3.7753230723789706,28.129313413301414,97.1810904949918,91.60608551471157,57.90696805772799,67.15056955503321
4.242484350541314,3.9215249544953634,0.21843778568123667,0.04233643564131222,0.6599848372698764,0.4480116180759421,0.007962092313654773,61.49737866475787,3.7753230723789706,28.129313413301414,97.1810904949918,91.60608551471157,57.90696805772799,67.15056955503321
4.242484350541314,3.9215249544953634,0.21843778568123667,0.04233643564131222,0.6599848372698764,0.4480116180759421,0.007962092313654773,61.49737866475787,3.7753230723789706,28.129313413301414,97.1810904949918,91.60608551471157,57.90696805772799,67.15056955503321
4.242484350541314,3.9215249544953634,0.21843778568123667,0.04233643564131222,0.6599848372698764,0.4480116180759421,0.007962092313654773,61.49737866475787,3.7753230723789706,28.129313413301414,97.1810904949918,91.60608551471157,57.90696805772799,67.15056955503321
4.242484350541314,3.9215249544953634,0.21843778568123667,0.04233643564131222,0.6599848372698764,0.4480116180759421,0.007962092313654773,61.49737866475787,3.7753230723789706,28.129313413301414,97.1810904949918,91.60608551471157,57.90696805772799,67.15056955503321
4.083985809093743,3.9215249544953634,0.21843778568123667,0.04233643564131222,0.7110304951912051,0.4480116180759421,0.959369388084155,61.49737866475787,3.7753230723789706,28.129313413301414,97.1810904949918,91.60608551471157,57.90696805772799,15.67850702529271
10.21101550028362,2.1066828425816055,3.6205598658256597,0.2107756957433357,0.7196643767264393,0.6935996339765453,0.9946460462804578,1798.0742046130879,4.826551229251188,97.28978355511285,51.50350357000343,5.533726302172889,45.42571379444838,110.53586112190492
4.242484350541314,3.9215249544953634,0.21843778568123667,0.04233643564131222,0.6599848372698764,0.4480116180759421,0.007962092313654773,61.49737866475787,3.7753230723789706,28.129313413301414,97.1810904949918,91.60608551471157,57.90696805772799,67.15056955503321
8.281215489841793,6.0484912099088834,0.4132170306618261,0.1746906868541374,0.027468083910448304,0.33662986866352423,0.3992836717033928,449.97684387034224,6.276344860689362,119.72497218615177,68.58558697417274,144.8402053957612,57.217259651378164,149.67226471890675
9.555682112181469,1.6873929604450764,3.8842834928686742,0.308255615077848,0.6286411424751901,0.5178925966491417,0.255504493098234,471.3069838927917,2.9741263990092173,8.393696355080483,40.30457291914031,158.4734671854701,158.36876200861585,89.1794690563152
8.10506849760032,0.5269274513671931,1.1766326658092074,0.04861621814742609,0.07085743989545612,0.38618352794788846,0.8218065087676436,1425.1120995755755,4.06670991933886,13.245890428587767,181.05886546213867,83.38557738692892,161.2224846749304,95.0445216986174
4.242484350541314,3.9215249544953634,0.21843778568123667,0.04233643564131222,0.6599848372698764,0.4480116180759421,0.007962092313654773,61.49737866475787,3.7753230723789706,28.129313413301414,97.1810904949918,91.60608551471157,57.90696805772799,67.15056955503321
4.242484350541314,3.9215249544953634,0.21843778568123667,0.04233643564131222,0.6599848372698764,0.4480116180759421,0.007962092313654773,61.49737866475787,3.7753230723789706,28.129313413301414,97.1810904949918,91.60608551471157,57.90696805772799,67.15056955503321
4.242484350541314,3.9215249544953634,0.21843778568123667,0.04233643564131222,0.6599848372698764,0.4480116180759421,0.007962092313654773,61.49737866475787,3.7753230723789706,28.129313413301414,97.1810904949918,91.60608551471157,57.90696805772799,67.15056955503321
4.242484350541314,3.9215249544953634,0.21843778568123667,0.04233643564131222,0.6599848372698764,0.4480116180759421,0.007962092313654773,61.49737866475787,3.7753230723789706,28.129313413301414,97.1810904949918,91.60608551471157,57.90696805772799,67.15056955503321
10.21101550028362,2.1066828425816055,3.6205598658256597,0.2107756957433357,0.7196643767264393,0.6935996339765453,0.9946460462804578,1798.0742046130879,4.826551229251188,97.28978355511285,51.50350357000343,5.533726302172889,45.42571379444838,110.53586112190492
8.281215489841793,6.0484912099088834,0.4132170306618261,0.1746906868541374,0.027468083910448304,0.33662986866352423,0.3992836717033928,449.97684387034224,6.276344860689362,119.72497218615177,68.58558697417274,144.8402053957612,57.217259651378164,149.67226471890675
9.641597410045186,1.129952963348052,4.994207136494021,0.044548097716112574,0.943976283679911,0.5300908865726557,0.7173534243667481,1427.546465184892,9.048439533396607,94.13154102621644,14.747939691326982,180.1990763155418,187.00342801625402,15.224159860108907
7.945303103018768,0.09009130607299308,0.2862253514646998,0.06450888786297027,0.7783950630251888,0.6061281376769293,0.15888961545163335,917.1609498966176,0.8926834507471125,2.418138469542546,86.9962225475777,65.19453625258916,37.665562861720005,18.49723173413833
4.242484350541314,3.9215249544953634,0.21843778568123667,0.04233643564131222,0.6599848372698764,0.4480116180759421,0.007962092313654773,61.49737866475787,3.7753230723789706,28.129313413301414,97.1810904949918,91.60608551471157,57.90696805772799,67.15056955503321
9.555682112181469,1.6873929604450764,3.8842834928686742,0.308255615077848,0.6286411424751901,0.5178925966491417,0.255504493098234,471.3069838927917,2.9741263990092173,8.393696355080483,40.30457291914031,158.4734671854701,158.36876200861585,89.1794690563152
4.242484350541314,3.9215249544953634,0.21843778568123667,0.04233643564131222,0.6599848372698764,0.4480116180759421,0.007962092313654773,61.49737866475787,3.7753230723789706,28.129313413301414,97.1810904949918,91.60608551471157,57.90696805772799,67.15056955503321
8.091302960939597,0.5298507113511225,0.9612630183979637,0.20764497360772854,0.3421372605444058,0.16758310966596038,0.76326469316026,1298.4883678230865,8.355170314726529,96.56137470240272,39.133470903991686,43.20732404862206,167.19018546360942,113.82519900414214
4.242484350541314,3.9215249544953634,0.21843778568123667,0.04233643564131222,0.6599848372698764,0.4480116180759421,0.007962092313654773,61.49737866475787,3.7753230723789706,28.129313413301414,97.1810904949918,91.60608551471157,57.90696805772799,67.15056955503321
4.242484350541314,3.9215249544953634,0.21843778568123667,0.04233643564131222,0.6599848372698764,0.4480116180759421,0.007962092313654773,61.49737866475787,3.7753230723789706,28.129313413301414,97.1810904949918,91.60608551471157,57.90696805772799,67.15056955503321
4.242484350541314,3.9215249544953634,0.21843778568123667,0.04233643564131222,0.6599848372698764,0.4480116180759421,0.007962092313654773,61.49737866475787,3.7753230723789706,28.129313413301414,97.1810904949918,91.60608551471157,57.90696805772799,67.15056955503321
8.281215489841793,6.0484912099088834,0.4132170306618261,0.1746906868541374,0.027468083910448304,0.33662986866352423,0.3992836717033928,449.97684387034224,6.276344860689362,119.72497218615177,68.58558697417274,144.8402053957612,57.217259651378164,149.67226471890675
4.083985809093743,3.9215249544953634,0.21843778568123667,0.04233643564131222,0.7110304951912051,0.4480116180759421,0.959369388084155,61.49737866475787,3.7753230723789706,28.129313413301414,97.1810904949918,91.60608551471157,57.90696805772799,15.67850702529271
4.242484350541314,3.9215249544953634,0.21843778568123667,0.04233643564131222,0.6599848372698764,0.4480116180759421,0.007962092313654773,61.49737866475787,3.7753230723789706,28.129313413301414,97.1810904949918,91.60608551471157,57.90696805772799,67.15056955503321
10.21101550028362,2.1066828425816055,3.6205598658256597,0.2107756957433357,0.7196643767264393,0.6935996339765453,0.9946460462804578,1798.0742046130879,4.826551229251188,97.28978355511285,51.50350357000343,5.533726302172889,45.42571379444838,110.53586112190492
7.945303103018768,0.09009130607299308,0.2862253514646998,0.06450888786297027,0.7783950630251888,0.6061281376769293,0.15888961545163335,917.1609498966176,0.8926834507471125,2.418138469542546,86.9962225475777,65.19453625258916,37.665562861720005,18.49723173413833
4.242484350541314,3.9215249544953634,0.21843778568123667,0.04233643564131222,0.6599848372698764,0.4480116180759421,0.007962092313654773,61.49737866475787,3.7753230723789706,28.129313413301414,97.1810904949918,91.60608551471157,57.90696805772799,67.15056955503321
8.10506849760032,0.5269274513671931,1.1766326658092074,0.04861621814742609,0.07085743989545612,0.38618352794788846,0.8218065087676436,1425.1120995755755,4.06670991933886,13.245890428587767,181.05886546213867,83.38557738692892,161.2224846749304,95.0445216986174
4.242484350541314,3.9215249544953634,0.21843778568123667,0.04233643564131222,0.6599848372698764,0.4480116180759421,0.007962092313654773,61.49737866475787,3.7753230723789706,28.129313413301414,97.1810904949918,91.60608551471157,57.90696805772799,67.15056955503321
4.242484350541314,3.9215249544953634,0.21843778568123667,0.04233643564131222,0.6599848372698764,0.4480116180759421,0.007962092313654773,61.49737866475787,3.7753230723789706,28.129313413301414,97.1810904949918,91.60608551471157,57.90696805772799,67.15056955503321
4.083985809093743,3.9215249544953634,0.21843778568123667,0.04233643564131222,0.7110304951912051,0.4480116180759421,0.959369388084155,61.49737866475787,3.7753230723789706,28.129313413301414,97.1810904949918,91.60608551471157,57.90696805772799,15.67850702529271
10.21101550028362,2.1066828425816055,3.6205598658256597,0.2107756957433357,0.7196643767264393,0.6935996339765453,0.9946460462804578,1798.0742046130879,4.826551229251188,97.28978355511285,51.50350357000343,5.533726302172889,45.42571379444838,110.53586112190492
4.242484350541314,3.9215249544953634,0.21843778568123667,0.04233643564131222,0.6599848372698764,0.4480116180759421,0.007962092313654773,61.49737866475787,3.7753230723789706,28.129313413301414,97.1810904949918,91.60608551471157,57.90696805772799,67.15056955503321
7.945303103018768,0.09009130607299308,0.2862253514646998,0.06450888786297027,0.7783950630251888,0.6061281376769293,0.15888961545163335,917.1609498966176,0.8926834507471125,2.418138469542546,86.9962225475777,65.19453625258916,37.665562861720005,18.49723173413833
9.641597410045186,1.129952963348052,4.994207136494021,0.044548097716112574,0.943976283679911,0.5300908865726557,0.7173534243667481,1427.546465184892,9.048439533396607,94.13154102621644,14.747939691326982,180.1990763155418,187.00342801625402,15.224159860108907
4.242484350541314,3.9215249544953634,0.21843778568123667,0.04233643564131222,0.6599848372698764,0.4480116180759421,0.007962092313654773,61.49737866475787,3.7753230723789706,28.129313413301414,97.1810904949918,91.60608551471157,57.90696805772799,67.15056955503321
4.242484350541314,3.9215249544953634,0.21843778568123667,0.04233643564131222,0.6599848372698764,0.4480116180759421,0.007962092313654773,61.49737866475787,3.7753230723789706,28.129313413301414,97.1810904949918,91.60608551471157,57.90696805772799,67.15056955503321
4.242484350541314,3.9215249544953634,0.21843778568123667,0.04233643564131222,0.6599848372698764,0.4480116180759421,0.007962092313654773,61.49737866475787,3.7753230723789706,28.129313413301414,97.1810904949918,91.60608551471157,57.90696805772799,67.15056955503321
8.10506849760032,0.5269274513671931,1.1766326658092074,0.04861621814742609,0.07085743989545612,0.38618352794788846,0.8218065087676436,1425.1120995755755,4.06670991933886,13.245890428587767,181.05886546213867,83.38557738692892,161.2224846749304,95.0445216986174
4.242484350541314,3.9215249544953634,0.21843778568123667,0.04233643564131222,0.6599848372698764,0.4480116180759421,0.007962092313654773,61.49737866475787,3.7753230723789706,28.129313413301414,97.1810904949918,91.60608551471157,57.90696805772799,67.15056955503321
8.281215489841793,6.0484912099088834,0.4132170306618261,0.1746906868541374,0.027468083910448304,0.33662986866352423,0.3992836717033928,449.97684387034224,6.276344860689362,119.72497218615177,68.58558697417274,144.8402053957612,57.217259651378164,149.67226471890675
8.091302960939597,0.5298507113511225,0.9612630183979637,0.20764497360772854,0.3421372605444058,0.16758310966596038,0.76326469316026,1298.4883678230865,8.355170314726529,96.56137470240272,39.133470903991686,43.20732404862206,167.19018546360942,113.82519900414214
9.555682112181469,1.6873929604450764,3.8842834928686742,0.308255615077848,0.6286411424751901,0.5178925966491417,0.255504493098234,471.3069838927917,2.9741263990092173,8.393696355080483,40.30457291914031,158.4734671854701,158.36876200861585,89.1794690563152
4.242484350541314,3.9215249544953634,0.21843778568123667,0.04233643564131222,0.6599848372698764,0.4480116180759421,0.007962092313654773,61.49737866475787,3.7753230723789706,28.129313413301414,97.1810904949918,91.60608551471157,57.90696805772799,67.15056955503321
4.242484350541314,3.9215249544953634,0.21843778568123667,0.04233643564131222,0.6599848372698764,0.4480116180759421,0.007962092313654773,61.49737866475787,3.7753230723789706,28.129313413301414,97.1810904949918,91.60608551471157,57.90696805772799,67.15056955503321
4.083985809093743,3.9215249544953634,0.21843778568123667,0.04233643564131222,0.7110304951912051,0.4480116180759421,0.959369388084155,61.49737866475787,3.7753230723789706,28.129313413301414,97.1810904949918,91.60608551471157,57.90696805772799,15.67850702529271
10.21101550028362,2.1066828425816055,3.6205598658256597,0.2107756957433357,0.7196643767264393,0.6935996339765453,0.9946460462804578,1798.0742046130879,4.826551229251188,97.28978355511285,51.50350357000343,5.533726302172889,45.42571379444838,110.53586112190492
4.242484350541314,3.9215249544953634,0.21843778568123667,0.04233643564131222,0.6599848372698764,0.4480116180759421,0.007962092313654773,61.49737866475787,3.7753230723789706,28.129313413301414,97.1810904949918,91.60608551471157,57.90696805772799,67.15056955503321
4.083985809093743,3.9215249544953634,0.21843778568123667,0.04233643564131222,0.7110304951912051,0.4480116180759421,0.959369388084155,61.49737866475787,3.7753230723789706,28.129313413301414,97.1810904949918,91.60608551471157,57.90696805772799,15.67850702529271
10.21101550028362,2.1066828425816055,3.6205598658256597,0.2107756957433357,0.7196643767264393,0.6935996339765453,0.9946460462804578,1798.0742046130879,4.826551229251188,97.28978355511285,51.50350357000343,5.533726302172889,45.42571379444838,110.53586112190492
4.242484350541314,3.9215249544953634,0.21843778568123667,0.04233643564131222,0.6599848372698764,0.4480116180759421,0.007962092313654773,61.49737866475787,3.7753230723789706,28.129313413301414,97.1810904949918,91.60608551471157,57.90696805772799,67.15056955503321
7.945303103018768,0.09009130607299308,0.2862253514646998,0.06450888786297027,0.7783950630251888,0.6061281376769293,0.15888961545163335,917.1609498966176,0.8926834507471125,2.418138469542546,86.9962225475777,65.19453625258916,37.665562861720005,18.49723173413833
9.641597410045186,1.129952963348052,4.994207136494021,0.044548097716112574,0.943976283679911,0.5300908865726557,0.7173534243667481,1427.546465184892,9.048439533396607,94.13154102621644,14.747939691326982,180.1990763155418,187.00342801625402,15.224159860108907
4.242484350541314,3.9215249544953634,0.21843778568123667,0.04233643564131222,0.6599848372698764,0.4480116180759421,0.007962092313654773,61.49737866475787,3.7753230723789706,28.129313413301414,97.1810904949918,91.60608551471157,57.90696805772799,67.15056955503321
4.242484350541314,3.9215249544953634,0.21843778568123667,0.04233643564131222,0.6599848372698764,0.4480116180759421,0.007962092313654773,61.49737866475787,3.7753230723789706,28.129313413301414,97.1810904949918,91.60608551471157,57.90696805772799,67.15056955503321
8.10506849760032,0.5269274513671931,1.1766326658092074,0.04861621814742609,0.07085743989545612,0.38618352794788846,0.8218065087676436,1425.1120995755755,4.06670991933886,13.245890428587767,181.05886546213867,83.38557738692892,161.2224846749304,95.0445216986174
4.242484350541314,3.9215249544953634,0.21843778568123667,0.04233643564131222,0.6599848372698764,0.4480116180759421,0.007962092313654773,61.49737866475787,3.7753230723789706,28.129313413301414,97.1810904949918,91.60608551471157,57.90696805772799,67.15056955503321
4.242484350541314,3.9215249544953634,0.21843778568123667,0.04233643564131222,0.6599848372698764,0.4480116180759421,0.007962092313654773,61.49737866475787,3.7753230723789706,28.129313413301414,97.1810904949918,91.60608551471157,57.90696805772799,67.15056955503321
8.281215489841793,6.0484912099088834,0.4132170306618261,0.1746906868541374,0.027468083910448304,0.33662986866352423,0.3992836717033928,449.97684387034224,6.276344860689362,119.72497218615177,68.58558697417274,144.8402053957612,57.217259651378164,149.67226471890675
4.083985809093743,3.9215249544953634,0.21843778568123667,0.04233643564131222,0.7110304951912051,0.4480116180759421,0.959369388084155,61.49737866475787,3.7753230723789706,28.129313413301414,97.1810904949918,91.60608551471157,57.90696805772799,15.67850702529271
10.21101550028362,2.1066828425816055,3.6205598658256597,0.2107756957433357,0.7196643767264393,0.6935996339765453,0.9946460462804578,1798.0742046130879,4.826551229251188,97.28978355511285,51.50350357000343,5.533726302172889,45.42571379444838,110.53586112190492
4.242484350541314,3.9215249544953634,0.21843778568123667,0.04233643564131222,0.6599848372698764,0.4480116180759421,0.007962092313654773,61.49737866475787,3.7753230723789706,28.129313413301414,97.1810904949918,91.60608551471157,57.90696805772799,67.15056955503321
4.242484350541314,3.9215249544953634,0.21843778568123667,0.04233643564131222,0.6599848372698764,0.4480116180759421,0.007962092313654773,61.49737866475787,3.7753230723789706,28.129313413301414,97.1810904949918,91.60608551471157,57.90696805772799,67.15056955503321
9.555682112181469,1.6873929604450764,3.8842834928686742,0.308255615077848,0.6286411424751901,0.5178925966491417,0.255504493098234,471.3069838927917,2.9741263990092173,8.393696355080483,40.30457291914031,158.4734671854701,158.36876200861585,89.1794690563152
4.242484350541314,3.9215249544953634,0.21843778568123667,0.04233643564131222,0.6599848372698764,0.4480116180759421,0.007962092313654773,61.49737866475787,3.7753230723789706,28.129313413301414,97.1810904949918,91.60608551471157,57.90696805772799,67.15056955503321
9.641597410045186,1.129952963348052,4.994207136494021,0.044548097716112574,0.943976283679911,0.5300908865726557,0.7173534243667481,1427.546465184892,9.048439533396607,94.13154102621644,14.747939691326982,180.1990763155418,187.00342801625402,15.224159860108907
8.091302960939597,0.5298507113511225,0.9612630183979637,0.20764497360772854,0.3421372605444058,0.16758310966596038,0.76326469316026,1298.4883678230865,8.355170314726529,96.56137470240272,39.133470903991686,43.20732404862206,167.19018546360942,113.82519900414214
4.242484350541314,3.9215249544953634,0.21843778568123667,0.04233643564131222,0.6599848372698764,0.4480116180759421,0.007962092313654773,61.49737866475787,3.7753230723789706,28.129313413301414,97.1810904949918,91.60608551471157,57.90696805772799,67.15056955503321
8.281215489841793,6.0484912099088834,0.4132170306618261,0.1746906868541374,0.027468083910448304,0.33662986866352423,0.3992836717033928,449.97684387034224,6.276344860689362,119.72497218615177,68.58558697417274,144.8402053957612,57.217259651378164,149.67226471890675
4.242484350541314,3.9215249544953634,0.21843778568123667,0.04233643564131222,0.6599848372698764,0.4480116180759421,0.007962092313654773,61.49737866475787,3.7753230723789706,28.129313413301414,97.1810904949918,91.60608551471157,57.90696805772799,67.15056955503321
4.242484350541314,3.9215249544953634,0.21843778568123667,0.04233643564131222,0.6599848372698764,0.4480116180759421,0.007962092313654773,61.49737866475787,3.7753230723789706,28.129313413301414,97.1810904949918,91.60608551471157,57.90696805772799,67.15056955503321
4.242484350541314,3.9215249544953634,0.21843778568123667,0.04233643564131222,0.6599848372698764,0.4480116180759421,0.007962092313654773,61.49737866475787,3.7753230723789706,28.129313413301414,97.1810904949918,91.60608551471157,57.90696805772799,67.15056955503321
10.21101550028362,2.1066828425816055,3.6205598658256597,0.2107756957433357,0.7196643767264393,0.6935996339765453,0.9946460462804578,1798.0742046130879,4.826551229251188,97.28978355511285,51.50350357000343,5.533726302172889,45.42571379444838,110.53586112190492
4.242484350541314,3.9215249544953634,0.21843778568123667,0.04233643564131222,0.6599848372698764,0.4480116180759421,0.007962092313654773,61.49737866475787,3.7753230723789706,28.129313413301414,97.1810904949918,91.60608551471157,57.90696805772799,67.15056955503321
7.945303103018768,0.09009130607299308,0.2862253514646998,0.06450888786297027,0.7783950630251888,0.6061281376769293,0.15888961545163335,917.1609498966176,0.8926834507471125,2.418138469542546,86.9962225475777,65.19453625258916,37.665562861720005,18.49723173413833
4.242484350541314,3.9215249544953634,0.21843778568123667,0.04233643564131222,0.6599848372698764,0.4480116180759421,0.007962092313654773,61.49737866475787,3.7753230723789706,28.129313413301414,97.1810904949918,91.60608551471157,57.90696805772799,67.15056955503321
4.242484350541314,3.9215249544953634,0.21843778568123667,0.04233643564131222,0.6599848372698764,0.4480116180759421,0.007962092313654773,61.49737866475787,3.7753230723789706,28.129313413301414,97.1810904949918,91.60608551471157,57.90696805772799,67.15056955503321
9.555682112181469,1.6873929604450764,3.8842834928686742,0.308255615077848,0.6286411424751901,0.5178925966491417,0.255504493098234,471.3069838927917,2.9741263990092173,8.393696355080483,40.30457291914031,158.4734671854701,158.36876200861585,89.1794690563152
8.10506849760032,0.5269274513671931,1.1766326658092074,0.04861621814742609,0.07085743989545612,0.38618352794788846,0.8218065087676436,1425.1120995755755,4.06670991933886,13.245890428587767,181.05886546213867,83.38557738692892,161.2224846749304,95.0445216986174
8.281215489841793,6.0484912099088834,0.4132170306618261,0.1746906868541374,0.027468083910448304,0.33662986866352423,0.3992836717033928,449.97684387034224,6.276344860689362,119.72497218615177,68.58558697417274,144.8402053957612,57.217259651378164,149.67226471890675
4.242484350541314,3.9215249544953634,0.21843778568123667,0.04233643564131222,0.6599848372698764,0.4480116180759421,0.007962092313654773,61.49737866475787,3.7753230723789706,28.129313413301414,97.1810904949918,91.60608551471157,57.90696805772799,67.15056955503321
4.083985809093743,3.9215249544953634,0.21843778568123667,0.04233643564131222,0.7110304951912051,0.4480116180759421,0.959369388084155,61.49737866475787,3.7753230723789706,28.129313413301414,97.1810904949918,91.60608551471157,57.90696805772799,15.67850702529271
4.242484350541314,3.9215249544953634,0.21843778568123667,0.04233643564131222,0.6599848372698764,0.4480116180759421,0.007962092313654773,61.49737866475787,3.7753230723789706,28.129313413301414,97.1810904949918,91.60608551471157,57.90696805772799,67.15056955503321
9.641597410045186,1.129952963348052,4.994207136494021,0.044548097716112574,0.943976283679911,0.5300908865726557,0.7173534243667481,1427.546465184892,9.048439533396607,94.13154102621644,14.747939691326982,180.1990763155418,187.00342801625402,15.224159860108907
8.091302960939597,0.5298507113511225,0.9612630183979637,0.20764497360772854,0.3421372605444058,0.16758310966596038,0.76326469316026,1298.4883678230865,8.355170314726529,96.56137470240272,39.133470903991686,43.20732404862206,167.19018546360942,113.82519900414214
9.555682112181469,1.6873929604450764,3.8842834928686742,0.308255615077848,0.6286411424751901,0.5178925966491417,0.255504493098234,471.3069838927917,2.9741263990092173,8.393696355080483,40.30457291914031,158.4734671854701,158.36876200861585,89.1794690563152
4.242484350541314,3.9215249544953634,0.21843778568123667,0.04233643564131222,0.6599848372698764,0.4480116180759421,0.007962092313654773,61.49737866475787,3.7753230723789706,28.129313413301414,97.1810904949918,91.60608551471157,57.90696805772799,67.15056955503321
4.242484350541314,3.9215249544953634,0.21843778568123667,0.04233643564131222,0.6599848372698764,0.4480116180759421,0.007962092313654773,61.49737866475787,3.7753230723789706,28.129313413301414,97.1810904949918,91.60608551471157,57.90696805772799,67.15056955503321
4.242484350541314,3.9215249544953634,0.21843778568123667,0.04233643564131222,0.6599848372698764,0.4480116180759421,0.007962092313654773,61.49737866475787,3.7753230723789706,28.129313413301414,97.1810904949918,91.60608551471157,57.90696805772799,67.15056955503321
4.242484350541314,3.9215249544953634,0.21843778568123667,0.04233643564131222,0.6599848372698764,0.4480116180759421,0.007962092313654773,61.49737866475787,3.7753230723789706,28.129313413301414,97.1810904949918,91.60608551471157,57.90696805772799,67.15056955503321
10.21101550028362,2.1066828425816055,3.6205598658256597,0.2107756957433357,0.7196643767264393,0.6935996339765453,0.9946460462804578,1798.0742046130879,4.826551229251188,97.28978355511285,51.50350357000343,5.533726302172889,45.42571379444838,110.53586112190492
7.945303103018768,0.09009130607299308,0.2862253514646998,0.06450888786297027,0.7783950630251888,0.6061281376769293,0.15888961545163335,917.1609498966176,0.8926834507471125,2.418138469542546,86.9962225475777,65.19453625258916,37.665562861720005,18.49723173413833
4.083985809093743,3.9215249544953634,0.21843778568123667,0.04233643564131222,0.7110304951912051,0.4480116180759421,0.959369388084155,61.49737866475787,3.7753230723789706,28.129313413301414,97.1810904949918,91.60608551471157,57.90696805772799,15.67850702529271
4.242484350541314,3.9215249544953634,0.21843778568123667,0.04233643564131222,0.6599848372698764,0.4480116180759421,0.007962092313654773,61.49737866475787,3.7753230723789706,28.129313413301414,97.1810904949918,91.60608551471157,57.90696805772799,67.15056955503321
4.242484350541314,3.9215249544953634,0.21843778568123667,0.04233643564131222,0.6599848372698764,0.4480116180759421,0.007962092313654773,61.49737866475787,3.7753230723789706,28.129313413301414,97.1810904949918,91.60608551471157,57.90696805772799,67.15056955503321
8.281215489841793,6.0484912099088834,0.4132170306618261,0.1746906868541374,0.027468083910448304,0.33662986866352423,0.3992836717033928,449.97684387034224,6.276344860689362,119.72497218615177,68.58558697417274,144.8402053957612,57.217259651378164,149.67226471890675
4.242484350541314,3.9215249544953634,0.21843778568123667,0.04233643564131222,0.6599848372698764,0.4480116180759421,0.007962092313654773,61.49737866475787,3.7753230723789706,28.129313413301414,97.1810904949918,91.60608551471157,57.90696805772799,67.15056955503321
8.10506849760032,0.5269274513671931,1.1766326658092074,0.04861621814742609,0.07085743989545612,0.38618352794788846,0.8218065087676436,1425.1120995755755,4.06670991933886,13.245890428587767,181.05886546213867,83.38557738692892,161.2224846749304,95.0445216986174
8.091302960939597,0.5298507113511225,0.9612630183979637,0.20764497360772854,0.3421372605444058,0.16758310966596038,0.76326469316026,1298.4883678230865,8.355170314726529,96.56137470240272,39.133470903991686,43.20732404862206,167.19018546360942,113.82519900414214
4.242484350541314,3.9215249544953634,0.21843778568123667,0.04233643564131222,0.6599848372698764,0.4480116180759421,0.007962092313654773,61.49737866475787,3.7753230723789706,28.129313413301414,97.1810904949918,91.60608551471157,57.90696805772799,67.15056955503321
7.945303103018768,0.09009130607299308,0.2862253514646998,0.06450888786297027,0.7783950630251888,0.6061281376769293,0.15888961545163335,917.1609498966176,0.8926834507471125,2.418138469542546,86.9962225475777,65.19453625258916,37.665562861720005,18.49723173413833
4.242484350541314,3.9215249544953634,0.21843778568123667,0.04233643564131222,0.6599848372698764,0.4480116180759421,0.007962092313654773,61.49737866475787,3.7753230723789706,28.129313413301414,97.1810904949918,91.60608551471157,57.90696805772799,67.15056955503321
4.242484350541314,3.9215249544953634,0.21843778568123667,0.04233643564131222,0.6599848372698764,0.4480116180759421,0.007962092313654773,61.49737866475787,3.7753230723789706,28.129313413301414,97.1810904949918,91.60608551471157,57.90696805772799,67.15056955503321
4.242484350541314,3.9215249544953634,0.21843778568123667,0.04233643564131222,0.6599848372698764,0.4480116180759421,0.007962092313654773,61.49737866475787,3.7753230723789706,28.129313413301414,97.1810904949918,91.60608551471157,57.90696805772799,67.15056955503321
4.242484350541314,3.9215249544953634,0.21843778568123667,0.04233643564131222,0.6599848372698764,0.4480116180759421,0.007962092313654773,61.49737866475787,3.7753230723789706,28.129313413301414,97.1810904949918,91.60608551471157,57.90696805772799,67.15056955503321
9.641597410045186,1.129952963348052,4.994207136494021,0.044548097716112574,0.943976283679911,0.5300908865726557,0.7173534243667481,1427.546465184892,9.048439533396607,94.13154102621644,14.747939691326982,180.1990763155418,187.00342801625402,15.224159860108907
8.10506849760032,0.5269274513671931,1.1766326658092074,0.04861621814742609,0.07085743989545612,0.38618352794788846,0.8218065087676436,1425.1120995755755,4.06670991933886,13.245890428587767,181.05886546213867,83.38557738692892,161.2224846749304,95.0445216986174
4.242484350541314,3.9215249544953634,0.21843778568123667,0.04233643564131222,0.6599848372698764,0.4480116180759421,0.007962092313654773,61.49737866475787,3.7753230723789706,28.129313413301414,97.1810904949918,91.60608551471157,57.90696805772799,67.15056955503321
4.242484350541314,3.9215249544953634,0.21843778568123667,0.04233643564131222,0.6599848372698764,0.4480116180759421,0.007962092313654773,61.49737866475787,3.7753230723789706,28.129313413301414,97.1810904949918,91.60608551471157,57.90696805772799,67.15056955503321
4.242484350541314,3.9215249544953634,0.21843778568123667,0.04233643564131222,0.6599848372698764,0.4480116180759421,0.007962092313654773,61.49737866475787,3.7753230723789706,28.129313413301414,97.1810904949918,91.60608551471157,57.90696805772799,67.15056955503321
9.555682112181469,1.6873929604450764,3.8842834928686742,0.308255615077848,0.6286411424751901,0.5178925966491417,0.255504493098234,471.3069838927917,2.9741263990092173,8.393696355080483,40.30457291914031,158.4734671854701,158.36876200861585,89.1794690563152
10.21101550028362,2.1066828425816055,3.6205598658256597,0.2107756957433357,0.7196643767264393,0.6935996339765453,0.9946460462804578,1798.0742046130879,4.826551229251188,97.28978355511285,51.50350357000343,5.533726302172889,45.42571379444838,110.53586112190492
4.242484350541314,3.9215249544953634,0.21843778568123667,0.04233643564131222,0.6599848372698764,0.4480116180759421,0.007962092313654773,61.49737866475787,3.7753230723789706,28.129313413301414,97.1810904949918,91.60608551471157,57.90696805772799,67.15056955503321
4.242484350541314,3.9215249544953634,0.21843778568123667,0.04233643564131222,0.6599848372698764,0.4480116180759421,0.007962092313654773,61.49737866475787,3.7753230723789706,28.129313413301414,97.1810904949918,91.60608551471157,57.90696805772799,67.15056955503321
4.083985809093743,3.9215249544953634,0.21843778568123667,0.04233643564131222,0.7110304951912051,0.4480116180759421,0.959369388084155,61.49737866475787,3.7753230723789706,28.129313413301414,97.1810904949918,91.60608551471157,57.90696805772799,15.67850702529271
4.242484350541314,3.9215249544953634,0.21843778568123667,0.04233643564131222,0.6599848372698764,0.4480116180759421,0.007962092313654773,61.49737866475787,3.7753230723789706,28.129313413301414,97.1810904949918,91.60608551471157,57.90696805772799,67.15056955503321
8.281215489841793,6.0484912099088834,0.4132170306618261,0.1746906868541374,0.027468083910448304,0.33662986866352423,0.3992836717033928,449.97684387034224,6.276344860689362,119.72497218615177,68.58558697417274,144.8402053957612,57.217259651378164,149.67226471890675
8.10506849760032,0.5269274513671931,1.1766326658092074,0.04861621814742609,0.07085743989545612,0.38618352794788846,0.8218065087676436,1425.1120995755755,4.06670991933886,13.245890428587767,181.05886546213867,83.38557738692892,161.2224846749304,95.0445216986174
4.242484350541314,3.9215249544953634,0.21843778568123667,0.04233643564131222,0.6599848372698764,0.4480116180759421,0.007962092313654773,61.49737866475787,3.7753230723789706,28.129313413301414,97.1810904949918,91.60608551471157,57.90696805772799,67.15056955503321
4.242484350541314,3.9215249544953634,0.21843778568123667,0.04233643564131222,0.6599848372698764,0.4480116180759421,0.007962092313654773,61.49737866475787,3.7753230723789706,28.129313413301414,97.1810904949918,91.60608551471157,57.90696805772799,67.15056955503321
8.091302960939597,0.5298507113511225,0.9612630183979637,0.20764497360772854,0.3421372605444058,0.16758310966596038,0.76326469316026,1298.4883678230865,8.355170314726529,96.56137470240272,39.133470903991686,43.20732404862206,167.19018546360942,113.82519900414214
7.945303103018768,0.09009130607299308,0.2862253514646998,0.06450888786297027,0.7783950630251888,0.6061281376769293,0.15888961545163335,917.1609498966176,0.8926834507471125,2.418138469542546,86.9962225475777,65.19453625258916,37.665562861720005,18.49723173413833
10.21101550028362,2.1066828425816055,3.6205598658256597,0.2107756957433357,0.7196643767264393,0.6935996339765453,0.9946460462804578,1798.0742046130879,4.826551229251188,97.28978355511285,51.50350357000343,5.533726302172889,45.42571379444838,110.53586112190492
4.083985809093743,3.9215249544953634,0.21843778568123667,0.04233643564131222,0.7110304951912051,0.4480116180759421,0.959369388084155,61.49737866475787,3.7753230723789706,28.129313413301414,97.1810904949918,91.60608551471157,57.90696805772799,15.67850702529271
9.641597410045186,1.129952963348052,4.994207136494021,0.044548097716112574,0.943976283679911,0.5300908865726557,0.7173534243667481,1427.546465184892,9.048439533396607,94.13154102621644,14.747939691326982,180.1990763155418,187.00342801625402,15.224159860108907
8.10506849760032,0.5269274513671931,1.1766326658092074,0.04861621814742609,0.07085743989545612,0.38618352794788846,0.8218065087676436,1425.1120995755755,4.06670991933886,13.245890428587767,181.05886546213867,83.38557738692892,161.2224846749304,95.0445216986174
4.242484350541314,3.9215249544953634,0.21843778568123667,0.04233643564131222,0.6599848372698764,0.4480116180759421,0.007962092313654773,61.49737866475787,3.7753230723789706,28.129313413301414,97.1810904949918,91.60608551471157,57.90696805772799,67.15056955503321
4.242484350541314,3.9215249544953634,0.21843778568123667,0.04233643564131222,0.6599848372698764,0.4480116180759421,0.007962092313654773,61.49737866475787,3.7753230723789706,28.129313413301414,97.1810904949918,91.60608551471157,57.90696805772799,67.15056955503321
4.242484350541314,3.9215249544953634,0.21843778568123667,0.04233643564131222,0.6599848372698764,0.4480116180759421,0.007962092313654773,61.49737866475787,3.7753230723789706,28.129313413301414,97.1810904949918,91.60608551471157,57.90696805772799,67.15056955503321
4.242484350541314,3.9215249544953634,0.21843778568123667,0.04233643564131222,0.6599848372698764,0.4480116180759421,0.007962092313654773,61.49737866475787,3.7753230723789706,28.129313413301414,97.1810904949918,91.60608551471157,57.90696805772799,67.15056955503321
4.242484350541314,3.9215249544953634,0.21843778568123667,0.04233643564131222,0.6599848372698764,0.4480116180759421,0.007962092313654773,61.49737866475787,3.7753230723789706,28.129313413301414,97.1810904949918,91.60608551471157,57.90696805772799,67.15056955503321
10.21101550028362,2.1066828425816055,3.6205598658256597,0.2107756957433357,0.7196643767264393,0.6935996339765453,0.9946460462804578,1798.0742046130879,4.826551229251188,97.28978355511285,51.50350357000343,5.533726302172889,45.42571379444838,110.53586112190492
7.945303103018768,0.09009130607299308,0.2862253514646998,0.06450888786297027,0.7783950630251888,0.6061281376769293,0.15888961545163335,917.1609498966176,0.8926834507471125,2.418138469542546,86.9962225475777,65.19453625258916,37.665562861720005,18.49723173413833
8.091302960939597,0.5298507113511225,0.9612630183979637,0.20764497360772854,0.3421372605444058,0.16758310966596038,0.76326469316026,1298.4883678230865,8.355170314726529,96.56137470240272,39.133470903991686,43.20732404862206,167.19018546360942,113.82519900414214
4.083985809093743,3.9215249544953634,0.21843778568123667,0.04233643564131222,0.7110304951912051,0.4480116180759421,0.959369388084155,61.49737866475787,3.7753230723789706,28.129313413301414,97.1810904949918,91.60608551471157,57.90696805772799,15.67850702529271
8.281215489841793,6.0484912099088834,0.4132170306618261,0.1746906868541374,0.027468083910448304,0.33662986866352423,0.3992836717033928,449.97684387034224,6.276344860689362,119.72497218615177,68.58558697417274,144.8402053957612,57.217259651378164,149.67226471890675
4.242484350541314,3.9215249544953634,0.21843778568123667,0.04233643564131222,0.6599848372698764,0.4480116180759421,0.007962092313654773,61.49737866475787,3.7753230723789706,28.129313413301414,97.1810904949918,91.60608551471157,57.90696805772799,67.15056955503321
9.555682112181469,1.6873929604450764,3.8842834928686742,0.308255615077848,0.6286411424751901,0.5178925966491417,0.255504493098234,471.3069838927917,2.9741263990092173,8.393696355080483,40.30457291914031,158.4734671854701,158.36876200861585,89.1794690563152
4.242484350541314,3.9215249544953634,0.21843778568123667,0.04233643564131222,0.6599848372698764,0.4480116180759421,0.007962092313654773,61.49737866475787,3.7753230723789706,28.129313413301414,97.1810904949918,91.60608551471157,57.90696805772799,67.15056955503321
4.242484350541314,3.9215249544953634,0.21843778568123667,0.04233643564131222,0.6599848372698764,0.4480116180759421,0.007962092313654773,61.49737866475787,3.7753230723789706,28.129313413301414,97.1810904949918,91.60608551471157,57.90696805772799,67.15056955503321
8.10506849760032,0.5269274513671931,1.1766326658092074,0.04861621814742609,0.07085743989545612,0.38618352794788846,0.8218065087676436,1425.1120995755755,4.06670991933886,13.245890428587767,181.05886546213867,83.38557738692892,161.2224846749304,95.0445216986174
4.242484350541314,3.9215249544953634,0.21843778568123667,0.04233643564131222,0.6599848372698764,0.4480116180759421,0.007962092313654773,61.49737866475787,3.7753230723789706,28.129313413301414,97.1810904949918,91.60608551471157,57.90696805772799,67.15056955503321
4.242484350541314,3.9215249544953634,0.21843778568123667,0.04233643564131222,0.6599848372698764,0.4480116180759421,0.007962092313654773,61.49737866475787,3.7753230723789706,28.129313413301414,97.1810904949918,91.60608551471157,57.90696805772799,67.15056955503321
4.242484350541314,3.9215249544953634,0.21843778568123667,0.04233643564131222,0.6599848372698764,0.4480116180759421,0.007962092313654773,61.49737866475787,3.7753230723789706,28.129313413301414,97.1810904949918,91.60608551471157,57.90696805772799,67.15056955503321
4.242484350541314,3.9215249544953634,0.21843778568123667,0.04233643564131222,0.6599848372698764,0.4480116180759421,0.007962092313654773,61.49737866475787,3.7753230723789706,28.129313413301414,97.1810904949918,91.60608551471157,57.90696805772799,67.15056955503321
8.091302960939597,0.5298507113511225,0.9612630183979637,0.20764497360772854,0.3421372605444058,0.16758310966596038,0.76326469316026,1298.4883678230865,8.355170314726529,96.56137470240272,39.133470903991686,43.20732404862206,167.19018546360942,113.82519900414214
4.242484350541314,3.9215249544953634,0.21843778568123667,0.04233643564131222,0.6599848372698764,0.4480116180759421,0.007962092313654773,61.49737866475787,3.7753230723789706,28.129313413301414,97.1810904949918,91.60608551471157,57.90696805772799,67.15056955503321
4.083985809093743,3.9215249544953634,0.21843778568123667,0.04233643564131222,0.7110304951912051,0.4480116180759421,0.959369388084155,61.49737866475787,3.7753230723789706,28.129313413301414,97.1810904949918,91.60608551471157,57.90696805772799,15.67850702529271
4.242484350541314,3.9215249544953634,0.21843778568123667,0.04233643564131222,0.6599848372698764,0.4480116180759421,0.007962092313654773,61.49737866475787,3.7753230723789706,28.129313413301414,97.1810904949918,91.60608551471157,57.90696805772799,67.15056955503321
4.242484350541314,3.9215249544953634,0.21843778568123667,0.04233643564131222,0.6599848372698764,0.4480116180759421,0.007962092313654773,61.49737866475787,3.7753230723789706,28.129313413301414,97.1810904949918,91.60608551471157,57.90696805772799,67.15056955503321
9.555682112181469,1.6873929604450764,3.8842834928686742,0.308255615077848,0.6286411424751901,0.5178925966491417,0.255504493098234,471.3069838927917,2.9741263990092173,8.393696355080483,40.30457291914031,158.4734671854701,158.36876200861585,89.1794690563152
9.641597410045186,1.129952963348052,4.994207136494021,0.044548097716112574,0.943976283679911,0.5300908865726557,0.7173534243667481,1427.546465184892,9.048439533396607,94.13154102621644,14.747939691326982,180.1990763155418,187.00342801625402,15.224159860108907
4.242484350541314,3.9215249544953634,0.21843778568123667,0.04233643564131222,0.6599848372698764,0.4480116180759421,0.007962092313654773,61.49737866475787,3.7753230723789706,28.129313413301414,97.1810904949918,91.60608551471157,57.90696805772799,67.15056955503321
4.242484350541314,3.9215249544953634,0.21843778568123667,0.04233643564131222,0.6599848372698764,0.4480116180759421,0.007962092313654773,61.49737866475787,3.7753230723789706,28.129313413301414,97.1810904949918,91.60608551471157,57.90696805772799,67.15056955503321
7.468569483347786,2.1404868272142785,3.068522247620154,0.1408362044201842,0.7170176438119185,0.26495691810247,0.31061865267600414,343.7412621444968,5.877440999056862,140.738153873549,56.78025506793444,87.5189049935397,33.369159503669586,105.18474623611115
8.281215489841793,6.0484912099088834,0.4132170306618261,0.1746906868541374,0.027468083910448304,0.33662986866352423,0.3992836717033928,449.97684387034224,6.276344860689362,119.72497218615177,68.58558697417274,144.8402053957612,57.217259651378164,149.67226471890675
7.945303103018768,0.09009130607299308,0.2862253514646998,0.06450888786297027,0.7783950630251888,0.6061281376769293,0.15888961545163335,917.1609498966176,0.8926834507471125,2.418138469542546,86.9962225475777,65.19453625258916,37.665562861720005,18.49723173413833
4.242484350541314,3.9215249544953634,0.21843778568123667,0.04233643564131222,0.6599848372698764,0.4480116180759421,0.007962092313654773,61.49737866475787,3.7753230723789706,28.129313413301414,97.1810904949918,91.60608551471157,57.90696805772799,67.15056955503321
4.083985809093743,3.9215249544953634,0.21843778568123667,0.04233643564131222,0.7110304951912051,0.4480116180759421,0.959369388084155,61.49737866475787,3.7753230723789706,28.129313413301414,97.1810904949918,91.60608551471157,57.90696805772799,15.67850702529271
4.242484350541314,3.9215249544953634,0.21843778568123667,0.04233643564131222,0.6599848372698764,0.4480116180759421,0.007962092313654773,61.49737866475787,3.7753230723789706,28.129313413301414,97.1810904949918,91.60608551471157,57.90696805772799,67.15056955503321
4.242484350541314,3.9215249544953634,0.21843778568123667,0.04233643564131222,0.6599848372698764,0.4480116180759421,0.007962092313654773,61.49737866475787,3.7753230723789706,28.129313413301414,97.1810904949918,91.60608551471157,57.90696805772799,67.15056955503321
8.10506849760032,0.5269274513671931,1.1766326658092074,0.04861621814742609,0.07085743989545612,0.38618352794788846,0.8218065087676436,1425.1120995755755,4.06670991933886,13.245890428587767,181.05886546213867,83.38557738692892,161.2224846749304,95.0445216986174
9.641597410045186,1.129952963348052,4.994207136494021,0.044548097716112574,0.943976283679911,0.5300908865726557,0.7173534243667481,1427.546465184892,9.048439533396607,94.13154102621644,14.747939691326982,180.1990763155418,187.00342801625402,15.224159860108907
4.242484350541314,3.9215249544953634,0.21843778568123667,0.04233643564131222,0.6599848372698764,0.4480116180759421,0.007962092313654773,61.49737866475787,3.7753230723789706,28.129313413301414,97.1810904949918,91.60608551471157,57.90696805772799,67.15056955503321
4.242484350541314,3.9215249544953634,0.21843778568123667,0.04233643564131222,0.6599848372698764,0.4480116180759421,0.007962092313654773,61.49737866475787,3.7753230723789706,28.129313413301414,97.1810904949918,91.60608551471157,57.90696805772799,67.15056955503321
4.242484350541314,3.9215249544953634,0.21843778568123667,0.04233643564131222,0.6599848372698764,0.4480116180759421,0.007962092313654773,61.49737866475787,3.7753230723789706,28.129313413301414,97.1810904949918,91.60608551471157,57.90696805772799,67.15056955503321
4.242484350541314,3.9215249544953634,0.21843778568123667,0.04233643564131222,0.6599848372698764,0.4480116180759421,0.007962092313654773,61.49737866475787,3.7753230723789706,28.129313413301414,97.1810904949918,91.60608551471157,57.90696805772799,67.15056955503321
4.242484350541314,3.9215249544953634,0.21843778568123667,0.04233643564131222,0.6599848372698764,0.4480116180759421,0.007962092313654773,61.49737866475787,3.7753230723789706,28.129313413301414,97.1810904949918,91.60608551471157,57.90696805772799,67.15056955503321
9.641597410045186,1.129952963348052,4.994207136494021,0.044548097716112574,0.943976283679911,0.5300908865726557,0.7173534243667481,1427.546465184892,9.048439533396607,94.13154102621644,14.747939691326982,180.1990763155418,187.00342801625402,15.224159860108907
4.135093972928104,3.9215249544953634,0.21843778568123667,0.04233643564131222,0.6599848372698764,0.4480116180759421,0.11817080145246311,61.49737866475787,3.7753230723789706,28.129313413301414,97.1810904949918,91.60608551471157,57.90696805772799,67.15056955503321
4.242484350541314,3.9215249544953634,0.21843778568123667,0.04233643564131222,0.6599848372698764,0.4480116180759421,0.007962092313654773,61.49737866475787,3.7753230723789706,28.129313413301414,97.1810904949918,91.60608551471157,57.90696805772799,67.15056955503321
8.10506849760032,0.5269274513671931,1.1766326658092074,0.04861621814742609,0.07085743989545612,0.38618352794788846,0.8218065087676436,1425.1120995755755,4.06670991933886,13.245890428587767,181.05886546213867,83.38557738692892,161.2224846749304,95.0445216986174
9.555682112181469,1.6873929604450764,3.8842834928686742,0.308255615077848,0.6286411424751901,0.5178925966491417,0.255504493098234,471.3069838927917,2.9741263990092173,8.393696355080483,40.30457291914031,158.4734671854701,158.36876200861585,89.1794690563152
8.281215489841793,6.0484912099088834,0.4132170306618261,0.1746906868541374,0.027468083910448304,0.33662986866352423,0.3992836717033928,449.97684387034224,6.276344860689362,119.72497218615177,68.58558697417274,144.8402053957612,57.217259651378164,149.67226471890675
7.945303103018768,0.09009130607299308,0.2862253514646998,0.06450888786297027,0.7783950630251888,0.6061281376769293,0.15888961545163335,917.1609498966176,0.8926834507471125,2.418138469542546,86.9962225475777,65.19453625258916,37.665562861720005,18.49723173413833
7.468569483347786,2.1404868272142785,3.068522247620154,0.1408362044201842,0.7170176438119185,0.26495691810247,0.31061865267600414,343.7412621444968,5.877440999056862,140.738153873549,56.78025506793444,87.5189049935397,33.369159503669586,105.18474623611115
4.242484350541314,3.9215249544953634,0.21843778568123667,0.04233643564131222,0.6599848372698764,0.4480116180759421,0.007962092313654773,61.49737866475787,3.7753230723789706,28.129313413301414,97.1810904949918,91.60608551471157,57.90696805772799,67.15056955503321
4.242484350541314,3.9215249544953634,0.21843778568123667,0.04233643564131222,0.6599848372698764,0.4480116180759421,0.007962092313654773,61.49737866475787,3.7753230723789706,28.129313413301414,97.1810904949918,91.60608551471157,57.90696805772799,67.15056955503321
4.242484350541314,3.9215249544953634,0.21843778568123667,0.04233643564131222,0.6599848372698764,0.4480116180759421,0.007962092313654773,61.49737866475787,3.7753230723789706,28.129313413301414,97.1810904949918,91.60608551471157,57.90696805772799,67.15056955503321
4.242484350541314,3.9215249544953634,0.21843778568123667,0.04233643564131222,0.6599848372698764,0.4480116180759421,0.007962092313654773,61.49737866475787,3.7753230723789706,28.129313413301414,97.1810904949918,91.60608551471157,57.90696805772799,67.15056955503321
4.083985809093743,3.9215249544953634,0.21843778568123667,0.04233643564131222,0.7110304951912051,0.4480116180759421,0.959369388084155,61.49737866475787,3.7753230723789706,28.129313413301414,97.1810904949918,91.60608551471157,57.90696805772799,15.67850702529271
4.242484350541314,3.9215249544953634,0.21843778568123667,0.04233643564131222,0.6599848372698764,0.4480116180759421,0.007962092313654773,61.49737866475787,3.7753230723789706,28.129313413301414,97.1810904949918,91.60608551471157,57.90696805772799,67.15056955503321
8.10506849760032,0.5269274513671931,1.1766326658092074,0.04861621814742609,0.07085743989545612,0.38618352794788846,0.8218065087676436,1425.1120995755755,4.06670991933886,13.245890428587767,181.05886546213867,83.38557738692892,161.2224846749304,95.0445216986174
4.135093972928104,3.9215249544953634,0.21843778568123667,0.04233643564131222,0.6599848372698764,0.4480116180759421,0.11817080145246311,61.49737866475787,3.7753230723789706,28.129313413301414,97.1810904949918,91.60608551471157,57.90696805772799,67.15056955503321
8.281215489841793,6.0484912099088834,0.4132170306618261,0.1746906868541374,0.027468083910448304,0.33662986866352423,0.3992836717033928,449.97684387034224,6.276344860689362,119.72497218615177,68.58558697417274,144.8402053957612,57.217259651378164,149.67226471890675
9.555682112181469,1.6873929604450764,3.8842834928686742,0.308255615077848,0.6286411424751901,0.5178925966491417,0.255504493098234,471.3069838927917,2.9741263990092173,8.393696355080483,40.30457291914031,158.4734671854701,158.36876200861585,89.1794690563152
7.945303103018768,0.09009130607299308,0.2862253514646998,0.06450888786297027,0.7783950630251888,0.6061281376769293,0.15888961545163335,917.1609498966176,0.8926834507471125,2.418138469542546,86.9962225475777,65.19453625258916,37.665562861720005,18.49723173413833
4.242484350541314,3.9215249544953634,0.21843778568123667,0.04233643564131222,0.6599848372698764,0.4480116180759421,0.007962092313654773,61.49737866475787,3.7753230723789706,28.129313413301414,97.1810904949918,91.60608551471157,57.90696805772799,67.15056955503321
4.242484350541314,3.9215249544953634,0.21843778568123667,0.04233643564131222,0.6599848372698764,0.4480116180759421,0.007962092313654773,61.49737866475787,3.7753230723789706,28.129313413301414,97.1810904949918,91.60608551471157,57.90696805772799,67.15056955503321
4.242484350541314,3.9215249544953634,0.21843778568123667,0.04233643564131222,0.6599848372698764,0.4480116180759421,0.007962092313654773,61.49737866475787,3.7753230723789706,28.129313413301414,97.1810904949918,91.60608551471157,57.90696805772799,67.15056955503321
4.242484350541314,3.9215249544953634,0.21843778568123667,0.04233643564131222,0.6599848372698764,0.4480116180759421,0.007962092313654773,61.49737866475787,3.7753230723789706,28.129313413301414,97.1810904949918,91.60608551471157,57.90696805772799,67.15056955503321
9.641597410045186,1.129952963348052,4.994207136494021,0.044548097716112574,0.943976283679911,0.5300908865726557,0.7173534243667481,1427.546465184892,9.048439533396607,94.13154102621644,14.747939691326982,180.1990763155418,187.00342801625402,15.224159860108907
4.135093972928104,3.9215249544953634,0.21843778568123667,0.04233643564131222,0.6599848372698764,0.4480116180759421,0.11817080145246311,61.49737866475787,3.7753230723789706,28.129313413301414,97.1810904949918,91.60608551471157,57.90696805772799,67.15056955503321
4.242484350541314,3.9215249544953634,0.21843778568123667,0.04233643564131222,0.6599848372698764,0.4480116180759421,0.007962092313654773,61.49737866475787,3.7753230723789706,28.129313413301414,97.1810904949918,91.60608551471157,57.90696805772799,67.15056955503321
9.555682112181469,1.6873929604450764,3.8842834928686742,0.308255615077848,0.6286411424751901,0.5178925966491417,0.255504493098234,471.3069838927917,2.9741263990092173,8.393696355080483,40.30457291914031,158.4734671854701,158.36876200861585,89.1794690563152
7.468569483347786,2.1404868272142785,3.068522247620154,0.1408362044201842,0.7170176438119185,0.26495691810247,0.31061865267600414,343.7412621444968,5.877440999056862,140.738153873549,56.78025506793444,87.5189049935397,33.369159503669586,105.18474623611115
4.242484350541314,3.9215249544953634,0.21843778568123667,0.04233643564131222,0.6599848372698764,0.4480116180759421,0.007962092313654773,61.49737866475787,3.7753230723789706,28.129313413301414,97.1810904949918,91.60608551471157,57.90696805772799,67.15056955503321
7.945303103018768,0.09009130607299308,0.2862253514646998,0.06450888786297027,0.7783950630251888,0.6061281376769293,0.15888961545163335,917.1609498966176,0.8926834507471125,2.418138469542546,86.9962225475777,65.19453625258916,37.665562861720005,18.49723173413833
4.242484350541314,3.9215249544953634,0.21843778568123667,0.04233643564131222,0.6599848372698764,0.4480116180759421,0.007962092313654773,61.49737866475787,3.7753230723789706,28.129313413301414,97.1810904949918,91.60608551471157,57.90696805772799,67.15056955503321
4.083985809093743,3.9215249544953634,0.21843778568123667,0.04233643564131222,0.7110304951912051,0.4480116180759421,0.959369388084155,61.49737866475787,3.7753230723789706,28.129313413301414,97.1810904949918,91.60608551471157,57.90696805772799,15.67850702529271
4.242484350541314,3.9215249544953634,0.21843778568123667,0.04233643564131222,0.6599848372698764,0.4480116180759421,0.007962092313654773,61.49737866475787,3.7753230723789706,28.129313413301414,97.1810904949918,91.60608551471157,57.90696805772799,67.15056955503321
8.281215489841793,6.0484912099088834,0.4132170306618261,0.1746906868541374,0.027468083910448304,0.33662986866352423,0.3992836717033928,449.97684387034224,6.276344860689362,119.72497218615177,68.58558697417274,144.8402053957612,57.217259651378164,149.67226471890675
4.242484350541314,3.9215249544953634,0.21843778568123667,0.04233643564131222,0.6599848372698764,0.4480116180759421,0.007962092313654773,61.49737866475787,3.7753230723789706,28.129313413301414,97.1810904949918,91.60608551471157,57.90696805772799,67.15056955503321
4.242484350541314,3.9215249544953634,0.21843778568123667,0.04233643564131222,0.6599848372698764,0.4480116180759421,0.007962092313654773,61.49737866475787,3.7753230723789706,28.129313413301414,97.1810904949918,91.60608551471157,57.90696805772799,67.15056955503321
8.10506849760032,0.5269274513671931,1.1766326658092074,0.04861621814742609,0.07085743989545612,0.38618352794788846,0.8218065087676436,1425.1120995755755,4.06670991933886,13.245890428587767,181.05886546213867,83.38557738692892,161.2224846749304,95.0445216986174
4.135093972928104,3.9215249544953634,0.21843778568123667,0.04233643564131222,0.6599848372698764,0.4480116180759421,0.11817080145246311,61.49737866475787,3.7753230723789706,28.129313413301414,97.1810904949918,91.60608551471157,57.90696805772799,67.15056955503321
7.468569483347786,2.1404868272142785,3.068522247620154,0.1408362044201842,0.7170176438119185,0.26495691810247,0.31061865267600414,343.7412621444968,5.877440999056862,140.738153873549,56.78025506793444,87.5189049935397,33.369159503669586,105.18474623611115
4.242484350541314,3.9215249544953634,0.21843778568123667,0.04233643564131222,0.6599848372698764,0.4480116180759421,0.007962092313654773,61.49737866475787,3.7753230723789706,28.129313413301414,97.1810904949918,91.60608551471157,57.90696805772799,67.15056955503321
9.555682112181469,1.6873929604450764,3.8842834928686742,0.308255615077848,0.6286411424751901,0.5178925966491417,0.255504493098234,471.3069838927917,2.9741263990092173,8.393696355080483,40.30457291914031,158.4734671854701,158.36876200861585,89.1794690563152
4.242484350541314,3.9215249544953634,0.21843778568123667,0.04233643564131222,0.6599848372698764,0.4480116180759421,0.007962092313654773,61.49737866475787,3.7753230723789706,28.129313413301414,97.1810904949918,91.60608551471157,57.90696805772799,67.15056955503321
4.242484350541314,3.9215249544953634,0.21843778568123667,0.04233643564131222,0.6599848372698764,0.4480116180759421,0.007962092313654773,61.49737866475787,3.7753230723789706,28.129313413301414,97.1810904949918,91.60608551471157,57.90696805772799,67.15056955503321
4.083985809093743,3.9215249544953634,0.21843778568123667,0.04233643564131222,0.7110304951912051,0.4480116180759421,0.959369388084155,61.49737866475787,3.7753230723789706,28.129313413301414,97.1810904949918,91.60608551471157,57.90696805772799,15.67850702529271
8.281215489841793,6.0484912099088834,0.4132170306618261,0.1746906868541374,0.027468083910448304,0.33662986866352423,0.3992836717033928,449.97684387034224,6.276344860689362,119.72497218615177,68.58558697417274,144.8402053957612,57.217259651378164,149.67226471890675
9.641597410045186,1.129952963348052,4.994207136494021,0.044548097716112574,0.943976283679911,0.5300908865726557,0.7173534243667481,1427.546465184892,9.048439533396607,94.13154102621644,14.747939691326982,180.1990763155418,187.00342801625402,15.224159860108907
4.242484350541314,3.9215249544953634,0.21843778568123667,0.04233643564131222,0.6599848372698764,0.4480116180759421,0.007962092313654773,61.49737866475787,3.7753230723789706,28.129313413301414,97.1810904949918,91.60608551471157,57.90696805772799,67.15056955503321
8.10506849760032,0.5269274513671931,1.1766326658092074,0.04861621814742609,0.07085743989545612,0.38618352794788846,0.8218065087676436,1425.1120995755755,4.06670991933886,13.245890428587767,181.05886546213867,83.38557738692892,161.2224846749304,95.0445216986174
4.242484350541314,3.9215249544953634,0.21843778568123667,0.04233643564131222,0.6599848372698764,0.4480116180759421,0.007962092313654773,61.49737866475787,3.7753230723789706,28.129313413301414,97.1810904949918,91.60608551471157,57.90696805772799,67.15056955503321
4.135093972928104,3.9215249544953634,0.21843778568123667,0.04233643564131222,0.6599848372698764,0.4480116180759421,0.11817080145246311,61.49737866475787,3.7753230723789706,28.129313413301414,97.1810904949918,91.60608551471157,57.90696805772799,67.15056955503321
4.242484350541314,3.9215249544953634,0.21843778568123667,0.04233643564131222,0.6599848372698764,0.4480116180759421,0.007962092313654773,61.49737866475787,3.7753230723789706,28.129313413301414,97.1810904949918,91.60608551471157,57.90696805772799,67.15056955503321
7.468569483347786,2.1404868272142785,3.068522247620154,0.1408362044201842,0.7170176438119185,0.26495691810247,0.31061865267600414,343.7412621444968,5.877440999056862,140.738153873549,56.78025506793444,87.5189049935397,33.369159503669586,105.18474623611115
4.242484350541314,3.9215249544953634,0.21843778568123667,0.04233643564131222,0.6599848372698764,0.4480116180759421,0.007962092313654773,61.49737866475787,3.7753230723789706,28.129313413301414,97.1810904949918,91.60608551471157,57.90696805772799,67.15056955503321
4.242484350541314,3.9215249544953634,0.21843778568123667,0.04233643564131222,0.6599848372698764,0.4480116180759421,0.007962092313654773,61.49737866475787,3.7753230723789706,28.129313413301414,97.1810904949918,91.60608551471157,57.90696805772799,67.15056955503321
9.555682112181469,1.6873929604450764,3.8842834928686742,0.308255615077848,0.6286411424751901,0.5178925966491417,0.255504493098234,471.3069838927917,2.9741263990092173,8.393696355080483,40.30457291914031,158.4734671854701,158.36876200861585,89.1794690563152
4.242484350541314,3.9215249544953634,0.21843778568123667,0.04233643564131222,0.6599848372698764,0.4480116180759421,0.007962092313654773,61.49737866475787,3.7753230723789706,28.129313413301414,97.1810904949918,91.60608551471157,57.90696805772799,67.15056955503321
8.281215489841793,6.0484912099088834,0.4132170306618261,0.1746906868541374,0.027468083910448304,0.33662986866352423,0.3992836717033928,449.97684387034224,6.276344860689362,119.72497218615177,68.58558697417274,144.8402053957612,57.217259651378164,149.67226471890675
4.242484350541314,3.9215249544953634,0.21843778568123667,0.04233643564131222,0.6599848372698764,0.4480116180759421,0.007962092313654773,61.49737866475787,3.7753230723789706,28.129313413301414,97.1810904949918,91.60608551471157,57.90696805772799,67.15056955503321
4.242484350541314,3.9215249544953634,0.21843778568123667,0.04233643564131222,0.6599848372698764,0.4480116180759421,0.007962092313654773,61.49737866475787,3.7753230723789706,28.129313413301414,97.1810904949918,91.60608551471157,57.90696805772799,67.15056955503321
8.10506849760032,0.5269274513671931,1.1766326658092074,0.04861621814742609,0.07085743989545612,0.38618352794788846,0.8218065087676436,1425.1120995755755,4.06670991933886,13.245890428587767,181.05886546213867,83.38557738692892,161.2224846749304,95.0445216986174
4.242484350541314,3.9215249544953634,0.21843778568123667,0.04233643564131222,0.6599848372698764,0.4480116180759421,0.007962092313654773,61.49737866475787,3.7753230723789706,28.129313413301414,97.1810904949918,91.60608551471157,57.90696805772799,67.15056955503321
4.242484350541314,3.9215249544953634,0.21843778568123667,0.04233643564131222,0.6599848372698764,0.4480116180759421,0.007962092313654773,61.49737866475787,3.7753230723789706,28.129313413301414,97.1810904949918,91.60608551471157,57.90696805772799,67.15056955503321
4.242484350541314,3.9215249544953634,0.21843778568123667,0.04233643564131222,0.6599848372698764,0.4480116180759421,0.007962092313654773,61.49737866475787,3.7753230723789706,28.129313413301414,97.1810904949918,91.60608551471157,57.90696805772799,67.15056955503321
8.281215489841793,6.0484912099088834,0.4132170306618261,0.1746906868541374,0.027468083910448304,0.33662986866352423,0.3992836717033928,449.97684387034224,6.276344860689362,119.72497218615177,68.58558697417274,144.8402053957612,57.217259651378164,149.67226471890675
4.083985809093743,3.9215249544953634,0.21843778568123667,0.04233643564131222,0.7110304951912051,0.4480116180759421,0.959369388084155,61.49737866475787,3.7753230723789706,28.129313413301414,97.1810904949918,91.60608551471157,57.90696805772799,15.67850702529271
9.641597410045186,1.129952963348052,4.994207136494021,0.044548097716112574,0.943976283679911,0.5300908865726557,0.7173534243667481,1427.546465184892,9.048439533396607,94.13154102621644,14.747939691326982,180.1990763155418,187.00342801625402,15.224159860108907
4.242484350541314,3.9215249544953634,0.21843778568123667,0.04233643564131222,0.6599848372698764,0.4480116180759421,0.007962092313654773,61.49737866475787,3.7753230723789706,28.129313413301414,97.1810904949918,91.60608551471157,57.90696805772799,67.15056955503321
8.10506849760032,0.5269274513671931,1.1766326658092074,0.04861621814742609,0.07085743989545612,0.38618352794788846,0.8218065087676436,1425.1120995755755,4.06670991933886,13.245890428587767,181.05886546213867,83.38557738692892,161.2224846749304,95.0445216986174
4.242484350541314,3.9215249544953634,0.21843778568123667,0.04233643564131222,0.6599848372698764,0.4480116180759421,0.007962092313654773,61.49737866475787,3.7753230723789706,28.129313413301414,97.1810904949918,91.60608551471157,57.90696805772799,67.15056955503321
4.242484350541314,3.9215249544953634,0.21843778568123667,0.04233643564131222,0.6599848372698764,0.4480116180759421,0.007962092313654773,61.49737866475787,3.7753230723789706,28.129313413301414,97.1810904949918,91.60608551471157,57.90696805772799,67.15056955503321
4.242484350541314,3.9215249544953634,0.21843778568123667,0.04233643564131222,0.6599848372698764,0.4480116180759421,0.007962092313654773,61.49737866475787,3.7753230723789706,28.129313413301414,97.1810904949918,91.60608551471157,57.90696805772799,67.15056955503321
4.242484350541314,3.9215249544953634,0.21843778568123667,0.04233643564131222,0.6599848372698764,0.4480116180759421,0.007962092313654773,61.49737866475787,3.7753230723789706,28.129313413301414,97.1810904949918,91.60608551471157,57.90696805772799,67.15056955503321
8.281215489841793,6.0484912099088834,0.4132170306618261,0.1746906868541374,0.027468083910448304,0.33662986866352423,0.3992836717033928,449.97684387034224,6.276344860689362,119.72497218615177,68.58558697417274,144.8402053957612,57.217259651378164,149.67226471890675
4.242484350541314,3.9215249544953634,0.21843778568123667,0.04233643564131222,0.6599848372698764,0.4480116180759421,0.007962092313654773,61.49737866475787,3.7753230723789706,28.129313413301414,97.1810904949918,91.60608551471157,57.90696805772799,67.15056955503321
4.242484350541314,3.9215249544953634,0.21843778568123667,0.04233643564131222,0.6599848372698764,0.4480116180759421,0.007962092313654773,61.49737866475787,3.7753230723789706,28.129313413301414,97.1810904949918,91.60608551471157,57.90696805772799,67.15056955503321
7.468569483347786,2.1404868272142785,3.068522247620154,0.1408362044201842,0.7170176438119185,0.26495691810247,0.31061865267600414,343.7412621444968,5.877440999056862,140.738153873549,56.78025506793444,87.5189049935397,33.369159503669586,105.18474623611115
4.135093972928104,3.9215249544953634,0.21843778568123667,0.04233643564131222,0.6599848372698764,0.4480116180759421,0.11817080145246311,61.49737866475787,3.7753230723789706,28.129313413301414,97.1810904949918,91.60608551471157,57.90696805772799,67.15056955503321
9.555682112181469,1.6873929604450764,3.8842834928686742,0.308255615077848,0.6286411424751901,0.5178925966491417,0.255504493098234,471.3069838927917,2.9741263990092173,8.393696355080483,40.30457291914031,158.4734671854701,158.36876200861585,89.1794690563152
4.242484350541314,3.9215249544953634,0.21843778568123667,0.04233643564131222,0.6599848372698764,0.4480116180759421,0.007962092313654773,61.49737866475787,3.7753230723789706,28.129313413301414,97.1810904949918,91.60608551471157,57.90696805772799,67.15056955503321
4.242484350541314,3.9215249544953634,0.21843778568123667,0.04233643564131222,0.6599848372698764,0.4480116180759421,0.007962092313654773,61.49737866475787,3.7753230723789706,28.129313413301414,97.1810904949918,91.60608551471157,57.90696805772799,67.15056955503321
8.281215489841793,6.0484912099088834,0.4132170306618261,0.1746906868541374,0.027468083910448304,0.33662986866352423,0.3992836717033928,449.97684387034224,6.276344860689362,119.72497218615177,68.58558697417274,144.8402053957612,57.217259651378164,149.67226471890675
4.242484350541314,3.9215249544953634,0.21843778568123667,0.04233643564131222,0.6599848372698764,0.4480116180759421,0.007962092313654773,61.49737866475787,3.7753230723789706,28.129313413301414,97.1810904949918,91.60608551471157,57.90696805772799,67.15056955503321
7.468569483347786,2.1404868272142785,3.068522247620154,0.1408362044201842,0.7170176438119185,0.26495691810247,0.31061865267600414,343.7412621444968,5.877440999056862,140.738153873549,56.78025506793444,87.5189049935397,33.369159503669586,105.18474623611115
4.242484350541314,3.9215249544953634,0.21843778568123667,0.04233643564131222,0.6599848372698764,0.4480116180759421,0.007962092313654773,61.49737866475787,3.7753230723789706,28.129313413301414,97.1810904949918,91.60608551471157,57.90696805772799,67.15056955503321
9.641597410045186,1.129952963348052,4.994207136494021,0.044548097716112574,0.943976283679911,0.5300908865726557,0.7173534243667481,1427.546465184892,9.048439533396607,94.13154102621644,14.747939691326982,180.1990763155418,187.00342801625402,15.224159860108907
4.083985809093743,3.9215249544953634,0.21843778568123667,0.04233643564131222,0.7110304951912051,0.4480116180759421,0.959369388084155,61.49737866475787,3.7753230723789706,28.129313413301414,97.1810904949918,91.60608551471157,57.90696805772799,15.67850702529271
4.242484350541314,3.9215249544953634,0.21843778568123667,0.04233643564131222,0.6599848372698764,0.4480116180759421,0.007962092313654773,61.49737866475787,3.7753230723789706,28.129313413301414,97.1810904949918,91.60608551471157,57.90696805772799,67.15056955503321
9.555682112181469,1.6873929604450764,3.8842834928686742,0.308255615077848,0.6286411424751901,0.5178925966491417,0.255504493098234,471.3069838927917,2.9741263990092173,8.393696355080483,40.30457291914031,158.4734671854701,158.36876200861585,89.1794690563152
4.242484350541314,3.9215249544953634,0.21843778568123667,0.04233643564131222,0.6599848372698764,0.4480116180759421,0.007962092313654773,61.49737866475787,3.7753230723789706,28.129313413301414,97.1810904949918,91.60608551471157,57.90696805772799,67.15056955503321
4.242484350541314,3.9215249544953634,0.21843778568123667,0.04233643564131222,0.6599848372698764,0.4480116180759421,0.007962092313654773,61.49737866475787,3.7753230723789706,28.129313413301414,97.1810904949918,91.60608551471157,57.90696805772799,67.15056955503321
8.10506849760032,0.5269274513671931,1.1766326658092074,0.04861621814742609,0.07085743989545612,0.38618352794788846,0.8218065087676436,1425.1120995755755,4.06670991933886,13.245890428587767,181.05886546213867,83.38557738692892,161.2224846749304,95.0445216986174
4.242484350541314,3.9215249544953634,0.21843778568123667,0.04233643564131222,0.6599848372698764,0.4480116180759421,0.007962092313654773,61.49737866475787,3.7753230723789706,28.129313413301414,97.1810904949918,91.60608551471157,57.90696805772799,67.15056955503321
4.242484350541314,3.9215249544953634,0.21843778568123667,0.04233643564131222,0.6599848372698764,0.4480116180759421,0.007962092313654773,61.49737866475787,3.7753230723789706,28.129313413301414,97.1810904949918,91.60608551471157,57.90696805772799,67.15056955503321
4.242484350541314,3.9215249544953634,0.21843778568123667,0.04233643564131222,0.6599848372698764,0.4480116180759421,0.007962092313654773,61.49737866475787,3.7753230723789706,28.129313413301414,97.1810904949918,91.60608551471157,57.90696805772799,67.15056955503321
4.242484350541314,3.9215249544953634,0.21843778568123667,0.04233643564131222,0.6599848372698764,0.4480116180759421,0.007962092313654773,61.49737866475787,3.7753230723789706,28.129313413301414,97.1810904949918,91.60608551471157,57.90696805772799,67.15056955503321
4.083985809093743,3.9215249544953634,0.21843778568123667,0.04233643564131222,0.7110304951912051,0.4480116180759421,0.959369388084155,61.49737866475787,3.7753230723789706,28.129313413301414,97.1810904949918,91.60608551471157,57.90696805772799,15.67850702529271
4.135093972928104,3.9215249544953634,0.21843778568123667,0.04233643564131222,0.6599848372698764,0.4480116180759421,0.11817080145246311,61.49737866475787,3.7753230723789706,28.129313413301414,97.1810904949918,91.60608551471157,57.90696805772799,67.15056955503321
4.242484350541314,3.9215249544953634,0.21843778568123667,0.04233643564131222,0.6599848372698764,0.4480116180759421,0.007962092313654773,61.49737866475787,3.7753230723789706,28.129313413301414,97.1810904949918,91.60608551471157,57.90696805772799,67.15056955503321
4.242484350541314,3.9215249544953634,0.21843778568123667,0.04233643564131222,0.6599848372698764,0.4480116180759421,0.007962092313654773,61.49737866475787,3.7753230723789706,28.129313413301414,97.1810904949918,91.60608551471157,57.90696805772799,67.15056955503321
9.555682112181469,1.6873929604450764,3.8842834928686742,0.308255615077848,0.6286411424751901,0.5178925966491417,0.255504493098234,471.3069838927917,2.9741263990092173,8.393696355080483,40.30457291914031,158.4734671854701,158.36876200861585,89.1794690563152
8.281215489841793,6.0484912099088834,0.4132170306618261,0.1746906868541374,0.027468083910448304,0.33662986866352423,0.3992836717033928,449.97684387034224,6.276344860689362,119.72497218615177,68.58558697417274,144.8402053957612,57.217259651378164,149.67226471890675
4.242484350541314,3.9215249544953634,0.21843778568123667,0.04233643564131222,0.6599848372698764,0.4480116180759421,0.007962092313654773,61.49737866475787,3.7753230723789706,28.129313413301414,97.1810904949918,91.60608551471157,57.90696805772799,67.15056955503321
4.242484350541314,3.9215249544953634,0.21843778568123667,0.04233643564131222,0.6599848372698764,0.4480116180759421,0.007962092313654773,61.49737866475787,3.7753230723789706,28.129313413301414,97.1810904949918,91.60608551471157,57.90696805772799,67.15056955503321
7.468569483347786,2.1404868272142785,3.068522247620154,0.1408362044201842,0.7170176438119185,0.26495691810247,0.31061865267600414,343.7412621444968,5.877440999056862,140.738153873549,56.78025506793444,87.5189049935397,33.369159503669586,105.18474623611115
4.242484350541314,3.9215249544953634,0.21843778568123667,0.04233643564131222,0.6599848372698764,0.4480116180759421,0.007962092313654773,61.49737866475787,3.7753230723789706,28.129313413301414,97.1810904949918,91.60608551471157,57.90696805772799,67.15056955503321
4.242484350541314,3.9215249544953634,0.21843778568123667,0.04233643564131222,0.6599848372698764,0.4480116180759421,0.007962092313654773,61.49737866475787,3.7753230723789706,28.129313413301414,97.1810904949918,91.60608551471157,57.90696805772799,67.15056955503321
7.539942686417307,11.067448887054265,0.039250141513687956,0.34556409377958186,0.3663763277779919,0.4743901471239,0.7510018169761491,1386.6597614109733,2.967725747096235,128.60500998683588,138.83447164066257,115.27767878084506,51.930537246327965,76.81975197218554
4.242484350541314,3.9215249544953634,0.21843778568123667,0.04233643564131222,0.6599848372698764,0.4480116180759421,0.007962092313654773,61.49737866475787,3.7753230723789706,28.129313413301414,97.1810904949918,91.60608551471157,57.90696805772799,67.15056955503321
4.242484350541314,3.9215249544953634,0.21843778568123667,0.04233643564131222,0.6599848372698764,0.4480116180759421,0.007962092313654773,61.49737866475787,3.7753230723789706,28.129313413301414,97.1810904949918,91.60608551471157,57.90696805772799,67.15056955503321
8.10506849760032,0.5269274513671931,1.1766326658092074,0.04861621814742609,0.07085743989545612,0.38618352794788846,0.8218065087676436,1425.1120995755755,4.06670991933886,13.245890428587767,181.05886546213867,83.38557738692892,161.2224846749304,95.0445216986174
4.242484350541314,3.9215249544953634,0.21843778568123667,0.04233643564131222,0.6599848372698764,0.4480116180759421,0.007962092313654773,61.49737866475787,3.7753230723789706,28.129313413301414,97.1810904949918,91.60608551471157,57.90696805772799,67.15056955503321
8.281215489841793,6.0484912099088834,0.4132170306618261,0.1746906868541374,0.027468083910448304,0.33662986866352423,0.3992836717033928,449.97684387034224,6.276344860689362,119.72497218615177,68.58558697417274,144.8402053957612,57.217259651378164,149.67226471890675
9.555682112181469,1.6873929604450764,3.8842834928686742,0.308255615077848,0.6286411424751901,0.5178925966491417,0.255504493098234,471.3069838927917,2.9741263990092173,8.393696355080483,40.30457291914031,158.4734671854701,158.36876200861585,89.1794690563152
4.242484350541314,3.9215249544953634,0.21843778568123667,0.04233643564131222,0.6599848372698764,0.4480116180759421,0.007962092313654773,61.49737866475787,3.7753230723789706,28.129313413301414,97.1810904949918,91.60608551471157,57.90696805772799,67.15056955503321
7.468569483347786,2.1404868272142785,3.068522247620154,0.1408362044201842,0.7170176438119185,0.26495691810247,0.31061865267600414,343.7412621444968,5.877440999056862,140.738153873549,56.78025506793444,87.5189049935397,33.369159503669586,105.18474623611115
7.539942686417307,11.067448887054265,0.039250141513687956,0.34556409377958186,0.3663763277779919,0.4743901471239,0.7510018169761491,1386.6597614109733,2.967725747096235,128.60500998683588,138.83447164066257,115.27767878084506,51.930537246327965,76.81975197218554
4.242484350541314,3.9215249544953634,0.21843778568123667,0.04233643564131222,0.6599848372698764,0.4480116180759421,0.007962092313654773,61.49737866475787,3.7753230723789706,28.129313413301414,97.1810904949918,91.60608551471157,57.90696805772799,67.15056955503321
4.083985809093743,3.9215249544953634,0.21843778568123667,0.04233643564131222,0.7110304951912051,0.4480116180759421,0.959369388084155,61.49737866475787,3.7753230723789706,28.129313413301414,97.1810904949918,91.60608551471157,57.90696805772799,15.67850702529271
4.242484350541314,3.9215249544953634,0.21843778568123667,0.04233643564131222,0.6599848372698764,0.4480116180759421,0.007962092313654773,61.49737866475787,3.7753230723789706,28.129313413301414,97.1810904949918,91.60608551471157,57.90696805772799,67.15056955503321
4.242484350541314,3.9215249544953634,0.21843778568123667,0.04233643564131222,0.6599848372698764,0.4480116180759421,0.007962092313654773,61.49737866475787,3.7753230723789706,28.129313413301414,97.1810904949918,91.60608551471157,57.90696805772799,67.15056955503321
8.10506849760032,0.5269274513671931,1.1766326658092074,0.04861621814742609,0.07085743989545612,0.38618352794788846,0.8218065087676436,1425.1120995755755,4.06670991933886,13.245890428587767,181.05886546213867,83.38557738692892,161.2224846749304,95.0445216986174
4.242484350541314,3.9215249544953634,0.21843778568123667,0.04233643564131222,0.6599848372698764,0.4480116180759421,0.007962092313654773,61.49737866475787,3.7753230723789706,28.129313413301414,97.1810904949918,91.60608551471157,57.90696805772799,67.15056955503321
4.242484350541314,3.9215249544953634,0.21843778568123667,0.04233643564131222,0.6599848372698764,0.4480116180759421,0.007962092313654773,61.49737866475787,3.7753230723789706,28.129313413301414,97.1810904949918,91.60608551471157,57.90696805772799,67.15056955503321
4.135093972928104,3.9215249544953634,0.21843778568123667,0.04233643564131222,0.6599848372698764,0.4480116180759421,0.11817080145246311,61.49737866475787,3.7753230723789706,28.129313413301414,97.1810904949918,91.60608551471157,57.90696805772799,67.15056955503321
4.242484350541314,3.9215249544953634,0.21843778568123667,0.04233643564131222,0.6599848372698764,0.4480116180759421,0.007962092313654773,61.49737866475787,3.7753230723789706,28.129313413301414,97.1810904949918,91.60608551471157,57.90696805772799,67.15056955503321
4.242484350541314,3.9215249544953634,0.21843778568123667,0.04233643564131222,0.6599848372698764,0.4480116180759421,0.007962092313654773,61.49737866475787,3.7753230723789706,28.129313413301414,97.1810904949918,91.60608551471157,57.90696805772799,67.15056955503321
7.468569483347786,2.1404868272142785,3.068522247620154,0.1408362044201842,0.7170176438119185,0.26495691810247,0.31061865267600414,343.7412621444968,5.877440999056862,140.738153873549,56.78025506793444,87.5189049935397,33.369159503669586,105.18474623611115
4.242484350541314,3.9215249544953634,0.21843778568123667,0.04233643564131222,0.6599848372698764,0.4480116180759421,0.007962092313654773,61.49737866475787,3.7753230723789706,28.129313413301414,97.1810904949918,91.60608551471157,57.90696805772799,67.15056955503321
7.539942686417307,11.067448887054265,0.039250141513687956,0.34556409377958186,0.3663763277779919,0.4743901471239,0.7510018169761491,1386.6597614109733,2.967725747096235,128.60500998683588,138.83447164066257,115.27767878084506,51.930537246327965,76.81975197218554
4.083985809093743,3.9215249544953634,0.21843778568123667,0.04233643564131222,0.7110304951912051,0.4480116180759421,0.959369388084155,61.49737866475787,3.7753230723789706,28.129313413301414,97.1810904949918,91.60608551471157,57.90696805772799,15.67850702529271
8.281215489841793,6.0484912099088834,0.4132170306618261,0.1746906868541374,0.027468083910448304,0.33662986866352423,0.3992836717033928,449.97684387034224,6.276344860689362,119.72497218615177,68.58558697417274,144.8402053957612,57.217259651378164,149.67226471890675
4.135093972928104,3.9215249544953634,0.21843778568123667,0.04233643564131222,0.6599848372698764,0.4480116180759421,0.11817080145246311,61.49737866475787,3.7753230723789706,28.129313413301414,97.1810904949918,91.60608551471157,57.90696805772799,67.15056955503321
4.242484350541314,3.9215249544953634,0.21843778568123667,0.04233643564131222,0.6599848372698764,0.4480116180759421,0.007962092313654773,61.49737866475787,3.7753230723789706,28.129313413301414,97.1810904949918,91.60608551471157,57.90696805772799,67.15056955503321
4.242484350541314,3.9215249544953634,0.21843778568123667,0.04233643564131222,0.6599848372698764,0.4480116180759421,0.007962092313654773,61.49737866475787,3.7753230723789706,28.129313413301414,97.1810904949918,91.60608551471157,57.90696805772799,67.15056955503321
9.555682112181469,1.6873929604450764,3.8842834928686742,0.308255615077848,0.6286411424751901,0.5178925966491417,0.255504493098234,471.3069838927917,2.9741263990092173,8.393696355080483,40.30457291914031,158.4734671854701,158.36876200861585,89.1794690563152
7.468569483347786,2.1404868272142785,3.068522247620154,0.1408362044201842,0.7170176438119185,0.26495691810247,0.31061865267600414,343.7412621444968,5.877440999056862,140.738153873549,56.78025506793444,87.5189049935397,33.369159503669586,105.18474623611115
4.242484350541314,3.9215249544953634,0.21843778568123667,0.04233643564131222,0.6599848372698764,0.4480116180759421,0.007962092313654773,61.49737866475787,3.7753230723789706,28.129313413301414,97.1810904949918,91.60608551471157,57.90696805772799,67.15056955503321
4.083985809093743,3.9215249544953634,0.21843778568123667,0.04233643564131222,0.7110304951912051,0.4480116180759421,0.959369388084155,61.49737866475787,3.7753230723789706,28.129313413301414,97.1810904949918,91.60608551471157,57.90696805772799,15.67850702529271
8.281215489841793,6.0484912099088834,0.4132170306618261,0.1746906868541374,0.027468083910448304,0.33662986866352423,0.3992836717033928,449.97684387034224,6.276344860689362,119.72497218615177,68.58558697417274,144.8402053957612,57.217259651378164,149.67226471890675
8.10506849760032,0.5269274513671931,1.1766326658092074,0.04861621814742609,0.07085743989545612,0.38618352794788846,0.8218065087676436,1425.1120995755755,4.06670991933886,13.245890428587767,181.05886546213867,83.38557738692892,161.2224846749304,95.0445216986174
4.242484350541314,3.9215249544953634,0.21843778568123667,0.04233643564131222,0.6599848372698764,0.4480116180759421,0.007962092313654773,61.49737866475787,3.7753230723789706,28.129313413301414,97.1810904949918,91.60608551471157,57.90696805772799,67.15056955503321
4.242484350541314,3.9215249544953634,0.21843778568123667,0.04233643564131222,0.6599848372698764,0.4480116180759421,0.007962092313654773,61.49737866475787,3.7753230723789706,28.129313413301414,97.1810904949918,91.60608551471157,57.90696805772799,67.15056955503321
4.242484350541314,3.9215249544953634,0.21843778568123667,0.04233643564131222,0.6599848372698764,0.4480116180759421,0.007962092313654773,61.49737866475787,3.7753230723789706,28.129313413301414,97.1810904949918,91.60608551471157,57.90696805772799,67.15056955503321
4.242484350541314,3.9215249544953634,0.21843778568123667,0.04233643564131222,0.6599848372698764,0.4480116180759421,0.007962092313654773,61.49737866475787,3.7753230723789706,28.129313413301414,97.1810904949918,91.60608551471157,57.90696805772799,67.15056955503321
4.242484350541314,3.9215249544953634,0.21843778568123667,0.04233643564131222,0.6599848372698764,0.4480116180759421,0.007962092313654773,61.49737866475787,3.7753230723789706,28.129313413301414,97.1810904949918,91.60608551471157,57.90696805772799,67.15056955503321
4.242484350541314,3.9215249544953634,0.21843778568123667,0.04233643564131222,0.6599848372698764,0.4480116180759421,0.007962092313654773,61.49737866475787,3.7753230723789706,28.129313413301414,97.1810904949918,91.60608551471157,57.90696805772799,67.15056955503321
4.135093972928104,3.9215249544953634,0.21843778568123667,0.04233643564131222,0.6599848372698764,0.4480116180759421,0.11817080145246311,61.49737866475787,3.7753230723789706,28.129313413301414,97.1810904949918,91.60608551471157,57.90696805772799,67.15056955503321
7.539942686417307,11.067448887054265,0.039250141513687956,0.34556409377958186,0.3663763277779919,0.4743901471239,0.7510018169761491,1386.6597614109733,2.967725747096235,128.60500998683588,138.83447164066257,115.27767878084506,51.930537246327965,76.81975197218554
4.242484350541314,3.9215249544953634,0.21843778568123667,0.04233643564131222,0.6599848372698764,0.4480116180759421,0.007962092313654773,61.49737866475787,3.7753230723789706,28.129313413301414,97.1810904949918,91.60608551471157,57.90696805772799,67.15056955503321
4.242484350541314,3.9215249544953634,0.21843778568123667,0.04233643564131222,0.6599848372698764,0.4480116180759421,0.007962092313654773,61.49737866475787,3.7753230723789706,28.129313413301414,97.1810904949918,91.60608551471157,57.90696805772799,67.15056955503321
7.468569483347786,2.1404868272142785,3.068522247620154,0.1408362044201842,0.7170176438119185,0.26495691810247,0.31061865267600414,343.7412621444968,5.877440999056862,140.738153873549,56.78025506793444,87.5189049935397,33.369159503669586,105.18474623611115
4.083985809093743,3.9215249544953634,0.21843778568123667,0.04233643564131222,0.7110304951912051,0.4480116180759421,0.959369388084155,61.49737866475787,3.7753230723789706,28.129313413301414,97.1810904949918,91.60608551471157,57.90696805772799,15.67850702529271
8.281215489841793,6.0484912099088834,0.4132170306618261,0.1746906868541374,0.027468083910448304,0.33662986866352423,0.3992836717033928,449.97684387034224,6.276344860689362,119.72497218615177,68.58558697417274,144.8402053957612,57.217259651378164,149.67226471890675
4.242484350541314,3.9215249544953634,0.21843778568123667,0.04233643564131222,0.6599848372698764,0.4480116180759421,0.007962092313654773,61.49737866475787,3.7753230723789706,28.129313413301414,97.1810904949918,91.60608551471157,57.90696805772799,67.15056955503321
4.242484350541314,3.9215249544953634,0.21843778568123667,0.04233643564131222,0.6599848372698764,0.4480116180759421,0.007962092313654773,61.49737866475787,3.7753230723789706,28.129313413301414,97.1810904949918,91.60608551471157,57.90696805772799,67.15056955503321
4.242484350541314,3.9215249544953634,0.21843778568123667,0.04233643564131222,0.6599848372698764,0.4480116180759421,0.007962092313654773,61.49737866475787,3.7753230723789706,28.129313413301414,97.1810904949918,91.60608551471157,57.90696805772799,67.15056955503321
4.242484350541314,3.9215249544953634,0.21843778568123667,0.04233643564131222,0.6599848372698764,0.4480116180759421,0.007962092313654773,61.49737866475787,3.7753230723789706,28.129313413301414,97.1810904949918,91.60608551471157,57.90696805772799,67.15056955503321
4.242484350541314,3.9215249544953634,0.21843778568123667,0.04233643564131222,0.6599848372698764,0.4480116180759421,0.007962092313654773,61.49737866475787,3.7753230723789706,28.129313413301414,97.1810904949918,91.60608551471157,57.90696805772799,67.15056955503321
7.468569483347786,2.1404868272142785,3.068522247620154,0.1408362044201842,0.7170176438119185,0.26495691810247,0.31061865267600414,343.7412621444968,5.877440999056862,140.738153873549,56.78025506793444,87.5189049935397,33.369159503669586,105.18474623611115
7.539942686417307,11.067448887054265,0.039250141513687956,0.34556409377958186,0.3663763277779919,0.4743901471239,0.7510018169761491,1386.6597614109733,2.967725747096235,128.60500998683588,138.83447164066257,115.27767878084506,51.930537246327965,76.81975197218554
4.242484350541314,3.9215249544953634,0.21843778568123667,0.04233643564131222,0.6599848372698764,0.4480116180759421,0.007962092313654773,61.49737866475787,3.7753230723789706,28.129313413301414,97.1810904949918,91.60608551471157,57.90696805772799,67.15056955503321
4.135093972928104,3.9215249544953634,0.21843778568123667,0.04233643564131222,0.6599848372698764,0.4480116180759421,0.11817080145246311,61.49737866475787,3.7753230723789706,28.129313413301414,97.1810904949918,91.60608551471157,57.90696805772799,67.15056955503321
4.242484350541314,3.9215249544953634,0.21843778568123667,0.04233643564131222,0.6599848372698764,0.4480116180759421,0.007962092313654773,61.49737866475787,3.7753230723789706,28.129313413301414,97.1810904949918,91.60608551471157,57.90696805772799,67.15056955503321
9.555682112181469,1.6873929604450764,3.8842834928686742,0.308255615077848,0.6286411424751901,0.5178925966491417,0.255504493098234,471.3069838927917,2.9741263990092173,8.393696355080483,40.30457291914031,158.4734671854701,158.36876200861585,89.1794690563152
8.10506849760032,0.5269274513671931,1.1766326658092074,0.04861621814742609,0.07085743989545612,0.38618352794788846,0.8218065087676436,1425.1120995755755,4.06670991933886,13.245890428587767,181.05886546213867,83.38557738692892,161.2224846749304,95.0445216986174
4.242484350541314,3.9215249544953634,0.21843778568123667,0.04233643564131222,0.6599848372698764,0.4480116180759421,0.007962092313654773,61.49737866475787,3.7753230723789706,28.129313413301414,97.1810904949918,91.60608551471157,57.90696805772799,67.15056955503321
4.242484350541314,3.9215249544953634,0.21843778568123667,0.04233643564131222,0.6599848372698764,0.4480116180759421,0.007962092313654773,61.49737866475787,3.7753230723789706,28.129313413301414,97.1810904949918,91.60608551471157,57.90696805772799,67.15056955503321
4.242484350541314,3.9215249544953634,0.21843778568123667,0.04233643564131222,0.6599848372698764,0.4480116180759421,0.007962092313654773,61.49737866475787,3.7753230723789706,28.129313413301414,97.1810904949918,91.60608551471157,57.90696805772799,67.15056955503321
4.242484350541314,3.9215249544953634,0.21843778568123667,0.04233643564131222,0.6599848372698764,0.4480116180759421,0.007962092313654773,61.49737866475787,3.7753230723789706,28.129313413301414,97.1810904949918,91.60608551471157,57.90696805772799,67.15056955503321
7.539942686417307,11.067448887054265,0.039250141513687956,0.34556409377958186,0.3663763277779919,0.4743901471239,0.7510018169761491,1386.6597614109733,2.967725747096235,128.60500998683588,138.83447164066257,115.27767878084506,51.930537246327965,76.81975197218554
8.281215489841793,6.0484912099088834,0.4132170306618261,0.1746906868541374,0.027468083910448304,0.33662986866352423,0.3992836717033928,449.97684387034224,6.276344860689362,119.72497218615177,68.58558697417274,144.8402053957612,57.217259651378164,149.67226471890675
4.083985809093743,3.9215249544953634,0.21843778568123667,0.04233643564131222,0.7110304951912051,0.4480116180759421,0.959369388084155,61.49737866475787,3.7753230723789706,28.129313413301414,97.1810904949918,91.60608551471157,57.90696805772799,15.67850702529271
9.555682112181469,1.6873929604450764,3.8842834928686742,0.308255615077848,0.6286411424751901,0.5178925966491417,0.255504493098234,471.3069838927917,2.9741263990092173,8.393696355080483,40.30457291914031,158.4734671854701,158.36876200861585,89.1794690563152
8.10506849760032,0.5269274513671931,1.1766326658092074,0.04861621814742609,0.07085743989545612,0.38618352794788846,0.8218065087676436,1425.1120995755755,4.06670991933886,13.245890428587767,181.05886546213867,83.38557738692892,161.2224846749304,95.0445216986174
4.242484350541314,3.9215249544953634,0.21843778568123667,0.04233643564131222,0.6599848372698764,0.4480116180759421,0.007962092313654773,61.49737866475787,3.7753230723789706,28.129313413301414,97.1810904949918,91.60608551471157,57.90696805772799,67.15056955503321
4.242484350541314,3.9215249544953634,0.21843778568123667,0.04233643564131222,0.6599848372698764,0.4480116180759421,0.007962092313654773,61.49737866475787,3.7753230723789706,28.129313413301414,97.1810904949918,91.60608551471157,57.90696805772799,67.15056955503321
4.242484350541314,3.9215249544953634,0.21843778568123667,0.04233643564131222,0.6599848372698764,0.4480116180759421,0.007962092313654773,61.49737866475787,3.7753230723789706,28.129313413301414,97.1810904949918,91.60608551471157,57.90696805772799,67.15056955503321
4.242484350541314,3.9215249544953634,0.21843778568123667,0.04233643564131222,0.6599848372698764,0.4480116180759421,0.007962092313654773,61.49737866475787,3.7753230723789706,28.129313413301414,97.1810904949918,91.60608551471157,57.90696805772799,67.15056955503321
4.242484350541314,3.9215249544953634,0.21843778568123667,0.04233643564131222,0.6599848372698764,0.4480116180759421,0.007962092313654773,61.49737866475787,3.7753230723789706,28.129313413301414,97.1810904949918,91.60608551471157,57.90696805772799,67.15056955503321
4.242484350541314,3.9215249544953634,0.21843778568123667,0.04233643564131222,0.6599848372698764,0.4480116180759421,0.007962092313654773,61.49737866475787,3.7753230723789706,28.129313413301414,97.1810904949918,91.60608551471157,57.90696805772799,67.15056955503321
4.242484350541314,3.9215249544953634,0.21843778568123667,0.04233643564131222,0.6599848372698764,0.4480116180759421,0.007962092313654773,61.49737866475787,3.7753230723789706,28.129313413301414,97.1810904949918,91.60608551471157,57.90696805772799,67.15056955503321
7.468569483347786,2.1404868272142785,3.068522247620154,0.1408362044201842,0.7170176438119185,0.26495691810247,0.31061865267600414,343.7412621444968,5.877440999056862,140.738153873549,56.78025506793444,87.5189049935397,33.369159503669586,105.18474623611115
7.539942686417307,11.067448887054265,0.039250141513687956,0.34556409377958186,0.3663763277779919,0.4743901471239,0.7510018169761491,1386.6597614109733,2.967725747096235,128.60500998683588,138.83447164066257,115.27767878084506,51.930537246327965,76.81975197218554
4.242484350541314,3.9215249544953634,0.21843778568123667,0.04233643564131222,0.6599848372698764,0.4480116180759421,0.007962092313654773,61.49737866475787,3.7753230723789706,28.129313413301414,97.1810904949918,91.60608551471157,57.90696805772799,67.15056955503321
4.083985809093743,3.9215249544953634,0.21843778568123667,0.04233643564131222,0.7110304951912051,0.4480116180759421,0.959369388084155,61.49737866475787,3.7753230723789706,28.129313413301414,97.1810904949918,91.60608551471157,57.90696805772799,15.67850702529271
4.135093972928104,3.9215249544953634,0.21843778568123667,0.04233643564131222,0.6599848372698764,0.4480116180759421,0.11817080145246311,61.49737866475787,3.7753230723789706,28.129313413301414,97.1810904949918,91.60608551471157,57.90696805772799,67.15056955503321
4.242484350541314,3.9215249544953634,0.21843778568123667,0.04233643564131222,0.6599848372698764,0.4480116180759421,0.007962092313654773,61.49737866475787,3.7753230723789706,28.129313413301414,97.1810904949918,91.60608551471157,57.90696805772799,67.15056955503321
4.242484350541314,3.9215249544953634,0.21843778568123667,0.04233643564131222,0.6599848372698764,0.4480116180759421,0.007962092313654773,61.49737866475787,3.7753230723789706,28.129313413301414,97.1810904949918,91.60608551471157,57.90696805772799,67.15056955503321
9.555682112181469,1.6873929604450764,3.8842834928686742,0.308255615077848,0.6286411424751901,0.5178925966491417,0.255504493098234,471.3069838927917,2.9741263990092173,8.393696355080483,40.30457291914031,158.4734671854701,158.36876200861585,89.1794690563152
4.242484350541314,3.9215249544953634,0.21843778568123667,0.04233643564131222,0.6599848372698764,0.4480116180759421,0.007962092313654773,61.49737866475787,3.7753230723789706,28.129313413301414,97.1810904949918,91.60608551471157,57.90696805772799,67.15056955503321
7.468569483347786,2.1404868272142785,3.068522247620154,0.1408362044201842,0.7170176438119185,0.26495691810247,0.31061865267600414,343.7412621444968,5.877440999056862,140.738153873549,56.78025506793444,87.5189049935397,33.369159503669586,105.18474623611115
8.281215489841793,6.0484912099088834,0.4132170306618261,0.1746906868541374,0.027468083910448304,0.33662986866352423,0.3992836717033928,449.97684387034224,6.276344860689362,119.72497218615177,68.58558697417274,144.8402053957612,57.217259651378164,149.67226471890675
4.242484350541314,3.9215249544953634,0.21843778568123667,0.04233643564131222,0.6599848372698764,0.4480116180759421,0.007962092313654773,61.49737866475787,3.7753230723789706,28.129313413301414,97.1810904949918,91.60608551471157,57.90696805772799,67.15056955503321
4.242484350541314,3.9215249544953634,0.21843778568123667,0.04233643564131222,0.6599848372698764,0.4480116180759421,0.007962092313654773,61.49737866475787,3.7753230723789706,28.129313413301414,97.1810904949918,91.60608551471157,57.90696805772799,67.15056955503321
4.242484350541314,3.9215249544953634,0.21843778568123667,0.04233643564131222,0.6599848372698764,0.4480116180759421,0.007962092313654773,61.49737866475787,3.7753230723789706,28.129313413301414,97.1810904949918,91.60608551471157,57.90696805772799,67.15056955503321
8.10506849760032,0.5269274513671931,1.1766326658092074,0.04861621814742609,0.07085743989545612,0.38618352794788846,0.8218065087676436,1425.1120995755755,4.06670991933886,13.245890428587767,181.05886546213867,83.38557738692892,161.2224846749304,95.0445216986174
4.242484350541314,3.9215249544953634,0.21843778568123667,0.04233643564131222,0.6599848372698764,0.4480116180759421,0.007962092313654773,61.49737866475787,3.7753230723789706,28.129313413301414,97.1810904949918,91.60608551471157,57.90696805772799,67.15056955503321
4.242484350541314,3.9215249544953634,0.21843778568123667,0.04233643564131222,0.6599848372698764,0.4480116180759421,0.007962092313654773,61.49737866475787,3.7753230723789706,28.129313413301414,97.1810904949918,91.60608551471157,57.90696805772799,67.15056955503321
4.135093972928104,3.9215249544953634,0.21843778568123667,0.04233643564131222,0.6599848372698764,0.4480116180759421,0.11817080145246311,61.49737866475787,3.7753230723789706,28.129313413301414,97.1810904949918,91.60608551471157,57.90696805772799,67.15056955503321
4.242484350541314,3.9215249544953634,0.21843778568123667,0.04233643564131222,0.6599848372698764,0.4480116180759421,0.007962092313654773,61.49737866475787,3.7753230723789706,28.129313413301414,97.1810904949918,91.60608551471157,57.90696805772799,67.15056955503321
9.555682112181469,1.6873929604450764,3.8842834928686742,0.308255615077848,0.6286411424751901,0.5178925966491417,0.255504493098234,471.3069838927917,2.9741263990092173,8.393696355080483,40.30457291914031,158.4734671854701,158.36876200861585,89.1794690563152
4.242484350541314,3.9215249544953634,0.21843778568123667,0.04233643564131222,0.6599848372698764,0.4480116180759421,0.007962092313654773,61.49737866475787,3.7753230723789706,28.129313413301414,97.1810904949918,91.60608551471157,57.90696805772799,67.15056955503321
4.242484350541314,3.9215249544953634,0.21843778568123667,0.04233643564131222,0.6599848372698764,0.4480116180759421,0.007962092313654773,61.49737866475787,3.7753230723789706,28.129313413301414,97.1810904949918,91.60608551471157,57.90696805772799,67.15056955503321
8.281215489841793,6.0484912099088834,0.4132170306618261,0.1746906868541374,0.027468083910448304,0.33662986866352423,0.3992836717033928,449.97684387034224,6.276344860689362,119.72497218615177,68.58558697417274,144.8402053957612,57.217259651378164,149.67226471890675
4.242484350541314,3.9215249544953634,0.21843778568123667,0.04233643564131222,0.6599848372698764,0.4480116180759421,0.007962092313654773,61.49737866475787,3.7753230723789706,28.129313413301414,97.1810904949918,91.60608551471157,57.90696805772799,67.15056955503321
7.539942686417307,11.067448887054265,0.039250141513687956,0.34556409377958186,0.3663763277779919,0.4743901471239,0.7510018169761491,1386.6597614109733,2.967725747096235,128.60500998683588,138.83447164066257,115.27767878084506,51.930537246327965,76.81975197218554
4.083985809093743,3.9215249544953634,0.21843778568123667,0.04233643564131222,0.7110304951912051,0.4480116180759421,0.959369388084155,61.49737866475787,3.7753230723789706,28.129313413301414,97.1810904949918,91.60608551471157,57.90696805772799,15.67850702529271
4.242484350541314,3.9215249544953634,0.21843778568123667,0.04233643564131222,0.6599848372698764,0.4480116180759421,0.007962092313654773,61.49737866475787,3.7753230723789706,28.129313413301414,97.1810904949918,91.60608551471157,57.90696805772799,67.15056955503321
4.242484350541314,3.9215249544953634,0.21843778568123667,0.04233643564131222,0.6599848372698764,0.4480116180759421,0.007962092313654773,61.49737866475787,3.7753230723789706,28.129313413301414,97.1810904949918,91.60608551471157,57.90696805772799,67.15056955503321
4.242484350541314,3.9215249544953634,0.21843778568123667,0.04233643564131222,0.6599848372698764,0.4480116180759421,0.007962092313654773,61.49737866475787,3.7753230723789706,28.129313413301414,97.1810904949918,91.60608551471157,57.90696805772799,67.15056955503321
4.242484350541314,3.9215249544953634,0.21843778568123667,0.04233643564131222,0.6599848372698764,0.4480116180759421,0.007962092313654773,61.49737866475787,3.7753230723789706,28.129313413301414,97.1810904949918,91.60608551471157,57.90696805772799,67.15056955503321
4.135093972928104,3.9215249544953634,0.21843778568123667,0.04233643564131222,0.6599848372698764,0.4480116180759421,0.11817080145246311,61.49737866475787,3.7753230723789706,28.129313413301414,97.1810904949918,91.60608551471157,57.90696805772799,67.15056955503321
9.555682112181469,1.6873929604450764,3.8842834928686742,0.308255615077848,0.6286411424751901,0.5178925966491417,0.255504493098234,471.3069838927917,2.9741263990092173,8.393696355080483,40.30457291914031,158.4734671854701,158.36876200861585,89.1794690563152
8.281215489841793,6.0484912099088834,0.4132170306618261,0.1746906868541374,0.027468083910448304,0.33662986866352423,0.3992836717033928,449.97684387034224,6.276344860689362,119.72497218615177,68.58558697417274,144.8402053957612,57.217259651378164,149.67226471890675
7.468569483347786,2.1404868272142785,3.068522247620154,0.1408362044201842,0.7170176438119185,0.26495691810247,0.31061865267600414,343.7412621444968,5.877440999056862,140.738153873549,56.78025506793444,87.5189049935397,33.369159503669586,105.18474623611115
4.242484350541314,3.9215249544953634,0.21843778568123667,0.04233643564131222,0.6599848372698764,0.4480116180759421,0.007962092313654773,61.49737866475787,3.7753230723789706,28.129313413301414,97.1810904949918,91.60608551471157,57.90696805772799,67.15056955503321
7.539942686417307,11.067448887054265,0.039250141513687956,0.34556409377958186,0.3663763277779919,0.4743901471239,0.7510018169761491,1386.6597614109733,2.967725747096235,128.60500998683588,138.83447164066257,115.27767878084506,51.930537246327965,76.81975197218554
4.242484350541314,3.9215249544953634,0.21843778568123667,0.04233643564131222,0.6599848372698764,0.4480116180759421,0.007962092313654773,61.49737866475787,3.7753230723789706,28.129313413301414,97.1810904949918,91.60608551471157,57.90696805772799,67.15056955503321
4.083985809093743,3.9215249544953634,0.21843778568123667,0.04233643564131222,0.7110304951912051,0.4480116180759421,0.959369388084155,61.49737866475787,3.7753230723789706,28.129313413301414,97.1810904949918,91.60608551471157,57.90696805772799,15.67850702529271
4.242484350541314,3.9215249544953634,0.21843778568123667,0.04233643564131222,0.6599848372698764,0.4480116180759421,0.007962092313654773,61.49737866475787,3.7753230723789706,28.129313413301414,97.1810904949918,91.60608551471157,57.90696805772799,67.15056955503321
8.10506849760032,0.5269274513671931,1.1766326658092074,0.04861621814742609,0.07085743989545612,0.38618352794788846,0.8218065087676436,1425.1120995755755,4.06670991933886,13.245890428587767,181.05886546213867,83.38557738692892,161.2224846749304,95.0445216986174
4.242484350541314,3.9215249544953634,0.21843778568123667,0.04233643564131222,0.6599848372698764,0.4480116180759421,0.007962092313654773,61.49737866475787,3.7753230723789706,28.129313413301414,97.1810904949918,91.60608551471157,57.90696805772799,67.15056955503321
4.242484350541314,3.9215249544953634,0.21843778568123667,0.04233643564131222,0.6599848372698764,0.4480116180759421,0.007962092313654773,61.49737866475787,3.7753230723789706,28.129313413301414,97.1810904949918,91.60608551471157,57.90696805772799,67.15056955503321
4.242484350541314,3.9215249544953634,0.21843778568123667,0.04233643564131222,0.6599848372698764,0.4480116180759421,0.007962092313654773,61.49737866475787,3.7753230723789706,28.129313413301414,97.1810904949918,91.60608551471157,57.90696805772799,67.15056955503321
8.281215489841793,6.0484912099088834,0.4132170306618261,0.1746906868541374,0.027468083910448304,0.33662986866352423,0.3992836717033928,449.97684387034224,6.276344860689362,119.72497218615177,68.58558697417274,144.8402053957612,57.217259651378164,149.67226471890675
4.242484350541314,3.9215249544953634,0.21843778568123667,0.04233643564131222,0.6599848372698764,0.4480116180759421,0.007962092313654773,61.49737866475787,3.7753230723789706,28.129313413301414,97.1810904949918,91.60608551471157,57.90696805772799,67.15056955503321
7.539942686417307,11.067448887054265,0.039250141513687956,0.34556409377958186,0.3663763277779919,0.4743901471239,0.7510018169761491,1386.6597614109733,2.967725747096235,128.60500998683588,138.83447164066257,115.27767878084506,51.930537246327965,76.81975197218554
4.242484350541314,3.9215249544953634,0.21843778568123667,0.04233643564131222,0.6599848372698764,0.4480116180759421,0.007962092313654773,61.49737866475787,3.7753230723789706,28.129313413301414,97.1810904949918,91.60608551471157,57.90696805772799,67.15056955503321
4.083985809093743,3.9215249544953634,0.21843778568123667,0.04233643564131222,0.7110304951912051,0.4480116180759421,0.959369388084155,61.49737866475787,3.7753230723789706,28.129313413301414,97.1810904949918,91.60608551471157,57.90696805772799,15.67850702529271
4.242484350541314,3.9215249544953634,0.21843778568123667,0.04233643564131222,0.6599848372698764,0.4480116180759421,0.007962092313654773,61.49737866475787,3.7753230723789706,28.129313413301414,97.1810904949918,91.60608551471157,57.90696805772799,67.15056955503321
4.242484350541314,3.9215249544953634,0.21843778568123667,0.04233643564131222,0.6599848372698764,0.4480116180759421,0.007962092313654773,61.49737866475787,3.7753230723789706,28.129313413301414,97.1810904949918,91.60608551471157,57.90696805772799,67.15056955503321
4.242484350541314,3.9215249544953634,0.21843778568123667,0.04233643564131222,0.6599848372698764,0.4480116180759421,0.007962092313654773,61.49737866475787,3.7753230723789706,28.129313413301414,97.1810904949918,91.60608551471157,57.90696805772799,67.15056955503321
4.242484350541314,3.9215249544953634,0.21843778568123667,0.04233643564131222,0.6599848372698764,0.4480116180759421,0.007962092313654773,61.49737866475787,3.7753230723789706,28.129313413301414,97.1810904949918,91.60608551471157,57.90696805772799,67.15056955503321
4.242484350541314,3.9215249544953634,0.21843778568123667,0.04233643564131222,0.6599848372698764,0.4480116180759421,0.007962092313654773,61.49737866475787,3.7753230723789706,28.129313413301414,97.1810904949918,91.60608551471157,57.90696805772799,67.15056955503321
4.242484350541314,3.9215249544953634,0.21843778568123667,0.04233643564131222,0.6599848372698764,0.4480116180759421,0.007962092313654773,61.49737866475787,3.7753230723789706,28.129313413301414,97.1810904949918,91.60608551471157,57.90696805772799,67.15056955503321
7.468569483347786,2.1404868272142785,3.068522247620154,0.1408362044201842,0.7170176438119185,0.26495691810247,0.31061865267600414,343.7412621444968,5.877440999056862,140.738153873549,56.78025506793444,87.5189049935397,33.369159503669586,105.18474623611115
7.539942686417307,11.067448887054265,0.039250141513687956,0.34556409377958186,0.3663763277779919,0.4743901471239,0.7510018169761491,1386.6597614109733,2.967725747096235,128.60500998683588,138.83447164066257,115.27767878084506,51.930537246327965,76.81975197218554
9.555682112181469,1.6873929604450764,3.8842834928686742,0.308255615077848,0.6286411424751901,0.5178925966491417,0.255504493098234,471.3069838927917,2.9741263990092173,8.393696355080483,40.30457291914031,158.4734671854701,158.36876200861585,89.1794690563152
4.242484350541314,3.9215249544953634,0.21843778568123667,0.04233643564131222,0.6599848372698764,0.4480116180759421,0.007962092313654773,61.49737866475787,3.7753230723789706,28.129313413301414,97.1810904949918,91.60608551471157,57.90696805772799,67.15056955503321
4.135093972928104,3.9215249544953634,0.21843778568123667,0.04233643564131222,0.6599848372698764,0.4480116180759421,0.11817080145246311,61.49737866475787,3.7753230723789706,28.129313413301414,97.1810904949918,91.60608551471157,57.90696805772799,67.15056955503321
4.242484350541314,3.9215249544953634,0.21843778568123667,0.04233643564131222,0.6599848372698764,0.4480116180759421,0.007962092313654773,61.49737866475787,3.7753230723789706,28.129313413301414,97.1810904949918,91.60608551471157,57.90696805772799,67.15056955503321
4.083985809093743,3.9215249544953634,0.21843778568123667,0.04233643564131222,0.7110304951912051,0.4480116180759421,0.959369388084155,61.49737866475787,3.7753230723789706,28.129313413301414,97.1810904949918,91.60608551471157,57.90696805772799,15.67850702529271
8.10506849760032,0.5269274513671931,1.1766326658092074,0.04861621814742609,0.07085743989545612,0.38618352794788846,0.8218065087676436,1425.1120995755755,4.06670991933886,13.245890428587767,181.05886546213867,83.38557738692892,161.2224846749304,95.0445216986174
4.242484350541314,3.9215249544953634,0.21843778568123667,0.04233643564131222,0.6599848372698764,0.4480116180759421,0.007962092313654773,61.49737866475787,3.7753230723789706,28.129313413301414,97.1810904949918,91.60608551471157,57.90696805772799,67.15056955503321
4.242484350541314,3.9215249544953634,0.21843778568123667,0.04233643564131222,0.6599848372698764,0.4480116180759421,0.007962092313654773,61.49737866475787,3.7753230723789706,28.129313413301414,97.1810904949918,91.60608551471157,57.90696805772799,67.15056955503321
8.281215489841793,6.0484912099088834,0.4132170306618261,0.1746906868541374,0.027468083910448304,0.33662986866352423,0.3992836717033928,449.97684387034224,6.276344860689362,119.72497218615177,68.58558697417274,144.8402053957612,57.217259651378164,149.67226471890675
4.242484350541314,3.9215249544953634,0.21843778568123667,0.04233643564131222,0.6599848372698764,0.4480116180759421,0.007962092313654773,61.49737866475787,3.7753230723789706,28.129313413301414,97.1810904949918,91.60608551471157,57.90696805772799,67.15056955503321
4.242484350541314,3.9215249544953634,0.21843778568123667,0.04233643564131222,0.6599848372698764,0.4480116180759421,0.007962092313654773,61.49737866475787,3.7753230723789706,28.129313413301414,97.1810904949918,91.60608551471157,57.90696805772799,67.15056955503321
4.242484350541314,3.9215249544953634,0.21843778568123667,0.04233643564131222,0.6599848372698764,0.4480116180759421,0.007962092313654773,61.49737866475787,3.7753230723789706,28.129313413301414,97.1810904949918,91.60608551471157,57.90696805772799,67.15056955503321
4.242484350541314,3.9215249544953634,0.21843778568123667,0.04233643564131222,0.6599848372698764,0.4480116180759421,0.007962092313654773,61.49737866475787,3.7753230723789706,28.129313413301414,97.1810904949918,91.60608551471157,57.90696805772799,67.15056955503321
4.242484350541314,3.9215249544953634,0.21843778568123667,0.04233643564131222,0.6599848372698764,0.4480116180759421,0.007962092313654773,61.49737866475787,3.7753230723789706,28.129313413301414,97.1810904949918,91.60608551471157,57.90696805772799,67.15056955503321
4.242484350541314,3.9215249544953634,0.21843778568123667,0.04233643564131222,0.6599848372698764,0.4480116180759421,0.007962092313654773,61.49737866475787,3.7753230723789706,28.129313413301414,97.1810904949918,91.60608551471157,57.90696805772799,67.15056955503321
4.242484350541314,3.9215249544953634,0.21843778568123667,0.04233643564131222,0.6599848372698764,0.4480116180759421,0.007962092313654773,61.49737866475787,3.7753230723789706,28.129313413301414,97.1810904949918,91.60608551471157,57.90696805772799,67.15056955503321
8.281215489841793,6.0484912099088834,0.4132170306618261,0.1746906868541374,0.027468083910448304,0.33662986866352423,0.3992836717033928,449.97684387034224,6.276344860689362,119.72497218615177,68.58558697417274,144.8402053957612,57.217259651378164,149.67226471890675
7.468569483347786,2.1404868272142785,3.068522247620154,0.1408362044201842,0.7170176438119185,0.26495691810247,0.31061865267600414,343.7412621444968,5.877440999056862,140.738153873549,56.78025506793444,87.5189049935397,33.369159503669586,105.18474623611115
7.539942686417307,11.067448887054265,0.039250141513687956,0.34556409377958186,0.3663763277779919,0.4743901471239,0.7510018169761491,1386.6597614109733,2.967725747096235,128.60500998683588,138.83447164066257,115.27767878084506,51.930537246327965,76.81975197218554
4.242484350541314,3.9215249544953634,0.21843778568123667,0.04233643564131222,0.6599848372698764,0.4480116180759421,0.007962092313654773,61.49737866475787,3.7753230723789706,28.129313413301414,97.1810904949918,91.60608551471157,57.90696805772799,67.15056955503321
4.242484350541314,3.9215249544953634,0.21843778568123667,0.04233643564131222,0.6599848372698764,0.4480116180759421,0.007962092313654773,61.49737866475787,3.7753230723789706,28.129313413301414,97.1810904949918,91.60608551471157,57.90696805772799,67.15056955503321
4.242484350541314,3.9215249544953634,0.21843778568123667,0.04233643564131222,0.6599848372698764,0.4480116180759421,0.007962092313654773,61.49737866475787,3.7753230723789706,28.129313413301414,97.1810904949918,91.60608551471157,57.90696805772799,67.15056955503321
4.083985809093743,3.9215249544953634,0.21843778568123667,0.04233643564131222,0.7110304951912051,0.4480116180759421,0.959369388084155,61.49737866475787,3.7753230723789706,28.129313413301414,97.1810904949918,91.60608551471157,57.90696805772799,15.67850702529271
8.10506849760032,0.5269274513671931,1.1766326658092074,0.04861621814742609,0.07085743989545612,0.38618352794788846,0.8218065087676436,1425.1120995755755,4.06670991933886,13.245890428587767,181.05886546213867,83.38557738692892,161.2224846749304,95.0445216986174
4.242484350541314,3.9215249544953634,0.21843778568123667,0.04233643564131222,0.6599848372698764,0.4480116180759421,0.007962092313654773,61.49737866475787,3.7753230723789706,28.129313413301414,97.1810904949918,91.60608551471157,57.90696805772799,67.15056955503321
4.242484350541314,3.9215249544953634,0.21843778568123667,0.04233643564131222,0.6599848372698764,0.4480116180759421,0.007962092313654773,61.49737866475787,3.7753230723789706,28.129313413301414,97.1810904949918,91.60608551471157,57.90696805772799,67.15056955503321
9.555682112181469,1.6873929604450764,3.8842834928686742,0.308255615077848,0.6286411424751901,0.5178925966491417,0.255504493098234,471.3069838927917,2.9741263990092173,8.393696355080483,40.30457291914031,158.4734671854701,158.36876200861585,89.1794690563152
4.135093972928104,3.9215249544953634,0.21843778568123667,0.04233643564131222,0.6599848372698764,0.4480116180759421,0.11817080145246311,61.49737866475787,3.7753230723789706,28.129313413301414,97.1810904949918,91.60608551471157,57.90696805772799,67.15056955503321
4.242484350541314,3.9215249544953634,0.21843778568123667,0.04233643564131222,0.6599848372698764,0.4480116180759421,0.007962092313654773,61.49737866475787,3.7753230723789706,28.129313413301414,97.1810904949918,91.60608551471157,57.90696805772799,67.15056955503321
8.281215489841793,6.0484912099088834,0.4132170306618261,0.1746906868541374,0.027468083910448304,0.33662986866352423,0.3992836717033928,449.97684387034224,6.276344860689362,119.72497218615177,68.58558697417274,144.8402053957612,57.217259651378164,149.67226471890675
4.242484350541314,3.9215249544953634,0.21843778568123667,0.04233643564131222,0.6599848372698764,0.4480116180759421,0.007962092313654773,61.49737866475787,3.7753230723789706,28.129313413301414,97.1810904949918,91.60608551471157,57.90696805772799,67.15056955503321
4.242484350541314,3.9215249544953634,0.21843778568123667,0.04233643564131222,0.6599848372698764,0.4480116180759421,0.007962092313654773,61.49737866475787,3.7753230723789706,28.129313413301414,97.1810904949918,91.60608551471157,57.90696805772799,67.15056955503321
7.539942686417307,11.067448887054265,0.039250141513687956,0.34556409377958186,0.3663763277779919,0.4743901471239,0.7510018169761491,1386.6597614109733,2.967725747096235,128.60500998683588,138.83447164066257,115.27767878084506,51.930537246327965,76.81975197218554
4.242484350541314,3.9215249544953634,0.21843778568123667,0.04233643564131222,0.6599848372698764,0.4480116180759421,0.007962092313654773,61.49737866475787,3.7753230723789706,28.129313413301414,97.1810904949918,91.60608551471157,57.90696805772799,67.15056955503321
4.083985809093743,3.9215249544953634,0.21843778568123667,0.04233643564131222,0.7110304951912051,0.4480116180759421,0.959369388084155,61.49737866475787,3.7753230723789706,28.129313413301414,97.1810904949918,91.60608551471157,57.90696805772799,15.67850702529271
8.10506849760032,0.5269274513671931,1.1766326658092074,0.04861621814742609,0.07085743989545612,0.38618352794788846,0.8218065087676436,1425.1120995755755,4.06670991933886,13.245890428587767,181.05886546213867,83.38557738692892,161.2224846749304,95.0445216986174
4.242484350541314,3.9215249544953634,0.21843778568123667,0.04233643564131222,0.6599848372698764,0.4480116180759421,0.007962092313654773,61.49737866475787,3.7753230723789706,28.129313413301414,97.1810904949918,91.60608551471157,57.90696805772799,67.15056955503321
4.242484350541314,3.9215249544953634,0.21843778568123667,0.04233643564131222,0.6599848372698764,0.4480116180759421,0.007962092313654773,61.49737866475787,3.7753230723789706,28.129313413301414,97.1810904949918,91.60608551471157,57.90696805772799,67.15056955503321
4.135093972928104,3.9215249544953634,0.21843778568123667,0.04233643564131222,0.6599848372698764,0.4480116180759421,0.11817080145246311,61.49737866475787,3.7753230723789706,28.129313413301414,97.1810904949918,91.60608551471157,57.90696805772799,67.15056955503321
4.242484350541314,3.9215249544953634,0.21843778568123667,0.04233643564131222,0.6599848372698764,0.4480116180759421,0.007962092313654773,61.49737866475787,3.7753230723789706,28.129313413301414,97.1810904949918,91.60608551471157,57.90696805772799,67.15056955503321
7.468569483347786,2.1404868272142785,3.068522247620154,0.1408362044201842,0.7170176438119185,0.26495691810247,0.31061865267600414,343.7412621444968,5.877440999056862,140.738153873549,56.78025506793444,87.5189049935397,33.369159503669586,105.18474623611115
4.242484350541314,3.9215249544953634,0.21843778568123667,0.04233643564131222,0.6599848372698764,0.4480116180759421,0.007962092313654773,61.49737866475787,3.7753230723789706,28.129313413301414,97.1810904949918,91.60608551471157,57.90696805772799,67.15056955503321
4.083985809093743,3.9215249544953634,0.21843778568123667,0.04233643564131222,0.7110304951912051,0.4480116180759421,0.959369388084155,61.49737866475787,3.7753230723789706,28.129313413301414,97.1810904949918,91.60608551471157,57.90696805772799,15.67850702529271
8.10506849760032,0.5269274513671931,1.1766326658092074,0.04861621814742609,0.07085743989545612,0.38618352794788846,0.8218065087676436,1425.1120995755755,4.06670991933886,13.245890428587767,181.05886546213867,83.38557738692892,161.2224846749304,95.0445216986174
4.242484350541314,3.9215249544953634,0.21843778568123667,0.04233643564131222,0.6599848372698764,0.4480116180759421,0.007962092313654773,61.49737866475787,3.7753230723789706,28.129313413301414,97.1810904949918,91.60608551471157,57.90696805772799,67.15056955503321
4.242484350541314,3.9215249544953634,0.21843778568123667,0.04233643564131222,0.6599848372698764,0.4480116180759421,0.007962092313654773,61.49737866475787,3.7753230723789706,28.129313413301414,97.1810904949918,91.60608551471157,57.90696805772799,67.15056955503321
4.242484350541314,3.9215249544953634,0.21843778568123667,0.04233643564131222,0.6599848372698764,0.4480116180759421,0.007962092313654773,61.49737866475787,3.7753230723789706,28.129313413301414,97.1810904949918,91.60608551471157,57.90696805772799,67.15056955503321
8.281215489841793,6.0484912099088834,0.4132170306618261,0.1746906868541374,0.027468083910448304,0.33662986866352423,0.3992836717033928,449.97684387034224,6.276344860689362,119.72497218615177,68.58558697417274,144.8402053957612,57.217259651378164,149.67226471890675
9.555682112181469,1.6873929604450764,3.8842834928686742,0.308255615077848,0.6286411424751901,0.5178925966491417,0.255504493098234,471.3069838927917,2.9741263990092173,8.393696355080483,40.30457291914031,158.4734671854701,158.36876200861585,89.1794690563152
7.539942686417307,11.067448887054265,0.039250141513687956,0.34556409377958186,0.3663763277779919,0.4743901471239,0.7510018169761491,1386.6597614109733,2.967725747096235,128.60500998683588,138.83447164066257,115.27767878084506,51.930537246327965,76.81975197218554
4.242484350541314,3.9215249544953634,0.21843778568123667,0.04233643564131222,0.6599848372698764,0.4480116180759421,0.007962092313654773,61.49737866475787,3.7753230723789706,28.129313413301414,97.1810904949918,91.60608551471157,57.90696805772799,67.15056955503321
4.242484350541314,3.9215249544953634,0.21843778568123667,0.04233643564131222,0.6599848372698764,0.4480116180759421,0.007962092313654773,61.49737866475787,3.7753230723789706,28.129313413301414,97.1810904949918,91.60608551471157,57.90696805772799,67.15056955503321
4.242484350541314,3.9215249544953634,0.21843778568123667,0.04233643564131222,0.6599848372698764,0.4480116180759421,0.007962092313654773,61.49737866475787,3.7753230723789706,28.129313413301414,97.1810904949918,91.60608551471157,57.90696805772799,67.15056955503321
4.242484350541314,3.9215249544953634,0.21843778568123667,0.04233643564131222,0.6599848372698764,0.4480116180759421,0.007962092313654773,61.49737866475787,3.7753230723789706,28.129313413301414,97.1810904949918,91.60608551471157,57.90696805772799,67.15056955503321
8.10506849760032,0.5269274513671931,1.1766326658092074,0.04861621814742609,0.07085743989545612,0.38618352794788846,0.8218065087676436,1425.1120995755755,4.06670991933886,13.245890428587767,181.05886546213867,83.38557738692892,161.2224846749304,95.0445216986174
4.242484350541314,3.9215249544953634,0.21843778568123667,0.04233643564131222,0.6599848372698764,0.4480116180759421,0.007962092313654773,61.49737866475787,3.7753230723789706,28.129313413301414,97.1810904949918,91.60608551471157,57.90696805772799,67.15056955503321
4.242484350541314,3.9215249544953634,0.21843778568123667,0.04233643564131222,0.6599848372698764,0.4480116180759421,0.007962092313654773,61.49737866475787,3.7753230723789706,28.129313413301414,97.1810904949918,91.60608551471157,57.90696805772799,67.15056955503321
4.242484350541314,3.9215249544953634,0.21843778568123667,0.04233643564131222,0.6599848372698764,0.4480116180759421,0.007962092313654773,61.49737866475787,3.7753230723789706,28.129313413301414,97.1810904949918,91.60608551471157,57.90696805772799,67.15056955503321
4.242484350541314,3.9215249544953634,0.21843778568123667,0.04233643564131222,0.6599848372698764,0.4480116180759421,0.007962092313654773,61.49737866475787,3.7753230723789706,28.129313413301414,97.1810904949918,91.60608551471157,57.90696805772799,67.15056955503321
6.388351333185559,2.678644793561851,3.218450220265714,0.2418373929451742,0.39926403023194196,0.15709770142932789,0.6963681814105043,115.16964244956925,7.475142981646892,198.32279630784723,174.0602665224708,73.85038185227623,142.13570812184483,176.5208051429086
4.242484350541314,3.9215249544953634,0.21843778568123667,0.04233643564131222,0.6599848372698764,0.4480116180759421,0.007962092313654773,61.49737866475787,3.7753230723789706,28.129313413301414,97.1810904949918,91.60608551471157,57.90696805772799,67.15056955503321
4.20162808421565,3.9215249544953634,0.21843778568123667,0.04233643564131222,0.6599848372698764,0.4480116180759421,0.007962092313654773,61.49737866475787,3.7753230723789706,177.961481365889,97.1810904949918,91.60608551471157,162.3611471257752,67.15056955503321
4.135093972928104,3.9215249544953634,0.21843778568123667,0.04233643564131222,0.6599848372698764,0.4480116180759421,0.11817080145246311,61.49737866475787,3.7753230723789706,28.129313413301414,97.1810904949918,91.60608551471157,57.90696805772799,67.15056955503321
7.539942686417307,11.067448887054265,0.039250141513687956,0.34556409377958186,0.3663763277779919,0.4743901471239,0.7510018169761491,1386.6597614109733,2.967725747096235,128.60500998683588,138.83447164066257,115.27767878084506,51.930537246327965,76.81975197218554
4.083985809093743,3.9215249544953634,0.21843778568123667,0.04233643564131222,0.7110304951912051,0.4480116180759421,0.959369388084155,61.49737866475787,3.7753230723789706,28.129313413301414,97.1810904949918,91.60608551471157,57.90696805772799,15.67850702529271
8.281215489841793,6.0484912099088834,0.4132170306618261,0.1746906868541374,0.027468083910448304,0.33662986866352423,0.3992836717033928,449.97684387034224,6.276344860689362,119.72497218615177,68.58558697417274,144.8402053957612,57.217259651378164,149.67226471890675
8.10506849760032,0.5269274513671931,1.1766326658092074,0.04861621814742609,0.07085743989545612,0.38618352794788846,0.8218065087676436,1425.1120995755755,4.06670991933886,13.245890428587767,181.05886546213867,83.38557738692892,161.2224846749304,95.0445216986174
4.242484350541314,3.9215249544953634,0.21843778568123667,0.04233643564131222,0.6599848372698764,0.4480116180759421,0.007962092313654773,61.49737866475787,3.7753230723789706,28.129313413301414,97.1810904949918,91.60608551471157,57.90696805772799,67.15056955503321
4.242484350541314,3.9215249544953634,0.21843778568123667,0.04233643564131222,0.6599848372698764,0.4480116180759421,0.007962092313654773,61.49737866475787,3.7753230723789706,28.129313413301414,97.1810904949918,91.60608551471157,57.90696805772799,67.15056955503321
4.242484350541314,3.9215249544953634,0.21843778568123667,0.04233643564131222,0.6599848372698764,0.4480116180759421,0.007962092313654773,61.49737866475787,3.7753230723789706,28.129313413301414,97.1810904949918,91.60608551471157,57.90696805772799,67.15056955503321
4.242484350541314,3.9215249544953634,0.21843778568123667,0.04233643564131222,0.6599848372698764,0.4480116180759421,0.007962092313654773,61.49737866475787,3.7753230723789706,28.129313413301414,97.1810904949918,91.60608551471157,57.90696805772799,67.15056955503321
6.388351333185559,2.678644793561851,3.218450220265714,0.2418373929451742,0.39926403023194196,0.15709770142932789,0.6963681814105043,115.16964244956925,7.475142981646892,198.32279630784723,174.0602665224708,73.85038185227623,142.13570812184483,176.5208051429086
4.242484350541314,3.9215249544953634,0.21843778568123667,0.04233643564131222,0.6599848372698764,0.4480116180759421,0.007962092313654773,61.49737866475787,3.7753230723789706,28.129313413301414,97.1810904949918,91.60608551471157,57.90696805772799,67.15056955503321
4.242484350541314,3.9215249544953634,0.21843778568123667,0.04233643564131222,0.6599848372698764,0.4480116180759421,0.007962092313654773,61.49737866475787,3.7753230723789706,28.129313413301414,97.1810904949918,91.60608551471157,57.90696805772799,67.15056955503321
4.242484350541314,3.9215249544953634,0.21843778568123667,0.04233643564131222,0.6599848372698764,0.4480116180759421,0.007962092313654773,61.49737866475787,3.7753230723789706,28.129313413301414,97.1810904949918,91.60608551471157,57.90696805772799,67.15056955503321
