loss,insulation_to_air_overall_heat_transfer_coefficient_to_environment,pipe_endcaps_to_air_thermal_conductance,heater_weight_1,heater_weight_2,heater_weight_3,heater_weight_4,fluid_to_steel_pipe_convective_heat_transfer_coefficient,steel_thermal_mass_multiplier,TC1_thermal_resistance,TC2_thermal_resistance,TC3_thermal_resistance,TC4_thermal_resistance,TC5_thermal_resistance
0.7068508759916174,3.9215249544953634,0.21843778568123667,0.3211331590638462,0.14535035339598748,0.6840217991331898,0.9984762651258827,61.49737866475787,3.7753230723789706,31.29201644638937,2.204398102203747,4.116298695255978,77.00345471983348,96.44035780712828
3.4758689835440513,86.78502556942377,3.015283062567795,0.629654611679914,0.7343421929069346,0.2328309559990394,0.31126956908726106,523.8121230395043,4.046560517160551,177.9783471704544,187.42655553028803,142.3804469710716,169.24350463091702,18.841279383288647
4.486945430527993,69.4481005439589,0.30057359222349994,0.16969153324229763,0.11118293211655433,0.8910301646267471,0.10013948314784654,1979.973506016622,0.8661151574504701,114.67076747967255,163.24522646333077,50.25541362723165,126.70854271260792,165.9090652954729
3.29941422368621,45.26853307644926,2.8933160773804314,0.3819269833926533,0.7288496895288485,0.1265210762221396,0.7263449285029951,127.96344690819933,3.0774928825478054,79.32819318486034,65.92157847196415,178.04445595486985,82.3927802700065,59.29906544032335
3.636288027322223,13.759053921228517,2.1507298055637296,0.871666875556905,0.20561020294194982,0.3114400858464652,0.7290571285609017,278.040548169742,0.8089879139726308,144.88442949822056,72.72013513279076,185.35168916229452,71.65446018802824,181.31241833354605
3.0821467941419542,49.88124121151024,0.4807282680064166,0.7309615692983432,0.6499409128566006,0.14995616508881887,0.7674236736611222,681.8221499104197,3.3697208891063495,35.5193328518526,162.4208997340957,7.8802331670445955,181.24969079440322,170.7201591084448
3.029247905964606,38.446038307453406,4.40565749675013,0.29276000191071644,0.18551517963978872,0.8288537005527479,0.4119240059097815,375.4810419179265,4.288391755908569,193.52392123236558,22.532882426355762,153.95738800915825,132.5274603715611,128.44079863803634
3.7633996453857406,44.08744098918788,0.22734943862654813,0.13492465262637826,0.09216088986728582,0.1112297170696015,0.9974389256330966,1021.2903188810449,1.7410905539814925,50.634476771658825,147.92120643645697,125.21875196222166,72.99590826409103,17.976466359026798
2.896297084425923,8.92632589819688,2.9612352369750434,0.3890119639139989,0.7365996308205025,0.611810512078426,0.8697340384251933,1079.1287989423845,4.359084269104913,182.29246398162425,28.780417765027995,95.54146829600961,97.74745428498291,169.24357182111572
4.185795624326489,0.48531376924732933,2.1447281602029094,0.32455783138890026,0.5619422855860845,0.8839475562785166,0.5843712916114943,1098.9545305472125,2.3946612544384918,43.42886324844228,54.19253209554207,47.60629290031971,80.24004883439753,14.276481142428667
4.178514369213562,85.86314693507724,2.853047706636196,0.599046427256816,0.5454349679677625,0.3174039037792961,0.8044696773391601,1668.979962971137,3.275208548929647,31.570702932748745,155.05274637586783,143.04817871559118,99.10277918581058,88.88001137611215
3.1465507021109693,43.19571938136215,3.1164024910446937,0.7208911697923179,0.9751695129363118,0.46732832844150135,0.8164040330572353,340.8630454690693,3.6194340041661626,119.71648739168769,121.30757036995865,197.7966496706173,69.58811802867287,107.09419365079992
4.03207190646489,65.47592545698171,4.904300740724535,0.7958133028104736,0.8358788978737118,0.4153193565971712,0.49840002820932905,1969.1437481577782,4.328144778929292,12.323826795420272,14.925301524013655,152.00024626457218,191.1174157842688,98.53154826952618
3.894865735226843,13.312360656368526,3.3595980399384366,0.5837950558108389,0.847745405687083,0.3070628617131702,0.8301199855177018,1202.8970621993094,2.1966931937267145,39.773931634571156,115.43082853950735,184.7036773479446,181.214030405382,34.024232696400325
3.832992330160599,73.13638163570101,3.183574375225099,0.6283080129941033,0.47416750181538075,0.2215986738254465,0.5586670211264186,609.9107843516235,3.6729667199491542,139.5185491203859,55.21868485578007,36.98628019604485,142.14777662836192,183.7989281958144
3.0832098382678987,45.949749257503335,4.3798696720519015,0.8119067681835481,0.05941197372476392,0.5021193606727508,0.5771832020831279,365.2255983160403,4.210707489322274,170.85268869143798,149.56926745720727,168.5488020544659,65.99255797310661,131.52771493102864
3.29941422368621,45.26853307644926,2.8933160773804314,0.3819269833926533,0.7288496895288485,0.1265210762221396,0.7263449285029951,127.96344690819933,3.0774928825478054,79.32819318486034,65.92157847196415,178.04445595486985,82.3927802700065,59.29906544032335
3.3229750155601288,27.487768915438544,1.99207768306757,0.7950712545435642,0.9554322847181613,0.28749267198203227,0.6041077895405803,1735.8496031760035,4.858827539867633,5.6826059880301605,183.789678613249,100.18881863497742,126.77227092941554,60.22862031379015
0.7068508759916174,3.9215249544953634,0.21843778568123667,0.3211331590638462,0.14535035339598748,0.6840217991331898,0.9984762651258827,61.49737866475787,3.7753230723789706,31.29201644638937,2.204398102203747,4.116298695255978,77.00345471983348,96.44035780712828
3.2651843274169337,78.01522861313812,2.0575419834278694,0.5447377525891963,0.07998188860915534,0.11641401621049599,0.2952178556457739,132.3758800381747,2.970020266841954,180.05792795294244,108.28929007858858,127.19524310021536,47.413395441842944,189.90193173140185
3.029247905964606,38.446038307453406,4.40565749675013,0.29276000191071644,0.18551517963978872,0.8288537005527479,0.4119240059097815,375.4810419179265,4.288391755908569,193.52392123236558,22.532882426355762,153.95738800915825,132.5274603715611,128.44079863803634
3.951498575773553,94.5975159644111,4.904661956809526,0.161160401046835,0.8948148592175591,0.8472791501783936,0.7820595112695091,1426.2433024370023,3.8290024378458125,26.348556171325377,115.83499831091537,164.4854288202082,145.58621652552293,108.47520293329087
3.2802629427234566,49.95907192988924,2.821770911999435,0.18967837740955173,0.32115039211534707,0.9661871060342708,0.9012012562329561,353.60340187135444,2.7817622787972103,83.29252961978693,104.72921503698454,139.68878411660356,150.68729645005246,139.15443520853063
3.540848687426923,25.72477681513979,1.2194090109530522,0.1775966933434608,0.6664638330261567,0.837116744909192,0.9314332225923432,1322.756657096782,4.175679912468227,0.620024536968657,35.199990767761285,103.977506862529,12.38347510665339,43.36800583304902
4.178514369213562,85.86314693507724,2.853047706636196,0.599046427256816,0.5454349679677625,0.3174039037792961,0.8044696773391601,1668.979962971137,3.275208548929647,31.570702932748745,155.05274637586783,143.04817871559118,99.10277918581058,88.88001137611215
3.1672617103759815,2.0971311963398747,3.786377219876389,0.9485039111860418,0.9638672584040271,0.32396108062666873,0.6509829538675839,1532.4981485126164,4.175995035415563,84.30378492137271,114.02201903788617,88.49643162436932,147.51586089929674,83.16728033920322
2.896297084425923,8.92632589819688,2.9612352369750434,0.3890119639139989,0.7365996308205025,0.611810512078426,0.8697340384251933,1079.1287989423845,4.359084269104913,182.29246398162425,28.780417765027995,95.54146829600961,97.74745428498291,169.24357182111572
4.03207190646489,65.47592545698171,4.904300740724535,0.7958133028104736,0.8358788978737118,0.4153193565971712,0.49840002820932905,1969.1437481577782,4.328144778929292,12.323826795420272,14.925301524013655,152.00024626457218,191.1174157842688,98.53154826952618
3.169713610129018,0.7053196243980425,3.7608950275334037,0.4019264245019686,0.9106011624436299,0.20944592402767015,0.32120713317674343,1319.1546077102644,4.356837204077986,88.68684314793306,188.08044949043264,155.26463641659262,66.19348447174444,60.26948334633545
3.0005532955882197,34.14097252023638,0.3795989038613373,0.14843144745197098,0.79860167195338,0.05208595296568683,0.7094429200344898,1312.3726596468327,4.511583041675593,64.42623457186696,173.3189927447054,57.073004783367026,134.56096731715485,1.544223113863804
3.0832098382678987,45.949749257503335,4.3798696720519015,0.8119067681835481,0.05941197372476392,0.5021193606727508,0.5771832020831279,365.2255983160403,4.210707489322274,170.85268869143798,149.56926745720727,168.5488020544659,65.99255797310661,131.52771493102864
3.1465507021109693,43.19571938136215,3.1164024910446937,0.7208911697923179,0.9751695129363118,0.46732832844150135,0.8164040330572353,340.8630454690693,3.6194340041661626,119.71648739168769,121.30757036995865,197.7966496706173,69.58811802867287,107.09419365079992
3.1459451215473626,72.10387376163746,4.649076442177124,0.6034235642458446,0.2879345222337147,0.3383771640343096,0.8133913255920153,314.3790215255324,4.759071772737018,71.73420152950861,56.895989562889774,169.75911136225756,88.6978860424943,98.71692616132316
3.951498575773553,94.5975159644111,4.904661956809526,0.161160401046835,0.8948148592175591,0.8472791501783936,0.7820595112695091,1426.2433024370023,3.8290024378458125,26.348556171325377,115.83499831091537,164.4854288202082,145.58621652552293,108.47520293329087
0.7068508759916174,3.9215249544953634,0.21843778568123667,0.3211331590638462,0.14535035339598748,0.6840217991331898,0.9984762651258827,61.49737866475787,3.7753230723789706,31.29201644638937,2.204398102203747,4.116298695255978,77.00345471983348,96.44035780712828
3.3229750155601288,27.487768915438544,1.99207768306757,0.7950712545435642,0.9554322847181613,0.28749267198203227,0.6041077895405803,1735.8496031760035,4.858827539867633,5.6826059880301605,183.789678613249,100.18881863497742,126.77227092941554,60.22862031379015
3.3687695147478207,47.74872485988304,1.0840348290769932,0.12424959577198418,0.8151461408579563,0.06148511232359208,0.43986279232437836,657.8112688621864,4.146258329473833,130.60728355550341,111.83245305881897,55.05180880514115,166.81400470232037,52.076217614218976
3.2651843274169337,78.01522861313812,2.0575419834278694,0.5447377525891963,0.07998188860915534,0.11641401621049599,0.2952178556457739,132.3758800381747,2.970020266841954,180.05792795294244,108.28929007858858,127.19524310021536,47.413395441842944,189.90193173140185
3.2802629427234566,49.95907192988924,2.821770911999435,0.18967837740955173,0.32115039211534707,0.9661871060342708,0.9012012562329561,353.60340187135444,2.7817622787972103,83.29252961978693,104.72921503698454,139.68878411660356,150.68729645005246,139.15443520853063
2.9866816219415546,63.704474784124386,0.29029288119710794,0.8883928253842837,0.5041563951332687,0.6214972727713515,0.2585366222691279,1633.677304454617,4.875143504921532,141.84214538334973,144.59960612426963,59.41934084469304,81.44843264347723,92.51441301372958
3.029247905964606,38.446038307453406,4.40565749675013,0.29276000191071644,0.18551517963978872,0.8288537005527479,0.4119240059097815,375.4810419179265,4.288391755908569,193.52392123236558,22.532882426355762,153.95738800915825,132.5274603715611,128.44079863803634
3.329528886461812,7.536072085132126,0.7705763541525645,0.1016368353229907,0.9753557817502739,0.4467348784041915,0.510737056992572,1274.3484820783688,3.406938615874818,178.7592858483414,97.21001489847099,21.253503463733225,150.00885058485446,57.347032168500675
2.896297084425923,8.92632589819688,2.9612352369750434,0.3890119639139989,0.7365996308205025,0.611810512078426,0.8697340384251933,1079.1287989423845,4.359084269104913,182.29246398162425,28.780417765027995,95.54146829600961,97.74745428498291,169.24357182111572
2.4135801924168367,4.761466155826,0.7538856662728352,0.6200404105545666,0.8666961398747256,0.08387830111929856,0.10089259669867293,231.19676052324655,2.017851559008732,10.654587440974037,174.5026540885454,72.28539452193662,108.98452461284018,158.580733385557
3.0005532955882197,34.14097252023638,0.3795989038613373,0.14843144745197098,0.79860167195338,0.05208595296568683,0.7094429200344898,1312.3726596468327,4.511583041675593,64.42623457186696,173.3189927447054,57.073004783367026,134.56096731715485,1.544223113863804
2.663650662492789,16.562461749875105,0.7292319670347865,0.40361164586706366,0.15715939185196182,0.694345516950112,0.22104342378014352,838.3364990224821,4.885844809653694,54.87480200021022,54.54266189622997,110.12235303379644,43.90139859133675,148.50685065907305
3.169713610129018,0.7053196243980425,3.7608950275334037,0.4019264245019686,0.9106011624436299,0.20944592402767015,0.32120713317674343,1319.1546077102644,4.356837204077986,88.68684314793306,188.08044949043264,155.26463641659262,66.19348447174444,60.26948334633545
3.1459451215473626,72.10387376163746,4.649076442177124,0.6034235642458446,0.2879345222337147,0.3383771640343096,0.8133913255920153,314.3790215255324,4.759071772737018,71.73420152950861,56.895989562889774,169.75911136225756,88.6978860424943,98.71692616132316
3.3229750155601288,27.487768915438544,1.99207768306757,0.7950712545435642,0.9554322847181613,0.28749267198203227,0.6041077895405803,1735.8496031760035,4.858827539867633,5.6826059880301605,183.789678613249,100.18881863497742,126.77227092941554,60.22862031379015
3.2900616009352626,5.926259318340744,3.645147448831785,0.2863671429704071,0.5516098135101177,0.1456227490023092,0.15900204403090185,354.86552340852415,1.426527884308837,157.55955553095873,135.24086191926168,82.2061266597163,58.7661007409583,155.15365579981176
0.7068508759916174,3.9215249544953634,0.21843778568123667,0.3211331590638462,0.14535035339598748,0.6840217991331898,0.9984762651258827,61.49737866475787,3.7753230723789706,31.29201644638937,2.204398102203747,4.116298695255978,77.00345471983348,96.44035780712828
3.1465507021109693,43.19571938136215,3.1164024910446937,0.7208911697923179,0.9751695129363118,0.46732832844150135,0.8164040330572353,340.8630454690693,3.6194340041661626,119.71648739168769,121.30757036995865,197.7966496706173,69.58811802867287,107.09419365079992
2.9526750449149883,69.60192863396705,4.1465898024800305,0.7760158504047971,0.28151407753357305,0.6234049768433915,0.7639512235234682,142.08565326645646,4.913537867244615,51.25857530476042,160.6209267756878,186.72564755090386,57.05424865929433,106.2906313771648
2.9866816219415546,63.704474784124386,0.29029288119710794,0.8883928253842837,0.5041563951332687,0.6214972727713515,0.2585366222691279,1633.677304454617,4.875143504921532,141.84214538334973,144.59960612426963,59.41934084469304,81.44843264347723,92.51441301372958
2.730053788037675,13.994891639586442,0.12750304298982296,0.2153868585357207,0.9461376524204267,0.40720797657034263,0.6557453489221263,1135.2684985292196,3.347892152818395,37.08812639784392,46.2321741016918,64.54651462422122,175.00377996851012,95.7369595093229
3.2651843274169337,78.01522861313812,2.0575419834278694,0.5447377525891963,0.07998188860915534,0.11641401621049599,0.2952178556457739,132.3758800381747,2.970020266841954,180.05792795294244,108.28929007858858,127.19524310021536,47.413395441842944,189.90193173140185
2.896297084425923,8.92632589819688,2.9612352369750434,0.3890119639139989,0.7365996308205025,0.611810512078426,0.8697340384251933,1079.1287989423845,4.359084269104913,182.29246398162425,28.780417765027995,95.54146829600961,97.74745428498291,169.24357182111572
3.2802629427234566,49.95907192988924,2.821770911999435,0.18967837740955173,0.32115039211534707,0.9661871060342708,0.9012012562329561,353.60340187135444,2.7817622787972103,83.29252961978693,104.72921503698454,139.68878411660356,150.68729645005246,139.15443520853063
3.230117074388277,18.21818161455581,0.5596168850021189,0.8667700052553426,0.9316548408082064,0.6891018688119371,0.2514373983724315,777.1914389290205,3.0306205242720745,139.30105589687807,103.07158374170079,13.105510189358812,121.32074621037626,105.69651977748887
2.4135801924168367,4.761466155826,0.7538856662728352,0.6200404105545666,0.8666961398747256,0.08387830111929856,0.10089259669867293,231.19676052324655,2.017851559008732,10.654587440974037,174.5026540885454,72.28539452193662,108.98452461284018,158.580733385557
3.0005532955882197,34.14097252023638,0.3795989038613373,0.14843144745197098,0.79860167195338,0.05208595296568683,0.7094429200344898,1312.3726596468327,4.511583041675593,64.42623457186696,173.3189927447054,57.073004783367026,134.56096731715485,1.544223113863804
3.1459451215473626,72.10387376163746,4.649076442177124,0.6034235642458446,0.2879345222337147,0.3383771640343096,0.8133913255920153,314.3790215255324,4.759071772737018,71.73420152950861,56.895989562889774,169.75911136225756,88.6978860424943,98.71692616132316
2.663650662492789,16.562461749875105,0.7292319670347865,0.40361164586706366,0.15715939185196182,0.694345516950112,0.22104342378014352,838.3364990224821,4.885844809653694,54.87480200021022,54.54266189622997,110.12235303379644,43.90139859133675,148.50685065907305
3.169713610129018,0.7053196243980425,3.7608950275334037,0.4019264245019686,0.9106011624436299,0.20944592402767015,0.32120713317674343,1319.1546077102644,4.356837204077986,88.68684314793306,188.08044949043264,155.26463641659262,66.19348447174444,60.26948334633545
0.7068508759916174,3.9215249544953634,0.21843778568123667,0.3211331590638462,0.14535035339598748,0.6840217991331898,0.9984762651258827,61.49737866475787,3.7753230723789706,31.29201644638937,2.204398102203747,4.116298695255978,77.00345471983348,96.44035780712828
3.3229750155601288,27.487768915438544,1.99207768306757,0.7950712545435642,0.9554322847181613,0.28749267198203227,0.6041077895405803,1735.8496031760035,4.858827539867633,5.6826059880301605,183.789678613249,100.18881863497742,126.77227092941554,60.22862031379015
3.2900616009352626,5.926259318340744,3.645147448831785,0.2863671429704071,0.5516098135101177,0.1456227490023092,0.15900204403090185,354.86552340852415,1.426527884308837,157.55955553095873,135.24086191926168,82.2061266597163,58.7661007409583,155.15365579981176
0.6923929476729558,3.9215249544953634,0.21843778568123667,0.7912905698923101,0.4198546291409345,0.6840217991331898,0.9984762651258827,61.49737866475787,3.7753230723789706,31.29201644638937,2.204398102203747,4.116298695255978,89.06507428995272,185.05463278797103
2.730053788037675,13.994891639586442,0.12750304298982296,0.2153868585357207,0.9461376524204267,0.40720797657034263,0.6557453489221263,1135.2684985292196,3.347892152818395,37.08812639784392,46.2321741016918,64.54651462422122,175.00377996851012,95.7369595093229
2.9866816219415546,63.704474784124386,0.29029288119710794,0.8883928253842837,0.5041563951332687,0.6214972727713515,0.2585366222691279,1633.677304454617,4.875143504921532,141.84214538334973,144.59960612426963,59.41934084469304,81.44843264347723,92.51441301372958
2.9526750449149883,69.60192863396705,4.1465898024800305,0.7760158504047971,0.28151407753357305,0.6234049768433915,0.7639512235234682,142.08565326645646,4.913537867244615,51.25857530476042,160.6209267756878,186.72564755090386,57.05424865929433,106.2906313771648
3.2651843274169337,78.01522861313812,2.0575419834278694,0.5447377525891963,0.07998188860915534,0.11641401621049599,0.2952178556457739,132.3758800381747,2.970020266841954,180.05792795294244,108.28929007858858,127.19524310021536,47.413395441842944,189.90193173140185
3.1465507021109693,43.19571938136215,3.1164024910446937,0.7208911697923179,0.9751695129363118,0.46732832844150135,0.8164040330572353,340.8630454690693,3.6194340041661626,119.71648739168769,121.30757036995865,197.7966496706173,69.58811802867287,107.09419365079992
3.207534134437895,10.47431323432153,1.0986891551826607,0.3911346106721008,0.9254053443783192,0.16078166781059042,0.7169155781917542,1560.0934593697698,4.267672858898055,145.48360670465414,43.168913732172705,1.4336997973587993,45.456481490858856,160.37659831624245
3.2802629427234566,49.95907192988924,2.821770911999435,0.18967837740955173,0.32115039211534707,0.9661871060342708,0.9012012562329561,353.60340187135444,2.7817622787972103,83.29252961978693,104.72921503698454,139.68878411660356,150.68729645005246,139.15443520853063
2.249012990418815,2.6113907148462787,2.463173793083285,0.7094053434222171,0.5810761576734222,0.43516404546830306,0.5842140905013244,473.5893333439691,4.481386336886311,56.293604942228356,28.520077935335603,101.49304269457235,128.22696772280997,129.21523870919518
3.1459451215473626,72.10387376163746,4.649076442177124,0.6034235642458446,0.2879345222337147,0.3383771640343096,0.8133913255920153,314.3790215255324,4.759071772737018,71.73420152950861,56.895989562889774,169.75911136225756,88.6978860424943,98.71692616132316
2.195468700422946,8.738225025821187,4.679616522435683,0.4627613178326923,0.514953352549731,0.19253123401934102,0.8096518604660704,191.83528032330716,2.688877231153909,148.44738577502386,108.37357761989978,150.53200038616154,108.62786171270062,138.6787685531221
2.9866816219415546,63.704474784124386,0.29029288119710794,0.8883928253842837,0.5041563951332687,0.6214972727713515,0.2585366222691279,1633.677304454617,4.875143504921532,141.84214538334973,144.59960612426963,59.41934084469304,81.44843264347723,92.51441301372958
2.663650662492789,16.562461749875105,0.7292319670347865,0.40361164586706366,0.15715939185196182,0.694345516950112,0.22104342378014352,838.3364990224821,4.885844809653694,54.87480200021022,54.54266189622997,110.12235303379644,43.90139859133675,148.50685065907305
3.1202758982685372,11.92687518153941,1.8726025610642545,0.34955872816305594,0.27713571490416394,0.6533299653273394,0.7569994954778748,808.9497158601856,3.5950814958332167,16.31551889196967,8.504318313917011,59.20061329325137,78.6946879696175,54.41382938666103
0.7068508759916174,3.9215249544953634,0.21843778568123667,0.3211331590638462,0.14535035339598748,0.6840217991331898,0.9984762651258827,61.49737866475787,3.7753230723789706,31.29201644638937,2.204398102203747,4.116298695255978,77.00345471983348,96.44035780712828
3.2005609870673934,1.4936249015310235,1.9571659317275274,0.22032063253945736,0.05506670297723811,0.22831661743358694,0.6217217819691057,1370.7735683064966,4.063344007684286,2.0298894573119934,191.32311042518,151.6963366755556,175.38259236010646,21.32655957077612
3.2900616009352626,5.926259318340744,3.645147448831785,0.2863671429704071,0.5516098135101177,0.1456227490023092,0.15900204403090185,354.86552340852415,1.426527884308837,157.55955553095873,135.24086191926168,82.2061266597163,58.7661007409583,155.15365579981176
0.6923929476729558,3.9215249544953634,0.21843778568123667,0.7912905698923101,0.4198546291409345,0.6840217991331898,0.9984762651258827,61.49737866475787,3.7753230723789706,31.29201644638937,2.204398102203747,4.116298695255978,89.06507428995272,185.05463278797103
2.9526750449149883,69.60192863396705,4.1465898024800305,0.7760158504047971,0.28151407753357305,0.6234049768433915,0.7639512235234682,142.08565326645646,4.913537867244615,51.25857530476042,160.6209267756878,186.72564755090386,57.05424865929433,106.2906313771648
3.1459451215473626,72.10387376163746,4.649076442177124,0.6034235642458446,0.2879345222337147,0.3383771640343096,0.8133913255920153,314.3790215255324,4.759071772737018,71.73420152950861,56.895989562889774,169.75911136225756,88.6978860424943,98.71692616132316
2.730053788037675,13.994891639586442,0.12750304298982296,0.2153868585357207,0.9461376524204267,0.40720797657034263,0.6557453489221263,1135.2684985292196,3.347892152818395,37.08812639784392,46.2321741016918,64.54651462422122,175.00377996851012,95.7369595093229
3.207534134437895,10.47431323432153,1.0986891551826607,0.3911346106721008,0.9254053443783192,0.16078166781059042,0.7169155781917542,1560.0934593697698,4.267672858898055,145.48360670465414,43.168913732172705,1.4336997973587993,45.456481490858856,160.37659831624245
3.2651843274169337,78.01522861313812,2.0575419834278694,0.5447377525891963,0.07998188860915534,0.11641401621049599,0.2952178556457739,132.3758800381747,2.970020266841954,180.05792795294244,108.28929007858858,127.19524310021536,47.413395441842944,189.90193173140185
2.7910202876101753,29.83872283624909,0.8656491411470884,0.971902004676588,0.2311140985759414,0.40079122135505396,0.5939233786531934,458.327328586343,4.0466057045898625,99.19850431627266,195.76723784207056,196.73229835299577,42.42271808588938,134.02147672898553
2.249012990418815,2.6113907148462787,2.463173793083285,0.7094053434222171,0.5810761576734222,0.43516404546830306,0.5842140905013244,473.5893333439691,4.481386336886311,56.293604942228356,28.520077935335603,101.49304269457235,128.22696772280997,129.21523870919518
3.1465507021109693,43.19571938136215,3.1164024910446937,0.7208911697923179,0.9751695129363118,0.46732832844150135,0.8164040330572353,340.8630454690693,3.6194340041661626,119.71648739168769,121.30757036995865,197.7966496706173,69.58811802867287,107.09419365079992
3.2651843274169337,78.01522861313812,2.0575419834278694,0.5447377525891963,0.07998188860915534,0.11641401621049599,0.2952178556457739,132.3758800381747,2.970020266841954,180.05792795294244,108.28929007858858,127.19524310021536,47.413395441842944,189.90193173140185
0.6923929476729558,3.9215249544953634,0.21843778568123667,0.7912905698923101,0.4198546291409345,0.6840217991331898,0.9984762651258827,61.49737866475787,3.7753230723789706,31.29201644638937,2.204398102203747,4.116298695255978,89.06507428995272,185.05463278797103
0.7068508759916174,3.9215249544953634,0.21843778568123667,0.3211331590638462,0.14535035339598748,0.6840217991331898,0.9984762651258827,61.49737866475787,3.7753230723789706,31.29201644638937,2.204398102203747,4.116298695255978,77.00345471983348,96.44035780712828
2.9866816219415546,63.704474784124386,0.29029288119710794,0.8883928253842837,0.5041563951332687,0.6214972727713515,0.2585366222691279,1633.677304454617,4.875143504921532,141.84214538334973,144.59960612426963,59.41934084469304,81.44843264347723,92.51441301372958
3.1202758982685372,11.92687518153941,1.8726025610642545,0.34955872816305594,0.27713571490416394,0.6533299653273394,0.7569994954778748,808.9497158601856,3.5950814958332167,16.31551889196967,8.504318313917011,59.20061329325137,78.6946879696175,54.41382938666103
3.2005609870673934,1.4936249015310235,1.9571659317275274,0.22032063253945736,0.05506670297723811,0.22831661743358694,0.6217217819691057,1370.7735683064966,4.063344007684286,2.0298894573119934,191.32311042518,151.6963366755556,175.38259236010646,21.32655957077612
3.2900616009352626,5.926259318340744,3.645147448831785,0.2863671429704071,0.5516098135101177,0.1456227490023092,0.15900204403090185,354.86552340852415,1.426527884308837,157.55955553095873,135.24086191926168,82.2061266597163,58.7661007409583,155.15365579981176
2.195468700422946,8.738225025821187,4.679616522435683,0.4627613178326923,0.514953352549731,0.19253123401934102,0.8096518604660704,191.83528032330716,2.688877231153909,148.44738577502386,108.37357761989978,150.53200038616154,108.62786171270062,138.6787685531221
2.663650662492789,16.562461749875105,0.7292319670347865,0.40361164586706366,0.15715939185196182,0.694345516950112,0.22104342378014352,838.3364990224821,4.885844809653694,54.87480200021022,54.54266189622997,110.12235303379644,43.90139859133675,148.50685065907305
2.730053788037675,13.994891639586442,0.12750304298982296,0.2153868585357207,0.9461376524204267,0.40720797657034263,0.6557453489221263,1135.2684985292196,3.347892152818395,37.08812639784392,46.2321741016918,64.54651462422122,175.00377996851012,95.7369595093229
2.9526750449149883,69.60192863396705,4.1465898024800305,0.7760158504047971,0.28151407753357305,0.6234049768433915,0.7639512235234682,142.08565326645646,4.913537867244615,51.25857530476042,160.6209267756878,186.72564755090386,57.05424865929433,106.2906313771648
3.207534134437895,10.47431323432153,1.0986891551826607,0.3911346106721008,0.9254053443783192,0.16078166781059042,0.7169155781917542,1560.0934593697698,4.267672858898055,145.48360670465414,43.168913732172705,1.4336997973587993,45.456481490858856,160.37659831624245
3.1459451215473626,72.10387376163746,4.649076442177124,0.6034235642458446,0.2879345222337147,0.3383771640343096,0.8133913255920153,314.3790215255324,4.759071772737018,71.73420152950861,56.895989562889774,169.75911136225756,88.6978860424943,98.71692616132316
2.7910202876101753,29.83872283624909,0.8656491411470884,0.971902004676588,0.2311140985759414,0.40079122135505396,0.5939233786531934,458.327328586343,4.0466057045898625,99.19850431627266,195.76723784207056,196.73229835299577,42.42271808588938,134.02147672898553
2.249012990418815,2.6113907148462787,2.463173793083285,0.7094053434222171,0.5810761576734222,0.43516404546830306,0.5842140905013244,473.5893333439691,4.481386336886311,56.293604942228356,28.520077935335603,101.49304269457235,128.22696772280997,129.21523870919518
0.7068508759916174,3.9215249544953634,0.21843778568123667,0.3211331590638462,0.14535035339598748,0.6840217991331898,0.9984762651258827,61.49737866475787,3.7753230723789706,31.29201644638937,2.204398102203747,4.116298695255978,77.00345471983348,96.44035780712828
2.9526750449149883,69.60192863396705,4.1465898024800305,0.7760158504047971,0.28151407753357305,0.6234049768433915,0.7639512235234682,142.08565326645646,4.913537867244615,51.25857530476042,160.6209267756878,186.72564755090386,57.05424865929433,106.2906313771648
3.1465507021109693,43.19571938136215,3.1164024910446937,0.7208911697923179,0.9751695129363118,0.46732832844150135,0.8164040330572353,340.8630454690693,3.6194340041661626,119.71648739168769,121.30757036995865,197.7966496706173,69.58811802867287,107.09419365079992
3.2651843274169337,78.01522861313812,2.0575419834278694,0.5447377525891963,0.07998188860915534,0.11641401621049599,0.2952178556457739,132.3758800381747,2.970020266841954,180.05792795294244,108.28929007858858,127.19524310021536,47.413395441842944,189.90193173140185
0.6923929476729558,3.9215249544953634,0.21843778568123667,0.7912905698923101,0.4198546291409345,0.6840217991331898,0.9984762651258827,61.49737866475787,3.7753230723789706,31.29201644638937,2.204398102203747,4.116298695255978,89.06507428995272,185.05463278797103
2.9866816219415546,63.704474784124386,0.29029288119710794,0.8883928253842837,0.5041563951332687,0.6214972727713515,0.2585366222691279,1633.677304454617,4.875143504921532,141.84214538334973,144.59960612426963,59.41934084469304,81.44843264347723,92.51441301372958
2.546092886462067,32.838003130166214,1.5380076711598236,0.6206396142998363,0.6705199353001993,0.49654841583342085,0.3522907882593557,171.2948030050331,4.074309675058645,75.2975242430117,57.699552036145874,120.57963163106163,189.5716043406554,63.29300952230583
3.2005609870673934,1.4936249015310235,1.9571659317275274,0.22032063253945736,0.05506670297723811,0.22831661743358694,0.6217217819691057,1370.7735683064966,4.063344007684286,2.0298894573119934,191.32311042518,151.6963366755556,175.38259236010646,21.32655957077612
3.2900616009352626,5.926259318340744,3.645147448831785,0.2863671429704071,0.5516098135101177,0.1456227490023092,0.15900204403090185,354.86552340852415,1.426527884308837,157.55955553095873,135.24086191926168,82.2061266597163,58.7661007409583,155.15365579981176
2.730053788037675,13.994891639586442,0.12750304298982296,0.2153868585357207,0.9461376524204267,0.40720797657034263,0.6557453489221263,1135.2684985292196,3.347892152818395,37.08812639784392,46.2321741016918,64.54651462422122,175.00377996851012,95.7369595093229
2.195468700422946,8.738225025821187,4.679616522435683,0.4627613178326923,0.514953352549731,0.19253123401934102,0.8096518604660704,191.83528032330716,2.688877231153909,148.44738577502386,108.37357761989978,150.53200038616154,108.62786171270062,138.6787685531221
0.7068508759916174,3.9215249544953634,0.21843778568123667,0.3211331590638462,0.14535035339598748,0.6840217991331898,0.9984762651258827,61.49737866475787,3.7753230723789706,31.29201644638937,2.204398102203747,4.116298695255978,77.00345471983348,96.44035780712828
3.1202758982685372,11.92687518153941,1.8726025610642545,0.34955872816305594,0.27713571490416394,0.6533299653273394,0.7569994954778748,808.9497158601856,3.5950814958332167,16.31551889196967,8.504318313917011,59.20061329325137,78.6946879696175,54.41382938666103
2.7986666804591,91.81737927802753,0.04192265113849017,0.8959912596844682,0.6053972922506943,0.5482317829431508,0.32176903443622745,749.4559804773838,2.4303765387868124,4.900204188436873,13.928205633937889,4.104376419856839,116.88202216816686,84.9896254184628
2.663650662492789,16.562461749875105,0.7292319670347865,0.40361164586706366,0.15715939185196182,0.694345516950112,0.22104342378014352,838.3364990224821,4.885844809653694,54.87480200021022,54.54266189622997,110.12235303379644,43.90139859133675,148.50685065907305
0.7068508759916174,3.9215249544953634,0.21843778568123667,0.3211331590638462,0.14535035339598748,0.6840217991331898,0.9984762651258827,61.49737866475787,3.7753230723789706,31.29201644638937,2.204398102203747,4.116298695255978,77.00345471983348,96.44035780712828
2.249012990418815,2.6113907148462787,2.463173793083285,0.7094053434222171,0.5810761576734222,0.43516404546830306,0.5842140905013244,473.5893333439691,4.481386336886311,56.293604942228356,28.520077935335603,101.49304269457235,128.22696772280997,129.21523870919518
2.9526750449149883,69.60192863396705,4.1465898024800305,0.7760158504047971,0.28151407753357305,0.6234049768433915,0.7639512235234682,142.08565326645646,4.913537867244615,51.25857530476042,160.6209267756878,186.72564755090386,57.05424865929433,106.2906313771648
2.730053788037675,13.994891639586442,0.12750304298982296,0.2153868585357207,0.9461376524204267,0.40720797657034263,0.6557453489221263,1135.2684985292196,3.347892152818395,37.08812639784392,46.2321741016918,64.54651462422122,175.00377996851012,95.7369595093229
0.6923929476729558,3.9215249544953634,0.21843778568123667,0.7912905698923101,0.4198546291409345,0.6840217991331898,0.9984762651258827,61.49737866475787,3.7753230723789706,31.29201644638937,2.204398102203747,4.116298695255978,89.06507428995272,185.05463278797103
3.2152997566888097,13.555282824975452,1.5188091405526267,0.485357541620903,0.7172687149401435,0.9298289913331159,0.2383194346503234,1476.2250301338877,4.289392833575985,166.8802679543833,58.15911436083797,130.66116317992135,99.90441456627009,159.44770955804304
3.1465507021109693,43.19571938136215,3.1164024910446937,0.7208911697923179,0.9751695129363118,0.46732832844150135,0.8164040330572353,340.8630454690693,3.6194340041661626,119.71648739168769,121.30757036995865,197.7966496706173,69.58811802867287,107.09419365079992
2.9866816219415546,63.704474784124386,0.29029288119710794,0.8883928253842837,0.5041563951332687,0.6214972727713515,0.2585366222691279,1633.677304454617,4.875143504921532,141.84214538334973,144.59960612426963,59.41934084469304,81.44843264347723,92.51441301372958
3.2005609870673934,1.4936249015310235,1.9571659317275274,0.22032063253945736,0.05506670297723811,0.22831661743358694,0.6217217819691057,1370.7735683064966,4.063344007684286,2.0298894573119934,191.32311042518,151.6963366755556,175.38259236010646,21.32655957077612
2.546092886462067,32.838003130166214,1.5380076711598236,0.6206396142998363,0.6705199353001993,0.49654841583342085,0.3522907882593557,171.2948030050331,4.074309675058645,75.2975242430117,57.699552036145874,120.57963163106163,189.5716043406554,63.29300952230583
0.7068508759916174,3.9215249544953634,0.21843778568123667,0.3211331590638462,0.14535035339598748,0.6840217991331898,0.9984762651258827,61.49737866475787,3.7753230723789706,31.29201644638937,2.204398102203747,4.116298695255978,77.00345471983348,96.44035780712828
3.2900616009352626,5.926259318340744,3.645147448831785,0.2863671429704071,0.5516098135101177,0.1456227490023092,0.15900204403090185,354.86552340852415,1.426527884308837,157.55955553095873,135.24086191926168,82.2061266597163,58.7661007409583,155.15365579981176
2.7986666804591,91.81737927802753,0.04192265113849017,0.8959912596844682,0.6053972922506943,0.5482317829431508,0.32176903443622745,749.4559804773838,2.4303765387868124,4.900204188436873,13.928205633937889,4.104376419856839,116.88202216816686,84.9896254184628
0.7068508759916174,3.9215249544953634,0.21843778568123667,0.3211331590638462,0.14535035339598748,0.6840217991331898,0.9984762651258827,61.49737866475787,3.7753230723789706,31.29201644638937,2.204398102203747,4.116298695255978,77.00345471983348,96.44035780712828
2.195468700422946,8.738225025821187,4.679616522435683,0.4627613178326923,0.514953352549731,0.19253123401934102,0.8096518604660704,191.83528032330716,2.688877231153909,148.44738577502386,108.37357761989978,150.53200038616154,108.62786171270062,138.6787685531221
3.1202758982685372,11.92687518153941,1.8726025610642545,0.34955872816305594,0.27713571490416394,0.6533299653273394,0.7569994954778748,808.9497158601856,3.5950814958332167,16.31551889196967,8.504318313917011,59.20061329325137,78.6946879696175,54.41382938666103
2.249012990418815,2.6113907148462787,2.463173793083285,0.7094053434222171,0.5810761576734222,0.43516404546830306,0.5842140905013244,473.5893333439691,4.481386336886311,56.293604942228356,28.520077935335603,101.49304269457235,128.22696772280997,129.21523870919518
2.9866816219415546,63.704474784124386,0.29029288119710794,0.8883928253842837,0.5041563951332687,0.6214972727713515,0.2585366222691279,1633.677304454617,4.875143504921532,141.84214538334973,144.59960612426963,59.41934084469304,81.44843264347723,92.51441301372958
2.663650662492789,16.562461749875105,0.7292319670347865,0.40361164586706366,0.15715939185196182,0.694345516950112,0.22104342378014352,838.3364990224821,4.885844809653694,54.87480200021022,54.54266189622997,110.12235303379644,43.90139859133675,148.50685065907305
2.9526750449149883,69.60192863396705,4.1465898024800305,0.7760158504047971,0.28151407753357305,0.6234049768433915,0.7639512235234682,142.08565326645646,4.913537867244615,51.25857530476042,160.6209267756878,186.72564755090386,57.05424865929433,106.2906313771648
0.6923929476729558,3.9215249544953634,0.21843778568123667,0.7912905698923101,0.4198546291409345,0.6840217991331898,0.9984762651258827,61.49737866475787,3.7753230723789706,31.29201644638937,2.204398102203747,4.116298695255978,89.06507428995272,185.05463278797103
3.2152997566888097,13.555282824975452,1.5188091405526267,0.485357541620903,0.7172687149401435,0.9298289913331159,0.2383194346503234,1476.2250301338877,4.289392833575985,166.8802679543833,58.15911436083797,130.66116317992135,99.90441456627009,159.44770955804304
0.7068508759916174,3.9215249544953634,0.21843778568123667,0.3211331590638462,0.14535035339598748,0.6840217991331898,0.9984762651258827,61.49737866475787,3.7753230723789706,31.29201644638937,2.204398102203747,4.116298695255978,77.00345471983348,96.44035780712828
2.730053788037675,13.994891639586442,0.12750304298982296,0.2153868585357207,0.9461376524204267,0.40720797657034263,0.6557453489221263,1135.2684985292196,3.347892152818395,37.08812639784392,46.2321741016918,64.54651462422122,175.00377996851012,95.7369595093229
3.1465507021109693,43.19571938136215,3.1164024910446937,0.7208911697923179,0.9751695129363118,0.46732832844150135,0.8164040330572353,340.8630454690693,3.6194340041661626,119.71648739168769,121.30757036995865,197.7966496706173,69.58811802867287,107.09419365079992
0.7068508759916174,3.9215249544953634,0.21843778568123667,0.3211331590638462,0.14535035339598748,0.6840217991331898,0.9984762651258827,61.49737866475787,3.7753230723789706,31.29201644638937,2.204398102203747,4.116298695255978,77.00345471983348,96.44035780712828
3.2005609870673934,1.4936249015310235,1.9571659317275274,0.22032063253945736,0.05506670297723811,0.22831661743358694,0.6217217819691057,1370.7735683064966,4.063344007684286,2.0298894573119934,191.32311042518,151.6963366755556,175.38259236010646,21.32655957077612
2.546092886462067,32.838003130166214,1.5380076711598236,0.6206396142998363,0.6705199353001993,0.49654841583342085,0.3522907882593557,171.2948030050331,4.074309675058645,75.2975242430117,57.699552036145874,120.57963163106163,189.5716043406554,63.29300952230583
3.2900616009352626,5.926259318340744,3.645147448831785,0.2863671429704071,0.5516098135101177,0.1456227490023092,0.15900204403090185,354.86552340852415,1.426527884308837,157.55955553095873,135.24086191926168,82.2061266597163,58.7661007409583,155.15365579981176
2.7986666804591,91.81737927802753,0.04192265113849017,0.8959912596844682,0.6053972922506943,0.5482317829431508,0.32176903443622745,749.4559804773838,2.4303765387868124,4.900204188436873,13.928205633937889,4.104376419856839,116.88202216816686,84.9896254184628
2.249012990418815,2.6113907148462787,2.463173793083285,0.7094053434222171,0.5810761576734222,0.43516404546830306,0.5842140905013244,473.5893333439691,4.481386336886311,56.293604942228356,28.520077935335603,101.49304269457235,128.22696772280997,129.21523870919518
2.9866816219415546,63.704474784124386,0.29029288119710794,0.8883928253842837,0.5041563951332687,0.6214972727713515,0.2585366222691279,1633.677304454617,4.875143504921532,141.84214538334973,144.59960612426963,59.41934084469304,81.44843264347723,92.51441301372958
2.195468700422946,8.738225025821187,4.679616522435683,0.4627613178326923,0.514953352549731,0.19253123401934102,0.8096518604660704,191.83528032330716,2.688877231153909,148.44738577502386,108.37357761989978,150.53200038616154,108.62786171270062,138.6787685531221
2.9526750449149883,69.60192863396705,4.1465898024800305,0.7760158504047971,0.28151407753357305,0.6234049768433915,0.7639512235234682,142.08565326645646,4.913537867244615,51.25857530476042,160.6209267756878,186.72564755090386,57.05424865929433,106.2906313771648
3.1202758982685372,11.92687518153941,1.8726025610642545,0.34955872816305594,0.27713571490416394,0.6533299653273394,0.7569994954778748,808.9497158601856,3.5950814958332167,16.31551889196967,8.504318313917011,59.20061329325137,78.6946879696175,54.41382938666103
2.730053788037675,13.994891639586442,0.12750304298982296,0.2153868585357207,0.9461376524204267,0.40720797657034263,0.6557453489221263,1135.2684985292196,3.347892152818395,37.08812639784392,46.2321741016918,64.54651462422122,175.00377996851012,95.7369595093229
0.6923929476729558,3.9215249544953634,0.21843778568123667,0.7912905698923101,0.4198546291409345,0.6840217991331898,0.9984762651258827,61.49737866475787,3.7753230723789706,31.29201644638937,2.204398102203747,4.116298695255978,89.06507428995272,185.05463278797103
2.663650662492789,16.562461749875105,0.7292319670347865,0.40361164586706366,0.15715939185196182,0.694345516950112,0.22104342378014352,838.3364990224821,4.885844809653694,54.87480200021022,54.54266189622997,110.12235303379644,43.90139859133675,148.50685065907305
3.094001024935317,2.8609849668435015,0.8868086640529946,0.9106349844337635,0.14799419666391006,0.6876986215463727,0.7253153469003099,864.8229765222632,4.020054897770146,135.20294569256396,176.78196347593052,100.26880440804396,62.86271556429968,24.090734965117704
0.7068508759916174,3.9215249544953634,0.21843778568123667,0.3211331590638462,0.14535035339598748,0.6840217991331898,0.9984762651258827,61.49737866475787,3.7753230723789706,31.29201644638937,2.204398102203747,4.116298695255978,77.00345471983348,96.44035780712828
2.249012990418815,2.6113907148462787,2.463173793083285,0.7094053434222171,0.5810761576734222,0.43516404546830306,0.5842140905013244,473.5893333439691,4.481386336886311,56.293604942228356,28.520077935335603,101.49304269457235,128.22696772280997,129.21523870919518
1.44480023795892,15.568304223016273,0.15203794969755954,0.280061949605633,0.567848698511336,0.6956162721101138,0.6726531351235563,243.77241077187546,4.041456029373818,15.186316407042568,70.9162165100681,96.09672807377805,121.22144308962714,93.81765733073152
3.1465507021109693,43.19571938136215,3.1164024910446937,0.7208911697923179,0.9751695129363118,0.46732832844150135,0.8164040330572353,340.8630454690693,3.6194340041661626,119.71648739168769,121.30757036995865,197.7966496706173,69.58811802867287,107.09419365079992
0.7068508759916174,3.9215249544953634,0.21843778568123667,0.3211331590638462,0.14535035339598748,0.6840217991331898,0.9984762651258827,61.49737866475787,3.7753230723789706,31.29201644638937,2.204398102203747,4.116298695255978,77.00345471983348,96.44035780712828
3.1202758982685372,11.92687518153941,1.8726025610642545,0.34955872816305594,0.27713571490416394,0.6533299653273394,0.7569994954778748,808.9497158601856,3.5950814958332167,16.31551889196967,8.504318313917011,59.20061329325137,78.6946879696175,54.41382938666103
2.663650662492789,16.562461749875105,0.7292319670347865,0.40361164586706366,0.15715939185196182,0.694345516950112,0.22104342378014352,838.3364990224821,4.885844809653694,54.87480200021022,54.54266189622997,110.12235303379644,43.90139859133675,148.50685065907305
3.2005609870673934,1.4936249015310235,1.9571659317275274,0.22032063253945736,0.05506670297723811,0.22831661743358694,0.6217217819691057,1370.7735683064966,4.063344007684286,2.0298894573119934,191.32311042518,151.6963366755556,175.38259236010646,21.32655957077612
2.1763574625408015,46.78676476095958,0.47995043978328344,0.5008350193128535,0.9121354852076524,0.9726400170511748,0.5547456409921743,92.45067093327266,4.931536822776526,182.7748327219639,165.26482008679554,145.30101497860227,196.66166598580602,57.26344462974276
3.2900616009352626,5.926259318340744,3.645147448831785,0.2863671429704071,0.5516098135101177,0.1456227490023092,0.15900204403090185,354.86552340852415,1.426527884308837,157.55955553095873,135.24086191926168,82.2061266597163,58.7661007409583,155.15365579981176
2.7986666804591,91.81737927802753,0.04192265113849017,0.8959912596844682,0.6053972922506943,0.5482317829431508,0.32176903443622745,749.4559804773838,2.4303765387868124,4.900204188436873,13.928205633937889,4.104376419856839,116.88202216816686,84.9896254184628
2.9526750449149883,69.60192863396705,4.1465898024800305,0.7760158504047971,0.28151407753357305,0.6234049768433915,0.7639512235234682,142.08565326645646,4.913537867244615,51.25857530476042,160.6209267756878,186.72564755090386,57.05424865929433,106.2906313771648
2.730053788037675,13.994891639586442,0.12750304298982296,0.2153868585357207,0.9461376524204267,0.40720797657034263,0.6557453489221263,1135.2684985292196,3.347892152818395,37.08812639784392,46.2321741016918,64.54651462422122,175.00377996851012,95.7369595093229
0.6923929476729558,3.9215249544953634,0.21843778568123667,0.7912905698923101,0.4198546291409345,0.6840217991331898,0.9984762651258827,61.49737866475787,3.7753230723789706,31.29201644638937,2.204398102203747,4.116298695255978,89.06507428995272,185.05463278797103
3.094001024935317,2.8609849668435015,0.8868086640529946,0.9106349844337635,0.14799419666391006,0.6876986215463727,0.7253153469003099,864.8229765222632,4.020054897770146,135.20294569256396,176.78196347593052,100.26880440804396,62.86271556429968,24.090734965117704
0.7068508759916174,3.9215249544953634,0.21843778568123667,0.3211331590638462,0.14535035339598748,0.6840217991331898,0.9984762651258827,61.49737866475787,3.7753230723789706,31.29201644638937,2.204398102203747,4.116298695255978,77.00345471983348,96.44035780712828
2.195468700422946,8.738225025821187,4.679616522435683,0.4627613178326923,0.514953352549731,0.19253123401934102,0.8096518604660704,191.83528032330716,2.688877231153909,148.44738577502386,108.37357761989978,150.53200038616154,108.62786171270062,138.6787685531221
2.249012990418815,2.6113907148462787,2.463173793083285,0.7094053434222171,0.5810761576734222,0.43516404546830306,0.5842140905013244,473.5893333439691,4.481386336886311,56.293604942228356,28.520077935335603,101.49304269457235,128.22696772280997,129.21523870919518
2.478865202355084,66.74043788524581,0.407830273847468,0.997320081195417,0.9667223668823997,0.11353325071104692,0.8958167687287667,329.66193838080676,4.9208844063168025,195.09155274675012,132.38593090821448,185.21306635263343,21.380413020651833,169.92641531606364
1.44480023795892,15.568304223016273,0.15203794969755954,0.280061949605633,0.567848698511336,0.6956162721101138,0.6726531351235563,243.77241077187546,4.041456029373818,15.186316407042568,70.9162165100681,96.09672807377805,121.22144308962714,93.81765733073152
0.7068508759916174,3.9215249544953634,0.21843778568123667,0.3211331590638462,0.14535035339598748,0.6840217991331898,0.9984762651258827,61.49737866475787,3.7753230723789706,31.29201644638937,2.204398102203747,4.116298695255978,77.00345471983348,96.44035780712828
2.9462901544757947,96.85745230711144,0.10399891656501903,0.4678241888133513,0.4853362180957784,0.8714615942950101,0.07311911387885556,222.16368031290244,1.738567369710636,199.11689545038115,160.4879380911753,173.39182398301725,29.14089040760046,166.4273626483494
3.1202758982685372,11.92687518153941,1.8726025610642545,0.34955872816305594,0.27713571490416394,0.6533299653273394,0.7569994954778748,808.9497158601856,3.5950814958332167,16.31551889196967,8.504318313917011,59.20061329325137,78.6946879696175,54.41382938666103
2.663650662492789,16.562461749875105,0.7292319670347865,0.40361164586706366,0.15715939185196182,0.694345516950112,0.22104342378014352,838.3364990224821,4.885844809653694,54.87480200021022,54.54266189622997,110.12235303379644,43.90139859133675,148.50685065907305
2.1763574625408015,46.78676476095958,0.47995043978328344,0.5008350193128535,0.9121354852076524,0.9726400170511748,0.5547456409921743,92.45067093327266,4.931536822776526,182.7748327219639,165.26482008679554,145.30101497860227,196.66166598580602,57.26344462974276
3.2900616009352626,5.926259318340744,3.645147448831785,0.2863671429704071,0.5516098135101177,0.1456227490023092,0.15900204403090185,354.86552340852415,1.426527884308837,157.55955553095873,135.24086191926168,82.2061266597163,58.7661007409583,155.15365579981176
2.7810609002511217,19.098182881045247,0.5688670316120578,0.5426893543179552,0.0598055703819066,0.6825886630720825,0.8648548285280439,383.7387050073576,2.7347966990018913,20.870541554870705,64.55845949534226,35.43602047627436,129.3773807058197,109.5257955080744
2.9526750449149883,69.60192863396705,4.1465898024800305,0.7760158504047971,0.28151407753357305,0.6234049768433915,0.7639512235234682,142.08565326645646,4.913537867244615,51.25857530476042,160.6209267756878,186.72564755090386,57.05424865929433,106.2906313771648
2.730053788037675,13.994891639586442,0.12750304298982296,0.2153868585357207,0.9461376524204267,0.40720797657034263,0.6557453489221263,1135.2684985292196,3.347892152818395,37.08812639784392,46.2321741016918,64.54651462422122,175.00377996851012,95.7369595093229
0.6923929476729558,3.9215249544953634,0.21843778568123667,0.7912905698923101,0.4198546291409345,0.6840217991331898,0.9984762651258827,61.49737866475787,3.7753230723789706,31.29201644638937,2.204398102203747,4.116298695255978,89.06507428995272,185.05463278797103
3.0582059867898113,30.90057043931583,0.9650685056409722,0.2935352928044317,0.7894790246516808,0.6563387673403787,0.17363516524158046,1911.0789453200136,4.988933363740335,85.67067459682639,166.3263361676994,38.59959921948182,140.36385720604054,151.78703014620191
0.7068508759916174,3.9215249544953634,0.21843778568123667,0.3211331590638462,0.14535035339598748,0.6840217991331898,0.9984762651258827,61.49737866475787,3.7753230723789706,31.29201644638937,2.204398102203747,4.116298695255978,77.00345471983348,96.44035780712828
2.1763574625408015,46.78676476095958,0.47995043978328344,0.5008350193128535,0.9121354852076524,0.9726400170511748,0.5547456409921743,92.45067093327266,4.931536822776526,182.7748327219639,165.26482008679554,145.30101497860227,196.66166598580602,57.26344462974276
2.663650662492789,16.562461749875105,0.7292319670347865,0.40361164586706366,0.15715939185196182,0.694345516950112,0.22104342378014352,838.3364990224821,4.885844809653694,54.87480200021022,54.54266189622997,110.12235303379644,43.90139859133675,148.50685065907305
2.249012990418815,2.6113907148462787,2.463173793083285,0.7094053434222171,0.5810761576734222,0.43516404546830306,0.5842140905013244,473.5893333439691,4.481386336886311,56.293604942228356,28.520077935335603,101.49304269457235,128.22696772280997,129.21523870919518
1.44480023795892,15.568304223016273,0.15203794969755954,0.280061949605633,0.567848698511336,0.6956162721101138,0.6726531351235563,243.77241077187546,4.041456029373818,15.186316407042568,70.9162165100681,96.09672807377805,121.22144308962714,93.81765733073152
2.195468700422946,8.738225025821187,4.679616522435683,0.4627613178326923,0.514953352549731,0.19253123401934102,0.8096518604660704,191.83528032330716,2.688877231153909,148.44738577502386,108.37357761989978,150.53200038616154,108.62786171270062,138.6787685531221
2.9526750449149883,69.60192863396705,4.1465898024800305,0.7760158504047971,0.28151407753357305,0.6234049768433915,0.7639512235234682,142.08565326645646,4.913537867244615,51.25857530476042,160.6209267756878,186.72564755090386,57.05424865929433,106.2906313771648
2.478865202355084,66.74043788524581,0.407830273847468,0.997320081195417,0.9667223668823997,0.11353325071104692,0.8958167687287667,329.66193838080676,4.9208844063168025,195.09155274675012,132.38593090821448,185.21306635263343,21.380413020651833,169.92641531606364
0.7068508759916174,3.9215249544953634,0.21843778568123667,0.3211331590638462,0.14535035339598748,0.6840217991331898,0.9984762651258827,61.49737866475787,3.7753230723789706,31.29201644638937,2.204398102203747,4.116298695255978,77.00345471983348,96.44035780712828
2.9462901544757947,96.85745230711144,0.10399891656501903,0.4678241888133513,0.4853362180957784,0.8714615942950101,0.07311911387885556,222.16368031290244,1.738567369710636,199.11689545038115,160.4879380911753,173.39182398301725,29.14089040760046,166.4273626483494
2.7810609002511217,19.098182881045247,0.5688670316120578,0.5426893543179552,0.0598055703819066,0.6825886630720825,0.8648548285280439,383.7387050073576,2.7347966990018913,20.870541554870705,64.55845949534226,35.43602047627436,129.3773807058197,109.5257955080744
1.9504094292311487,39.847460023596106,0.015363191600886807,0.9867754743543827,0.509715891419396,0.9026288664647527,0.6864821338889369,423.56150841150986,4.917262687247461,179.54382825811527,130.0235033616682,42.938939382863396,76.36854765743065,159.14320101253233
2.3561633476211985,74.1271285277044,0.02954304999212587,0.398441301986832,0.9554603944607439,0.39903113608341395,0.6805397359871497,1050.7777953532104,4.546420374661822,147.92271560033788,27.843176880356058,133.15712053253694,102.89561929032178,39.531490753812726
3.1202758982685372,11.92687518153941,1.8726025610642545,0.34955872816305594,0.27713571490416394,0.6533299653273394,0.7569994954778748,808.9497158601856,3.5950814958332167,16.31551889196967,8.504318313917011,59.20061329325137,78.6946879696175,54.41382938666103
0.6923929476729558,3.9215249544953634,0.21843778568123667,0.7912905698923101,0.4198546291409345,0.6840217991331898,0.9984762651258827,61.49737866475787,3.7753230723789706,31.29201644638937,2.204398102203747,4.116298695255978,89.06507428995272,185.05463278797103
3.0582059867898113,30.90057043931583,0.9650685056409722,0.2935352928044317,0.7894790246516808,0.6563387673403787,0.17363516524158046,1911.0789453200136,4.988933363740335,85.67067459682639,166.3263361676994,38.59959921948182,140.36385720604054,151.78703014620191
0.7068508759916174,3.9215249544953634,0.21843778568123667,0.3211331590638462,0.14535035339598748,0.6840217991331898,0.9984762651258827,61.49737866475787,3.7753230723789706,31.29201644638937,2.204398102203747,4.116298695255978,77.00345471983348,96.44035780712828
2.376242258359933,13.468259001504043,4.1796840648820766,0.05401821156728778,0.06592597216037227,0.7609330951341409,0.7882210979672996,211.632676000141,3.6915470110795967,42.02018218814651,98.87692377743144,77.77328197107946,180.18843305489634,10.238852839627958
2.1763574625408015,46.78676476095958,0.47995043978328344,0.5008350193128535,0.9121354852076524,0.9726400170511748,0.5547456409921743,92.45067093327266,4.931536822776526,182.7748327219639,165.26482008679554,145.30101497860227,196.66166598580602,57.26344462974276
1.44480023795892,15.568304223016273,0.15203794969755954,0.280061949605633,0.567848698511336,0.6956162721101138,0.6726531351235563,243.77241077187546,4.041456029373818,15.186316407042568,70.9162165100681,96.09672807377805,121.22144308962714,93.81765733073152
2.663650662492789,16.562461749875105,0.7292319670347865,0.40361164586706366,0.15715939185196182,0.694345516950112,0.22104342378014352,838.3364990224821,4.885844809653694,54.87480200021022,54.54266189622997,110.12235303379644,43.90139859133675,148.50685065907305
2.249012990418815,2.6113907148462787,2.463173793083285,0.7094053434222171,0.5810761576734222,0.43516404546830306,0.5842140905013244,473.5893333439691,4.481386336886311,56.293604942228356,28.520077935335603,101.49304269457235,128.22696772280997,129.21523870919518
2.9526750449149883,69.60192863396705,4.1465898024800305,0.7760158504047971,0.28151407753357305,0.6234049768433915,0.7639512235234682,142.08565326645646,4.913537867244615,51.25857530476042,160.6209267756878,186.72564755090386,57.05424865929433,106.2906313771648
2.0795137125297085,18.509413814765196,2.358362691341582,0.419874558066268,0.5510487473373399,0.3261786552520277,0.5994964545304939,178.88524520879434,4.944444254940345,137.87943833699484,108.43796346496214,28.06562049967161,140.35646945874532,145.78138553973028
0.7068508759916174,3.9215249544953634,0.21843778568123667,0.3211331590638462,0.14535035339598748,0.6840217991331898,0.9984762651258827,61.49737866475787,3.7753230723789706,31.29201644638937,2.204398102203747,4.116298695255978,77.00345471983348,96.44035780712828
2.478865202355084,66.74043788524581,0.407830273847468,0.997320081195417,0.9667223668823997,0.11353325071104692,0.8958167687287667,329.66193838080676,4.9208844063168025,195.09155274675012,132.38593090821448,185.21306635263343,21.380413020651833,169.92641531606364
2.2226176388565473,49.75023790217805,0.7550957330052115,0.9910964580829957,0.45653087330387604,0.41073362750001075,0.3996381057713833,121.03135986458629,4.297489465761841,123.35311230950434,116.33965932669219,177.41742041527928,177.40097745812238,101.20958270830599
1.9504094292311487,39.847460023596106,0.015363191600886807,0.9867754743543827,0.509715891419396,0.9026288664647527,0.6864821338889369,423.56150841150986,4.917262687247461,179.54382825811527,130.0235033616682,42.938939382863396,76.36854765743065,159.14320101253233
2.7810609002511217,19.098182881045247,0.5688670316120578,0.5426893543179552,0.0598055703819066,0.6825886630720825,0.8648548285280439,383.7387050073576,2.7347966990018913,20.870541554870705,64.55845949534226,35.43602047627436,129.3773807058197,109.5257955080744
2.0795137125297085,18.509413814765196,2.358362691341582,0.419874558066268,0.5510487473373399,0.3261786552520277,0.5994964545304939,178.88524520879434,4.944444254940345,137.87943833699484,108.43796346496214,28.06562049967161,140.35646945874532,145.78138553973028
3.0056513008828505,23.100478967075052,3.891908060616802,0.7568314597656621,0.0759132549542104,0.9621509534925046,0.6040376793910688,360.15012715755813,4.110472595401523,101.7369900973584,118.76545156935737,89.95883472710882,29.090226678121258,128.01849856705243
0.6923929476729558,3.9215249544953634,0.21843778568123667,0.7912905698923101,0.4198546291409345,0.6840217991331898,0.9984762651258827,61.49737866475787,3.7753230723789706,31.29201644638937,2.204398102203747,4.116298695255978,89.06507428995272,185.05463278797103
3.0582059867898113,30.90057043931583,0.9650685056409722,0.2935352928044317,0.7894790246516808,0.6563387673403787,0.17363516524158046,1911.0789453200136,4.988933363740335,85.67067459682639,166.3263361676994,38.59959921948182,140.36385720604054,151.78703014620191
0.7068508759916174,3.9215249544953634,0.21843778568123667,0.3211331590638462,0.14535035339598748,0.6840217991331898,0.9984762651258827,61.49737866475787,3.7753230723789706,31.29201644638937,2.204398102203747,4.116298695255978,77.00345471983348,96.44035780712828
2.376242258359933,13.468259001504043,4.1796840648820766,0.05401821156728778,0.06592597216037227,0.7609330951341409,0.7882210979672996,211.632676000141,3.6915470110795967,42.02018218814651,98.87692377743144,77.77328197107946,180.18843305489634,10.238852839627958
2.1763574625408015,46.78676476095958,0.47995043978328344,0.5008350193128535,0.9121354852076524,0.9726400170511748,0.5547456409921743,92.45067093327266,4.931536822776526,182.7748327219639,165.26482008679554,145.30101497860227,196.66166598580602,57.26344462974276
1.44480023795892,15.568304223016273,0.15203794969755954,0.280061949605633,0.567848698511336,0.6956162721101138,0.6726531351235563,243.77241077187546,4.041456029373818,15.186316407042568,70.9162165100681,96.09672807377805,121.22144308962714,93.81765733073152
2.478865202355084,66.74043788524581,0.407830273847468,0.997320081195417,0.9667223668823997,0.11353325071104692,0.8958167687287667,329.66193838080676,4.9208844063168025,195.09155274675012,132.38593090821448,185.21306635263343,21.380413020651833,169.92641531606364
1.9504094292311487,39.847460023596106,0.015363191600886807,0.9867754743543827,0.509715891419396,0.9026288664647527,0.6864821338889369,423.56150841150986,4.917262687247461,179.54382825811527,130.0235033616682,42.938939382863396,76.36854765743065,159.14320101253233
2.249012990418815,2.6113907148462787,2.463173793083285,0.7094053434222171,0.5810761576734222,0.43516404546830306,0.5842140905013244,473.5893333439691,4.481386336886311,56.293604942228356,28.520077935335603,101.49304269457235,128.22696772280997,129.21523870919518
2.663650662492789,16.562461749875105,0.7292319670347865,0.40361164586706366,0.15715939185196182,0.694345516950112,0.22104342378014352,838.3364990224821,4.885844809653694,54.87480200021022,54.54266189622997,110.12235303379644,43.90139859133675,148.50685065907305
2.9526750449149883,69.60192863396705,4.1465898024800305,0.7760158504047971,0.28151407753357305,0.6234049768433915,0.7639512235234682,142.08565326645646,4.913537867244615,51.25857530476042,160.6209267756878,186.72564755090386,57.05424865929433,106.2906313771648
0.7068508759916174,3.9215249544953634,0.21843778568123667,0.3211331590638462,0.14535035339598748,0.6840217991331898,0.9984762651258827,61.49737866475787,3.7753230723789706,31.29201644638937,2.204398102203747,4.116298695255978,77.00345471983348,96.44035780712828
2.2226176388565473,49.75023790217805,0.7550957330052115,0.9910964580829957,0.45653087330387604,0.41073362750001075,0.3996381057713833,121.03135986458629,4.297489465761841,123.35311230950434,116.33965932669219,177.41742041527928,177.40097745812238,101.20958270830599
2.7810609002511217,19.098182881045247,0.5688670316120578,0.5426893543179552,0.0598055703819066,0.6825886630720825,0.8648548285280439,383.7387050073576,2.7347966990018913,20.870541554870705,64.55845949534226,35.43602047627436,129.3773807058197,109.5257955080744
2.0795137125297085,18.509413814765196,2.358362691341582,0.419874558066268,0.5510487473373399,0.3261786552520277,0.5994964545304939,178.88524520879434,4.944444254940345,137.87943833699484,108.43796346496214,28.06562049967161,140.35646945874532,145.78138553973028
2.663650662492789,16.562461749875105,0.7292319670347865,0.40361164586706366,0.15715939185196182,0.694345516950112,0.22104342378014352,838.3364990224821,4.885844809653694,54.87480200021022,54.54266189622997,110.12235303379644,43.90139859133675,148.50685065907305
0.6923929476729558,3.9215249544953634,0.21843778568123667,0.7912905698923101,0.4198546291409345,0.6840217991331898,0.9984762651258827,61.49737866475787,3.7753230723789706,31.29201644638937,2.204398102203747,4.116298695255978,89.06507428995272,185.05463278797103
3.0582059867898113,30.90057043931583,0.9650685056409722,0.2935352928044317,0.7894790246516808,0.6563387673403787,0.17363516524158046,1911.0789453200136,4.988933363740335,85.67067459682639,166.3263361676994,38.59959921948182,140.36385720604054,151.78703014620191
3.0056513008828505,23.100478967075052,3.891908060616802,0.7568314597656621,0.0759132549542104,0.9621509534925046,0.6040376793910688,360.15012715755813,4.110472595401523,101.7369900973584,118.76545156935737,89.95883472710882,29.090226678121258,128.01849856705243
0.7068508759916174,3.9215249544953634,0.21843778568123667,0.3211331590638462,0.14535035339598748,0.6840217991331898,0.9984762651258827,61.49737866475787,3.7753230723789706,31.29201644638937,2.204398102203747,4.116298695255978,77.00345471983348,96.44035780712828
2.1763574625408015,46.78676476095958,0.47995043978328344,0.5008350193128535,0.9121354852076524,0.9726400170511748,0.5547456409921743,92.45067093327266,4.931536822776526,182.7748327219639,165.26482008679554,145.30101497860227,196.66166598580602,57.26344462974276
2.478865202355084,66.74043788524581,0.407830273847468,0.997320081195417,0.9667223668823997,0.11353325071104692,0.8958167687287667,329.66193838080676,4.9208844063168025,195.09155274675012,132.38593090821448,185.21306635263343,21.380413020651833,169.92641531606364
1.44480023795892,15.568304223016273,0.15203794969755954,0.280061949605633,0.567848698511336,0.6956162721101138,0.6726531351235563,243.77241077187546,4.041456029373818,15.186316407042568,70.9162165100681,96.09672807377805,121.22144308962714,93.81765733073152
2.7810609002511217,19.098182881045247,0.5688670316120578,0.5426893543179552,0.0598055703819066,0.6825886630720825,0.8648548285280439,383.7387050073576,2.7347966990018913,20.870541554870705,64.55845949534226,35.43602047627436,129.3773807058197,109.5257955080744
1.9504094292311487,39.847460023596106,0.015363191600886807,0.9867754743543827,0.509715891419396,0.9026288664647527,0.6864821338889369,423.56150841150986,4.917262687247461,179.54382825811527,130.0235033616682,42.938939382863396,76.36854765743065,159.14320101253233
2.376242258359933,13.468259001504043,4.1796840648820766,0.05401821156728778,0.06592597216037227,0.7609330951341409,0.7882210979672996,211.632676000141,3.6915470110795967,42.02018218814651,98.87692377743144,77.77328197107946,180.18843305489634,10.238852839627958
2.249012990418815,2.6113907148462787,2.463173793083285,0.7094053434222171,0.5810761576734222,0.43516404546830306,0.5842140905013244,473.5893333439691,4.481386336886311,56.293604942228356,28.520077935335603,101.49304269457235,128.22696772280997,129.21523870919518
0.7068508759916174,3.9215249544953634,0.21843778568123667,0.3211331590638462,0.14535035339598748,0.6840217991331898,0.9984762651258827,61.49737866475787,3.7753230723789706,31.29201644638937,2.204398102203747,4.116298695255978,77.00345471983348,96.44035780712828
2.9526750449149883,69.60192863396705,4.1465898024800305,0.7760158504047971,0.28151407753357305,0.6234049768433915,0.7639512235234682,142.08565326645646,4.913537867244615,51.25857530476042,160.6209267756878,186.72564755090386,57.05424865929433,106.2906313771648
2.1763574625408015,46.78676476095958,0.47995043978328344,0.5008350193128535,0.9121354852076524,0.9726400170511748,0.5547456409921743,92.45067093327266,4.931536822776526,182.7748327219639,165.26482008679554,145.30101497860227,196.66166598580602,57.26344462974276
2.2226176388565473,49.75023790217805,0.7550957330052115,0.9910964580829957,0.45653087330387604,0.41073362750001075,0.3996381057713833,121.03135986458629,4.297489465761841,123.35311230950434,116.33965932669219,177.41742041527928,177.40097745812238,101.20958270830599
1.44480023795892,15.568304223016273,0.15203794969755954,0.280061949605633,0.567848698511336,0.6956162721101138,0.6726531351235563,243.77241077187546,4.041456029373818,15.186316407042568,70.9162165100681,96.09672807377805,121.22144308962714,93.81765733073152
1.9504094292311487,39.847460023596106,0.015363191600886807,0.9867754743543827,0.509715891419396,0.9026288664647527,0.6864821338889369,423.56150841150986,4.917262687247461,179.54382825811527,130.0235033616682,42.938939382863396,76.36854765743065,159.14320101253233
0.6923929476729558,3.9215249544953634,0.21843778568123667,0.7912905698923101,0.4198546291409345,0.6840217991331898,0.9984762651258827,61.49737866475787,3.7753230723789706,31.29201644638937,2.204398102203747,4.116298695255978,89.06507428995272,185.05463278797103
2.0795137125297085,18.509413814765196,2.358362691341582,0.419874558066268,0.5510487473373399,0.3261786552520277,0.5994964545304939,178.88524520879434,4.944444254940345,137.87943833699484,108.43796346496214,28.06562049967161,140.35646945874532,145.78138553973028
0.7068508759916174,3.9215249544953634,0.21843778568123667,0.3211331590638462,0.14535035339598748,0.6840217991331898,0.9984762651258827,61.49737866475787,3.7753230723789706,31.29201644638937,2.204398102203747,4.116298695255978,77.00345471983348,96.44035780712828
3.0056513008828505,23.100478967075052,3.891908060616802,0.7568314597656621,0.0759132549542104,0.9621509534925046,0.6040376793910688,360.15012715755813,4.110472595401523,101.7369900973584,118.76545156935737,89.95883472710882,29.090226678121258,128.01849856705243
2.663650662492789,16.562461749875105,0.7292319670347865,0.40361164586706366,0.15715939185196182,0.694345516950112,0.22104342378014352,838.3364990224821,4.885844809653694,54.87480200021022,54.54266189622997,110.12235303379644,43.90139859133675,148.50685065907305
2.1763574625408015,46.78676476095958,0.47995043978328344,0.5008350193128535,0.9121354852076524,0.9726400170511748,0.5547456409921743,92.45067093327266,4.931536822776526,182.7748327219639,165.26482008679554,145.30101497860227,196.66166598580602,57.26344462974276
3.0582059867898113,30.90057043931583,0.9650685056409722,0.2935352928044317,0.7894790246516808,0.6563387673403787,0.17363516524158046,1911.0789453200136,4.988933363740335,85.67067459682639,166.3263361676994,38.59959921948182,140.36385720604054,151.78703014620191
2.478865202355084,66.74043788524581,0.407830273847468,0.997320081195417,0.9667223668823997,0.11353325071104692,0.8958167687287667,329.66193838080676,4.9208844063168025,195.09155274675012,132.38593090821448,185.21306635263343,21.380413020651833,169.92641531606364
2.376242258359933,13.468259001504043,4.1796840648820766,0.05401821156728778,0.06592597216037227,0.7609330951341409,0.7882210979672996,211.632676000141,3.6915470110795967,42.02018218814651,98.87692377743144,77.77328197107946,180.18843305489634,10.238852839627958
2.7810609002511217,19.098182881045247,0.5688670316120578,0.5426893543179552,0.0598055703819066,0.6825886630720825,0.8648548285280439,383.7387050073576,2.7347966990018913,20.870541554870705,64.55845949534226,35.43602047627436,129.3773807058197,109.5257955080744
0.7068508759916174,3.9215249544953634,0.21843778568123667,0.3211331590638462,0.14535035339598748,0.6840217991331898,0.9984762651258827,61.49737866475787,3.7753230723789706,31.29201644638937,2.204398102203747,4.116298695255978,77.00345471983348,96.44035780712828
2.249012990418815,2.6113907148462787,2.463173793083285,0.7094053434222171,0.5810761576734222,0.43516404546830306,0.5842140905013244,473.5893333439691,4.481386336886311,56.293604942228356,28.520077935335603,101.49304269457235,128.22696772280997,129.21523870919518
2.9526750449149883,69.60192863396705,4.1465898024800305,0.7760158504047971,0.28151407753357305,0.6234049768433915,0.7639512235234682,142.08565326645646,4.913537867244615,51.25857530476042,160.6209267756878,186.72564755090386,57.05424865929433,106.2906313771648
2.478865202355084,66.74043788524581,0.407830273847468,0.997320081195417,0.9667223668823997,0.11353325071104692,0.8958167687287667,329.66193838080676,4.9208844063168025,195.09155274675012,132.38593090821448,185.21306635263343,21.380413020651833,169.92641531606364
2.2226176388565473,49.75023790217805,0.7550957330052115,0.9910964580829957,0.45653087330387604,0.41073362750001075,0.3996381057713833,121.03135986458629,4.297489465761841,123.35311230950434,116.33965932669219,177.41742041527928,177.40097745812238,101.20958270830599
0.6923929476729558,3.9215249544953634,0.21843778568123667,0.7912905698923101,0.4198546291409345,0.6840217991331898,0.9984762651258827,61.49737866475787,3.7753230723789706,31.29201644638937,2.204398102203747,4.116298695255978,89.06507428995272,185.05463278797103
1.44480023795892,15.568304223016273,0.15203794969755954,0.280061949605633,0.567848698511336,0.6956162721101138,0.6726531351235563,243.77241077187546,4.041456029373818,15.186316407042568,70.9162165100681,96.09672807377805,121.22144308962714,93.81765733073152
1.9504094292311487,39.847460023596106,0.015363191600886807,0.9867754743543827,0.509715891419396,0.9026288664647527,0.6864821338889369,423.56150841150986,4.917262687247461,179.54382825811527,130.0235033616682,42.938939382863396,76.36854765743065,159.14320101253233
0.7068508759916174,3.9215249544953634,0.21843778568123667,0.3211331590638462,0.14535035339598748,0.6840217991331898,0.9984762651258827,61.49737866475787,3.7753230723789706,31.29201644638937,2.204398102203747,4.116298695255978,77.00345471983348,96.44035780712828
2.1763574625408015,46.78676476095958,0.47995043978328344,0.5008350193128535,0.9121354852076524,0.9726400170511748,0.5547456409921743,92.45067093327266,4.931536822776526,182.7748327219639,165.26482008679554,145.30101497860227,196.66166598580602,57.26344462974276
2.1941554575853544,11.278487259539883,0.14115524825536996,0.44802753210481466,0.7631277747731315,0.20743967603905833,0.8004735291595381,1030.3378631645776,4.748488232600842,1.5026443583318632,52.60474670409842,84.53410128492115,155.3241071473841,142.14375877203548
2.0795137125297085,18.509413814765196,2.358362691341582,0.419874558066268,0.5510487473373399,0.3261786552520277,0.5994964545304939,178.88524520879434,4.944444254940345,137.87943833699484,108.43796346496214,28.06562049967161,140.35646945874532,145.78138553973028
3.0582059867898113,30.90057043931583,0.9650685056409722,0.2935352928044317,0.7894790246516808,0.6563387673403787,0.17363516524158046,1911.0789453200136,4.988933363740335,85.67067459682639,166.3263361676994,38.59959921948182,140.36385720604054,151.78703014620191
2.663650662492789,16.562461749875105,0.7292319670347865,0.40361164586706366,0.15715939185196182,0.694345516950112,0.22104342378014352,838.3364990224821,4.885844809653694,54.87480200021022,54.54266189622997,110.12235303379644,43.90139859133675,148.50685065907305
2.7810609002511217,19.098182881045247,0.5688670316120578,0.5426893543179552,0.0598055703819066,0.6825886630720825,0.8648548285280439,383.7387050073576,2.7347966990018913,20.870541554870705,64.55845949534226,35.43602047627436,129.3773807058197,109.5257955080744
2.376242258359933,13.468259001504043,4.1796840648820766,0.05401821156728778,0.06592597216037227,0.7609330951341409,0.7882210979672996,211.632676000141,3.6915470110795967,42.02018218814651,98.87692377743144,77.77328197107946,180.18843305489634,10.238852839627958
0.7068508759916174,3.9215249544953634,0.21843778568123667,0.3211331590638462,0.14535035339598748,0.6840217991331898,0.9984762651258827,61.49737866475787,3.7753230723789706,31.29201644638937,2.204398102203747,4.116298695255978,77.00345471983348,96.44035780712828
0.7068508759916174,3.9215249544953634,0.21843778568123667,0.3211331590638462,0.14535035339598748,0.6840217991331898,0.9984762651258827,61.49737866475787,3.7753230723789706,31.29201644638937,2.204398102203747,4.116298695255978,77.00345471983348,96.44035780712828
2.249012990418815,2.6113907148462787,2.463173793083285,0.7094053434222171,0.5810761576734222,0.43516404546830306,0.5842140905013244,473.5893333439691,4.481386336886311,56.293604942228356,28.520077935335603,101.49304269457235,128.22696772280997,129.21523870919518
2.2226176388565473,49.75023790217805,0.7550957330052115,0.9910964580829957,0.45653087330387604,0.41073362750001075,0.3996381057713833,121.03135986458629,4.297489465761841,123.35311230950434,116.33965932669219,177.41742041527928,177.40097745812238,101.20958270830599
2.1941554575853544,11.278487259539883,0.14115524825536996,0.44802753210481466,0.7631277747731315,0.20743967603905833,0.8004735291595381,1030.3378631645776,4.748488232600842,1.5026443583318632,52.60474670409842,84.53410128492115,155.3241071473841,142.14375877203548
2.478865202355084,66.74043788524581,0.407830273847468,0.997320081195417,0.9667223668823997,0.11353325071104692,0.8958167687287667,329.66193838080676,4.9208844063168025,195.09155274675012,132.38593090821448,185.21306635263343,21.380413020651833,169.92641531606364
2.9526750449149883,69.60192863396705,4.1465898024800305,0.7760158504047971,0.28151407753357305,0.6234049768433915,0.7639512235234682,142.08565326645646,4.913537867244615,51.25857530476042,160.6209267756878,186.72564755090386,57.05424865929433,106.2906313771648
0.6923929476729558,3.9215249544953634,0.21843778568123667,0.7912905698923101,0.4198546291409345,0.6840217991331898,0.9984762651258827,61.49737866475787,3.7753230723789706,31.29201644638937,2.204398102203747,4.116298695255978,89.06507428995272,185.05463278797103
2.7810609002511217,19.098182881045247,0.5688670316120578,0.5426893543179552,0.0598055703819066,0.6825886630720825,0.8648548285280439,383.7387050073576,2.7347966990018913,20.870541554870705,64.55845949534226,35.43602047627436,129.3773807058197,109.5257955080744
1.44480023795892,15.568304223016273,0.15203794969755954,0.280061949605633,0.567848698511336,0.6956162721101138,0.6726531351235563,243.77241077187546,4.041456029373818,15.186316407042568,70.9162165100681,96.09672807377805,121.22144308962714,93.81765733073152
1.9504094292311487,39.847460023596106,0.015363191600886807,0.9867754743543827,0.509715891419396,0.9026288664647527,0.6864821338889369,423.56150841150986,4.917262687247461,179.54382825811527,130.0235033616682,42.938939382863396,76.36854765743065,159.14320101253233
2.1763574625408015,46.78676476095958,0.47995043978328344,0.5008350193128535,0.9121354852076524,0.9726400170511748,0.5547456409921743,92.45067093327266,4.931536822776526,182.7748327219639,165.26482008679554,145.30101497860227,196.66166598580602,57.26344462974276
2.0795137125297085,18.509413814765196,2.358362691341582,0.419874558066268,0.5510487473373399,0.3261786552520277,0.5994964545304939,178.88524520879434,4.944444254940345,137.87943833699484,108.43796346496214,28.06562049967161,140.35646945874532,145.78138553973028
3.0582059867898113,30.90057043931583,0.9650685056409722,0.2935352928044317,0.7894790246516808,0.6563387673403787,0.17363516524158046,1911.0789453200136,4.988933363740335,85.67067459682639,166.3263361676994,38.59959921948182,140.36385720604054,151.78703014620191
1.7134177112696058,39.847460023596106,0.015363191600886807,0.9867754743543827,0.30783427124523827,0.9026288664647527,0.37600678203517135,423.56150841150986,4.917262687247461,25.640813919264318,144.60420956795065,42.938939382863396,76.36854765743065,48.50896751744776
0.7068508759916174,3.9215249544953634,0.21843778568123667,0.3211331590638462,0.14535035339598748,0.6840217991331898,0.9984762651258827,61.49737866475787,3.7753230723789706,31.29201644638937,2.204398102203747,4.116298695255978,77.00345471983348,96.44035780712828
2.7810609002511217,19.098182881045247,0.5688670316120578,0.5426893543179552,0.0598055703819066,0.6825886630720825,0.8648548285280439,383.7387050073576,2.7347966990018913,20.870541554870705,64.55845949534226,35.43602047627436,129.3773807058197,109.5257955080744
1.44480023795892,15.568304223016273,0.15203794969755954,0.280061949605633,0.567848698511336,0.6956162721101138,0.6726531351235563,243.77241077187546,4.041456029373818,15.186316407042568,70.9162165100681,96.09672807377805,121.22144308962714,93.81765733073152
2.376242258359933,13.468259001504043,4.1796840648820766,0.05401821156728778,0.06592597216037227,0.7609330951341409,0.7882210979672996,211.632676000141,3.6915470110795967,42.02018218814651,98.87692377743144,77.77328197107946,180.18843305489634,10.238852839627958
0.7068508759916174,3.9215249544953634,0.21843778568123667,0.3211331590638462,0.14535035339598748,0.6840217991331898,0.9984762651258827,61.49737866475787,3.7753230723789706,31.29201644638937,2.204398102203747,4.116298695255978,77.00345471983348,96.44035780712828
2.663650662492789,16.562461749875105,0.7292319670347865,0.40361164586706366,0.15715939185196182,0.694345516950112,0.22104342378014352,838.3364990224821,4.885844809653694,54.87480200021022,54.54266189622997,110.12235303379644,43.90139859133675,148.50685065907305
2.249012990418815,2.6113907148462787,2.463173793083285,0.7094053434222171,0.5810761576734222,0.43516404546830306,0.5842140905013244,473.5893333439691,4.481386336886311,56.293604942228356,28.520077935335603,101.49304269457235,128.22696772280997,129.21523870919518
2.2226176388565473,49.75023790217805,0.7550957330052115,0.9910964580829957,0.45653087330387604,0.41073362750001075,0.3996381057713833,121.03135986458629,4.297489465761841,123.35311230950434,116.33965932669219,177.41742041527928,177.40097745812238,101.20958270830599
2.478865202355084,66.74043788524581,0.407830273847468,0.997320081195417,0.9667223668823997,0.11353325071104692,0.8958167687287667,329.66193838080676,4.9208844063168025,195.09155274675012,132.38593090821448,185.21306635263343,21.380413020651833,169.92641531606364
0.6923929476729558,3.9215249544953634,0.21843778568123667,0.7912905698923101,0.4198546291409345,0.6840217991331898,0.9984762651258827,61.49737866475787,3.7753230723789706,31.29201644638937,2.204398102203747,4.116298695255978,89.06507428995272,185.05463278797103
2.9526750449149883,69.60192863396705,4.1465898024800305,0.7760158504047971,0.28151407753357305,0.6234049768433915,0.7639512235234682,142.08565326645646,4.913537867244615,51.25857530476042,160.6209267756878,186.72564755090386,57.05424865929433,106.2906313771648
2.1763574625408015,46.78676476095958,0.47995043978328344,0.5008350193128535,0.9121354852076524,0.9726400170511748,0.5547456409921743,92.45067093327266,4.931536822776526,182.7748327219639,165.26482008679554,145.30101497860227,196.66166598580602,57.26344462974276
1.7134177112696058,39.847460023596106,0.015363191600886807,0.9867754743543827,0.30783427124523827,0.9026288664647527,0.37600678203517135,423.56150841150986,4.917262687247461,25.640813919264318,144.60420956795065,42.938939382863396,76.36854765743065,48.50896751744776
2.1941554575853544,11.278487259539883,0.14115524825536996,0.44802753210481466,0.7631277747731315,0.20743967603905833,0.8004735291595381,1030.3378631645776,4.748488232600842,1.5026443583318632,52.60474670409842,84.53410128492115,155.3241071473841,142.14375877203548
0.7068508759916174,3.9215249544953634,0.21843778568123667,0.3211331590638462,0.14535035339598748,0.6840217991331898,0.9984762651258827,61.49737866475787,3.7753230723789706,31.29201644638937,2.204398102203747,4.116298695255978,77.00345471983348,96.44035780712828
0.7068508759916174,3.9215249544953634,0.21843778568123667,0.3211331590638462,0.14535035339598748,0.6840217991331898,0.9984762651258827,61.49737866475787,3.7753230723789706,31.29201644638937,2.204398102203747,4.116298695255978,77.00345471983348,96.44035780712828
0.6923929476729558,3.9215249544953634,0.21843778568123667,0.7912905698923101,0.4198546291409345,0.6840217991331898,0.9984762651258827,61.49737866475787,3.7753230723789706,31.29201644638937,2.204398102203747,4.116298695255978,89.06507428995272,185.05463278797103
2.0795137125297085,18.509413814765196,2.358362691341582,0.419874558066268,0.5510487473373399,0.3261786552520277,0.5994964545304939,178.88524520879434,4.944444254940345,137.87943833699484,108.43796346496214,28.06562049967161,140.35646945874532,145.78138553973028
2.2226176388565473,49.75023790217805,0.7550957330052115,0.9910964580829957,0.45653087330387604,0.41073362750001075,0.3996381057713833,121.03135986458629,4.297489465761841,123.35311230950434,116.33965932669219,177.41742041527928,177.40097745812238,101.20958270830599
3.0582059867898113,30.90057043931583,0.9650685056409722,0.2935352928044317,0.7894790246516808,0.6563387673403787,0.17363516524158046,1911.0789453200136,4.988933363740335,85.67067459682639,166.3263361676994,38.59959921948182,140.36385720604054,151.78703014620191
1.44480023795892,15.568304223016273,0.15203794969755954,0.280061949605633,0.567848698511336,0.6956162721101138,0.6726531351235563,243.77241077187546,4.041456029373818,15.186316407042568,70.9162165100681,96.09672807377805,121.22144308962714,93.81765733073152
2.7810609002511217,19.098182881045247,0.5688670316120578,0.5426893543179552,0.0598055703819066,0.6825886630720825,0.8648548285280439,383.7387050073576,2.7347966990018913,20.870541554870705,64.55845949534226,35.43602047627436,129.3773807058197,109.5257955080744
2.376242258359933,13.468259001504043,4.1796840648820766,0.05401821156728778,0.06592597216037227,0.7609330951341409,0.7882210979672996,211.632676000141,3.6915470110795967,42.02018218814651,98.87692377743144,77.77328197107946,180.18843305489634,10.238852839627958
2.249012990418815,2.6113907148462787,2.463173793083285,0.7094053434222171,0.5810761576734222,0.43516404546830306,0.5842140905013244,473.5893333439691,4.481386336886311,56.293604942228356,28.520077935335603,101.49304269457235,128.22696772280997,129.21523870919518
2.1763574625408015,46.78676476095958,0.47995043978328344,0.5008350193128535,0.9121354852076524,0.9726400170511748,0.5547456409921743,92.45067093327266,4.931536822776526,182.7748327219639,165.26482008679554,145.30101497860227,196.66166598580602,57.26344462974276
2.663650662492789,16.562461749875105,0.7292319670347865,0.40361164586706366,0.15715939185196182,0.694345516950112,0.22104342378014352,838.3364990224821,4.885844809653694,54.87480200021022,54.54266189622997,110.12235303379644,43.90139859133675,148.50685065907305
2.478865202355084,66.74043788524581,0.407830273847468,0.997320081195417,0.9667223668823997,0.11353325071104692,0.8958167687287667,329.66193838080676,4.9208844063168025,195.09155274675012,132.38593090821448,185.21306635263343,21.380413020651833,169.92641531606364
2.9526750449149883,69.60192863396705,4.1465898024800305,0.7760158504047971,0.28151407753357305,0.6234049768433915,0.7639512235234682,142.08565326645646,4.913537867244615,51.25857530476042,160.6209267756878,186.72564755090386,57.05424865929433,106.2906313771648
1.7134177112696058,39.847460023596106,0.015363191600886807,0.9867754743543827,0.30783427124523827,0.9026288664647527,0.37600678203517135,423.56150841150986,4.917262687247461,25.640813919264318,144.60420956795065,42.938939382863396,76.36854765743065,48.50896751744776
2.1941554575853544,11.278487259539883,0.14115524825536996,0.44802753210481466,0.7631277747731315,0.20743967603905833,0.8004735291595381,1030.3378631645776,4.748488232600842,1.5026443583318632,52.60474670409842,84.53410128492115,155.3241071473841,142.14375877203548
0.7068508759916174,3.9215249544953634,0.21843778568123667,0.3211331590638462,0.14535035339598748,0.6840217991331898,0.9984762651258827,61.49737866475787,3.7753230723789706,31.29201644638937,2.204398102203747,4.116298695255978,77.00345471983348,96.44035780712828
2.376242258359933,13.468259001504043,4.1796840648820766,0.05401821156728778,0.06592597216037227,0.7609330951341409,0.7882210979672996,211.632676000141,3.6915470110795967,42.02018218814651,98.87692377743144,77.77328197107946,180.18843305489634,10.238852839627958
0.7068508759916174,3.9215249544953634,0.21843778568123667,0.3211331590638462,0.14535035339598748,0.6840217991331898,0.9984762651258827,61.49737866475787,3.7753230723789706,31.29201644638937,2.204398102203747,4.116298695255978,77.00345471983348,96.44035780712828
0.6923929476729558,3.9215249544953634,0.21843778568123667,0.7912905698923101,0.4198546291409345,0.6840217991331898,0.9984762651258827,61.49737866475787,3.7753230723789706,31.29201644638937,2.204398102203747,4.116298695255978,89.06507428995272,185.05463278797103
2.2226176388565473,49.75023790217805,0.7550957330052115,0.9910964580829957,0.45653087330387604,0.41073362750001075,0.3996381057713833,121.03135986458629,4.297489465761841,123.35311230950434,116.33965932669219,177.41742041527928,177.40097745812238,101.20958270830599
2.478865202355084,66.74043788524581,0.407830273847468,0.997320081195417,0.9667223668823997,0.11353325071104692,0.8958167687287667,329.66193838080676,4.9208844063168025,195.09155274675012,132.38593090821448,185.21306635263343,21.380413020651833,169.92641531606364
2.9526750449149883,69.60192863396705,4.1465898024800305,0.7760158504047971,0.28151407753357305,0.6234049768433915,0.7639512235234682,142.08565326645646,4.913537867244615,51.25857530476042,160.6209267756878,186.72564755090386,57.05424865929433,106.2906313771648
3.0582059867898113,30.90057043931583,0.9650685056409722,0.2935352928044317,0.7894790246516808,0.6563387673403787,0.17363516524158046,1911.0789453200136,4.988933363740335,85.67067459682639,166.3263361676994,38.59959921948182,140.36385720604054,151.78703014620191
2.0795137125297085,18.509413814765196,2.358362691341582,0.419874558066268,0.5510487473373399,0.3261786552520277,0.5994964545304939,178.88524520879434,4.944444254940345,137.87943833699484,108.43796346496214,28.06562049967161,140.35646945874532,145.78138553973028
2.7810609002511217,19.098182881045247,0.5688670316120578,0.5426893543179552,0.0598055703819066,0.6825886630720825,0.8648548285280439,383.7387050073576,2.7347966990018913,20.870541554870705,64.55845949534226,35.43602047627436,129.3773807058197,109.5257955080744
1.44480023795892,15.568304223016273,0.15203794969755954,0.280061949605633,0.567848698511336,0.6956162721101138,0.6726531351235563,243.77241077187546,4.041456029373818,15.186316407042568,70.9162165100681,96.09672807377805,121.22144308962714,93.81765733073152
2.249012990418815,2.6113907148462787,2.463173793083285,0.7094053434222171,0.5810761576734222,0.43516404546830306,0.5842140905013244,473.5893333439691,4.481386336886311,56.293604942228356,28.520077935335603,101.49304269457235,128.22696772280997,129.21523870919518
0.7068508759916174,3.9215249544953634,0.21843778568123667,0.3211331590638462,0.14535035339598748,0.6840217991331898,0.9984762651258827,61.49737866475787,3.7753230723789706,31.29201644638937,2.204398102203747,4.116298695255978,77.00345471983348,96.44035780712828
2.1763574625408015,46.78676476095958,0.47995043978328344,0.5008350193128535,0.9121354852076524,0.9726400170511748,0.5547456409921743,92.45067093327266,4.931536822776526,182.7748327219639,165.26482008679554,145.30101497860227,196.66166598580602,57.26344462974276
2.478865202355084,66.74043788524581,0.407830273847468,0.997320081195417,0.9667223668823997,0.11353325071104692,0.8958167687287667,329.66193838080676,4.9208844063168025,195.09155274675012,132.38593090821448,185.21306635263343,21.380413020651833,169.92641531606364
0.6923929476729558,3.9215249544953634,0.21843778568123667,0.7912905698923101,0.4198546291409345,0.6840217991331898,0.9984762651258827,61.49737866475787,3.7753230723789706,31.29201644638937,2.204398102203747,4.116298695255978,89.06507428995272,185.05463278797103
2.663650662492789,16.562461749875105,0.7292319670347865,0.40361164586706366,0.15715939185196182,0.694345516950112,0.22104342378014352,838.3364990224821,4.885844809653694,54.87480200021022,54.54266189622997,110.12235303379644,43.90139859133675,148.50685065907305
2.7810609002511217,19.098182881045247,0.5688670316120578,0.5426893543179552,0.0598055703819066,0.6825886630720825,0.8648548285280439,383.7387050073576,2.7347966990018913,20.870541554870705,64.55845949534226,35.43602047627436,129.3773807058197,109.5257955080744
1.7134177112696058,39.847460023596106,0.015363191600886807,0.9867754743543827,0.30783427124523827,0.9026288664647527,0.37600678203517135,423.56150841150986,4.917262687247461,25.640813919264318,144.60420956795065,42.938939382863396,76.36854765743065,48.50896751744776
2.1941554575853544,11.278487259539883,0.14115524825536996,0.44802753210481466,0.7631277747731315,0.20743967603905833,0.8004735291595381,1030.3378631645776,4.748488232600842,1.5026443583318632,52.60474670409842,84.53410128492115,155.3241071473841,142.14375877203548
2.1763574625408015,46.78676476095958,0.47995043978328344,0.5008350193128535,0.9121354852076524,0.9726400170511748,0.5547456409921743,92.45067093327266,4.931536822776526,182.7748327219639,165.26482008679554,145.30101497860227,196.66166598580602,57.26344462974276
0.6923929476729558,3.9215249544953634,0.21843778568123667,0.7912905698923101,0.4198546291409345,0.6840217991331898,0.9984762651258827,61.49737866475787,3.7753230723789706,31.29201644638937,2.204398102203747,4.116298695255978,89.06507428995272,185.05463278797103
0.7068508759916174,3.9215249544953634,0.21843778568123667,0.3211331590638462,0.14535035339598748,0.6840217991331898,0.9984762651258827,61.49737866475787,3.7753230723789706,31.29201644638937,2.204398102203747,4.116298695255978,77.00345471983348,96.44035780712828
0.7068508759916174,3.9215249544953634,0.21843778568123667,0.3211331590638462,0.14535035339598748,0.6840217991331898,0.9984762651258827,61.49737866475787,3.7753230723789706,31.29201644638937,2.204398102203747,4.116298695255978,77.00345471983348,96.44035780712828
3.0582059867898113,30.90057043931583,0.9650685056409722,0.2935352928044317,0.7894790246516808,0.6563387673403787,0.17363516524158046,1911.0789453200136,4.988933363740335,85.67067459682639,166.3263361676994,38.59959921948182,140.36385720604054,151.78703014620191
2.2226176388565473,49.75023790217805,0.7550957330052115,0.9910964580829957,0.45653087330387604,0.41073362750001075,0.3996381057713833,121.03135986458629,4.297489465761841,123.35311230950434,116.33965932669219,177.41742041527928,177.40097745812238,101.20958270830599
2.9526750449149883,69.60192863396705,4.1465898024800305,0.7760158504047971,0.28151407753357305,0.6234049768433915,0.7639512235234682,142.08565326645646,4.913537867244615,51.25857530476042,160.6209267756878,186.72564755090386,57.05424865929433,106.2906313771648
2.663650662492789,16.562461749875105,0.7292319670347865,0.40361164586706366,0.15715939185196182,0.694345516950112,0.22104342378014352,838.3364990224821,4.885844809653694,54.87480200021022,54.54266189622997,110.12235303379644,43.90139859133675,148.50685065907305
0.7068508759916174,3.9215249544953634,0.21843778568123667,0.3211331590638462,0.14535035339598748,0.6840217991331898,0.9984762651258827,61.49737866475787,3.7753230723789706,31.29201644638937,2.204398102203747,4.116298695255978,77.00345471983348,96.44035780712828
2.0795137125297085,18.509413814765196,2.358362691341582,0.419874558066268,0.5510487473373399,0.3261786552520277,0.5994964545304939,178.88524520879434,4.944444254940345,137.87943833699484,108.43796346496214,28.06562049967161,140.35646945874532,145.78138553973028
1.44480023795892,15.568304223016273,0.15203794969755954,0.280061949605633,0.567848698511336,0.6956162721101138,0.6726531351235563,243.77241077187546,4.041456029373818,15.186316407042568,70.9162165100681,96.09672807377805,121.22144308962714,93.81765733073152
2.249012990418815,2.6113907148462787,2.463173793083285,0.7094053434222171,0.5810761576734222,0.43516404546830306,0.5842140905013244,473.5893333439691,4.481386336886311,56.293604942228356,28.520077935335603,101.49304269457235,128.22696772280997,129.21523870919518
2.478865202355084,66.74043788524581,0.407830273847468,0.997320081195417,0.9667223668823997,0.11353325071104692,0.8958167687287667,329.66193838080676,4.9208844063168025,195.09155274675012,132.38593090821448,185.21306635263343,21.380413020651833,169.92641531606364
2.7810609002511217,19.098182881045247,0.5688670316120578,0.5426893543179552,0.0598055703819066,0.6825886630720825,0.8648548285280439,383.7387050073576,2.7347966990018913,20.870541554870705,64.55845949534226,35.43602047627436,129.3773807058197,109.5257955080744
1.7134177112696058,39.847460023596106,0.015363191600886807,0.9867754743543827,0.30783427124523827,0.9026288664647527,0.37600678203517135,423.56150841150986,4.917262687247461,25.640813919264318,144.60420956795065,42.938939382863396,76.36854765743065,48.50896751744776
0.7068508759916174,3.9215249544953634,0.21843778568123667,0.3211331590638462,0.14535035339598748,0.6840217991331898,0.9984762651258827,61.49737866475787,3.7753230723789706,31.29201644638937,2.204398102203747,4.116298695255978,77.00345471983348,96.44035780712828
2.1763574625408015,46.78676476095958,0.47995043978328344,0.5008350193128535,0.9121354852076524,0.9726400170511748,0.5547456409921743,92.45067093327266,4.931536822776526,182.7748327219639,165.26482008679554,145.30101497860227,196.66166598580602,57.26344462974276
1.44480023795892,15.568304223016273,0.15203794969755954,0.280061949605633,0.567848698511336,0.6956162721101138,0.6726531351235563,243.77241077187546,4.041456029373818,15.186316407042568,70.9162165100681,96.09672807377805,121.22144308962714,93.81765733073152
0.6923929476729558,3.9215249544953634,0.21843778568123667,0.7912905698923101,0.4198546291409345,0.6840217991331898,0.9984762651258827,61.49737866475787,3.7753230723789706,31.29201644638937,2.204398102203747,4.116298695255978,89.06507428995272,185.05463278797103
0.7068508759916174,3.9215249544953634,0.21843778568123667,0.3211331590638462,0.14535035339598748,0.6840217991331898,0.9984762651258827,61.49737866475787,3.7753230723789706,31.29201644638937,2.204398102203747,4.116298695255978,77.00345471983348,96.44035780712828
2.9192543886905464,34.918735301399195,0.6639832988020926,0.5121740064317565,0.72088110811095,0.47873743164701416,0.31450817389304947,241.01197750438908,2.848849716718543,167.22872833276023,47.94595564415054,199.81866142784978,40.31045731307895,75.40507989572326
3.0582059867898113,30.90057043931583,0.9650685056409722,0.2935352928044317,0.7894790246516808,0.6563387673403787,0.17363516524158046,1911.0789453200136,4.988933363740335,85.67067459682639,166.3263361676994,38.59959921948182,140.36385720604054,151.78703014620191
2.1941554575853544,11.278487259539883,0.14115524825536996,0.44802753210481466,0.7631277747731315,0.20743967603905833,0.8004735291595381,1030.3378631645776,4.748488232600842,1.5026443583318632,52.60474670409842,84.53410128492115,155.3241071473841,142.14375877203548
0.7068508759916174,3.9215249544953634,0.21843778568123667,0.3211331590638462,0.14535035339598748,0.6840217991331898,0.9984762651258827,61.49737866475787,3.7753230723789706,31.29201644638937,2.204398102203747,4.116298695255978,77.00345471983348,96.44035780712828
2.2226176388565473,49.75023790217805,0.7550957330052115,0.9910964580829957,0.45653087330387604,0.41073362750001075,0.3996381057713833,121.03135986458629,4.297489465761841,123.35311230950434,116.33965932669219,177.41742041527928,177.40097745812238,101.20958270830599
2.249012990418815,2.6113907148462787,2.463173793083285,0.7094053434222171,0.5810761576734222,0.43516404546830306,0.5842140905013244,473.5893333439691,4.481386336886311,56.293604942228356,28.520077935335603,101.49304269457235,128.22696772280997,129.21523870919518
2.663650662492789,16.562461749875105,0.7292319670347865,0.40361164586706366,0.15715939185196182,0.694345516950112,0.22104342378014352,838.3364990224821,4.885844809653694,54.87480200021022,54.54266189622997,110.12235303379644,43.90139859133675,148.50685065907305
2.0795137125297085,18.509413814765196,2.358362691341582,0.419874558066268,0.5510487473373399,0.3261786552520277,0.5994964545304939,178.88524520879434,4.944444254940345,137.87943833699484,108.43796346496214,28.06562049967161,140.35646945874532,145.78138553973028
2.478865202355084,66.74043788524581,0.407830273847468,0.997320081195417,0.9667223668823997,0.11353325071104692,0.8958167687287667,329.66193838080676,4.9208844063168025,195.09155274675012,132.38593090821448,185.21306635263343,21.380413020651833,169.92641531606364
0.6923929476729558,3.9215249544953634,0.21843778568123667,0.7912905698923101,0.4198546291409345,0.6840217991331898,0.9984762651258827,61.49737866475787,3.7753230723789706,31.29201644638937,2.204398102203747,4.116298695255978,89.06507428995272,185.05463278797103
3.0582059867898113,30.90057043931583,0.9650685056409722,0.2935352928044317,0.7894790246516808,0.6563387673403787,0.17363516524158046,1911.0789453200136,4.988933363740335,85.67067459682639,166.3263361676994,38.59959921948182,140.36385720604054,151.78703014620191
1.7134177112696058,39.847460023596106,0.015363191600886807,0.9867754743543827,0.30783427124523827,0.9026288664647527,0.37600678203517135,423.56150841150986,4.917262687247461,25.640813919264318,144.60420956795065,42.938939382863396,76.36854765743065,48.50896751744776
2.1763574625408015,46.78676476095958,0.47995043978328344,0.5008350193128535,0.9121354852076524,0.9726400170511748,0.5547456409921743,92.45067093327266,4.931536822776526,182.7748327219639,165.26482008679554,145.30101497860227,196.66166598580602,57.26344462974276
2.7810609002511217,19.098182881045247,0.5688670316120578,0.5426893543179552,0.0598055703819066,0.6825886630720825,0.8648548285280439,383.7387050073576,2.7347966990018913,20.870541554870705,64.55845949534226,35.43602047627436,129.3773807058197,109.5257955080744
0.7068508759916174,3.9215249544953634,0.21843778568123667,0.3211331590638462,0.14535035339598748,0.6840217991331898,0.9984762651258827,61.49737866475787,3.7753230723789706,31.29201644638937,2.204398102203747,4.116298695255978,77.00345471983348,96.44035780712828
1.44480023795892,15.568304223016273,0.15203794969755954,0.280061949605633,0.567848698511336,0.6956162721101138,0.6726531351235563,243.77241077187546,4.041456029373818,15.186316407042568,70.9162165100681,96.09672807377805,121.22144308962714,93.81765733073152
2.0795137125297085,18.509413814765196,2.358362691341582,0.419874558066268,0.5510487473373399,0.3261786552520277,0.5994964545304939,178.88524520879434,4.944444254940345,137.87943833699484,108.43796346496214,28.06562049967161,140.35646945874532,145.78138553973028
2.9192543886905464,34.918735301399195,0.6639832988020926,0.5121740064317565,0.72088110811095,0.47873743164701416,0.31450817389304947,241.01197750438908,2.848849716718543,167.22872833276023,47.94595564415054,199.81866142784978,40.31045731307895,75.40507989572326
0.7068508759916174,3.9215249544953634,0.21843778568123667,0.3211331590638462,0.14535035339598748,0.6840217991331898,0.9984762651258827,61.49737866475787,3.7753230723789706,31.29201644638937,2.204398102203747,4.116298695255978,77.00345471983348,96.44035780712828
2.2226176388565473,49.75023790217805,0.7550957330052115,0.9910964580829957,0.45653087330387604,0.41073362750001075,0.3996381057713833,121.03135986458629,4.297489465761841,123.35311230950434,116.33965932669219,177.41742041527928,177.40097745812238,101.20958270830599
2.1941554575853544,11.278487259539883,0.14115524825536996,0.44802753210481466,0.7631277747731315,0.20743967603905833,0.8004735291595381,1030.3378631645776,4.748488232600842,1.5026443583318632,52.60474670409842,84.53410128492115,155.3241071473841,142.14375877203548
0.7068508759916174,3.9215249544953634,0.21843778568123667,0.3211331590638462,0.14535035339598748,0.6840217991331898,0.9984762651258827,61.49737866475787,3.7753230723789706,31.29201644638937,2.204398102203747,4.116298695255978,77.00345471983348,96.44035780712828
0.7068508759916174,3.9215249544953634,0.21843778568123667,0.3211331590638462,0.14535035339598748,0.6840217991331898,0.9984762651258827,61.49737866475787,3.7753230723789706,31.29201644638937,2.204398102203747,4.116298695255978,77.00345471983348,96.44035780712828
0.7068508759916174,3.9215249544953634,0.21843778568123667,0.3211331590638462,0.14535035339598748,0.6840217991331898,0.9984762651258827,61.49737866475787,3.7753230723789706,31.29201644638937,2.204398102203747,4.116298695255978,77.00345471983348,96.44035780712828
2.249012990418815,2.6113907148462787,2.463173793083285,0.7094053434222171,0.5810761576734222,0.43516404546830306,0.5842140905013244,473.5893333439691,4.481386336886311,56.293604942228356,28.520077935335603,101.49304269457235,128.22696772280997,129.21523870919518
2.663650662492789,16.562461749875105,0.7292319670347865,0.40361164586706366,0.15715939185196182,0.694345516950112,0.22104342378014352,838.3364990224821,4.885844809653694,54.87480200021022,54.54266189622997,110.12235303379644,43.90139859133675,148.50685065907305
2.589887213489247,0.999729225766913,3.7196097591066324,0.277973265936105,0.4084044292904971,0.18704174410356778,0.7440932909369512,472.66377011356303,4.363122819619697,39.70173958791618,123.83623447176001,166.28140634753458,184.93045374028551,149.1970956210438
0.6923929476729558,3.9215249544953634,0.21843778568123667,0.7912905698923101,0.4198546291409345,0.6840217991331898,0.9984762651258827,61.49737866475787,3.7753230723789706,31.29201644638937,2.204398102203747,4.116298695255978,89.06507428995272,185.05463278797103
3.0582059867898113,30.90057043931583,0.9650685056409722,0.2935352928044317,0.7894790246516808,0.6563387673403787,0.17363516524158046,1911.0789453200136,4.988933363740335,85.67067459682639,166.3263361676994,38.59959921948182,140.36385720604054,151.78703014620191
2.7810609002511217,19.098182881045247,0.5688670316120578,0.5426893543179552,0.0598055703819066,0.6825886630720825,0.8648548285280439,383.7387050073576,2.7347966990018913,20.870541554870705,64.55845949534226,35.43602047627436,129.3773807058197,109.5257955080744
2.1763574625408015,46.78676476095958,0.47995043978328344,0.5008350193128535,0.9121354852076524,0.9726400170511748,0.5547456409921743,92.45067093327266,4.931536822776526,182.7748327219639,165.26482008679554,145.30101497860227,196.66166598580602,57.26344462974276
1.7134177112696058,39.847460023596106,0.015363191600886807,0.9867754743543827,0.30783427124523827,0.9026288664647527,0.37600678203517135,423.56150841150986,4.917262687247461,25.640813919264318,144.60420956795065,42.938939382863396,76.36854765743065,48.50896751744776
2.1941554575853544,11.278487259539883,0.14115524825536996,0.44802753210481466,0.7631277747731315,0.20743967603905833,0.8004735291595381,1030.3378631645776,4.748488232600842,1.5026443583318632,52.60474670409842,84.53410128492115,155.3241071473841,142.14375877203548
0.7068508759916174,3.9215249544953634,0.21843778568123667,0.3211331590638462,0.14535035339598748,0.6840217991331898,0.9984762651258827,61.49737866475787,3.7753230723789706,31.29201644638937,2.204398102203747,4.116298695255978,77.00345471983348,96.44035780712828
1.44480023795892,15.568304223016273,0.15203794969755954,0.280061949605633,0.567848698511336,0.6956162721101138,0.6726531351235563,243.77241077187546,4.041456029373818,15.186316407042568,70.9162165100681,96.09672807377805,121.22144308962714,93.81765733073152
0.7068508759916174,3.9215249544953634,0.21843778568123667,0.3211331590638462,0.14535035339598748,0.6840217991331898,0.9984762651258827,61.49737866475787,3.7753230723789706,31.29201644638937,2.204398102203747,4.116298695255978,77.00345471983348,96.44035780712828
2.249012990418815,2.6113907148462787,2.463173793083285,0.7094053434222171,0.5810761576734222,0.43516404546830306,0.5842140905013244,473.5893333439691,4.481386336886311,56.293604942228356,28.520077935335603,101.49304269457235,128.22696772280997,129.21523870919518
2.0795137125297085,18.509413814765196,2.358362691341582,0.419874558066268,0.5510487473373399,0.3261786552520277,0.5994964545304939,178.88524520879434,4.944444254940345,137.87943833699484,108.43796346496214,28.06562049967161,140.35646945874532,145.78138553973028
2.589887213489247,0.999729225766913,3.7196097591066324,0.277973265936105,0.4084044292904971,0.18704174410356778,0.7440932909369512,472.66377011356303,4.363122819619697,39.70173958791618,123.83623447176001,166.28140634753458,184.93045374028551,149.1970956210438
0.7068508759916174,3.9215249544953634,0.21843778568123667,0.3211331590638462,0.14535035339598748,0.6840217991331898,0.9984762651258827,61.49737866475787,3.7753230723789706,31.29201644638937,2.204398102203747,4.116298695255978,77.00345471983348,96.44035780712828
2.2226176388565473,49.75023790217805,0.7550957330052115,0.9910964580829957,0.45653087330387604,0.41073362750001075,0.3996381057713833,121.03135986458629,4.297489465761841,123.35311230950434,116.33965932669219,177.41742041527928,177.40097745812238,101.20958270830599
0.7068508759916174,3.9215249544953634,0.21843778568123667,0.3211331590638462,0.14535035339598748,0.6840217991331898,0.9984762651258827,61.49737866475787,3.7753230723789706,31.29201644638937,2.204398102203747,4.116298695255978,77.00345471983348,96.44035780712828
3.0582059867898113,30.90057043931583,0.9650685056409722,0.2935352928044317,0.7894790246516808,0.6563387673403787,0.17363516524158046,1911.0789453200136,4.988933363740335,85.67067459682639,166.3263361676994,38.59959921948182,140.36385720604054,151.78703014620191
0.6923929476729558,3.9215249544953634,0.21843778568123667,0.7912905698923101,0.4198546291409345,0.6840217991331898,0.9984762651258827,61.49737866475787,3.7753230723789706,31.29201644638937,2.204398102203747,4.116298695255978,89.06507428995272,185.05463278797103
1.951843060279702,8.08407455004214,0.17826393425740616,0.10062587675484896,0.7189448703757,0.9608122064060276,0.24837236999940265,281.985655436042,4.205902772013776,126.63703604720052,181.5255564592348,108.79009844158864,165.82601787644472,31.329235961807232
2.663650662492789,16.562461749875105,0.7292319670347865,0.40361164586706366,0.15715939185196182,0.694345516950112,0.22104342378014352,838.3364990224821,4.885844809653694,54.87480200021022,54.54266189622997,110.12235303379644,43.90139859133675,148.50685065907305
1.7134177112696058,39.847460023596106,0.015363191600886807,0.9867754743543827,0.30783427124523827,0.9026288664647527,0.37600678203517135,423.56150841150986,4.917262687247461,25.640813919264318,144.60420956795065,42.938939382863396,76.36854765743065,48.50896751744776
0.7068508759916174,3.9215249544953634,0.21843778568123667,0.3211331590638462,0.14535035339598748,0.6840217991331898,0.9984762651258827,61.49737866475787,3.7753230723789706,31.29201644638937,2.204398102203747,4.116298695255978,77.00345471983348,96.44035780712828
2.7810609002511217,19.098182881045247,0.5688670316120578,0.5426893543179552,0.0598055703819066,0.6825886630720825,0.8648548285280439,383.7387050073576,2.7347966990018913,20.870541554870705,64.55845949534226,35.43602047627436,129.3773807058197,109.5257955080744
2.589887213489247,0.999729225766913,3.7196097591066324,0.277973265936105,0.4084044292904971,0.18704174410356778,0.7440932909369512,472.66377011356303,4.363122819619697,39.70173958791618,123.83623447176001,166.28140634753458,184.93045374028551,149.1970956210438
1.44480023795892,15.568304223016273,0.15203794969755954,0.280061949605633,0.567848698511336,0.6956162721101138,0.6726531351235563,243.77241077187546,4.041456029373818,15.186316407042568,70.9162165100681,96.09672807377805,121.22144308962714,93.81765733073152
0.7068508759916174,3.9215249544953634,0.21843778568123667,0.3211331590638462,0.14535035339598748,0.6840217991331898,0.9984762651258827,61.49737866475787,3.7753230723789706,31.29201644638937,2.204398102203747,4.116298695255978,77.00345471983348,96.44035780712828
0.7068508759916174,3.9215249544953634,0.21843778568123667,0.3211331590638462,0.14535035339598748,0.6840217991331898,0.9984762651258827,61.49737866475787,3.7753230723789706,31.29201644638937,2.204398102203747,4.116298695255978,77.00345471983348,96.44035780712828
2.249012990418815,2.6113907148462787,2.463173793083285,0.7094053434222171,0.5810761576734222,0.43516404546830306,0.5842140905013244,473.5893333439691,4.481386336886311,56.293604942228356,28.520077935335603,101.49304269457235,128.22696772280997,129.21523870919518
2.1941554575853544,11.278487259539883,0.14115524825536996,0.44802753210481466,0.7631277747731315,0.20743967603905833,0.8004735291595381,1030.3378631645776,4.748488232600842,1.5026443583318632,52.60474670409842,84.53410128492115,155.3241071473841,142.14375877203548
3.0582059867898113,30.90057043931583,0.9650685056409722,0.2935352928044317,0.7894790246516808,0.6563387673403787,0.17363516524158046,1911.0789453200136,4.988933363740335,85.67067459682639,166.3263361676994,38.59959921948182,140.36385720604054,151.78703014620191
2.0795137125297085,18.509413814765196,2.358362691341582,0.419874558066268,0.5510487473373399,0.3261786552520277,0.5994964545304939,178.88524520879434,4.944444254940345,137.87943833699484,108.43796346496214,28.06562049967161,140.35646945874532,145.78138553973028
2.2226176388565473,49.75023790217805,0.7550957330052115,0.9910964580829957,0.45653087330387604,0.41073362750001075,0.3996381057713833,121.03135986458629,4.297489465761841,123.35311230950434,116.33965932669219,177.41742041527928,177.40097745812238,101.20958270830599
2.589887213489247,0.999729225766913,3.7196097591066324,0.277973265936105,0.4084044292904971,0.18704174410356778,0.7440932909369512,472.66377011356303,4.363122819619697,39.70173958791618,123.83623447176001,166.28140634753458,184.93045374028551,149.1970956210438
0.7068508759916174,3.9215249544953634,0.21843778568123667,0.3211331590638462,0.14535035339598748,0.6840217991331898,0.9984762651258827,61.49737866475787,3.7753230723789706,31.29201644638937,2.204398102203747,4.116298695255978,77.00345471983348,96.44035780712828
1.1439371835007548,5.537860875662639,0.9263670377152483,0.6106997318600808,0.9800409045003314,0.17085016810580236,0.37604540272943304,100.27255022607244,3.007337822008452,74.98465686467698,179.69934923607246,75.15552507304547,179.6967080027852,186.3930290399834
0.6923929476729558,3.9215249544953634,0.21843778568123667,0.7912905698923101,0.4198546291409345,0.6840217991331898,0.9984762651258827,61.49737866475787,3.7753230723789706,31.29201644638937,2.204398102203747,4.116298695255978,89.06507428995272,185.05463278797103
1.951843060279702,8.08407455004214,0.17826393425740616,0.10062587675484896,0.7189448703757,0.9608122064060276,0.24837236999940265,281.985655436042,4.205902772013776,126.63703604720052,181.5255564592348,108.79009844158864,165.82601787644472,31.329235961807232
2.0795137125297085,18.509413814765196,2.358362691341582,0.419874558066268,0.5510487473373399,0.3261786552520277,0.5994964545304939,178.88524520879434,4.944444254940345,137.87943833699484,108.43796346496214,28.06562049967161,140.35646945874532,145.78138553973028
2.663650662492789,16.562461749875105,0.7292319670347865,0.40361164586706366,0.15715939185196182,0.694345516950112,0.22104342378014352,838.3364990224821,4.885844809653694,54.87480200021022,54.54266189622997,110.12235303379644,43.90139859133675,148.50685065907305
0.7068508759916174,3.9215249544953634,0.21843778568123667,0.3211331590638462,0.14535035339598748,0.6840217991331898,0.9984762651258827,61.49737866475787,3.7753230723789706,31.29201644638937,2.204398102203747,4.116298695255978,77.00345471983348,96.44035780712828
0.7068508759916174,3.9215249544953634,0.21843778568123667,0.3211331590638462,0.14535035339598748,0.6840217991331898,0.9984762651258827,61.49737866475787,3.7753230723789706,31.29201644638937,2.204398102203747,4.116298695255978,77.00345471983348,96.44035780712828
2.7810609002511217,19.098182881045247,0.5688670316120578,0.5426893543179552,0.0598055703819066,0.6825886630720825,0.8648548285280439,383.7387050073576,2.7347966990018913,20.870541554870705,64.55845949534226,35.43602047627436,129.3773807058197,109.5257955080744
1.44480023795892,15.568304223016273,0.15203794969755954,0.280061949605633,0.567848698511336,0.6956162721101138,0.6726531351235563,243.77241077187546,4.041456029373818,15.186316407042568,70.9162165100681,96.09672807377805,121.22144308962714,93.81765733073152
2.249012990418815,2.6113907148462787,2.463173793083285,0.7094053434222171,0.5810761576734222,0.43516404546830306,0.5842140905013244,473.5893333439691,4.481386336886311,56.293604942228356,28.520077935335603,101.49304269457235,128.22696772280997,129.21523870919518
0.7068508759916174,3.9215249544953634,0.21843778568123667,0.3211331590638462,0.14535035339598748,0.6840217991331898,0.9984762651258827,61.49737866475787,3.7753230723789706,31.29201644638937,2.204398102203747,4.116298695255978,77.00345471983348,96.44035780712828
2.1941554575853544,11.278487259539883,0.14115524825536996,0.44802753210481466,0.7631277747731315,0.20743967603905833,0.8004735291595381,1030.3378631645776,4.748488232600842,1.5026443583318632,52.60474670409842,84.53410128492115,155.3241071473841,142.14375877203548
1.951843060279702,8.08407455004214,0.17826393425740616,0.10062587675484896,0.7189448703757,0.9608122064060276,0.24837236999940265,281.985655436042,4.205902772013776,126.63703604720052,181.5255564592348,108.79009844158864,165.82601787644472,31.329235961807232
0.7068508759916174,3.9215249544953634,0.21843778568123667,0.3211331590638462,0.14535035339598748,0.6840217991331898,0.9984762651258827,61.49737866475787,3.7753230723789706,31.29201644638937,2.204398102203747,4.116298695255978,77.00345471983348,96.44035780712828
3.0582059867898113,30.90057043931583,0.9650685056409722,0.2935352928044317,0.7894790246516808,0.6563387673403787,0.17363516524158046,1911.0789453200136,4.988933363740335,85.67067459682639,166.3263361676994,38.59959921948182,140.36385720604054,151.78703014620191
2.589887213489247,0.999729225766913,3.7196097591066324,0.277973265936105,0.4084044292904971,0.18704174410356778,0.7440932909369512,472.66377011356303,4.363122819619697,39.70173958791618,123.83623447176001,166.28140634753458,184.93045374028551,149.1970956210438
0.7068508759916174,3.9215249544953634,0.21843778568123667,0.3211331590638462,0.14535035339598748,0.6840217991331898,0.9984762651258827,61.49737866475787,3.7753230723789706,31.29201644638937,2.204398102203747,4.116298695255978,77.00345471983348,96.44035780712828
2.7810609002511217,19.098182881045247,0.5688670316120578,0.5426893543179552,0.0598055703819066,0.6825886630720825,0.8648548285280439,383.7387050073576,2.7347966990018913,20.870541554870705,64.55845949534226,35.43602047627436,129.3773807058197,109.5257955080744
0.7068508759916174,3.9215249544953634,0.21843778568123667,0.3211331590638462,0.14535035339598748,0.6840217991331898,0.9984762651258827,61.49737866475787,3.7753230723789706,31.29201644638937,2.204398102203747,4.116298695255978,77.00345471983348,96.44035780712828
0.7068508759916174,3.9215249544953634,0.21843778568123667,0.3211331590638462,0.14535035339598748,0.6840217991331898,0.9984762651258827,61.49737866475787,3.7753230723789706,31.29201644638937,2.204398102203747,4.116298695255978,77.00345471983348,96.44035780712828
1.1439371835007548,5.537860875662639,0.9263670377152483,0.6106997318600808,0.9800409045003314,0.17085016810580236,0.37604540272943304,100.27255022607244,3.007337822008452,74.98465686467698,179.69934923607246,75.15552507304547,179.6967080027852,186.3930290399834
1.951843060279702,8.08407455004214,0.17826393425740616,0.10062587675484896,0.7189448703757,0.9608122064060276,0.24837236999940265,281.985655436042,4.205902772013776,126.63703604720052,181.5255564592348,108.79009844158864,165.82601787644472,31.329235961807232
0.6923929476729558,3.9215249544953634,0.21843778568123667,0.7912905698923101,0.4198546291409345,0.6840217991331898,0.9984762651258827,61.49737866475787,3.7753230723789706,31.29201644638937,2.204398102203747,4.116298695255978,89.06507428995272,185.05463278797103
0.7068508759916174,3.9215249544953634,0.21843778568123667,0.3211331590638462,0.14535035339598748,0.6840217991331898,0.9984762651258827,61.49737866475787,3.7753230723789706,31.29201644638937,2.204398102203747,4.116298695255978,77.00345471983348,96.44035780712828
2.0795137125297085,18.509413814765196,2.358362691341582,0.419874558066268,0.5510487473373399,0.3261786552520277,0.5994964545304939,178.88524520879434,4.944444254940345,137.87943833699484,108.43796346496214,28.06562049967161,140.35646945874532,145.78138553973028
2.663650662492789,16.562461749875105,0.7292319670347865,0.40361164586706366,0.15715939185196182,0.694345516950112,0.22104342378014352,838.3364990224821,4.885844809653694,54.87480200021022,54.54266189622997,110.12235303379644,43.90139859133675,148.50685065907305
0.7068508759916174,3.9215249544953634,0.21843778568123667,0.3211331590638462,0.14535035339598748,0.6840217991331898,0.9984762651258827,61.49737866475787,3.7753230723789706,31.29201644638937,2.204398102203747,4.116298695255978,77.00345471983348,96.44035780712828
1.44480023795892,15.568304223016273,0.15203794969755954,0.280061949605633,0.567848698511336,0.6956162721101138,0.6726531351235563,243.77241077187546,4.041456029373818,15.186316407042568,70.9162165100681,96.09672807377805,121.22144308962714,93.81765733073152
2.249012990418815,2.6113907148462787,2.463173793083285,0.7094053434222171,0.5810761576734222,0.43516404546830306,0.5842140905013244,473.5893333439691,4.481386336886311,56.293604942228356,28.520077935335603,101.49304269457235,128.22696772280997,129.21523870919518
2.589887213489247,0.999729225766913,3.7196097591066324,0.277973265936105,0.4084044292904971,0.18704174410356778,0.7440932909369512,472.66377011356303,4.363122819619697,39.70173958791618,123.83623447176001,166.28140634753458,184.93045374028551,149.1970956210438
2.0795137125297085,18.509413814765196,2.358362691341582,0.419874558066268,0.5510487473373399,0.3261786552520277,0.5994964545304939,178.88524520879434,4.944444254940345,137.87943833699484,108.43796346496214,28.06562049967161,140.35646945874532,145.78138553973028
3.0582059867898113,30.90057043931583,0.9650685056409722,0.2935352928044317,0.7894790246516808,0.6563387673403787,0.17363516524158046,1911.0789453200136,4.988933363740335,85.67067459682639,166.3263361676994,38.59959921948182,140.36385720604054,151.78703014620191
2.1941554575853544,11.278487259539883,0.14115524825536996,0.44802753210481466,0.7631277747731315,0.20743967603905833,0.8004735291595381,1030.3378631645776,4.748488232600842,1.5026443583318632,52.60474670409842,84.53410128492115,155.3241071473841,142.14375877203548
0.7068508759916174,3.9215249544953634,0.21843778568123667,0.3211331590638462,0.14535035339598748,0.6840217991331898,0.9984762651258827,61.49737866475787,3.7753230723789706,31.29201644638937,2.204398102203747,4.116298695255978,77.00345471983348,96.44035780712828
0.6923929476729558,3.9215249544953634,0.21843778568123667,0.7912905698923101,0.4198546291409345,0.6840217991331898,0.9984762651258827,61.49737866475787,3.7753230723789706,31.29201644638937,2.204398102203747,4.116298695255978,89.06507428995272,185.05463278797103
0.7068508759916174,3.9215249544953634,0.21843778568123667,0.3211331590638462,0.14535035339598748,0.6840217991331898,0.9984762651258827,61.49737866475787,3.7753230723789706,31.29201644638937,2.204398102203747,4.116298695255978,77.00345471983348,96.44035780712828
1.1439371835007548,5.537860875662639,0.9263670377152483,0.6106997318600808,0.9800409045003314,0.17085016810580236,0.37604540272943304,100.27255022607244,3.007337822008452,74.98465686467698,179.69934923607246,75.15552507304547,179.6967080027852,186.3930290399834
0.7068508759916174,3.9215249544953634,0.21843778568123667,0.3211331590638462,0.14535035339598748,0.6840217991331898,0.9984762651258827,61.49737866475787,3.7753230723789706,31.29201644638937,2.204398102203747,4.116298695255978,77.00345471983348,96.44035780712828
2.7810609002511217,19.098182881045247,0.5688670316120578,0.5426893543179552,0.0598055703819066,0.6825886630720825,0.8648548285280439,383.7387050073576,2.7347966990018913,20.870541554870705,64.55845949534226,35.43602047627436,129.3773807058197,109.5257955080744
1.951843060279702,8.08407455004214,0.17826393425740616,0.10062587675484896,0.7189448703757,0.9608122064060276,0.24837236999940265,281.985655436042,4.205902772013776,126.63703604720052,181.5255564592348,108.79009844158864,165.82601787644472,31.329235961807232
0.7068508759916174,3.9215249544953634,0.21843778568123667,0.3211331590638462,0.14535035339598748,0.6840217991331898,0.9984762651258827,61.49737866475787,3.7753230723789706,31.29201644638937,2.204398102203747,4.116298695255978,77.00345471983348,96.44035780712828
0.7068508759916174,3.9215249544953634,0.21843778568123667,0.3211331590638462,0.14535035339598748,0.6840217991331898,0.9984762651258827,61.49737866475787,3.7753230723789706,31.29201644638937,2.204398102203747,4.116298695255978,77.00345471983348,96.44035780712828
1.1439371835007548,5.537860875662639,0.9263670377152483,0.6106997318600808,0.9800409045003314,0.17085016810580236,0.37604540272943304,100.27255022607244,3.007337822008452,74.98465686467698,179.69934923607246,75.15552507304547,179.6967080027852,186.3930290399834
2.663650662492789,16.562461749875105,0.7292319670347865,0.40361164586706366,0.15715939185196182,0.694345516950112,0.22104342378014352,838.3364990224821,4.885844809653694,54.87480200021022,54.54266189622997,110.12235303379644,43.90139859133675,148.50685065907305
1.44480023795892,15.568304223016273,0.15203794969755954,0.280061949605633,0.567848698511336,0.6956162721101138,0.6726531351235563,243.77241077187546,4.041456029373818,15.186316407042568,70.9162165100681,96.09672807377805,121.22144308962714,93.81765733073152
2.249012990418815,2.6113907148462787,2.463173793083285,0.7094053434222171,0.5810761576734222,0.43516404546830306,0.5842140905013244,473.5893333439691,4.481386336886311,56.293604942228356,28.520077935335603,101.49304269457235,128.22696772280997,129.21523870919518
0.7068508759916174,3.9215249544953634,0.21843778568123667,0.3211331590638462,0.14535035339598748,0.6840217991331898,0.9984762651258827,61.49737866475787,3.7753230723789706,31.29201644638937,2.204398102203747,4.116298695255978,77.00345471983348,96.44035780712828
2.589887213489247,0.999729225766913,3.7196097591066324,0.277973265936105,0.4084044292904971,0.18704174410356778,0.7440932909369512,472.66377011356303,4.363122819619697,39.70173958791618,123.83623447176001,166.28140634753458,184.93045374028551,149.1970956210438
3.0582059867898113,30.90057043931583,0.9650685056409722,0.2935352928044317,0.7894790246516808,0.6563387673403787,0.17363516524158046,1911.0789453200136,4.988933363740335,85.67067459682639,166.3263361676994,38.59959921948182,140.36385720604054,151.78703014620191
0.7068508759916174,3.9215249544953634,0.21843778568123667,0.3211331590638462,0.14535035339598748,0.6840217991331898,0.9984762651258827,61.49737866475787,3.7753230723789706,31.29201644638937,2.204398102203747,4.116298695255978,77.00345471983348,96.44035780712828
0.7068508759916174,3.9215249544953634,0.21843778568123667,0.3211331590638462,0.14535035339598748,0.6840217991331898,0.9984762651258827,61.49737866475787,3.7753230723789706,31.29201644638937,2.204398102203747,4.116298695255978,77.00345471983348,96.44035780712828
0.6923929476729558,3.9215249544953634,0.21843778568123667,0.7912905698923101,0.4198546291409345,0.6840217991331898,0.9984762651258827,61.49737866475787,3.7753230723789706,31.29201644638937,2.204398102203747,4.116298695255978,89.06507428995272,185.05463278797103
2.2468042766506313,14.078086837395425,1.208830080395804,0.7493039652025393,0.4329299142220795,0.2689052131636936,0.5593766295201473,182.98011952465762,3.8430516807240704,16.343384751790456,97.79427483948129,28.168927650626813,19.475498108140748,139.8148140621087
2.1941554575853544,11.278487259539883,0.14115524825536996,0.44802753210481466,0.7631277747731315,0.20743967603905833,0.8004735291595381,1030.3378631645776,4.748488232600842,1.5026443583318632,52.60474670409842,84.53410128492115,155.3241071473841,142.14375877203548
2.0795137125297085,18.509413814765196,2.358362691341582,0.419874558066268,0.5510487473373399,0.3261786552520277,0.5994964545304939,178.88524520879434,4.944444254940345,137.87943833699484,108.43796346496214,28.06562049967161,140.35646945874532,145.78138553973028
1.1439371835007548,5.537860875662639,0.9263670377152483,0.6106997318600808,0.9800409045003314,0.17085016810580236,0.37604540272943304,100.27255022607244,3.007337822008452,74.98465686467698,179.69934923607246,75.15552507304547,179.6967080027852,186.3930290399834
1.951843060279702,8.08407455004214,0.17826393425740616,0.10062587675484896,0.7189448703757,0.9608122064060276,0.24837236999940265,281.985655436042,4.205902772013776,126.63703604720052,181.5255564592348,108.79009844158864,165.82601787644472,31.329235961807232
0.7068508759916174,3.9215249544953634,0.21843778568123667,0.3211331590638462,0.14535035339598748,0.6840217991331898,0.9984762651258827,61.49737866475787,3.7753230723789706,31.29201644638937,2.204398102203747,4.116298695255978,77.00345471983348,96.44035780712828
1.44480023795892,15.568304223016273,0.15203794969755954,0.280061949605633,0.567848698511336,0.6956162721101138,0.6726531351235563,243.77241077187546,4.041456029373818,15.186316407042568,70.9162165100681,96.09672807377805,121.22144308962714,93.81765733073152
0.7068508759916174,3.9215249544953634,0.21843778568123667,0.3211331590638462,0.14535035339598748,0.6840217991331898,0.9984762651258827,61.49737866475787,3.7753230723789706,31.29201644638937,2.204398102203747,4.116298695255978,77.00345471983348,96.44035780712828
1.685574372683442,2.868028306657231,0.3866883933441217,0.37332906621061307,0.8670457123001485,0.5810761999944354,0.8147342114737154,191.17768690672045,4.829377384645746,62.84230932074752,29.09464211397721,136.3238797018492,199.90302087541986,66.29474039491215
0.7068508759916174,3.9215249544953634,0.21843778568123667,0.3211331590638462,0.14535035339598748,0.6840217991331898,0.9984762651258827,61.49737866475787,3.7753230723789706,31.29201644638937,2.204398102203747,4.116298695255978,77.00345471983348,96.44035780712828
2.249012990418815,2.6113907148462787,2.463173793083285,0.7094053434222171,0.5810761576734222,0.43516404546830306,0.5842140905013244,473.5893333439691,4.481386336886311,56.293604942228356,28.520077935335603,101.49304269457235,128.22696772280997,129.21523870919518
2.0795137125297085,18.509413814765196,2.358362691341582,0.419874558066268,0.5510487473373399,0.3261786552520277,0.5994964545304939,178.88524520879434,4.944444254940345,137.87943833699484,108.43796346496214,28.06562049967161,140.35646945874532,145.78138553973028
0.7068508759916174,3.9215249544953634,0.21843778568123667,0.3211331590638462,0.14535035339598748,0.6840217991331898,0.9984762651258827,61.49737866475787,3.7753230723789706,31.29201644638937,2.204398102203747,4.116298695255978,77.00345471983348,96.44035780712828
2.2468042766506313,14.078086837395425,1.208830080395804,0.7493039652025393,0.4329299142220795,0.2689052131636936,0.5593766295201473,182.98011952465762,3.8430516807240704,16.343384751790456,97.79427483948129,28.168927650626813,19.475498108140748,139.8148140621087
0.7068508759916174,3.9215249544953634,0.21843778568123667,0.3211331590638462,0.14535035339598748,0.6840217991331898,0.9984762651258827,61.49737866475787,3.7753230723789706,31.29201644638937,2.204398102203747,4.116298695255978,77.00345471983348,96.44035780712828
2.589887213489247,0.999729225766913,3.7196097591066324,0.277973265936105,0.4084044292904971,0.18704174410356778,0.7440932909369512,472.66377011356303,4.363122819619697,39.70173958791618,123.83623447176001,166.28140634753458,184.93045374028551,149.1970956210438
3.0582059867898113,30.90057043931583,0.9650685056409722,0.2935352928044317,0.7894790246516808,0.6563387673403787,0.17363516524158046,1911.0789453200136,4.988933363740335,85.67067459682639,166.3263361676994,38.59959921948182,140.36385720604054,151.78703014620191
2.663650662492789,16.562461749875105,0.7292319670347865,0.40361164586706366,0.15715939185196182,0.694345516950112,0.22104342378014352,838.3364990224821,4.885844809653694,54.87480200021022,54.54266189622997,110.12235303379644,43.90139859133675,148.50685065907305
0.7068508759916174,3.9215249544953634,0.21843778568123667,0.3211331590638462,0.14535035339598748,0.6840217991331898,0.9984762651258827,61.49737866475787,3.7753230723789706,31.29201644638937,2.204398102203747,4.116298695255978,77.00345471983348,96.44035780712828
0.7068508759916174,3.9215249544953634,0.21843778568123667,0.3211331590638462,0.14535035339598748,0.6840217991331898,0.9984762651258827,61.49737866475787,3.7753230723789706,31.29201644638937,2.204398102203747,4.116298695255978,77.00345471983348,96.44035780712828
2.249012990418815,2.6113907148462787,2.463173793083285,0.7094053434222171,0.5810761576734222,0.43516404546830306,0.5842140905013244,473.5893333439691,4.481386336886311,56.293604942228356,28.520077935335603,101.49304269457235,128.22696772280997,129.21523870919518
0.6923929476729558,3.9215249544953634,0.21843778568123667,0.7912905698923101,0.4198546291409345,0.6840217991331898,0.9984762651258827,61.49737866475787,3.7753230723789706,31.29201644638937,2.204398102203747,4.116298695255978,89.06507428995272,185.05463278797103
2.2468042766506313,14.078086837395425,1.208830080395804,0.7493039652025393,0.4329299142220795,0.2689052131636936,0.5593766295201473,182.98011952465762,3.8430516807240704,16.343384751790456,97.79427483948129,28.168927650626813,19.475498108140748,139.8148140621087
1.1439371835007548,5.537860875662639,0.9263670377152483,0.6106997318600808,0.9800409045003314,0.17085016810580236,0.37604540272943304,100.27255022607244,3.007337822008452,74.98465686467698,179.69934923607246,75.15552507304547,179.6967080027852,186.3930290399834
0.7068508759916174,3.9215249544953634,0.21843778568123667,0.3211331590638462,0.14535035339598748,0.6840217991331898,0.9984762651258827,61.49737866475787,3.7753230723789706,31.29201644638937,2.204398102203747,4.116298695255978,77.00345471983348,96.44035780712828
1.44480023795892,15.568304223016273,0.15203794969755954,0.280061949605633,0.567848698511336,0.6956162721101138,0.6726531351235563,243.77241077187546,4.041456029373818,15.186316407042568,70.9162165100681,96.09672807377805,121.22144308962714,93.81765733073152
2.1941554575853544,11.278487259539883,0.14115524825536996,0.44802753210481466,0.7631277747731315,0.20743967603905833,0.8004735291595381,1030.3378631645776,4.748488232600842,1.5026443583318632,52.60474670409842,84.53410128492115,155.3241071473841,142.14375877203548
1.685574372683442,2.868028306657231,0.3866883933441217,0.37332906621061307,0.8670457123001485,0.5810761999944354,0.8147342114737154,191.17768690672045,4.829377384645746,62.84230932074752,29.09464211397721,136.3238797018492,199.90302087541986,66.29474039491215
2.589887213489247,0.999729225766913,3.7196097591066324,0.277973265936105,0.4084044292904971,0.18704174410356778,0.7440932909369512,472.66377011356303,4.363122819619697,39.70173958791618,123.83623447176001,166.28140634753458,184.93045374028551,149.1970956210438
0.7068508759916174,3.9215249544953634,0.21843778568123667,0.3211331590638462,0.14535035339598748,0.6840217991331898,0.9984762651258827,61.49737866475787,3.7753230723789706,31.29201644638937,2.204398102203747,4.116298695255978,77.00345471983348,96.44035780712828
0.7068508759916174,3.9215249544953634,0.21843778568123667,0.3211331590638462,0.14535035339598748,0.6840217991331898,0.9984762651258827,61.49737866475787,3.7753230723789706,31.29201644638937,2.204398102203747,4.116298695255978,77.00345471983348,96.44035780712828
0.7068508759916174,3.9215249544953634,0.21843778568123667,0.3211331590638462,0.14535035339598748,0.6840217991331898,0.9984762651258827,61.49737866475787,3.7753230723789706,31.29201644638937,2.204398102203747,4.116298695255978,77.00345471983348,96.44035780712828
3.0582059867898113,30.90057043931583,0.9650685056409722,0.2935352928044317,0.7894790246516808,0.6563387673403787,0.17363516524158046,1911.0789453200136,4.988933363740335,85.67067459682639,166.3263361676994,38.59959921948182,140.36385720604054,151.78703014620191
2.0795137125297085,18.509413814765196,2.358362691341582,0.419874558066268,0.5510487473373399,0.3261786552520277,0.5994964545304939,178.88524520879434,4.944444254940345,137.87943833699484,108.43796346496214,28.06562049967161,140.35646945874532,145.78138553973028
0.7068508759916174,3.9215249544953634,0.21843778568123667,0.3211331590638462,0.14535035339598748,0.6840217991331898,0.9984762651258827,61.49737866475787,3.7753230723789706,31.29201644638937,2.204398102203747,4.116298695255978,77.00345471983348,96.44035780712828
0.6923929476729558,3.9215249544953634,0.21843778568123667,0.7912905698923101,0.4198546291409345,0.6840217991331898,0.9984762651258827,61.49737866475787,3.7753230723789706,31.29201644638937,2.204398102203747,4.116298695255978,89.06507428995272,185.05463278797103
2.249012990418815,2.6113907148462787,2.463173793083285,0.7094053434222171,0.5810761576734222,0.43516404546830306,0.5842140905013244,473.5893333439691,4.481386336886311,56.293604942228356,28.520077935335603,101.49304269457235,128.22696772280997,129.21523870919518
2.663650662492789,16.562461749875105,0.7292319670347865,0.40361164586706366,0.15715939185196182,0.694345516950112,0.22104342378014352,838.3364990224821,4.885844809653694,54.87480200021022,54.54266189622997,110.12235303379644,43.90139859133675,148.50685065907305
1.44480023795892,15.568304223016273,0.15203794969755954,0.280061949605633,0.567848698511336,0.6956162721101138,0.6726531351235563,243.77241077187546,4.041456029373818,15.186316407042568,70.9162165100681,96.09672807377805,121.22144308962714,93.81765733073152
2.2468042766506313,14.078086837395425,1.208830080395804,0.7493039652025393,0.4329299142220795,0.2689052131636936,0.5593766295201473,182.98011952465762,3.8430516807240704,16.343384751790456,97.79427483948129,28.168927650626813,19.475498108140748,139.8148140621087
2.1941554575853544,11.278487259539883,0.14115524825536996,0.44802753210481466,0.7631277747731315,0.20743967603905833,0.8004735291595381,1030.3378631645776,4.748488232600842,1.5026443583318632,52.60474670409842,84.53410128492115,155.3241071473841,142.14375877203548
1.1439371835007548,5.537860875662639,0.9263670377152483,0.6106997318600808,0.9800409045003314,0.17085016810580236,0.37604540272943304,100.27255022607244,3.007337822008452,74.98465686467698,179.69934923607246,75.15552507304547,179.6967080027852,186.3930290399834
0.7068508759916174,3.9215249544953634,0.21843778568123667,0.3211331590638462,0.14535035339598748,0.6840217991331898,0.9984762651258827,61.49737866475787,3.7753230723789706,31.29201644638937,2.204398102203747,4.116298695255978,77.00345471983348,96.44035780712828
1.685574372683442,2.868028306657231,0.3866883933441217,0.37332906621061307,0.8670457123001485,0.5810761999944354,0.8147342114737154,191.17768690672045,4.829377384645746,62.84230932074752,29.09464211397721,136.3238797018492,199.90302087541986,66.29474039491215
2.249012990418815,2.6113907148462787,2.463173793083285,0.7094053434222171,0.5810761576734222,0.43516404546830306,0.5842140905013244,473.5893333439691,4.481386336886311,56.293604942228356,28.520077935335603,101.49304269457235,128.22696772280997,129.21523870919518
2.589887213489247,0.999729225766913,3.7196097591066324,0.277973265936105,0.4084044292904971,0.18704174410356778,0.7440932909369512,472.66377011356303,4.363122819619697,39.70173958791618,123.83623447176001,166.28140634753458,184.93045374028551,149.1970956210438
0.7068508759916174,3.9215249544953634,0.21843778568123667,0.3211331590638462,0.14535035339598748,0.6840217991331898,0.9984762651258827,61.49737866475787,3.7753230723789706,31.29201644638937,2.204398102203747,4.116298695255978,77.00345471983348,96.44035780712828
0.7068508759916174,3.9215249544953634,0.21843778568123667,0.3211331590638462,0.14535035339598748,0.6840217991331898,0.9984762651258827,61.49737866475787,3.7753230723789706,31.29201644638937,2.204398102203747,4.116298695255978,77.00345471983348,96.44035780712828
0.7068508759916174,3.9215249544953634,0.21843778568123667,0.3211331590638462,0.14535035339598748,0.6840217991331898,0.9984762651258827,61.49737866475787,3.7753230723789706,31.29201644638937,2.204398102203747,4.116298695255978,77.00345471983348,96.44035780712828
3.0582059867898113,30.90057043931583,0.9650685056409722,0.2935352928044317,0.7894790246516808,0.6563387673403787,0.17363516524158046,1911.0789453200136,4.988933363740335,85.67067459682639,166.3263361676994,38.59959921948182,140.36385720604054,151.78703014620191
0.6923929476729558,3.9215249544953634,0.21843778568123667,0.7912905698923101,0.4198546291409345,0.6840217991331898,0.9984762651258827,61.49737866475787,3.7753230723789706,31.29201644638937,2.204398102203747,4.116298695255978,89.06507428995272,185.05463278797103
0.7068508759916174,3.9215249544953634,0.21843778568123667,0.3211331590638462,0.14535035339598748,0.6840217991331898,0.9984762651258827,61.49737866475787,3.7753230723789706,31.29201644638937,2.204398102203747,4.116298695255978,77.00345471983348,96.44035780712828
2.589887213489247,0.999729225766913,3.7196097591066324,0.277973265936105,0.4084044292904971,0.18704174410356778,0.7440932909369512,472.66377011356303,4.363122819619697,39.70173958791618,123.83623447176001,166.28140634753458,184.93045374028551,149.1970956210438
2.0795137125297085,18.509413814765196,2.358362691341582,0.419874558066268,0.5510487473373399,0.3261786552520277,0.5994964545304939,178.88524520879434,4.944444254940345,137.87943833699484,108.43796346496214,28.06562049967161,140.35646945874532,145.78138553973028
2.663650662492789,16.562461749875105,0.7292319670347865,0.40361164586706366,0.15715939185196182,0.694345516950112,0.22104342378014352,838.3364990224821,4.885844809653694,54.87480200021022,54.54266189622997,110.12235303379644,43.90139859133675,148.50685065907305
0.7068508759916174,3.9215249544953634,0.21843778568123667,0.3211331590638462,0.14535035339598748,0.6840217991331898,0.9984762651258827,61.49737866475787,3.7753230723789706,31.29201644638937,2.204398102203747,4.116298695255978,77.00345471983348,96.44035780712828
1.44480023795892,15.568304223016273,0.15203794969755954,0.280061949605633,0.567848698511336,0.6956162721101138,0.6726531351235563,243.77241077187546,4.041456029373818,15.186316407042568,70.9162165100681,96.09672807377805,121.22144308962714,93.81765733073152
2.2468042766506313,14.078086837395425,1.208830080395804,0.7493039652025393,0.4329299142220795,0.2689052131636936,0.5593766295201473,182.98011952465762,3.8430516807240704,16.343384751790456,97.79427483948129,28.168927650626813,19.475498108140748,139.8148140621087
1.1439371835007548,5.537860875662639,0.9263670377152483,0.6106997318600808,0.9800409045003314,0.17085016810580236,0.37604540272943304,100.27255022607244,3.007337822008452,74.98465686467698,179.69934923607246,75.15552507304547,179.6967080027852,186.3930290399834
3.0582059867898113,30.90057043931583,0.9650685056409722,0.2935352928044317,0.7894790246516808,0.6563387673403787,0.17363516524158046,1911.0789453200136,4.988933363740335,85.67067459682639,166.3263361676994,38.59959921948182,140.36385720604054,151.78703014620191
0.7068508759916174,3.9215249544953634,0.21843778568123667,0.3211331590638462,0.14535035339598748,0.6840217991331898,0.9984762651258827,61.49737866475787,3.7753230723789706,31.29201644638937,2.204398102203747,4.116298695255978,77.00345471983348,96.44035780712828
2.1941554575853544,11.278487259539883,0.14115524825536996,0.44802753210481466,0.7631277747731315,0.20743967603905833,0.8004735291595381,1030.3378631645776,4.748488232600842,1.5026443583318632,52.60474670409842,84.53410128492115,155.3241071473841,142.14375877203548
1.685574372683442,2.868028306657231,0.3866883933441217,0.37332906621061307,0.8670457123001485,0.5810761999944354,0.8147342114737154,191.17768690672045,4.829377384645746,62.84230932074752,29.09464211397721,136.3238797018492,199.90302087541986,66.29474039491215
2.589887213489247,0.999729225766913,3.7196097591066324,0.277973265936105,0.4084044292904971,0.18704174410356778,0.7440932909369512,472.66377011356303,4.363122819619697,39.70173958791618,123.83623447176001,166.28140634753458,184.93045374028551,149.1970956210438
2.249012990418815,2.6113907148462787,2.463173793083285,0.7094053434222171,0.5810761576734222,0.43516404546830306,0.5842140905013244,473.5893333439691,4.481386336886311,56.293604942228356,28.520077935335603,101.49304269457235,128.22696772280997,129.21523870919518
0.7068508759916174,3.9215249544953634,0.21843778568123667,0.3211331590638462,0.14535035339598748,0.6840217991331898,0.9984762651258827,61.49737866475787,3.7753230723789706,31.29201644638937,2.204398102203747,4.116298695255978,77.00345471983348,96.44035780712828
0.6923929476729558,3.9215249544953634,0.21843778568123667,0.7912905698923101,0.4198546291409345,0.6840217991331898,0.9984762651258827,61.49737866475787,3.7753230723789706,31.29201644638937,2.204398102203747,4.116298695255978,89.06507428995272,185.05463278797103
0.7068508759916174,3.9215249544953634,0.21843778568123667,0.3211331590638462,0.14535035339598748,0.6840217991331898,0.9984762651258827,61.49737866475787,3.7753230723789706,31.29201644638937,2.204398102203747,4.116298695255978,77.00345471983348,96.44035780712828
0.7068508759916174,3.9215249544953634,0.21843778568123667,0.3211331590638462,0.14535035339598748,0.6840217991331898,0.9984762651258827,61.49737866475787,3.7753230723789706,31.29201644638937,2.204398102203747,4.116298695255978,77.00345471983348,96.44035780712828
1.685574372683442,2.868028306657231,0.3866883933441217,0.37332906621061307,0.8670457123001485,0.5810761999944354,0.8147342114737154,191.17768690672045,4.829377384645746,62.84230932074752,29.09464211397721,136.3238797018492,199.90302087541986,66.29474039491215
0.7068508759916174,3.9215249544953634,0.21843778568123667,0.3211331590638462,0.14535035339598748,0.6840217991331898,0.9984762651258827,61.49737866475787,3.7753230723789706,31.29201644638937,2.204398102203747,4.116298695255978,77.00345471983348,96.44035780712828
2.589887213489247,0.999729225766913,3.7196097591066324,0.277973265936105,0.4084044292904971,0.18704174410356778,0.7440932909369512,472.66377011356303,4.363122819619697,39.70173958791618,123.83623447176001,166.28140634753458,184.93045374028551,149.1970956210438
1.44480023795892,15.568304223016273,0.15203794969755954,0.280061949605633,0.567848698511336,0.6956162721101138,0.6726531351235563,243.77241077187546,4.041456029373818,15.186316407042568,70.9162165100681,96.09672807377805,121.22144308962714,93.81765733073152
2.2468042766506313,14.078086837395425,1.208830080395804,0.7493039652025393,0.4329299142220795,0.2689052131636936,0.5593766295201473,182.98011952465762,3.8430516807240704,16.343384751790456,97.79427483948129,28.168927650626813,19.475498108140748,139.8148140621087
0.7068508759916174,3.9215249544953634,0.21843778568123667,0.3211331590638462,0.14535035339598748,0.6840217991331898,0.9984762651258827,61.49737866475787,3.7753230723789706,31.29201644638937,2.204398102203747,4.116298695255978,77.00345471983348,96.44035780712828
2.823463700434595,49.435255911180356,1.021841923443391,0.5767992294924016,0.6749687460030275,0.24243135457687587,0.793645941992648,498.41328190696026,4.102105573923109,86.11021920545514,106.90523075459517,101.08163709048192,184.90656324321156,168.61828754122453
2.0795137125297085,18.509413814765196,2.358362691341582,0.419874558066268,0.5510487473373399,0.3261786552520277,0.5994964545304939,178.88524520879434,4.944444254940345,137.87943833699484,108.43796346496214,28.06562049967161,140.35646945874532,145.78138553973028
0.6923929476729558,3.9215249544953634,0.21843778568123667,0.7912905698923101,0.4198546291409345,0.6840217991331898,0.9984762651258827,61.49737866475787,3.7753230723789706,31.29201644638937,2.204398102203747,4.116298695255978,89.06507428995272,185.05463278797103
1.1439371835007548,5.537860875662639,0.9263670377152483,0.6106997318600808,0.9800409045003314,0.17085016810580236,0.37604540272943304,100.27255022607244,3.007337822008452,74.98465686467698,179.69934923607246,75.15552507304547,179.6967080027852,186.3930290399834
2.663650662492789,16.562461749875105,0.7292319670347865,0.40361164586706366,0.15715939185196182,0.694345516950112,0.22104342378014352,838.3364990224821,4.885844809653694,54.87480200021022,54.54266189622997,110.12235303379644,43.90139859133675,148.50685065907305
1.685574372683442,2.868028306657231,0.3866883933441217,0.37332906621061307,0.8670457123001485,0.5810761999944354,0.8147342114737154,191.17768690672045,4.829377384645746,62.84230932074752,29.09464211397721,136.3238797018492,199.90302087541986,66.29474039491215
2.589887213489247,0.999729225766913,3.7196097591066324,0.277973265936105,0.4084044292904971,0.18704174410356778,0.7440932909369512,472.66377011356303,4.363122819619697,39.70173958791618,123.83623447176001,166.28140634753458,184.93045374028551,149.1970956210438
2.249012990418815,2.6113907148462787,2.463173793083285,0.7094053434222171,0.5810761576734222,0.43516404546830306,0.5842140905013244,473.5893333439691,4.481386336886311,56.293604942228356,28.520077935335603,101.49304269457235,128.22696772280997,129.21523870919518
2.1941554575853544,11.278487259539883,0.14115524825536996,0.44802753210481466,0.7631277747731315,0.20743967603905833,0.8004735291595381,1030.3378631645776,4.748488232600842,1.5026443583318632,52.60474670409842,84.53410128492115,155.3241071473841,142.14375877203548
1.44480023795892,15.568304223016273,0.15203794969755954,0.280061949605633,0.567848698511336,0.6956162721101138,0.6726531351235563,243.77241077187546,4.041456029373818,15.186316407042568,70.9162165100681,96.09672807377805,121.22144308962714,93.81765733073152
0.7068508759916174,3.9215249544953634,0.21843778568123667,0.3211331590638462,0.14535035339598748,0.6840217991331898,0.9984762651258827,61.49737866475787,3.7753230723789706,31.29201644638937,2.204398102203747,4.116298695255978,77.00345471983348,96.44035780712828
0.7068508759916174,3.9215249544953634,0.21843778568123667,0.3211331590638462,0.14535035339598748,0.6840217991331898,0.9984762651258827,61.49737866475787,3.7753230723789706,31.29201644638937,2.204398102203747,4.116298695255978,77.00345471983348,96.44035780712828
2.2468042766506313,14.078086837395425,1.208830080395804,0.7493039652025393,0.4329299142220795,0.2689052131636936,0.5593766295201473,182.98011952465762,3.8430516807240704,16.343384751790456,97.79427483948129,28.168927650626813,19.475498108140748,139.8148140621087
0.6923929476729558,3.9215249544953634,0.21843778568123667,0.7912905698923101,0.4198546291409345,0.6840217991331898,0.9984762651258827,61.49737866475787,3.7753230723789706,31.29201644638937,2.204398102203747,4.116298695255978,89.06507428995272,185.05463278797103
0.7068508759916174,3.9215249544953634,0.21843778568123667,0.3211331590638462,0.14535035339598748,0.6840217991331898,0.9984762651258827,61.49737866475787,3.7753230723789706,31.29201644638937,2.204398102203747,4.116298695255978,77.00345471983348,96.44035780712828
0.7068508759916174,3.9215249544953634,0.21843778568123667,0.3211331590638462,0.14535035339598748,0.6840217991331898,0.9984762651258827,61.49737866475787,3.7753230723789706,31.29201644638937,2.204398102203747,4.116298695255978,77.00345471983348,96.44035780712828
2.249012990418815,2.6113907148462787,2.463173793083285,0.7094053434222171,0.5810761576734222,0.43516404546830306,0.5842140905013244,473.5893333439691,4.481386336886311,56.293604942228356,28.520077935335603,101.49304269457235,128.22696772280997,129.21523870919518
0.7068508759916174,3.9215249544953634,0.21843778568123667,0.3211331590638462,0.14535035339598748,0.6840217991331898,0.9984762651258827,61.49737866475787,3.7753230723789706,31.29201644638937,2.204398102203747,4.116298695255978,77.00345471983348,96.44035780712828
0.7068508759916174,3.9215249544953634,0.21843778568123667,0.3211331590638462,0.14535035339598748,0.6840217991331898,0.9984762651258827,61.49737866475787,3.7753230723789706,31.29201644638937,2.204398102203747,4.116298695255978,77.00345471983348,96.44035780712828
2.823463700434595,49.435255911180356,1.021841923443391,0.5767992294924016,0.6749687460030275,0.24243135457687587,0.793645941992648,498.41328190696026,4.102105573923109,86.11021920545514,106.90523075459517,101.08163709048192,184.90656324321156,168.61828754122453
0.7068508759916174,3.9215249544953634,0.21843778568123667,0.3211331590638462,0.14535035339598748,0.6840217991331898,0.9984762651258827,61.49737866475787,3.7753230723789706,31.29201644638937,2.204398102203747,4.116298695255978,77.00345471983348,96.44035780712828
1.7329674402584374,3.048379242001701,4.874933903502875,0.33617337995944063,0.3399573981850608,0.2557450615052835,0.758786477759679,202.76665755576428,3.0028737667083276,155.33586570074763,141.81355951082455,94.72021956804335,68.92385335015075,106.40607919299366
1.1439371835007548,5.537860875662639,0.9263670377152483,0.6106997318600808,0.9800409045003314,0.17085016810580236,0.37604540272943304,100.27255022607244,3.007337822008452,74.98465686467698,179.69934923607246,75.15552507304547,179.6967080027852,186.3930290399834
1.685574372683442,2.868028306657231,0.3866883933441217,0.37332906621061307,0.8670457123001485,0.5810761999944354,0.8147342114737154,191.17768690672045,4.829377384645746,62.84230932074752,29.09464211397721,136.3238797018492,199.90302087541986,66.29474039491215
2.0795137125297085,18.509413814765196,2.358362691341582,0.419874558066268,0.5510487473373399,0.3261786552520277,0.5994964545304939,178.88524520879434,4.944444254940345,137.87943833699484,108.43796346496214,28.06562049967161,140.35646945874532,145.78138553973028
2.249012990418815,2.6113907148462787,2.463173793083285,0.7094053434222171,0.5810761576734222,0.43516404546830306,0.5842140905013244,473.5893333439691,4.481386336886311,56.293604942228356,28.520077935335603,101.49304269457235,128.22696772280997,129.21523870919518
2.663650662492789,16.562461749875105,0.7292319670347865,0.40361164586706366,0.15715939185196182,0.694345516950112,0.22104342378014352,838.3364990224821,4.885844809653694,54.87480200021022,54.54266189622997,110.12235303379644,43.90139859133675,148.50685065907305
0.6923929476729558,3.9215249544953634,0.21843778568123667,0.7912905698923101,0.4198546291409345,0.6840217991331898,0.9984762651258827,61.49737866475787,3.7753230723789706,31.29201644638937,2.204398102203747,4.116298695255978,89.06507428995272,185.05463278797103
2.823463700434595,49.435255911180356,1.021841923443391,0.5767992294924016,0.6749687460030275,0.24243135457687587,0.793645941992648,498.41328190696026,4.102105573923109,86.11021920545514,106.90523075459517,101.08163709048192,184.90656324321156,168.61828754122453
1.44480023795892,15.568304223016273,0.15203794969755954,0.280061949605633,0.567848698511336,0.6956162721101138,0.6726531351235563,243.77241077187546,4.041456029373818,15.186316407042568,70.9162165100681,96.09672807377805,121.22144308962714,93.81765733073152
2.2468042766506313,14.078086837395425,1.208830080395804,0.7493039652025393,0.4329299142220795,0.2689052131636936,0.5593766295201473,182.98011952465762,3.8430516807240704,16.343384751790456,97.79427483948129,28.168927650626813,19.475498108140748,139.8148140621087
0.7068508759916174,3.9215249544953634,0.21843778568123667,0.3211331590638462,0.14535035339598748,0.6840217991331898,0.9984762651258827,61.49737866475787,3.7753230723789706,31.29201644638937,2.204398102203747,4.116298695255978,77.00345471983348,96.44035780712828
2.1941554575853544,11.278487259539883,0.14115524825536996,0.44802753210481466,0.7631277747731315,0.20743967603905833,0.8004735291595381,1030.3378631645776,4.748488232600842,1.5026443583318632,52.60474670409842,84.53410128492115,155.3241071473841,142.14375877203548
2.0795137125297085,18.509413814765196,2.358362691341582,0.419874558066268,0.5510487473373399,0.3261786552520277,0.5994964545304939,178.88524520879434,4.944444254940345,137.87943833699484,108.43796346496214,28.06562049967161,140.35646945874532,145.78138553973028
0.7068508759916174,3.9215249544953634,0.21843778568123667,0.3211331590638462,0.14535035339598748,0.6840217991331898,0.9984762651258827,61.49737866475787,3.7753230723789706,31.29201644638937,2.204398102203747,4.116298695255978,77.00345471983348,96.44035780712828
2.249012990418815,2.6113907148462787,2.463173793083285,0.7094053434222171,0.5810761576734222,0.43516404546830306,0.5842140905013244,473.5893333439691,4.481386336886311,56.293604942228356,28.520077935335603,101.49304269457235,128.22696772280997,129.21523870919518
0.6923929476729558,3.9215249544953634,0.21843778568123667,0.7912905698923101,0.4198546291409345,0.6840217991331898,0.9984762651258827,61.49737866475787,3.7753230723789706,31.29201644638937,2.204398102203747,4.116298695255978,89.06507428995272,185.05463278797103
0.7068508759916174,3.9215249544953634,0.21843778568123667,0.3211331590638462,0.14535035339598748,0.6840217991331898,0.9984762651258827,61.49737866475787,3.7753230723789706,31.29201644638937,2.204398102203747,4.116298695255978,77.00345471983348,96.44035780712828
2.823463700434595,49.435255911180356,1.021841923443391,0.5767992294924016,0.6749687460030275,0.24243135457687587,0.793645941992648,498.41328190696026,4.102105573923109,86.11021920545514,106.90523075459517,101.08163709048192,184.90656324321156,168.61828754122453
1.7329674402584374,3.048379242001701,4.874933903502875,0.33617337995944063,0.3399573981850608,0.2557450615052835,0.758786477759679,202.76665755576428,3.0028737667083276,155.33586570074763,141.81355951082455,94.72021956804335,68.92385335015075,106.40607919299366
0.7068508759916174,3.9215249544953634,0.21843778568123667,0.3211331590638462,0.14535035339598748,0.6840217991331898,0.9984762651258827,61.49737866475787,3.7753230723789706,31.29201644638937,2.204398102203747,4.116298695255978,77.00345471983348,96.44035780712828
0.7068508759916174,3.9215249544953634,0.21843778568123667,0.3211331590638462,0.14535035339598748,0.6840217991331898,0.9984762651258827,61.49737866475787,3.7753230723789706,31.29201644638937,2.204398102203747,4.116298695255978,77.00345471983348,96.44035780712828
1.1439371835007548,5.537860875662639,0.9263670377152483,0.6106997318600808,0.9800409045003314,0.17085016810580236,0.37604540272943304,100.27255022607244,3.007337822008452,74.98465686467698,179.69934923607246,75.15552507304547,179.6967080027852,186.3930290399834
2.0795137125297085,18.509413814765196,2.358362691341582,0.419874558066268,0.5510487473373399,0.3261786552520277,0.5994964545304939,178.88524520879434,4.944444254940345,137.87943833699484,108.43796346496214,28.06562049967161,140.35646945874532,145.78138553973028
1.685574372683442,2.868028306657231,0.3866883933441217,0.37332906621061307,0.8670457123001485,0.5810761999944354,0.8147342114737154,191.17768690672045,4.829377384645746,62.84230932074752,29.09464211397721,136.3238797018492,199.90302087541986,66.29474039491215
2.2468042766506313,14.078086837395425,1.208830080395804,0.7493039652025393,0.4329299142220795,0.2689052131636936,0.5593766295201473,182.98011952465762,3.8430516807240704,16.343384751790456,97.79427483948129,28.168927650626813,19.475498108140748,139.8148140621087
0.7068508759916174,3.9215249544953634,0.21843778568123667,0.3211331590638462,0.14535035339598748,0.6840217991331898,0.9984762651258827,61.49737866475787,3.7753230723789706,31.29201644638937,2.204398102203747,4.116298695255978,77.00345471983348,96.44035780712828
2.663650662492789,16.562461749875105,0.7292319670347865,0.40361164586706366,0.15715939185196182,0.694345516950112,0.22104342378014352,838.3364990224821,4.885844809653694,54.87480200021022,54.54266189622997,110.12235303379644,43.90139859133675,148.50685065907305
1.44480023795892,15.568304223016273,0.15203794969755954,0.280061949605633,0.567848698511336,0.6956162721101138,0.6726531351235563,243.77241077187546,4.041456029373818,15.186316407042568,70.9162165100681,96.09672807377805,121.22144308962714,93.81765733073152
1.1439371835007548,5.537860875662639,0.9263670377152483,0.6106997318600808,0.9800409045003314,0.17085016810580236,0.37604540272943304,100.27255022607244,3.007337822008452,74.98465686467698,179.69934923607246,75.15552507304547,179.6967080027852,186.3930290399834
2.1941554575853544,11.278487259539883,0.14115524825536996,0.44802753210481466,0.7631277747731315,0.20743967603905833,0.8004735291595381,1030.3378631645776,4.748488232600842,1.5026443583318632,52.60474670409842,84.53410128492115,155.3241071473841,142.14375877203548
2.823463700434595,49.435255911180356,1.021841923443391,0.5767992294924016,0.6749687460030275,0.24243135457687587,0.793645941992648,498.41328190696026,4.102105573923109,86.11021920545514,106.90523075459517,101.08163709048192,184.90656324321156,168.61828754122453
0.7068508759916174,3.9215249544953634,0.21843778568123667,0.3211331590638462,0.14535035339598748,0.6840217991331898,0.9984762651258827,61.49737866475787,3.7753230723789706,31.29201644638937,2.204398102203747,4.116298695255978,77.00345471983348,96.44035780712828
2.0795137125297085,18.509413814765196,2.358362691341582,0.419874558066268,0.5510487473373399,0.3261786552520277,0.5994964545304939,178.88524520879434,4.944444254940345,137.87943833699484,108.43796346496214,28.06562049967161,140.35646945874532,145.78138553973028
0.6923929476729558,3.9215249544953634,0.21843778568123667,0.7912905698923101,0.4198546291409345,0.6840217991331898,0.9984762651258827,61.49737866475787,3.7753230723789706,31.29201644638937,2.204398102203747,4.116298695255978,89.06507428995272,185.05463278797103
2.249012990418815,2.6113907148462787,2.463173793083285,0.7094053434222171,0.5810761576734222,0.43516404546830306,0.5842140905013244,473.5893333439691,4.481386336886311,56.293604942228356,28.520077935335603,101.49304269457235,128.22696772280997,129.21523870919518
1.7329674402584374,3.048379242001701,4.874933903502875,0.33617337995944063,0.3399573981850608,0.2557450615052835,0.758786477759679,202.76665755576428,3.0028737667083276,155.33586570074763,141.81355951082455,94.72021956804335,68.92385335015075,106.40607919299366
0.7068508759916174,3.9215249544953634,0.21843778568123667,0.3211331590638462,0.14535035339598748,0.6840217991331898,0.9984762651258827,61.49737866475787,3.7753230723789706,31.29201644638937,2.204398102203747,4.116298695255978,77.00345471983348,96.44035780712828
0.7068508759916174,3.9215249544953634,0.21843778568123667,0.3211331590638462,0.14535035339598748,0.6840217991331898,0.9984762651258827,61.49737866475787,3.7753230723789706,31.29201644638937,2.204398102203747,4.116298695255978,77.00345471983348,96.44035780712828
0.7068508759916174,3.9215249544953634,0.21843778568123667,0.3211331590638462,0.14535035339598748,0.6840217991331898,0.9984762651258827,61.49737866475787,3.7753230723789706,31.29201644638937,2.204398102203747,4.116298695255978,77.00345471983348,96.44035780712828
1.1439371835007548,5.537860875662639,0.9263670377152483,0.6106997318600808,0.9800409045003314,0.17085016810580236,0.37604540272943304,100.27255022607244,3.007337822008452,74.98465686467698,179.69934923607246,75.15552507304547,179.6967080027852,186.3930290399834
1.685574372683442,2.868028306657231,0.3866883933441217,0.37332906621061307,0.8670457123001485,0.5810761999944354,0.8147342114737154,191.17768690672045,4.829377384645746,62.84230932074752,29.09464211397721,136.3238797018492,199.90302087541986,66.29474039491215
2.0795137125297085,18.509413814765196,2.358362691341582,0.419874558066268,0.5510487473373399,0.3261786552520277,0.5994964545304939,178.88524520879434,4.944444254940345,137.87943833699484,108.43796346496214,28.06562049967161,140.35646945874532,145.78138553973028
1.7329674402584374,3.048379242001701,4.874933903502875,0.33617337995944063,0.3399573981850608,0.2557450615052835,0.758786477759679,202.76665755576428,3.0028737667083276,155.33586570074763,141.81355951082455,94.72021956804335,68.92385335015075,106.40607919299366
2.2468042766506313,14.078086837395425,1.208830080395804,0.7493039652025393,0.4329299142220795,0.2689052131636936,0.5593766295201473,182.98011952465762,3.8430516807240704,16.343384751790456,97.79427483948129,28.168927650626813,19.475498108140748,139.8148140621087
1.44480023795892,15.568304223016273,0.15203794969755954,0.280061949605633,0.567848698511336,0.6956162721101138,0.6726531351235563,243.77241077187546,4.041456029373818,15.186316407042568,70.9162165100681,96.09672807377805,121.22144308962714,93.81765733073152
0.7068508759916174,3.9215249544953634,0.21843778568123667,0.3211331590638462,0.14535035339598748,0.6840217991331898,0.9984762651258827,61.49737866475787,3.7753230723789706,31.29201644638937,2.204398102203747,4.116298695255978,77.00345471983348,96.44035780712828
0.7068508759916174,3.9215249544953634,0.21843778568123667,0.3211331590638462,0.14535035339598748,0.6840217991331898,0.9984762651258827,61.49737866475787,3.7753230723789706,31.29201644638937,2.204398102203747,4.116298695255978,77.00345471983348,96.44035780712828
1.1439371835007548,5.537860875662639,0.9263670377152483,0.6106997318600808,0.9800409045003314,0.17085016810580236,0.37604540272943304,100.27255022607244,3.007337822008452,74.98465686467698,179.69934923607246,75.15552507304547,179.6967080027852,186.3930290399834
2.663650662492789,16.562461749875105,0.7292319670347865,0.40361164586706366,0.15715939185196182,0.694345516950112,0.22104342378014352,838.3364990224821,4.885844809653694,54.87480200021022,54.54266189622997,110.12235303379644,43.90139859133675,148.50685065907305
1.685574372683442,2.868028306657231,0.3866883933441217,0.37332906621061307,0.8670457123001485,0.5810761999944354,0.8147342114737154,191.17768690672045,4.829377384645746,62.84230932074752,29.09464211397721,136.3238797018492,199.90302087541986,66.29474039491215
2.823463700434595,49.435255911180356,1.021841923443391,0.5767992294924016,0.6749687460030275,0.24243135457687587,0.793645941992648,498.41328190696026,4.102105573923109,86.11021920545514,106.90523075459517,101.08163709048192,184.90656324321156,168.61828754122453
0.6923929476729558,3.9215249544953634,0.21843778568123667,0.7912905698923101,0.4198546291409345,0.6840217991331898,0.9984762651258827,61.49737866475787,3.7753230723789706,31.29201644638937,2.204398102203747,4.116298695255978,89.06507428995272,185.05463278797103
0.7068508759916174,3.9215249544953634,0.21843778568123667,0.3211331590638462,0.14535035339598748,0.6840217991331898,0.9984762651258827,61.49737866475787,3.7753230723789706,31.29201644638937,2.204398102203747,4.116298695255978,77.00345471983348,96.44035780712828
0.7068508759916174,3.9215249544953634,0.21843778568123667,0.3211331590638462,0.14535035339598748,0.6840217991331898,0.9984762651258827,61.49737866475787,3.7753230723789706,31.29201644638937,2.204398102203747,4.116298695255978,77.00345471983348,96.44035780712828
2.1941554575853544,11.278487259539883,0.14115524825536996,0.44802753210481466,0.7631277747731315,0.20743967603905833,0.8004735291595381,1030.3378631645776,4.748488232600842,1.5026443583318632,52.60474670409842,84.53410128492115,155.3241071473841,142.14375877203548
0.7068508759916174,3.9215249544953634,0.21843778568123667,0.3211331590638462,0.14535035339598748,0.6840217991331898,0.9984762651258827,61.49737866475787,3.7753230723789706,31.29201644638937,2.204398102203747,4.116298695255978,77.00345471983348,96.44035780712828
1.44480023795892,15.568304223016273,0.15203794969755954,0.280061949605633,0.567848698511336,0.6956162721101138,0.6726531351235563,243.77241077187546,4.041456029373818,15.186316407042568,70.9162165100681,96.09672807377805,121.22144308962714,93.81765733073152
2.249012990418815,2.6113907148462787,2.463173793083285,0.7094053434222171,0.5810761576734222,0.43516404546830306,0.5842140905013244,473.5893333439691,4.481386336886311,56.293604942228356,28.520077935335603,101.49304269457235,128.22696772280997,129.21523870919518
2.0795137125297085,18.509413814765196,2.358362691341582,0.419874558066268,0.5510487473373399,0.3261786552520277,0.5994964545304939,178.88524520879434,4.944444254940345,137.87943833699484,108.43796346496214,28.06562049967161,140.35646945874532,145.78138553973028
0.7068508759916174,3.9215249544953634,0.21843778568123667,0.3211331590638462,0.14535035339598748,0.6840217991331898,0.9984762651258827,61.49737866475787,3.7753230723789706,31.29201644638937,2.204398102203747,4.116298695255978,77.00345471983348,96.44035780712828
2.2331929159754598,2.8609849668435015,0.9949438132425011,0.9106349844337635,0.14799419666391006,0.6876986215463727,0.7253153469003099,357.83983891996047,4.020054897770146,135.20294569256396,27.833388918597258,100.26880440804396,62.86271556429968,24.090734965117704
0.6923929476729558,3.9215249544953634,0.21843778568123667,0.7912905698923101,0.4198546291409345,0.6840217991331898,0.9984762651258827,61.49737866475787,3.7753230723789706,31.29201644638937,2.204398102203747,4.116298695255978,89.06507428995272,185.05463278797103
1.7329674402584374,3.048379242001701,4.874933903502875,0.33617337995944063,0.3399573981850608,0.2557450615052835,0.758786477759679,202.76665755576428,3.0028737667083276,155.33586570074763,141.81355951082455,94.72021956804335,68.92385335015075,106.40607919299366
2.249012990418815,2.6113907148462787,2.463173793083285,0.7094053434222171,0.5810761576734222,0.43516404546830306,0.5842140905013244,473.5893333439691,4.481386336886311,56.293604942228356,28.520077935335603,101.49304269457235,128.22696772280997,129.21523870919518
1.44480023795892,15.568304223016273,0.15203794969755954,0.280061949605633,0.567848698511336,0.6956162721101138,0.6726531351235563,243.77241077187546,4.041456029373818,15.186316407042568,70.9162165100681,96.09672807377805,121.22144308962714,93.81765733073152
2.2468042766506313,14.078086837395425,1.208830080395804,0.7493039652025393,0.4329299142220795,0.2689052131636936,0.5593766295201473,182.98011952465762,3.8430516807240704,16.343384751790456,97.79427483948129,28.168927650626813,19.475498108140748,139.8148140621087
0.7068508759916174,3.9215249544953634,0.21843778568123667,0.3211331590638462,0.14535035339598748,0.6840217991331898,0.9984762651258827,61.49737866475787,3.7753230723789706,31.29201644638937,2.204398102203747,4.116298695255978,77.00345471983348,96.44035780712828
0.7068508759916174,3.9215249544953634,0.21843778568123667,0.3211331590638462,0.14535035339598748,0.6840217991331898,0.9984762651258827,61.49737866475787,3.7753230723789706,31.29201644638937,2.204398102203747,4.116298695255978,77.00345471983348,96.44035780712828
2.2331929159754598,2.8609849668435015,0.9949438132425011,0.9106349844337635,0.14799419666391006,0.6876986215463727,0.7253153469003099,357.83983891996047,4.020054897770146,135.20294569256396,27.833388918597258,100.26880440804396,62.86271556429968,24.090734965117704
1.1439371835007548,5.537860875662639,0.9263670377152483,0.6106997318600808,0.9800409045003314,0.17085016810580236,0.37604540272943304,100.27255022607244,3.007337822008452,74.98465686467698,179.69934923607246,75.15552507304547,179.6967080027852,186.3930290399834
0.7068508759916174,3.9215249544953634,0.21843778568123667,0.3211331590638462,0.14535035339598748,0.6840217991331898,0.9984762651258827,61.49737866475787,3.7753230723789706,31.29201644638937,2.204398102203747,4.116298695255978,77.00345471983348,96.44035780712828
1.685574372683442,2.868028306657231,0.3866883933441217,0.37332906621061307,0.8670457123001485,0.5810761999944354,0.8147342114737154,191.17768690672045,4.829377384645746,62.84230932074752,29.09464211397721,136.3238797018492,199.90302087541986,66.29474039491215
0.7068508759916174,3.9215249544953634,0.21843778568123667,0.3211331590638462,0.14535035339598748,0.6840217991331898,0.9984762651258827,61.49737866475787,3.7753230723789706,31.29201644638937,2.204398102203747,4.116298695255978,77.00345471983348,96.44035780712828
2.5850741432482796,7.9297914738632755,2.444879839416899,0.05166851477876151,0.774644493995015,0.23553244034820342,0.7952723190346241,554.6487255013537,4.381031892672756,195.94793869409636,152.34075852933822,56.674884031292066,83.23087875421956,41.37422523090529
2.1941554575853544,11.278487259539883,0.14115524825536996,0.44802753210481466,0.7631277747731315,0.20743967603905833,0.8004735291595381,1030.3378631645776,4.748488232600842,1.5026443583318632,52.60474670409842,84.53410128492115,155.3241071473841,142.14375877203548
2.0795137125297085,18.509413814765196,2.358362691341582,0.419874558066268,0.5510487473373399,0.3261786552520277,0.5994964545304939,178.88524520879434,4.944444254940345,137.87943833699484,108.43796346496214,28.06562049967161,140.35646945874532,145.78138553973028
2.2331929159754598,2.8609849668435015,0.9949438132425011,0.9106349844337635,0.14799419666391006,0.6876986215463727,0.7253153469003099,357.83983891996047,4.020054897770146,135.20294569256396,27.833388918597258,100.26880440804396,62.86271556429968,24.090734965117704
1.1439371835007548,5.537860875662639,0.9263670377152483,0.6106997318600808,0.9800409045003314,0.17085016810580236,0.37604540272943304,100.27255022607244,3.007337822008452,74.98465686467698,179.69934923607246,75.15552507304547,179.6967080027852,186.3930290399834
0.7068508759916174,3.9215249544953634,0.21843778568123667,0.3211331590638462,0.14535035339598748,0.6840217991331898,0.9984762651258827,61.49737866475787,3.7753230723789706,31.29201644638937,2.204398102203747,4.116298695255978,77.00345471983348,96.44035780712828
2.249012990418815,2.6113907148462787,2.463173793083285,0.7094053434222171,0.5810761576734222,0.43516404546830306,0.5842140905013244,473.5893333439691,4.481386336886311,56.293604942228356,28.520077935335603,101.49304269457235,128.22696772280997,129.21523870919518
0.7068508759916174,3.9215249544953634,0.21843778568123667,0.3211331590638462,0.14535035339598748,0.6840217991331898,0.9984762651258827,61.49737866475787,3.7753230723789706,31.29201644638937,2.204398102203747,4.116298695255978,77.00345471983348,96.44035780712828
1.44480023795892,15.568304223016273,0.15203794969755954,0.280061949605633,0.567848698511336,0.6956162721101138,0.6726531351235563,243.77241077187546,4.041456029373818,15.186316407042568,70.9162165100681,96.09672807377805,121.22144308962714,93.81765733073152
0.6923929476729558,3.9215249544953634,0.21843778568123667,0.7912905698923101,0.4198546291409345,0.6840217991331898,0.9984762651258827,61.49737866475787,3.7753230723789706,31.29201644638937,2.204398102203747,4.116298695255978,89.06507428995272,185.05463278797103
1.7329674402584374,3.048379242001701,4.874933903502875,0.33617337995944063,0.3399573981850608,0.2557450615052835,0.758786477759679,202.76665755576428,3.0028737667083276,155.33586570074763,141.81355951082455,94.72021956804335,68.92385335015075,106.40607919299366
0.7068508759916174,3.9215249544953634,0.21843778568123667,0.3211331590638462,0.14535035339598748,0.6840217991331898,0.9984762651258827,61.49737866475787,3.7753230723789706,31.29201644638937,2.204398102203747,4.116298695255978,77.00345471983348,96.44035780712828
2.2468042766506313,14.078086837395425,1.208830080395804,0.7493039652025393,0.4329299142220795,0.2689052131636936,0.5593766295201473,182.98011952465762,3.8430516807240704,16.343384751790456,97.79427483948129,28.168927650626813,19.475498108140748,139.8148140621087
0.7068508759916174,3.9215249544953634,0.21843778568123667,0.3211331590638462,0.14535035339598748,0.6840217991331898,0.9984762651258827,61.49737866475787,3.7753230723789706,31.29201644638937,2.204398102203747,4.116298695255978,77.00345471983348,96.44035780712828
1.1439371835007548,5.537860875662639,0.9263670377152483,0.6106997318600808,0.9800409045003314,0.17085016810580236,0.37604540272943304,100.27255022607244,3.007337822008452,74.98465686467698,179.69934923607246,75.15552507304547,179.6967080027852,186.3930290399834
0.7068508759916174,3.9215249544953634,0.21843778568123667,0.3211331590638462,0.14535035339598748,0.6840217991331898,0.9984762651258827,61.49737866475787,3.7753230723789706,31.29201644638937,2.204398102203747,4.116298695255978,77.00345471983348,96.44035780712828
0.7068508759916174,3.9215249544953634,0.21843778568123667,0.3211331590638462,0.14535035339598748,0.6840217991331898,0.9984762651258827,61.49737866475787,3.7753230723789706,31.29201644638937,2.204398102203747,4.116298695255978,77.00345471983348,96.44035780712828
2.249012990418815,2.6113907148462787,2.463173793083285,0.7094053434222171,0.5810761576734222,0.43516404546830306,0.5842140905013244,473.5893333439691,4.481386336886311,56.293604942228356,28.520077935335603,101.49304269457235,128.22696772280997,129.21523870919518
0.7068508759916174,3.9215249544953634,0.21843778568123667,0.3211331590638462,0.14535035339598748,0.6840217991331898,0.9984762651258827,61.49737866475787,3.7753230723789706,31.29201644638937,2.204398102203747,4.116298695255978,77.00345471983348,96.44035780712828
0.6923929476729558,3.9215249544953634,0.21843778568123667,0.7912905698923101,0.4198546291409345,0.6840217991331898,0.9984762651258827,61.49737866475787,3.7753230723789706,31.29201644638937,2.204398102203747,4.116298695255978,89.06507428995272,185.05463278797103
1.685574372683442,2.868028306657231,0.3866883933441217,0.37332906621061307,0.8670457123001485,0.5810761999944354,0.8147342114737154,191.17768690672045,4.829377384645746,62.84230932074752,29.09464211397721,136.3238797018492,199.90302087541986,66.29474039491215
1.7329674402584374,3.048379242001701,4.874933903502875,0.33617337995944063,0.3399573981850608,0.2557450615052835,0.758786477759679,202.76665755576428,3.0028737667083276,155.33586570074763,141.81355951082455,94.72021956804335,68.92385335015075,106.40607919299366
2.5850741432482796,7.9297914738632755,2.444879839416899,0.05166851477876151,0.774644493995015,0.23553244034820342,0.7952723190346241,554.6487255013537,4.381031892672756,195.94793869409636,152.34075852933822,56.674884031292066,83.23087875421956,41.37422523090529
2.1941554575853544,11.278487259539883,0.14115524825536996,0.44802753210481466,0.7631277747731315,0.20743967603905833,0.8004735291595381,1030.3378631645776,4.748488232600842,1.5026443583318632,52.60474670409842,84.53410128492115,155.3241071473841,142.14375877203548
2.2468042766506313,14.078086837395425,1.208830080395804,0.7493039652025393,0.4329299142220795,0.2689052131636936,0.5593766295201473,182.98011952465762,3.8430516807240704,16.343384751790456,97.79427483948129,28.168927650626813,19.475498108140748,139.8148140621087
1.1439371835007548,5.537860875662639,0.9263670377152483,0.6106997318600808,0.9800409045003314,0.17085016810580236,0.37604540272943304,100.27255022607244,3.007337822008452,74.98465686467698,179.69934923607246,75.15552507304547,179.6967080027852,186.3930290399834
0.7068508759916174,3.9215249544953634,0.21843778568123667,0.3211331590638462,0.14535035339598748,0.6840217991331898,0.9984762651258827,61.49737866475787,3.7753230723789706,31.29201644638937,2.204398102203747,4.116298695255978,77.00345471983348,96.44035780712828
2.0795137125297085,18.509413814765196,2.358362691341582,0.419874558066268,0.5510487473373399,0.3261786552520277,0.5994964545304939,178.88524520879434,4.944444254940345,137.87943833699484,108.43796346496214,28.06562049967161,140.35646945874532,145.78138553973028
1.685574372683442,2.868028306657231,0.3866883933441217,0.37332906621061307,0.8670457123001485,0.5810761999944354,0.8147342114737154,191.17768690672045,4.829377384645746,62.84230932074752,29.09464211397721,136.3238797018492,199.90302087541986,66.29474039491215
2.2331929159754598,2.8609849668435015,0.9949438132425011,0.9106349844337635,0.14799419666391006,0.6876986215463727,0.7253153469003099,357.83983891996047,4.020054897770146,135.20294569256396,27.833388918597258,100.26880440804396,62.86271556429968,24.090734965117704
1.44480023795892,15.568304223016273,0.15203794969755954,0.280061949605633,0.567848698511336,0.6956162721101138,0.6726531351235563,243.77241077187546,4.041456029373818,15.186316407042568,70.9162165100681,96.09672807377805,121.22144308962714,93.81765733073152
1.7329674402584374,3.048379242001701,4.874933903502875,0.33617337995944063,0.3399573981850608,0.2557450615052835,0.758786477759679,202.76665755576428,3.0028737667083276,155.33586570074763,141.81355951082455,94.72021956804335,68.92385335015075,106.40607919299366
2.249012990418815,2.6113907148462787,2.463173793083285,0.7094053434222171,0.5810761576734222,0.43516404546830306,0.5842140905013244,473.5893333439691,4.481386336886311,56.293604942228356,28.520077935335603,101.49304269457235,128.22696772280997,129.21523870919518
2.5850741432482796,7.9297914738632755,2.444879839416899,0.05166851477876151,0.774644493995015,0.23553244034820342,0.7952723190346241,554.6487255013537,4.381031892672756,195.94793869409636,152.34075852933822,56.674884031292066,83.23087875421956,41.37422523090529
0.6923929476729558,3.9215249544953634,0.21843778568123667,0.7912905698923101,0.4198546291409345,0.6840217991331898,0.9984762651258827,61.49737866475787,3.7753230723789706,31.29201644638937,2.204398102203747,4.116298695255978,89.06507428995272,185.05463278797103
0.7068508759916174,3.9215249544953634,0.21843778568123667,0.3211331590638462,0.14535035339598748,0.6840217991331898,0.9984762651258827,61.49737866475787,3.7753230723789706,31.29201644638937,2.204398102203747,4.116298695255978,77.00345471983348,96.44035780712828
1.1439371835007548,5.537860875662639,0.9263670377152483,0.6106997318600808,0.9800409045003314,0.17085016810580236,0.37604540272943304,100.27255022607244,3.007337822008452,74.98465686467698,179.69934923607246,75.15552507304547,179.6967080027852,186.3930290399834
0.7068508759916174,3.9215249544953634,0.21843778568123667,0.3211331590638462,0.14535035339598748,0.6840217991331898,0.9984762651258827,61.49737866475787,3.7753230723789706,31.29201644638937,2.204398102203747,4.116298695255978,77.00345471983348,96.44035780712828
0.7068508759916174,3.9215249544953634,0.21843778568123667,0.3211331590638462,0.14535035339598748,0.6840217991331898,0.9984762651258827,61.49737866475787,3.7753230723789706,31.29201644638937,2.204398102203747,4.116298695255978,77.00345471983348,96.44035780712828
0.7068508759916174,3.9215249544953634,0.21843778568123667,0.3211331590638462,0.14535035339598748,0.6840217991331898,0.9984762651258827,61.49737866475787,3.7753230723789706,31.29201644638937,2.204398102203747,4.116298695255978,77.00345471983348,96.44035780712828
2.0795137125297085,18.509413814765196,2.358362691341582,0.419874558066268,0.5510487473373399,0.3261786552520277,0.5994964545304939,178.88524520879434,4.944444254940345,137.87943833699484,108.43796346496214,28.06562049967161,140.35646945874532,145.78138553973028
2.249012990418815,2.6113907148462787,2.463173793083285,0.7094053434222171,0.5810761576734222,0.43516404546830306,0.5842140905013244,473.5893333439691,4.481386336886311,56.293604942228356,28.520077935335603,101.49304269457235,128.22696772280997,129.21523870919518
0.9552752100464765,3.2313347119233953,3.196332283479607,0.21140233057898097,0.6741599778274923,0.563416651960726,0.758813071527122,123.83974068302649,4.4683670596411424,17.946226265557407,114.1342651050861,69.99251377875719,197.08546780624286,42.35218381830155
0.6923929476729558,3.9215249544953634,0.21843778568123667,0.7912905698923101,0.4198546291409345,0.6840217991331898,0.9984762651258827,61.49737866475787,3.7753230723789706,31.29201644638937,2.204398102203747,4.116298695255978,89.06507428995272,185.05463278797103
2.2468042766506313,14.078086837395425,1.208830080395804,0.7493039652025393,0.4329299142220795,0.2689052131636936,0.5593766295201473,182.98011952465762,3.8430516807240704,16.343384751790456,97.79427483948129,28.168927650626813,19.475498108140748,139.8148140621087
2.2331929159754598,2.8609849668435015,0.9949438132425011,0.9106349844337635,0.14799419666391006,0.6876986215463727,0.7253153469003099,357.83983891996047,4.020054897770146,135.20294569256396,27.833388918597258,100.26880440804396,62.86271556429968,24.090734965117704
0.7068508759916174,3.9215249544953634,0.21843778568123667,0.3211331590638462,0.14535035339598748,0.6840217991331898,0.9984762651258827,61.49737866475787,3.7753230723789706,31.29201644638937,2.204398102203747,4.116298695255978,77.00345471983348,96.44035780712828
2.1941554575853544,11.278487259539883,0.14115524825536996,0.44802753210481466,0.7631277747731315,0.20743967603905833,0.8004735291595381,1030.3378631645776,4.748488232600842,1.5026443583318632,52.60474670409842,84.53410128492115,155.3241071473841,142.14375877203548
1.1439371835007548,5.537860875662639,0.9263670377152483,0.6106997318600808,0.9800409045003314,0.17085016810580236,0.37604540272943304,100.27255022607244,3.007337822008452,74.98465686467698,179.69934923607246,75.15552507304547,179.6967080027852,186.3930290399834
1.44480023795892,15.568304223016273,0.15203794969755954,0.280061949605633,0.567848698511336,0.6956162721101138,0.6726531351235563,243.77241077187546,4.041456029373818,15.186316407042568,70.9162165100681,96.09672807377805,121.22144308962714,93.81765733073152
0.7068508759916174,3.9215249544953634,0.21843778568123667,0.3211331590638462,0.14535035339598748,0.6840217991331898,0.9984762651258827,61.49737866475787,3.7753230723789706,31.29201644638937,2.204398102203747,4.116298695255978,77.00345471983348,96.44035780712828
1.7329674402584374,3.048379242001701,4.874933903502875,0.33617337995944063,0.3399573981850608,0.2557450615052835,0.758786477759679,202.76665755576428,3.0028737667083276,155.33586570074763,141.81355951082455,94.72021956804335,68.92385335015075,106.40607919299366
2.5850741432482796,7.9297914738632755,2.444879839416899,0.05166851477876151,0.774644493995015,0.23553244034820342,0.7952723190346241,554.6487255013537,4.381031892672756,195.94793869409636,152.34075852933822,56.674884031292066,83.23087875421956,41.37422523090529
2.2331929159754598,2.8609849668435015,0.9949438132425011,0.9106349844337635,0.14799419666391006,0.6876986215463727,0.7253153469003099,357.83983891996047,4.020054897770146,135.20294569256396,27.833388918597258,100.26880440804396,62.86271556429968,24.090734965117704
2.2468042766506313,14.078086837395425,1.208830080395804,0.7493039652025393,0.4329299142220795,0.2689052131636936,0.5593766295201473,182.98011952465762,3.8430516807240704,16.343384751790456,97.79427483948129,28.168927650626813,19.475498108140748,139.8148140621087
0.9552752100464765,3.2313347119233953,3.196332283479607,0.21140233057898097,0.6741599778274923,0.563416651960726,0.758813071527122,123.83974068302649,4.4683670596411424,17.946226265557407,114.1342651050861,69.99251377875719,197.08546780624286,42.35218381830155
0.7068508759916174,3.9215249544953634,0.21843778568123667,0.3211331590638462,0.14535035339598748,0.6840217991331898,0.9984762651258827,61.49737866475787,3.7753230723789706,31.29201644638937,2.204398102203747,4.116298695255978,77.00345471983348,96.44035780712828
0.7068508759916174,3.9215249544953634,0.21843778568123667,0.3211331590638462,0.14535035339598748,0.6840217991331898,0.9984762651258827,61.49737866475787,3.7753230723789706,31.29201644638937,2.204398102203747,4.116298695255978,77.00345471983348,96.44035780712828
0.7068508759916174,3.9215249544953634,0.21843778568123667,0.3211331590638462,0.14535035339598748,0.6840217991331898,0.9984762651258827,61.49737866475787,3.7753230723789706,31.29201644638937,2.204398102203747,4.116298695255978,77.00345471983348,96.44035780712828
1.7329674402584374,3.048379242001701,4.874933903502875,0.33617337995944063,0.3399573981850608,0.2557450615052835,0.758786477759679,202.76665755576428,3.0028737667083276,155.33586570074763,141.81355951082455,94.72021956804335,68.92385335015075,106.40607919299366
0.7068508759916174,3.9215249544953634,0.21843778568123667,0.3211331590638462,0.14535035339598748,0.6840217991331898,0.9984762651258827,61.49737866475787,3.7753230723789706,31.29201644638937,2.204398102203747,4.116298695255978,77.00345471983348,96.44035780712828
2.0795137125297085,18.509413814765196,2.358362691341582,0.419874558066268,0.5510487473373399,0.3261786552520277,0.5994964545304939,178.88524520879434,4.944444254940345,137.87943833699484,108.43796346496214,28.06562049967161,140.35646945874532,145.78138553973028
2.249012990418815,2.6113907148462787,2.463173793083285,0.7094053434222171,0.5810761576734222,0.43516404546830306,0.5842140905013244,473.5893333439691,4.481386336886311,56.293604942228356,28.520077935335603,101.49304269457235,128.22696772280997,129.21523870919518
0.6923929476729558,3.9215249544953634,0.21843778568123667,0.7912905698923101,0.4198546291409345,0.6840217991331898,0.9984762651258827,61.49737866475787,3.7753230723789706,31.29201644638937,2.204398102203747,4.116298695255978,89.06507428995272,185.05463278797103
1.44480023795892,15.568304223016273,0.15203794969755954,0.280061949605633,0.567848698511336,0.6956162721101138,0.6726531351235563,243.77241077187546,4.041456029373818,15.186316407042568,70.9162165100681,96.09672807377805,121.22144308962714,93.81765733073152
0.7068508759916174,3.9215249544953634,0.21843778568123667,0.3211331590638462,0.14535035339598748,0.6840217991331898,0.9984762651258827,61.49737866475787,3.7753230723789706,31.29201644638937,2.204398102203747,4.116298695255978,77.00345471983348,96.44035780712828
0.7068508759916174,3.9215249544953634,0.21843778568123667,0.3211331590638462,0.14535035339598748,0.6840217991331898,0.9984762651258827,61.49737866475787,3.7753230723789706,31.29201644638937,2.204398102203747,4.116298695255978,77.00345471983348,96.44035780712828
1.7329674402584374,3.048379242001701,4.874933903502875,0.33617337995944063,0.3399573981850608,0.2557450615052835,0.758786477759679,202.76665755576428,3.0028737667083276,155.33586570074763,141.81355951082455,94.72021956804335,68.92385335015075,106.40607919299366
2.1941554575853544,11.278487259539883,0.14115524825536996,0.44802753210481466,0.7631277747731315,0.20743967603905833,0.8004735291595381,1030.3378631645776,4.748488232600842,1.5026443583318632,52.60474670409842,84.53410128492115,155.3241071473841,142.14375877203548
1.1439371835007548,5.537860875662639,0.9263670377152483,0.6106997318600808,0.9800409045003314,0.17085016810580236,0.37604540272943304,100.27255022607244,3.007337822008452,74.98465686467698,179.69934923607246,75.15552507304547,179.6967080027852,186.3930290399834
0.9552752100464765,3.2313347119233953,3.196332283479607,0.21140233057898097,0.6741599778274923,0.563416651960726,0.758813071527122,123.83974068302649,4.4683670596411424,17.946226265557407,114.1342651050861,69.99251377875719,197.08546780624286,42.35218381830155
0.7068508759916174,3.9215249544953634,0.21843778568123667,0.3211331590638462,0.14535035339598748,0.6840217991331898,0.9984762651258827,61.49737866475787,3.7753230723789706,31.29201644638937,2.204398102203747,4.116298695255978,77.00345471983348,96.44035780712828
0.7068508759916174,3.9215249544953634,0.21843778568123667,0.3211331590638462,0.14535035339598748,0.6840217991331898,0.9984762651258827,61.49737866475787,3.7753230723789706,31.29201644638937,2.204398102203747,4.116298695255978,77.00345471983348,96.44035780712828
2.2468042766506313,14.078086837395425,1.208830080395804,0.7493039652025393,0.4329299142220795,0.2689052131636936,0.5593766295201473,182.98011952465762,3.8430516807240704,16.343384751790456,97.79427483948129,28.168927650626813,19.475498108140748,139.8148140621087
0.7068508759916174,3.9215249544953634,0.21843778568123667,0.3211331590638462,0.14535035339598748,0.6840217991331898,0.9984762651258827,61.49737866475787,3.7753230723789706,31.29201644638937,2.204398102203747,4.116298695255978,77.00345471983348,96.44035780712828
2.2331929159754598,2.8609849668435015,0.9949438132425011,0.9106349844337635,0.14799419666391006,0.6876986215463727,0.7253153469003099,357.83983891996047,4.020054897770146,135.20294569256396,27.833388918597258,100.26880440804396,62.86271556429968,24.090734965117704
2.5850741432482796,7.9297914738632755,2.444879839416899,0.05166851477876151,0.774644493995015,0.23553244034820342,0.7952723190346241,554.6487255013537,4.381031892672756,195.94793869409636,152.34075852933822,56.674884031292066,83.23087875421956,41.37422523090529
0.6923929476729558,3.9215249544953634,0.21843778568123667,0.7912905698923101,0.4198546291409345,0.6840217991331898,0.9984762651258827,61.49737866475787,3.7753230723789706,31.29201644638937,2.204398102203747,4.116298695255978,89.06507428995272,185.05463278797103
0.7068508759916174,3.9215249544953634,0.21843778568123667,0.3211331590638462,0.14535035339598748,0.6840217991331898,0.9984762651258827,61.49737866475787,3.7753230723789706,31.29201644638937,2.204398102203747,4.116298695255978,77.00345471983348,96.44035780712828
0.7068508759916174,3.9215249544953634,0.21843778568123667,0.3211331590638462,0.14535035339598748,0.6840217991331898,0.9984762651258827,61.49737866475787,3.7753230723789706,31.29201644638937,2.204398102203747,4.116298695255978,77.00345471983348,96.44035780712828
1.7329674402584374,3.048379242001701,4.874933903502875,0.33617337995944063,0.3399573981850608,0.2557450615052835,0.758786477759679,202.76665755576428,3.0028737667083276,155.33586570074763,141.81355951082455,94.72021956804335,68.92385335015075,106.40607919299366
0.7068508759916174,3.9215249544953634,0.21843778568123667,0.3211331590638462,0.14535035339598748,0.6840217991331898,0.9984762651258827,61.49737866475787,3.7753230723789706,31.29201644638937,2.204398102203747,4.116298695255978,77.00345471983348,96.44035780712828
2.249012990418815,2.6113907148462787,2.463173793083285,0.7094053434222171,0.5810761576734222,0.43516404546830306,0.5842140905013244,473.5893333439691,4.481386336886311,56.293604942228356,28.520077935335603,101.49304269457235,128.22696772280997,129.21523870919518
0.7068508759916174,3.9215249544953634,0.21843778568123667,0.3211331590638462,0.14535035339598748,0.6840217991331898,0.9984762651258827,61.49737866475787,3.7753230723789706,31.29201644638937,2.204398102203747,4.116298695255978,77.00345471983348,96.44035780712828
0.7068508759916174,3.9215249544953634,0.21843778568123667,0.3211331590638462,0.14535035339598748,0.6840217991331898,0.9984762651258827,61.49737866475787,3.7753230723789706,31.29201644638937,2.204398102203747,4.116298695255978,77.00345471983348,96.44035780712828
1.44480023795892,15.568304223016273,0.15203794969755954,0.280061949605633,0.567848698511336,0.6956162721101138,0.6726531351235563,243.77241077187546,4.041456029373818,15.186316407042568,70.9162165100681,96.09672807377805,121.22144308962714,93.81765733073152
2.0795137125297085,18.509413814765196,2.358362691341582,0.419874558066268,0.5510487473373399,0.3261786552520277,0.5994964545304939,178.88524520879434,4.944444254940345,137.87943833699484,108.43796346496214,28.06562049967161,140.35646945874532,145.78138553973028
0.7068508759916174,3.9215249544953634,0.21843778568123667,0.3211331590638462,0.14535035339598748,0.6840217991331898,0.9984762651258827,61.49737866475787,3.7753230723789706,31.29201644638937,2.204398102203747,4.116298695255978,77.00345471983348,96.44035780712828
2.5850741432482796,7.9297914738632755,2.444879839416899,0.05166851477876151,0.774644493995015,0.23553244034820342,0.7952723190346241,554.6487255013537,4.381031892672756,195.94793869409636,152.34075852933822,56.674884031292066,83.23087875421956,41.37422523090529
1.1439371835007548,5.537860875662639,0.9263670377152483,0.6106997318600808,0.9800409045003314,0.17085016810580236,0.37604540272943304,100.27255022607244,3.007337822008452,74.98465686467698,179.69934923607246,75.15552507304547,179.6967080027852,186.3930290399834
1.7329674402584374,3.048379242001701,4.874933903502875,0.33617337995944063,0.3399573981850608,0.2557450615052835,0.758786477759679,202.76665755576428,3.0028737667083276,155.33586570074763,141.81355951082455,94.72021956804335,68.92385335015075,106.40607919299366
0.7068508759916174,3.9215249544953634,0.21843778568123667,0.3211331590638462,0.14535035339598748,0.6840217991331898,0.9984762651258827,61.49737866475787,3.7753230723789706,31.29201644638937,2.204398102203747,4.116298695255978,77.00345471983348,96.44035780712828
0.9552752100464765,3.2313347119233953,3.196332283479607,0.21140233057898097,0.6741599778274923,0.563416651960726,0.758813071527122,123.83974068302649,4.4683670596411424,17.946226265557407,114.1342651050861,69.99251377875719,197.08546780624286,42.35218381830155
2.249012990418815,2.6113907148462787,2.463173793083285,0.7094053434222171,0.5810761576734222,0.43516404546830306,0.5842140905013244,473.5893333439691,4.481386336886311,56.293604942228356,28.520077935335603,101.49304269457235,128.22696772280997,129.21523870919518
2.1941554575853544,11.278487259539883,0.14115524825536996,0.44802753210481466,0.7631277747731315,0.20743967603905833,0.8004735291595381,1030.3378631645776,4.748488232600842,1.5026443583318632,52.60474670409842,84.53410128492115,155.3241071473841,142.14375877203548
1.44480023795892,15.568304223016273,0.15203794969755954,0.280061949605633,0.567848698511336,0.6956162721101138,0.6726531351235563,243.77241077187546,4.041456029373818,15.186316407042568,70.9162165100681,96.09672807377805,121.22144308962714,93.81765733073152
0.7068508759916174,3.9215249544953634,0.21843778568123667,0.3211331590638462,0.14535035339598748,0.6840217991331898,0.9984762651258827,61.49737866475787,3.7753230723789706,31.29201644638937,2.204398102203747,4.116298695255978,77.00345471983348,96.44035780712828
2.2468042766506313,14.078086837395425,1.208830080395804,0.7493039652025393,0.4329299142220795,0.2689052131636936,0.5593766295201473,182.98011952465762,3.8430516807240704,16.343384751790456,97.79427483948129,28.168927650626813,19.475498108140748,139.8148140621087
0.7068508759916174,3.9215249544953634,0.21843778568123667,0.3211331590638462,0.14535035339598748,0.6840217991331898,0.9984762651258827,61.49737866475787,3.7753230723789706,31.29201644638937,2.204398102203747,4.116298695255978,77.00345471983348,96.44035780712828
0.7068508759916174,3.9215249544953634,0.21843778568123667,0.3211331590638462,0.14535035339598748,0.6840217991331898,0.9984762651258827,61.49737866475787,3.7753230723789706,31.29201644638937,2.204398102203747,4.116298695255978,77.00345471983348,96.44035780712828
2.2331929159754598,2.8609849668435015,0.9949438132425011,0.9106349844337635,0.14799419666391006,0.6876986215463727,0.7253153469003099,357.83983891996047,4.020054897770146,135.20294569256396,27.833388918597258,100.26880440804396,62.86271556429968,24.090734965117704
1.1439371835007548,5.537860875662639,0.9263670377152483,0.6106997318600808,0.9800409045003314,0.17085016810580236,0.37604540272943304,100.27255022607244,3.007337822008452,74.98465686467698,179.69934923607246,75.15552507304547,179.6967080027852,186.3930290399834
0.6923929476729558,3.9215249544953634,0.21843778568123667,0.7912905698923101,0.4198546291409345,0.6840217991331898,0.9984762651258827,61.49737866475787,3.7753230723789706,31.29201644638937,2.204398102203747,4.116298695255978,89.06507428995272,185.05463278797103
2.5850741432482796,7.9297914738632755,2.444879839416899,0.05166851477876151,0.774644493995015,0.23553244034820342,0.7952723190346241,554.6487255013537,4.381031892672756,195.94793869409636,152.34075852933822,56.674884031292066,83.23087875421956,41.37422523090529
0.7068508759916174,3.9215249544953634,0.21843778568123667,0.3211331590638462,0.14535035339598748,0.6840217991331898,0.9984762651258827,61.49737866475787,3.7753230723789706,31.29201644638937,2.204398102203747,4.116298695255978,77.00345471983348,96.44035780712828
0.7068508759916174,3.9215249544953634,0.21843778568123667,0.3211331590638462,0.14535035339598748,0.6840217991331898,0.9984762651258827,61.49737866475787,3.7753230723789706,31.29201644638937,2.204398102203747,4.116298695255978,77.00345471983348,96.44035780712828
0.7068508759916174,3.9215249544953634,0.21843778568123667,0.3211331590638462,0.14535035339598748,0.6840217991331898,0.9984762651258827,61.49737866475787,3.7753230723789706,31.29201644638937,2.204398102203747,4.116298695255978,77.00345471983348,96.44035780712828
1.7329674402584374,3.048379242001701,4.874933903502875,0.33617337995944063,0.3399573981850608,0.2557450615052835,0.758786477759679,202.76665755576428,3.0028737667083276,155.33586570074763,141.81355951082455,94.72021956804335,68.92385335015075,106.40607919299366
2.1941554575853544,11.278487259539883,0.14115524825536996,0.44802753210481466,0.7631277747731315,0.20743967603905833,0.8004735291595381,1030.3378631645776,4.748488232600842,1.5026443583318632,52.60474670409842,84.53410128492115,155.3241071473841,142.14375877203548
0.7068508759916174,3.9215249544953634,0.21843778568123667,0.3211331590638462,0.14535035339598748,0.6840217991331898,0.9984762651258827,61.49737866475787,3.7753230723789706,31.29201644638937,2.204398102203747,4.116298695255978,77.00345471983348,96.44035780712828
2.0795137125297085,18.509413814765196,2.358362691341582,0.419874558066268,0.5510487473373399,0.3261786552520277,0.5994964545304939,178.88524520879434,4.944444254940345,137.87943833699484,108.43796346496214,28.06562049967161,140.35646945874532,145.78138553973028
0.9552752100464765,3.2313347119233953,3.196332283479607,0.21140233057898097,0.6741599778274923,0.563416651960726,0.758813071527122,123.83974068302649,4.4683670596411424,17.946226265557407,114.1342651050861,69.99251377875719,197.08546780624286,42.35218381830155
0.6923929476729558,3.9215249544953634,0.21843778568123667,0.7912905698923101,0.4198546291409345,0.6840217991331898,0.9984762651258827,61.49737866475787,3.7753230723789706,31.29201644638937,2.204398102203747,4.116298695255978,89.06507428995272,185.05463278797103
2.249012990418815,2.6113907148462787,2.463173793083285,0.7094053434222171,0.5810761576734222,0.43516404546830306,0.5842140905013244,473.5893333439691,4.481386336886311,56.293604942228356,28.520077935335603,101.49304269457235,128.22696772280997,129.21523870919518
1.1439371835007548,5.537860875662639,0.9263670377152483,0.6106997318600808,0.9800409045003314,0.17085016810580236,0.37604540272943304,100.27255022607244,3.007337822008452,74.98465686467698,179.69934923607246,75.15552507304547,179.6967080027852,186.3930290399834
2.2468042766506313,14.078086837395425,1.208830080395804,0.7493039652025393,0.4329299142220795,0.2689052131636936,0.5593766295201473,182.98011952465762,3.8430516807240704,16.343384751790456,97.79427483948129,28.168927650626813,19.475498108140748,139.8148140621087
1.44480023795892,15.568304223016273,0.15203794969755954,0.280061949605633,0.567848698511336,0.6956162721101138,0.6726531351235563,243.77241077187546,4.041456029373818,15.186316407042568,70.9162165100681,96.09672807377805,121.22144308962714,93.81765733073152
0.7068508759916174,3.9215249544953634,0.21843778568123667,0.3211331590638462,0.14535035339598748,0.6840217991331898,0.9984762651258827,61.49737866475787,3.7753230723789706,31.29201644638937,2.204398102203747,4.116298695255978,77.00345471983348,96.44035780712828
2.2331929159754598,2.8609849668435015,0.9949438132425011,0.9106349844337635,0.14799419666391006,0.6876986215463727,0.7253153469003099,357.83983891996047,4.020054897770146,135.20294569256396,27.833388918597258,100.26880440804396,62.86271556429968,24.090734965117704
0.7068508759916174,3.9215249544953634,0.21843778568123667,0.3211331590638462,0.14535035339598748,0.6840217991331898,0.9984762651258827,61.49737866475787,3.7753230723789706,31.29201644638937,2.204398102203747,4.116298695255978,77.00345471983348,96.44035780712828
2.0795137125297085,18.509413814765196,2.358362691341582,0.419874558066268,0.5510487473373399,0.3261786552520277,0.5994964545304939,178.88524520879434,4.944444254940345,137.87943833699484,108.43796346496214,28.06562049967161,140.35646945874532,145.78138553973028
2.5850741432482796,7.9297914738632755,2.444879839416899,0.05166851477876151,0.774644493995015,0.23553244034820342,0.7952723190346241,554.6487255013537,4.381031892672756,195.94793869409636,152.34075852933822,56.674884031292066,83.23087875421956,41.37422523090529
0.6923929476729558,3.9215249544953634,0.21843778568123667,0.7912905698923101,0.4198546291409345,0.6840217991331898,0.9984762651258827,61.49737866475787,3.7753230723789706,31.29201644638937,2.204398102203747,4.116298695255978,89.06507428995272,185.05463278797103
0.7068508759916174,3.9215249544953634,0.21843778568123667,0.3211331590638462,0.14535035339598748,0.6840217991331898,0.9984762651258827,61.49737866475787,3.7753230723789706,31.29201644638937,2.204398102203747,4.116298695255978,77.00345471983348,96.44035780712828
1.7329674402584374,3.048379242001701,4.874933903502875,0.33617337995944063,0.3399573981850608,0.2557450615052835,0.758786477759679,202.76665755576428,3.0028737667083276,155.33586570074763,141.81355951082455,94.72021956804335,68.92385335015075,106.40607919299366
0.7068508759916174,3.9215249544953634,0.21843778568123667,0.3211331590638462,0.14535035339598748,0.6840217991331898,0.9984762651258827,61.49737866475787,3.7753230723789706,31.29201644638937,2.204398102203747,4.116298695255978,77.00345471983348,96.44035780712828
0.7068508759916174,3.9215249544953634,0.21843778568123667,0.3211331590638462,0.14535035339598748,0.6840217991331898,0.9984762651258827,61.49737866475787,3.7753230723789706,31.29201644638937,2.204398102203747,4.116298695255978,77.00345471983348,96.44035780712828
1.1439371835007548,5.537860875662639,0.9263670377152483,0.6106997318600808,0.9800409045003314,0.17085016810580236,0.37604540272943304,100.27255022607244,3.007337822008452,74.98465686467698,179.69934923607246,75.15552507304547,179.6967080027852,186.3930290399834
2.1444551243402556,14.078086837395425,2.0777263224487785,0.7493039652025393,0.4329299142220795,0.2689052131636936,0.5593766295201473,182.98011952465762,3.8430516807240704,16.343384751790456,97.79427483948129,28.168927650626813,119.66211835543278,186.25221189765224
2.1941554575853544,11.278487259539883,0.14115524825536996,0.44802753210481466,0.7631277747731315,0.20743967603905833,0.8004735291595381,1030.3378631645776,4.748488232600842,1.5026443583318632,52.60474670409842,84.53410128492115,155.3241071473841,142.14375877203548
0.7068508759916174,3.9215249544953634,0.21843778568123667,0.3211331590638462,0.14535035339598748,0.6840217991331898,0.9984762651258827,61.49737866475787,3.7753230723789706,31.29201644638937,2.204398102203747,4.116298695255978,77.00345471983348,96.44035780712828
0.9552752100464765,3.2313347119233953,3.196332283479607,0.21140233057898097,0.6741599778274923,0.563416651960726,0.758813071527122,123.83974068302649,4.4683670596411424,17.946226265557407,114.1342651050861,69.99251377875719,197.08546780624286,42.35218381830155
2.249012990418815,2.6113907148462787,2.463173793083285,0.7094053434222171,0.5810761576734222,0.43516404546830306,0.5842140905013244,473.5893333439691,4.481386336886311,56.293604942228356,28.520077935335603,101.49304269457235,128.22696772280997,129.21523870919518
0.7068508759916174,3.9215249544953634,0.21843778568123667,0.3211331590638462,0.14535035339598748,0.6840217991331898,0.9984762651258827,61.49737866475787,3.7753230723789706,31.29201644638937,2.204398102203747,4.116298695255978,77.00345471983348,96.44035780712828
2.5850741432482796,7.9297914738632755,2.444879839416899,0.05166851477876151,0.774644493995015,0.23553244034820342,0.7952723190346241,554.6487255013537,4.381031892672756,195.94793869409636,152.34075852933822,56.674884031292066,83.23087875421956,41.37422523090529
1.44480023795892,15.568304223016273,0.15203794969755954,0.280061949605633,0.567848698511336,0.6956162721101138,0.6726531351235563,243.77241077187546,4.041456029373818,15.186316407042568,70.9162165100681,96.09672807377805,121.22144308962714,93.81765733073152
1.7329674402584374,3.048379242001701,4.874933903502875,0.33617337995944063,0.3399573981850608,0.2557450615052835,0.758786477759679,202.76665755576428,3.0028737667083276,155.33586570074763,141.81355951082455,94.72021956804335,68.92385335015075,106.40607919299366
0.7068508759916174,3.9215249544953634,0.21843778568123667,0.3211331590638462,0.14535035339598748,0.6840217991331898,0.9984762651258827,61.49737866475787,3.7753230723789706,31.29201644638937,2.204398102203747,4.116298695255978,77.00345471983348,96.44035780712828
2.2331929159754598,2.8609849668435015,0.9949438132425011,0.9106349844337635,0.14799419666391006,0.6876986215463727,0.7253153469003099,357.83983891996047,4.020054897770146,135.20294569256396,27.833388918597258,100.26880440804396,62.86271556429968,24.090734965117704
2.1444551243402556,14.078086837395425,2.0777263224487785,0.7493039652025393,0.4329299142220795,0.2689052131636936,0.5593766295201473,182.98011952465762,3.8430516807240704,16.343384751790456,97.79427483948129,28.168927650626813,119.66211835543278,186.25221189765224
0.7068508759916174,3.9215249544953634,0.21843778568123667,0.3211331590638462,0.14535035339598748,0.6840217991331898,0.9984762651258827,61.49737866475787,3.7753230723789706,31.29201644638937,2.204398102203747,4.116298695255978,77.00345471983348,96.44035780712828
0.9552752100464765,3.2313347119233953,3.196332283479607,0.21140233057898097,0.6741599778274923,0.563416651960726,0.758813071527122,123.83974068302649,4.4683670596411424,17.946226265557407,114.1342651050861,69.99251377875719,197.08546780624286,42.35218381830155
2.249012990418815,2.6113907148462787,2.463173793083285,0.7094053434222171,0.5810761576734222,0.43516404546830306,0.5842140905013244,473.5893333439691,4.481386336886311,56.293604942228356,28.520077935335603,101.49304269457235,128.22696772280997,129.21523870919518
0.6923929476729558,3.9215249544953634,0.21843778568123667,0.7912905698923101,0.4198546291409345,0.6840217991331898,0.9984762651258827,61.49737866475787,3.7753230723789706,31.29201644638937,2.204398102203747,4.116298695255978,89.06507428995272,185.05463278797103
1.7329674402584374,3.048379242001701,4.874933903502875,0.33617337995944063,0.3399573981850608,0.2557450615052835,0.758786477759679,202.76665755576428,3.0028737667083276,155.33586570074763,141.81355951082455,94.72021956804335,68.92385335015075,106.40607919299366
0.7068508759916174,3.9215249544953634,0.21843778568123667,0.3211331590638462,0.14535035339598748,0.6840217991331898,0.9984762651258827,61.49737866475787,3.7753230723789706,31.29201644638937,2.204398102203747,4.116298695255978,77.00345471983348,96.44035780712828
0.7068508759916174,3.9215249544953634,0.21843778568123667,0.3211331590638462,0.14535035339598748,0.6840217991331898,0.9984762651258827,61.49737866475787,3.7753230723789706,31.29201644638937,2.204398102203747,4.116298695255978,77.00345471983348,96.44035780712828
2.1941554575853544,11.278487259539883,0.14115524825536996,0.44802753210481466,0.7631277747731315,0.20743967603905833,0.8004735291595381,1030.3378631645776,4.748488232600842,1.5026443583318632,52.60474670409842,84.53410128492115,155.3241071473841,142.14375877203548
0.7068508759916174,3.9215249544953634,0.21843778568123667,0.3211331590638462,0.14535035339598748,0.6840217991331898,0.9984762651258827,61.49737866475787,3.7753230723789706,31.29201644638937,2.204398102203747,4.116298695255978,77.00345471983348,96.44035780712828
2.0795137125297085,18.509413814765196,2.358362691341582,0.419874558066268,0.5510487473373399,0.3261786552520277,0.5994964545304939,178.88524520879434,4.944444254940345,137.87943833699484,108.43796346496214,28.06562049967161,140.35646945874532,145.78138553973028
0.7068508759916174,3.9215249544953634,0.21843778568123667,0.3211331590638462,0.14535035339598748,0.6840217991331898,0.9984762651258827,61.49737866475787,3.7753230723789706,31.29201644638937,2.204398102203747,4.116298695255978,77.00345471983348,96.44035780712828
1.1439371835007548,5.537860875662639,0.9263670377152483,0.6106997318600808,0.9800409045003314,0.17085016810580236,0.37604540272943304,100.27255022607244,3.007337822008452,74.98465686467698,179.69934923607246,75.15552507304547,179.6967080027852,186.3930290399834
1.44480023795892,15.568304223016273,0.15203794969755954,0.280061949605633,0.567848698511336,0.6956162721101138,0.6726531351235563,243.77241077187546,4.041456029373818,15.186316407042568,70.9162165100681,96.09672807377805,121.22144308962714,93.81765733073152
2.249012990418815,2.6113907148462787,2.463173793083285,0.7094053434222171,0.5810761576734222,0.43516404546830306,0.5842140905013244,473.5893333439691,4.481386336886311,56.293604942228356,28.520077935335603,101.49304269457235,128.22696772280997,129.21523870919518
0.6923929476729558,3.9215249544953634,0.21843778568123667,0.7912905698923101,0.4198546291409345,0.6840217991331898,0.9984762651258827,61.49737866475787,3.7753230723789706,31.29201644638937,2.204398102203747,4.116298695255978,89.06507428995272,185.05463278797103
0.7068508759916174,3.9215249544953634,0.21843778568123667,0.3211331590638462,0.14535035339598748,0.6840217991331898,0.9984762651258827,61.49737866475787,3.7753230723789706,31.29201644638937,2.204398102203747,4.116298695255978,77.00345471983348,96.44035780712828
2.2331929159754598,2.8609849668435015,0.9949438132425011,0.9106349844337635,0.14799419666391006,0.6876986215463727,0.7253153469003099,357.83983891996047,4.020054897770146,135.20294569256396,27.833388918597258,100.26880440804396,62.86271556429968,24.090734965117704
2.5850741432482796,7.9297914738632755,2.444879839416899,0.05166851477876151,0.774644493995015,0.23553244034820342,0.7952723190346241,554.6487255013537,4.381031892672756,195.94793869409636,152.34075852933822,56.674884031292066,83.23087875421956,41.37422523090529
2.1444551243402556,14.078086837395425,2.0777263224487785,0.7493039652025393,0.4329299142220795,0.2689052131636936,0.5593766295201473,182.98011952465762,3.8430516807240704,16.343384751790456,97.79427483948129,28.168927650626813,119.66211835543278,186.25221189765224
2.249012990418815,2.6113907148462787,2.463173793083285,0.7094053434222171,0.5810761576734222,0.43516404546830306,0.5842140905013244,473.5893333439691,4.481386336886311,56.293604942228356,28.520077935335603,101.49304269457235,128.22696772280997,129.21523870919518
0.9552752100464765,3.2313347119233953,3.196332283479607,0.21140233057898097,0.6741599778274923,0.563416651960726,0.758813071527122,123.83974068302649,4.4683670596411424,17.946226265557407,114.1342651050861,69.99251377875719,197.08546780624286,42.35218381830155
0.6923929476729558,3.9215249544953634,0.21843778568123667,0.7912905698923101,0.4198546291409345,0.6840217991331898,0.9984762651258827,61.49737866475787,3.7753230723789706,31.29201644638937,2.204398102203747,4.116298695255978,89.06507428995272,185.05463278797103
1.7329674402584374,3.048379242001701,4.874933903502875,0.33617337995944063,0.3399573981850608,0.2557450615052835,0.758786477759679,202.76665755576428,3.0028737667083276,155.33586570074763,141.81355951082455,94.72021956804335,68.92385335015075,106.40607919299366
0.7068508759916174,3.9215249544953634,0.21843778568123667,0.3211331590638462,0.14535035339598748,0.6840217991331898,0.9984762651258827,61.49737866475787,3.7753230723789706,31.29201644638937,2.204398102203747,4.116298695255978,77.00345471983348,96.44035780712828
0.7068508759916174,3.9215249544953634,0.21843778568123667,0.3211331590638462,0.14535035339598748,0.6840217991331898,0.9984762651258827,61.49737866475787,3.7753230723789706,31.29201644638937,2.204398102203747,4.116298695255978,77.00345471983348,96.44035780712828
0.7068508759916174,3.9215249544953634,0.21843778568123667,0.3211331590638462,0.14535035339598748,0.6840217991331898,0.9984762651258827,61.49737866475787,3.7753230723789706,31.29201644638937,2.204398102203747,4.116298695255978,77.00345471983348,96.44035780712828
2.1941554575853544,11.278487259539883,0.14115524825536996,0.44802753210481466,0.7631277747731315,0.20743967603905833,0.8004735291595381,1030.3378631645776,4.748488232600842,1.5026443583318632,52.60474670409842,84.53410128492115,155.3241071473841,142.14375877203548
1.44480023795892,15.568304223016273,0.15203794969755954,0.280061949605633,0.567848698511336,0.6956162721101138,0.6726531351235563,243.77241077187546,4.041456029373818,15.186316407042568,70.9162165100681,96.09672807377805,121.22144308962714,93.81765733073152
0.7068508759916174,3.9215249544953634,0.21843778568123667,0.3211331590638462,0.14535035339598748,0.6840217991331898,0.9984762651258827,61.49737866475787,3.7753230723789706,31.29201644638937,2.204398102203747,4.116298695255978,77.00345471983348,96.44035780712828
1.1439371835007548,5.537860875662639,0.9263670377152483,0.6106997318600808,0.9800409045003314,0.17085016810580236,0.37604540272943304,100.27255022607244,3.007337822008452,74.98465686467698,179.69934923607246,75.15552507304547,179.6967080027852,186.3930290399834
2.1444551243402556,14.078086837395425,2.0777263224487785,0.7493039652025393,0.4329299142220795,0.2689052131636936,0.5593766295201473,182.98011952465762,3.8430516807240704,16.343384751790456,97.79427483948129,28.168927650626813,119.66211835543278,186.25221189765224
2.0795137125297085,18.509413814765196,2.358362691341582,0.419874558066268,0.5510487473373399,0.3261786552520277,0.5994964545304939,178.88524520879434,4.944444254940345,137.87943833699484,108.43796346496214,28.06562049967161,140.35646945874532,145.78138553973028
1.7329674402584374,3.048379242001701,4.874933903502875,0.33617337995944063,0.3399573981850608,0.2557450615052835,0.758786477759679,202.76665755576428,3.0028737667083276,155.33586570074763,141.81355951082455,94.72021956804335,68.92385335015075,106.40607919299366
0.9552752100464765,3.2313347119233953,3.196332283479607,0.21140233057898097,0.6741599778274923,0.563416651960726,0.758813071527122,123.83974068302649,4.4683670596411424,17.946226265557407,114.1342651050861,69.99251377875719,197.08546780624286,42.35218381830155
2.2331929159754598,2.8609849668435015,0.9949438132425011,0.9106349844337635,0.14799419666391006,0.6876986215463727,0.7253153469003099,357.83983891996047,4.020054897770146,135.20294569256396,27.833388918597258,100.26880440804396,62.86271556429968,24.090734965117704
0.7068508759916174,3.9215249544953634,0.21843778568123667,0.3211331590638462,0.14535035339598748,0.6840217991331898,0.9984762651258827,61.49737866475787,3.7753230723789706,31.29201644638937,2.204398102203747,4.116298695255978,77.00345471983348,96.44035780712828
1.0153114524840094,4.545975796751018,0.7223640805145596,0.4066866507336779,0.26052042577743295,0.9107819661134152,0.9908654800846676,98.54684656872713,3.266730768474393,92.05944720299715,38.23314399399368,42.440191158116804,184.65450183520505,41.15569419588766
2.5850741432482796,7.9297914738632755,2.444879839416899,0.05166851477876151,0.774644493995015,0.23553244034820342,0.7952723190346241,554.6487255013537,4.381031892672756,195.94793869409636,152.34075852933822,56.674884031292066,83.23087875421956,41.37422523090529
0.7068508759916174,3.9215249544953634,0.21843778568123667,0.3211331590638462,0.14535035339598748,0.6840217991331898,0.9984762651258827,61.49737866475787,3.7753230723789706,31.29201644638937,2.204398102203747,4.116298695255978,77.00345471983348,96.44035780712828
0.6923929476729558,3.9215249544953634,0.21843778568123667,0.7912905698923101,0.4198546291409345,0.6840217991331898,0.9984762651258827,61.49737866475787,3.7753230723789706,31.29201644638937,2.204398102203747,4.116298695255978,89.06507428995272,185.05463278797103
2.1444551243402556,14.078086837395425,2.0777263224487785,0.7493039652025393,0.4329299142220795,0.2689052131636936,0.5593766295201473,182.98011952465762,3.8430516807240704,16.343384751790456,97.79427483948129,28.168927650626813,119.66211835543278,186.25221189765224
0.9552752100464765,3.2313347119233953,3.196332283479607,0.21140233057898097,0.6741599778274923,0.563416651960726,0.758813071527122,123.83974068302649,4.4683670596411424,17.946226265557407,114.1342651050861,69.99251377875719,197.08546780624286,42.35218381830155
0.7068508759916174,3.9215249544953634,0.21843778568123667,0.3211331590638462,0.14535035339598748,0.6840217991331898,0.9984762651258827,61.49737866475787,3.7753230723789706,31.29201644638937,2.204398102203747,4.116298695255978,77.00345471983348,96.44035780712828
1.7329674402584374,3.048379242001701,4.874933903502875,0.33617337995944063,0.3399573981850608,0.2557450615052835,0.758786477759679,202.76665755576428,3.0028737667083276,155.33586570074763,141.81355951082455,94.72021956804335,68.92385335015075,106.40607919299366
2.249012990418815,2.6113907148462787,2.463173793083285,0.7094053434222171,0.5810761576734222,0.43516404546830306,0.5842140905013244,473.5893333439691,4.481386336886311,56.293604942228356,28.520077935335603,101.49304269457235,128.22696772280997,129.21523870919518
0.7068508759916174,3.9215249544953634,0.21843778568123667,0.3211331590638462,0.14535035339598748,0.6840217991331898,0.9984762651258827,61.49737866475787,3.7753230723789706,31.29201644638937,2.204398102203747,4.116298695255978,77.00345471983348,96.44035780712828
0.7068508759916174,3.9215249544953634,0.21843778568123667,0.3211331590638462,0.14535035339598748,0.6840217991331898,0.9984762651258827,61.49737866475787,3.7753230723789706,31.29201644638937,2.204398102203747,4.116298695255978,77.00345471983348,96.44035780712828
1.0153114524840094,4.545975796751018,0.7223640805145596,0.4066866507336779,0.26052042577743295,0.9107819661134152,0.9908654800846676,98.54684656872713,3.266730768474393,92.05944720299715,38.23314399399368,42.440191158116804,184.65450183520505,41.15569419588766
0.7068508759916174,3.9215249544953634,0.21843778568123667,0.3211331590638462,0.14535035339598748,0.6840217991331898,0.9984762651258827,61.49737866475787,3.7753230723789706,31.29201644638937,2.204398102203747,4.116298695255978,77.00345471983348,96.44035780712828
1.44480023795892,15.568304223016273,0.15203794969755954,0.280061949605633,0.567848698511336,0.6956162721101138,0.6726531351235563,243.77241077187546,4.041456029373818,15.186316407042568,70.9162165100681,96.09672807377805,121.22144308962714,93.81765733073152
0.9552752100464765,3.2313347119233953,3.196332283479607,0.21140233057898097,0.6741599778274923,0.563416651960726,0.758813071527122,123.83974068302649,4.4683670596411424,17.946226265557407,114.1342651050861,69.99251377875719,197.08546780624286,42.35218381830155
2.1444551243402556,14.078086837395425,2.0777263224487785,0.7493039652025393,0.4329299142220795,0.2689052131636936,0.5593766295201473,182.98011952465762,3.8430516807240704,16.343384751790456,97.79427483948129,28.168927650626813,119.66211835543278,186.25221189765224
2.1941554575853544,11.278487259539883,0.14115524825536996,0.44802753210481466,0.7631277747731315,0.20743967603905833,0.8004735291595381,1030.3378631645776,4.748488232600842,1.5026443583318632,52.60474670409842,84.53410128492115,155.3241071473841,142.14375877203548
0.7068508759916174,3.9215249544953634,0.21843778568123667,0.3211331590638462,0.14535035339598748,0.6840217991331898,0.9984762651258827,61.49737866475787,3.7753230723789706,31.29201644638937,2.204398102203747,4.116298695255978,77.00345471983348,96.44035780712828
2.249012990418815,2.6113907148462787,2.463173793083285,0.7094053434222171,0.5810761576734222,0.43516404546830306,0.5842140905013244,473.5893333439691,4.481386336886311,56.293604942228356,28.520077935335603,101.49304269457235,128.22696772280997,129.21523870919518
2.2331929159754598,2.8609849668435015,0.9949438132425011,0.9106349844337635,0.14799419666391006,0.6876986215463727,0.7253153469003099,357.83983891996047,4.020054897770146,135.20294569256396,27.833388918597258,100.26880440804396,62.86271556429968,24.090734965117704
2.0795137125297085,18.509413814765196,2.358362691341582,0.419874558066268,0.5510487473373399,0.3261786552520277,0.5994964545304939,178.88524520879434,4.944444254940345,137.87943833699484,108.43796346496214,28.06562049967161,140.35646945874532,145.78138553973028
0.7068508759916174,3.9215249544953634,0.21843778568123667,0.3211331590638462,0.14535035339598748,0.6840217991331898,0.9984762651258827,61.49737866475787,3.7753230723789706,31.29201644638937,2.204398102203747,4.116298695255978,77.00345471983348,96.44035780712828
1.44480023795892,15.568304223016273,0.15203794969755954,0.280061949605633,0.567848698511336,0.6956162721101138,0.6726531351235563,243.77241077187546,4.041456029373818,15.186316407042568,70.9162165100681,96.09672807377805,121.22144308962714,93.81765733073152
0.9552752100464765,3.2313347119233953,3.196332283479607,0.21140233057898097,0.6741599778274923,0.563416651960726,0.758813071527122,123.83974068302649,4.4683670596411424,17.946226265557407,114.1342651050861,69.99251377875719,197.08546780624286,42.35218381830155
0.6923929476729558,3.9215249544953634,0.21843778568123667,0.7912905698923101,0.4198546291409345,0.6840217991331898,0.9984762651258827,61.49737866475787,3.7753230723789706,31.29201644638937,2.204398102203747,4.116298695255978,89.06507428995272,185.05463278797103
0.7068508759916174,3.9215249544953634,0.21843778568123667,0.3211331590638462,0.14535035339598748,0.6840217991331898,0.9984762651258827,61.49737866475787,3.7753230723789706,31.29201644638937,2.204398102203747,4.116298695255978,77.00345471983348,96.44035780712828
0.7068508759916174,3.9215249544953634,0.21843778568123667,0.3211331590638462,0.14535035339598748,0.6840217991331898,0.9984762651258827,61.49737866475787,3.7753230723789706,31.29201644638937,2.204398102203747,4.116298695255978,77.00345471983348,96.44035780712828
2.5850741432482796,7.9297914738632755,2.444879839416899,0.05166851477876151,0.774644493995015,0.23553244034820342,0.7952723190346241,554.6487255013537,4.381031892672756,195.94793869409636,152.34075852933822,56.674884031292066,83.23087875421956,41.37422523090529
0.7068508759916174,3.9215249544953634,0.21843778568123667,0.3211331590638462,0.14535035339598748,0.6840217991331898,0.9984762651258827,61.49737866475787,3.7753230723789706,31.29201644638937,2.204398102203747,4.116298695255978,77.00345471983348,96.44035780712828
0.7068508759916174,3.9215249544953634,0.21843778568123667,0.3211331590638462,0.14535035339598748,0.6840217991331898,0.9984762651258827,61.49737866475787,3.7753230723789706,31.29201644638937,2.204398102203747,4.116298695255978,77.00345471983348,96.44035780712828
1.7329674402584374,3.048379242001701,4.874933903502875,0.33617337995944063,0.3399573981850608,0.2557450615052835,0.758786477759679,202.76665755576428,3.0028737667083276,155.33586570074763,141.81355951082455,94.72021956804335,68.92385335015075,106.40607919299366
2.2331929159754598,2.8609849668435015,0.9949438132425011,0.9106349844337635,0.14799419666391006,0.6876986215463727,0.7253153469003099,357.83983891996047,4.020054897770146,135.20294569256396,27.833388918597258,100.26880440804396,62.86271556429968,24.090734965117704
1.0153114524840094,4.545975796751018,0.7223640805145596,0.4066866507336779,0.26052042577743295,0.9107819661134152,0.9908654800846676,98.54684656872713,3.266730768474393,92.05944720299715,38.23314399399368,42.440191158116804,184.65450183520505,41.15569419588766
0.7068508759916174,3.9215249544953634,0.21843778568123667,0.3211331590638462,0.14535035339598748,0.6840217991331898,0.9984762651258827,61.49737866475787,3.7753230723789706,31.29201644638937,2.204398102203747,4.116298695255978,77.00345471983348,96.44035780712828
2.1444551243402556,14.078086837395425,2.0777263224487785,0.7493039652025393,0.4329299142220795,0.2689052131636936,0.5593766295201473,182.98011952465762,3.8430516807240704,16.343384751790456,97.79427483948129,28.168927650626813,119.66211835543278,186.25221189765224
1.44480023795892,15.568304223016273,0.15203794969755954,0.280061949605633,0.567848698511336,0.6956162721101138,0.6726531351235563,243.77241077187546,4.041456029373818,15.186316407042568,70.9162165100681,96.09672807377805,121.22144308962714,93.81765733073152
2.249012990418815,2.6113907148462787,2.463173793083285,0.7094053434222171,0.5810761576734222,0.43516404546830306,0.5842140905013244,473.5893333439691,4.481386336886311,56.293604942228356,28.520077935335603,101.49304269457235,128.22696772280997,129.21523870919518
0.6923929476729558,3.9215249544953634,0.21843778568123667,0.7912905698923101,0.4198546291409345,0.6840217991331898,0.9984762651258827,61.49737866475787,3.7753230723789706,31.29201644638937,2.204398102203747,4.116298695255978,89.06507428995272,185.05463278797103
0.7068508759916174,3.9215249544953634,0.21843778568123667,0.3211331590638462,0.14535035339598748,0.6840217991331898,0.9984762651258827,61.49737866475787,3.7753230723789706,31.29201644638937,2.204398102203747,4.116298695255978,77.00345471983348,96.44035780712828
0.7068508759916174,3.9215249544953634,0.21843778568123667,0.3211331590638462,0.14535035339598748,0.6840217991331898,0.9984762651258827,61.49737866475787,3.7753230723789706,31.29201644638937,2.204398102203747,4.116298695255978,77.00345471983348,96.44035780712828
2.2331929159754598,2.8609849668435015,0.9949438132425011,0.9106349844337635,0.14799419666391006,0.6876986215463727,0.7253153469003099,357.83983891996047,4.020054897770146,135.20294569256396,27.833388918597258,100.26880440804396,62.86271556429968,24.090734965117704
1.0153114524840094,4.545975796751018,0.7223640805145596,0.4066866507336779,0.26052042577743295,0.9107819661134152,0.9908654800846676,98.54684656872713,3.266730768474393,92.05944720299715,38.23314399399368,42.440191158116804,184.65450183520505,41.15569419588766
2.1941554575853544,11.278487259539883,0.14115524825536996,0.44802753210481466,0.7631277747731315,0.20743967603905833,0.8004735291595381,1030.3378631645776,4.748488232600842,1.5026443583318632,52.60474670409842,84.53410128492115,155.3241071473841,142.14375877203548
0.7068508759916174,3.9215249544953634,0.21843778568123667,0.3211331590638462,0.14535035339598748,0.6840217991331898,0.9984762651258827,61.49737866475787,3.7753230723789706,31.29201644638937,2.204398102203747,4.116298695255978,77.00345471983348,96.44035780712828
0.9552752100464765,3.2313347119233953,3.196332283479607,0.21140233057898097,0.6741599778274923,0.563416651960726,0.758813071527122,123.83974068302649,4.4683670596411424,17.946226265557407,114.1342651050861,69.99251377875719,197.08546780624286,42.35218381830155
1.44480023795892,15.568304223016273,0.15203794969755954,0.280061949605633,0.567848698511336,0.6956162721101138,0.6726531351235563,243.77241077187546,4.041456029373818,15.186316407042568,70.9162165100681,96.09672807377805,121.22144308962714,93.81765733073152
0.7068508759916174,3.9215249544953634,0.21843778568123667,0.3211331590638462,0.14535035339598748,0.6840217991331898,0.9984762651258827,61.49737866475787,3.7753230723789706,31.29201644638937,2.204398102203747,4.116298695255978,77.00345471983348,96.44035780712828
0.7068508759916174,3.9215249544953634,0.21843778568123667,0.3211331590638462,0.14535035339598748,0.6840217991331898,0.9984762651258827,61.49737866475787,3.7753230723789706,31.29201644638937,2.204398102203747,4.116298695255978,77.00345471983348,96.44035780712828
0.7068508759916174,3.9215249544953634,0.21843778568123667,0.3211331590638462,0.14535035339598748,0.6840217991331898,0.9984762651258827,61.49737866475787,3.7753230723789706,31.29201644638937,2.204398102203747,4.116298695255978,77.00345471983348,96.44035780712828
2.0795137125297085,18.509413814765196,2.358362691341582,0.419874558066268,0.5510487473373399,0.3261786552520277,0.5994964545304939,178.88524520879434,4.944444254940345,137.87943833699484,108.43796346496214,28.06562049967161,140.35646945874532,145.78138553973028
2.2331929159754598,2.8609849668435015,0.9949438132425011,0.9106349844337635,0.14799419666391006,0.6876986215463727,0.7253153469003099,357.83983891996047,4.020054897770146,135.20294569256396,27.833388918597258,100.26880440804396,62.86271556429968,24.090734965117704
2.5850741432482796,7.9297914738632755,2.444879839416899,0.05166851477876151,0.774644493995015,0.23553244034820342,0.7952723190346241,554.6487255013537,4.381031892672756,195.94793869409636,152.34075852933822,56.674884031292066,83.23087875421956,41.37422523090529
1.7329674402584374,3.048379242001701,4.874933903502875,0.33617337995944063,0.3399573981850608,0.2557450615052835,0.758786477759679,202.76665755576428,3.0028737667083276,155.33586570074763,141.81355951082455,94.72021956804335,68.92385335015075,106.40607919299366
1.917577272027953,28.034662354944324,0.41653177517417106,0.09840102970025011,0.48262276140945565,0.8574908335800565,0.4461716526968542,202.7780266324063,3.9098711122055407,2.7956751822708292,115.37133216448098,159.59965249696464,158.16235238207776,101.87145122708807
0.7068508759916174,3.9215249544953634,0.21843778568123667,0.3211331590638462,0.14535035339598748,0.6840217991331898,0.9984762651258827,61.49737866475787,3.7753230723789706,31.29201644638937,2.204398102203747,4.116298695255978,77.00345471983348,96.44035780712828
0.7068508759916174,3.9215249544953634,0.21843778568123667,0.3211331590638462,0.14535035339598748,0.6840217991331898,0.9984762651258827,61.49737866475787,3.7753230723789706,31.29201644638937,2.204398102203747,4.116298695255978,77.00345471983348,96.44035780712828
0.9552752100464765,3.2313347119233953,3.196332283479607,0.21140233057898097,0.6741599778274923,0.563416651960726,0.758813071527122,123.83974068302649,4.4683670596411424,17.946226265557407,114.1342651050861,69.99251377875719,197.08546780624286,42.35218381830155
0.6923929476729558,3.9215249544953634,0.21843778568123667,0.7912905698923101,0.4198546291409345,0.6840217991331898,0.9984762651258827,61.49737866475787,3.7753230723789706,31.29201644638937,2.204398102203747,4.116298695255978,89.06507428995272,185.05463278797103
2.249012990418815,2.6113907148462787,2.463173793083285,0.7094053434222171,0.5810761576734222,0.43516404546830306,0.5842140905013244,473.5893333439691,4.481386336886311,56.293604942228356,28.520077935335603,101.49304269457235,128.22696772280997,129.21523870919518
2.2331929159754598,2.8609849668435015,0.9949438132425011,0.9106349844337635,0.14799419666391006,0.6876986215463727,0.7253153469003099,357.83983891996047,4.020054897770146,135.20294569256396,27.833388918597258,100.26880440804396,62.86271556429968,24.090734965117704
1.44480023795892,15.568304223016273,0.15203794969755954,0.280061949605633,0.567848698511336,0.6956162721101138,0.6726531351235563,243.77241077187546,4.041456029373818,15.186316407042568,70.9162165100681,96.09672807377805,121.22144308962714,93.81765733073152
1.0153114524840094,4.545975796751018,0.7223640805145596,0.4066866507336779,0.26052042577743295,0.9107819661134152,0.9908654800846676,98.54684656872713,3.266730768474393,92.05944720299715,38.23314399399368,42.440191158116804,184.65450183520505,41.15569419588766
0.7068508759916174,3.9215249544953634,0.21843778568123667,0.3211331590638462,0.14535035339598748,0.6840217991331898,0.9984762651258827,61.49737866475787,3.7753230723789706,31.29201644638937,2.204398102203747,4.116298695255978,77.00345471983348,96.44035780712828
2.1941554575853544,11.278487259539883,0.14115524825536996,0.44802753210481466,0.7631277747731315,0.20743967603905833,0.8004735291595381,1030.3378631645776,4.748488232600842,1.5026443583318632,52.60474670409842,84.53410128492115,155.3241071473841,142.14375877203548
0.7068508759916174,3.9215249544953634,0.21843778568123667,0.3211331590638462,0.14535035339598748,0.6840217991331898,0.9984762651258827,61.49737866475787,3.7753230723789706,31.29201644638937,2.204398102203747,4.116298695255978,77.00345471983348,96.44035780712828
0.6923929476729558,3.9215249544953634,0.21843778568123667,0.7912905698923101,0.4198546291409345,0.6840217991331898,0.9984762651258827,61.49737866475787,3.7753230723789706,31.29201644638937,2.204398102203747,4.116298695255978,89.06507428995272,185.05463278797103
2.249012990418815,2.6113907148462787,2.463173793083285,0.7094053434222171,0.5810761576734222,0.43516404546830306,0.5842140905013244,473.5893333439691,4.481386336886311,56.293604942228356,28.520077935335603,101.49304269457235,128.22696772280997,129.21523870919518
0.7068508759916174,3.9215249544953634,0.21843778568123667,0.3211331590638462,0.14535035339598748,0.6840217991331898,0.9984762651258827,61.49737866475787,3.7753230723789706,31.29201644638937,2.204398102203747,4.116298695255978,77.00345471983348,96.44035780712828
0.7068508759916174,3.9215249544953634,0.21843778568123667,0.3211331590638462,0.14535035339598748,0.6840217991331898,0.9984762651258827,61.49737866475787,3.7753230723789706,31.29201644638937,2.204398102203747,4.116298695255978,77.00345471983348,96.44035780712828
1.917577272027953,28.034662354944324,0.41653177517417106,0.09840102970025011,0.48262276140945565,0.8574908335800565,0.4461716526968542,202.7780266324063,3.9098711122055407,2.7956751822708292,115.37133216448098,159.59965249696464,158.16235238207776,101.87145122708807
1.7329674402584374,3.048379242001701,4.874933903502875,0.33617337995944063,0.3399573981850608,0.2557450615052835,0.758786477759679,202.76665755576428,3.0028737667083276,155.33586570074763,141.81355951082455,94.72021956804335,68.92385335015075,106.40607919299366
0.7068508759916174,3.9215249544953634,0.21843778568123667,0.3211331590638462,0.14535035339598748,0.6840217991331898,0.9984762651258827,61.49737866475787,3.7753230723789706,31.29201644638937,2.204398102203747,4.116298695255978,77.00345471983348,96.44035780712828
2.0795137125297085,18.509413814765196,2.358362691341582,0.419874558066268,0.5510487473373399,0.3261786552520277,0.5994964545304939,178.88524520879434,4.944444254940345,137.87943833699484,108.43796346496214,28.06562049967161,140.35646945874532,145.78138553973028
0.9552752100464765,3.2313347119233953,3.196332283479607,0.21140233057898097,0.6741599778274923,0.563416651960726,0.758813071527122,123.83974068302649,4.4683670596411424,17.946226265557407,114.1342651050861,69.99251377875719,197.08546780624286,42.35218381830155
0.7068508759916174,3.9215249544953634,0.21843778568123667,0.3211331590638462,0.14535035339598748,0.6840217991331898,0.9984762651258827,61.49737866475787,3.7753230723789706,31.29201644638937,2.204398102203747,4.116298695255978,77.00345471983348,96.44035780712828
2.5850741432482796,7.9297914738632755,2.444879839416899,0.05166851477876151,0.774644493995015,0.23553244034820342,0.7952723190346241,554.6487255013537,4.381031892672756,195.94793869409636,152.34075852933822,56.674884031292066,83.23087875421956,41.37422523090529
0.7068508759916174,3.9215249544953634,0.21843778568123667,0.3211331590638462,0.14535035339598748,0.6840217991331898,0.9984762651258827,61.49737866475787,3.7753230723789706,31.29201644638937,2.204398102203747,4.116298695255978,77.00345471983348,96.44035780712828
1.0153114524840094,4.545975796751018,0.7223640805145596,0.4066866507336779,0.26052042577743295,0.9107819661134152,0.9908654800846676,98.54684656872713,3.266730768474393,92.05944720299715,38.23314399399368,42.440191158116804,184.65450183520505,41.15569419588766
2.2331929159754598,2.8609849668435015,0.9949438132425011,0.9106349844337635,0.14799419666391006,0.6876986215463727,0.7253153469003099,357.83983891996047,4.020054897770146,135.20294569256396,27.833388918597258,100.26880440804396,62.86271556429968,24.090734965117704
1.44480023795892,15.568304223016273,0.15203794969755954,0.280061949605633,0.567848698511336,0.6956162721101138,0.6726531351235563,243.77241077187546,4.041456029373818,15.186316407042568,70.9162165100681,96.09672807377805,121.22144308962714,93.81765733073152
0.6923929476729558,3.9215249544953634,0.21843778568123667,0.7912905698923101,0.4198546291409345,0.6840217991331898,0.9984762651258827,61.49737866475787,3.7753230723789706,31.29201644638937,2.204398102203747,4.116298695255978,89.06507428995272,185.05463278797103
0.9552752100464765,3.2313347119233953,3.196332283479607,0.21140233057898097,0.6741599778274923,0.563416651960726,0.758813071527122,123.83974068302649,4.4683670596411424,17.946226265557407,114.1342651050861,69.99251377875719,197.08546780624286,42.35218381830155
2.249012990418815,2.6113907148462787,2.463173793083285,0.7094053434222171,0.5810761576734222,0.43516404546830306,0.5842140905013244,473.5893333439691,4.481386336886311,56.293604942228356,28.520077935335603,101.49304269457235,128.22696772280997,129.21523870919518
0.7068508759916174,3.9215249544953634,0.21843778568123667,0.3211331590638462,0.14535035339598748,0.6840217991331898,0.9984762651258827,61.49737866475787,3.7753230723789706,31.29201644638937,2.204398102203747,4.116298695255978,77.00345471983348,96.44035780712828
0.7068508759916174,3.9215249544953634,0.21843778568123667,0.3211331590638462,0.14535035339598748,0.6840217991331898,0.9984762651258827,61.49737866475787,3.7753230723789706,31.29201644638937,2.204398102203747,4.116298695255978,77.00345471983348,96.44035780712828
2.0795137125297085,18.509413814765196,2.358362691341582,0.419874558066268,0.5510487473373399,0.3261786552520277,0.5994964545304939,178.88524520879434,4.944444254940345,137.87943833699484,108.43796346496214,28.06562049967161,140.35646945874532,145.78138553973028
0.7068508759916174,3.9215249544953634,0.21843778568123667,0.3211331590638462,0.14535035339598748,0.6840217991331898,0.9984762651258827,61.49737866475787,3.7753230723789706,31.29201644638937,2.204398102203747,4.116298695255978,77.00345471983348,96.44035780712828
1.917577272027953,28.034662354944324,0.41653177517417106,0.09840102970025011,0.48262276140945565,0.8574908335800565,0.4461716526968542,202.7780266324063,3.9098711122055407,2.7956751822708292,115.37133216448098,159.59965249696464,158.16235238207776,101.87145122708807
2.1941554575853544,11.278487259539883,0.14115524825536996,0.44802753210481466,0.7631277747731315,0.20743967603905833,0.8004735291595381,1030.3378631645776,4.748488232600842,1.5026443583318632,52.60474670409842,84.53410128492115,155.3241071473841,142.14375877203548
0.7068508759916174,3.9215249544953634,0.21843778568123667,0.3211331590638462,0.14535035339598748,0.6840217991331898,0.9984762651258827,61.49737866475787,3.7753230723789706,31.29201644638937,2.204398102203747,4.116298695255978,77.00345471983348,96.44035780712828
1.44480023795892,15.568304223016273,0.15203794969755954,0.280061949605633,0.567848698511336,0.6956162721101138,0.6726531351235563,243.77241077187546,4.041456029373818,15.186316407042568,70.9162165100681,96.09672807377805,121.22144308962714,93.81765733073152
0.9552752100464765,3.2313347119233953,3.196332283479607,0.21140233057898097,0.6741599778274923,0.563416651960726,0.758813071527122,123.83974068302649,4.4683670596411424,17.946226265557407,114.1342651050861,69.99251377875719,197.08546780624286,42.35218381830155
0.7068508759916174,3.9215249544953634,0.21843778568123667,0.3211331590638462,0.14535035339598748,0.6840217991331898,0.9984762651258827,61.49737866475787,3.7753230723789706,31.29201644638937,2.204398102203747,4.116298695255978,77.00345471983348,96.44035780712828
0.7068508759916174,3.9215249544953634,0.21843778568123667,0.3211331590638462,0.14535035339598748,0.6840217991331898,0.9984762651258827,61.49737866475787,3.7753230723789706,31.29201644638937,2.204398102203747,4.116298695255978,77.00345471983348,96.44035780712828
2.249012990418815,2.6113907148462787,2.463173793083285,0.7094053434222171,0.5810761576734222,0.43516404546830306,0.5842140905013244,473.5893333439691,4.481386336886311,56.293604942228356,28.520077935335603,101.49304269457235,128.22696772280997,129.21523870919518
2.0795137125297085,18.509413814765196,2.358362691341582,0.419874558066268,0.5510487473373399,0.3261786552520277,0.5994964545304939,178.88524520879434,4.944444254940345,137.87943833699484,108.43796346496214,28.06562049967161,140.35646945874532,145.78138553973028
0.9552752100464765,3.2313347119233953,3.196332283479607,0.21140233057898097,0.6741599778274923,0.563416651960726,0.758813071527122,123.83974068302649,4.4683670596411424,17.946226265557407,114.1342651050861,69.99251377875719,197.08546780624286,42.35218381830155
0.7068508759916174,3.9215249544953634,0.21843778568123667,0.3211331590638462,0.14535035339598748,0.6840217991331898,0.9984762651258827,61.49737866475787,3.7753230723789706,31.29201644638937,2.204398102203747,4.116298695255978,77.00345471983348,96.44035780712828
1.0153114524840094,4.545975796751018,0.7223640805145596,0.4066866507336779,0.26052042577743295,0.9107819661134152,0.9908654800846676,98.54684656872713,3.266730768474393,92.05944720299715,38.23314399399368,42.440191158116804,184.65450183520505,41.15569419588766
2.5850741432482796,7.9297914738632755,2.444879839416899,0.05166851477876151,0.774644493995015,0.23553244034820342,0.7952723190346241,554.6487255013537,4.381031892672756,195.94793869409636,152.34075852933822,56.674884031292066,83.23087875421956,41.37422523090529
1.44480023795892,15.568304223016273,0.15203794969755954,0.280061949605633,0.567848698511336,0.6956162721101138,0.6726531351235563,243.77241077187546,4.041456029373818,15.186316407042568,70.9162165100681,96.09672807377805,121.22144308962714,93.81765733073152
0.7068508759916174,3.9215249544953634,0.21843778568123667,0.3211331590638462,0.14535035339598748,0.6840217991331898,0.9984762651258827,61.49737866475787,3.7753230723789706,31.29201644638937,2.204398102203747,4.116298695255978,77.00345471983348,96.44035780712828
2.2331929159754598,2.8609849668435015,0.9949438132425011,0.9106349844337635,0.14799419666391006,0.6876986215463727,0.7253153469003099,357.83983891996047,4.020054897770146,135.20294569256396,27.833388918597258,100.26880440804396,62.86271556429968,24.090734965117704
0.7068508759916174,3.9215249544953634,0.21843778568123667,0.3211331590638462,0.14535035339598748,0.6840217991331898,0.9984762651258827,61.49737866475787,3.7753230723789706,31.29201644638937,2.204398102203747,4.116298695255978,77.00345471983348,96.44035780712828
0.6923929476729558,3.9215249544953634,0.21843778568123667,0.7912905698923101,0.4198546291409345,0.6840217991331898,0.9984762651258827,61.49737866475787,3.7753230723789706,31.29201644638937,2.204398102203747,4.116298695255978,89.06507428995272,185.05463278797103
0.7068508759916174,3.9215249544953634,0.21843778568123667,0.3211331590638462,0.14535035339598748,0.6840217991331898,0.9984762651258827,61.49737866475787,3.7753230723789706,31.29201644638937,2.204398102203747,4.116298695255978,77.00345471983348,96.44035780712828
2.0795137125297085,18.509413814765196,2.358362691341582,0.419874558066268,0.5510487473373399,0.3261786552520277,0.5994964545304939,178.88524520879434,4.944444254940345,137.87943833699484,108.43796346496214,28.06562049967161,140.35646945874532,145.78138553973028
1.44480023795892,15.568304223016273,0.15203794969755954,0.280061949605633,0.567848698511336,0.6956162721101138,0.6726531351235563,243.77241077187546,4.041456029373818,15.186316407042568,70.9162165100681,96.09672807377805,121.22144308962714,93.81765733073152
1.917577272027953,28.034662354944324,0.41653177517417106,0.09840102970025011,0.48262276140945565,0.8574908335800565,0.4461716526968542,202.7780266324063,3.9098711122055407,2.7956751822708292,115.37133216448098,159.59965249696464,158.16235238207776,101.87145122708807
2.1941554575853544,11.278487259539883,0.14115524825536996,0.44802753210481466,0.7631277747731315,0.20743967603905833,0.8004735291595381,1030.3378631645776,4.748488232600842,1.5026443583318632,52.60474670409842,84.53410128492115,155.3241071473841,142.14375877203548
0.7068508759916174,3.9215249544953634,0.21843778568123667,0.3211331590638462,0.14535035339598748,0.6840217991331898,0.9984762651258827,61.49737866475787,3.7753230723789706,31.29201644638937,2.204398102203747,4.116298695255978,77.00345471983348,96.44035780712828
0.7068508759916174,3.9215249544953634,0.21843778568123667,0.3211331590638462,0.14535035339598748,0.6840217991331898,0.9984762651258827,61.49737866475787,3.7753230723789706,31.29201644638937,2.204398102203747,4.116298695255978,77.00345471983348,96.44035780712828
0.7068508759916174,3.9215249544953634,0.21843778568123667,0.3211331590638462,0.14535035339598748,0.6840217991331898,0.9984762651258827,61.49737866475787,3.7753230723789706,31.29201644638937,2.204398102203747,4.116298695255978,77.00345471983348,96.44035780712828
0.7068508759916174,3.9215249544953634,0.21843778568123667,0.3211331590638462,0.14535035339598748,0.6840217991331898,0.9984762651258827,61.49737866475787,3.7753230723789706,31.29201644638937,2.204398102203747,4.116298695255978,77.00345471983348,96.44035780712828
2.249012990418815,2.6113907148462787,2.463173793083285,0.7094053434222171,0.5810761576734222,0.43516404546830306,0.5842140905013244,473.5893333439691,4.481386336886311,56.293604942228356,28.520077935335603,101.49304269457235,128.22696772280997,129.21523870919518
1.0153114524840094,4.545975796751018,0.7223640805145596,0.4066866507336779,0.26052042577743295,0.9107819661134152,0.9908654800846676,98.54684656872713,3.266730768474393,92.05944720299715,38.23314399399368,42.440191158116804,184.65450183520505,41.15569419588766
0.7068508759916174,3.9215249544953634,0.21843778568123667,0.3211331590638462,0.14535035339598748,0.6840217991331898,0.9984762651258827,61.49737866475787,3.7753230723789706,31.29201644638937,2.204398102203747,4.116298695255978,77.00345471983348,96.44035780712828
0.7068508759916174,3.9215249544953634,0.21843778568123667,0.3211331590638462,0.14535035339598748,0.6840217991331898,0.9984762651258827,61.49737866475787,3.7753230723789706,31.29201644638937,2.204398102203747,4.116298695255978,77.00345471983348,96.44035780712828
1.44480023795892,15.568304223016273,0.15203794969755954,0.280061949605633,0.567848698511336,0.6956162721101138,0.6726531351235563,243.77241077187546,4.041456029373818,15.186316407042568,70.9162165100681,96.09672807377805,121.22144308962714,93.81765733073152
0.7068508759916174,3.9215249544953634,0.21843778568123667,0.3211331590638462,0.14535035339598748,0.6840217991331898,0.9984762651258827,61.49737866475787,3.7753230723789706,31.29201644638937,2.204398102203747,4.116298695255978,77.00345471983348,96.44035780712828
2.0795137125297085,18.509413814765196,2.358362691341582,0.419874558066268,0.5510487473373399,0.3261786552520277,0.5994964545304939,178.88524520879434,4.944444254940345,137.87943833699484,108.43796346496214,28.06562049967161,140.35646945874532,145.78138553973028
0.7068508759916174,3.9215249544953634,0.21843778568123667,0.3211331590638462,0.14535035339598748,0.6840217991331898,0.9984762651258827,61.49737866475787,3.7753230723789706,31.29201644638937,2.204398102203747,4.116298695255978,77.00345471983348,96.44035780712828
2.2331929159754598,2.8609849668435015,0.9949438132425011,0.9106349844337635,0.14799419666391006,0.6876986215463727,0.7253153469003099,357.83983891996047,4.020054897770146,135.20294569256396,27.833388918597258,100.26880440804396,62.86271556429968,24.090734965117704
0.7068508759916174,3.9215249544953634,0.21843778568123667,0.3211331590638462,0.14535035339598748,0.6840217991331898,0.9984762651258827,61.49737866475787,3.7753230723789706,31.29201644638937,2.204398102203747,4.116298695255978,77.00345471983348,96.44035780712828
0.6923929476729558,3.9215249544953634,0.21843778568123667,0.7912905698923101,0.4198546291409345,0.6840217991331898,0.9984762651258827,61.49737866475787,3.7753230723789706,31.29201644638937,2.204398102203747,4.116298695255978,89.06507428995272,185.05463278797103
2.249012990418815,2.6113907148462787,2.463173793083285,0.7094053434222171,0.5810761576734222,0.43516404546830306,0.5842140905013244,473.5893333439691,4.481386336886311,56.293604942228356,28.520077935335603,101.49304269457235,128.22696772280997,129.21523870919518
0.7068508759916174,3.9215249544953634,0.21843778568123667,0.3211331590638462,0.14535035339598748,0.6840217991331898,0.9984762651258827,61.49737866475787,3.7753230723789706,31.29201644638937,2.204398102203747,4.116298695255978,77.00345471983348,96.44035780712828
1.0153114524840094,4.545975796751018,0.7223640805145596,0.4066866507336779,0.26052042577743295,0.9107819661134152,0.9908654800846676,98.54684656872713,3.266730768474393,92.05944720299715,38.23314399399368,42.440191158116804,184.65450183520505,41.15569419588766
2.5850741432482796,7.9297914738632755,2.444879839416899,0.05166851477876151,0.774644493995015,0.23553244034820342,0.7952723190346241,554.6487255013537,4.381031892672756,195.94793869409636,152.34075852933822,56.674884031292066,83.23087875421956,41.37422523090529
0.7068508759916174,3.9215249544953634,0.21843778568123667,0.3211331590638462,0.14535035339598748,0.6840217991331898,0.9984762651258827,61.49737866475787,3.7753230723789706,31.29201644638937,2.204398102203747,4.116298695255978,77.00345471983348,96.44035780712828
1.917577272027953,28.034662354944324,0.41653177517417106,0.09840102970025011,0.48262276140945565,0.8574908335800565,0.4461716526968542,202.7780266324063,3.9098711122055407,2.7956751822708292,115.37133216448098,159.59965249696464,158.16235238207776,101.87145122708807
2.0795137125297085,18.509413814765196,2.358362691341582,0.419874558066268,0.5510487473373399,0.3261786552520277,0.5994964545304939,178.88524520879434,4.944444254940345,137.87943833699484,108.43796346496214,28.06562049967161,140.35646945874532,145.78138553973028
0.7068508759916174,3.9215249544953634,0.21843778568123667,0.3211331590638462,0.14535035339598748,0.6840217991331898,0.9984762651258827,61.49737866475787,3.7753230723789706,31.29201644638937,2.204398102203747,4.116298695255978,77.00345471983348,96.44035780712828
0.7068508759916174,3.9215249544953634,0.21843778568123667,0.3211331590638462,0.14535035339598748,0.6840217991331898,0.9984762651258827,61.49737866475787,3.7753230723789706,31.29201644638937,2.204398102203747,4.116298695255978,77.00345471983348,96.44035780712828
0.6923929476729558,3.9215249544953634,0.21843778568123667,0.7912905698923101,0.4198546291409345,0.6840217991331898,0.9984762651258827,61.49737866475787,3.7753230723789706,31.29201644638937,2.204398102203747,4.116298695255978,89.06507428995272,185.05463278797103
0.7068508759916174,3.9215249544953634,0.21843778568123667,0.3211331590638462,0.14535035339598748,0.6840217991331898,0.9984762651258827,61.49737866475787,3.7753230723789706,31.29201644638937,2.204398102203747,4.116298695255978,77.00345471983348,96.44035780712828
2.1941554575853544,11.278487259539883,0.14115524825536996,0.44802753210481466,0.7631277747731315,0.20743967603905833,0.8004735291595381,1030.3378631645776,4.748488232600842,1.5026443583318632,52.60474670409842,84.53410128492115,155.3241071473841,142.14375877203548
0.7068508759916174,3.9215249544953634,0.21843778568123667,0.3211331590638462,0.14535035339598748,0.6840217991331898,0.9984762651258827,61.49737866475787,3.7753230723789706,31.29201644638937,2.204398102203747,4.116298695255978,77.00345471983348,96.44035780712828
0.7068508759916174,3.9215249544953634,0.21843778568123667,0.3211331590638462,0.14535035339598748,0.6840217991331898,0.9984762651258827,61.49737866475787,3.7753230723789706,31.29201644638937,2.204398102203747,4.116298695255978,77.00345471983348,96.44035780712828
2.5850741432482796,7.9297914738632755,2.444879839416899,0.05166851477876151,0.774644493995015,0.23553244034820342,0.7952723190346241,554.6487255013537,4.381031892672756,195.94793869409636,152.34075852933822,56.674884031292066,83.23087875421956,41.37422523090529
1.44480023795892,15.568304223016273,0.15203794969755954,0.280061949605633,0.567848698511336,0.6956162721101138,0.6726531351235563,243.77241077187546,4.041456029373818,15.186316407042568,70.9162165100681,96.09672807377805,121.22144308962714,93.81765733073152
2.2331929159754598,2.8609849668435015,0.9949438132425011,0.9106349844337635,0.14799419666391006,0.6876986215463727,0.7253153469003099,357.83983891996047,4.020054897770146,135.20294569256396,27.833388918597258,100.26880440804396,62.86271556429968,24.090734965117704
0.7068508759916174,3.9215249544953634,0.21843778568123667,0.3211331590638462,0.14535035339598748,0.6840217991331898,0.9984762651258827,61.49737866475787,3.7753230723789706,31.29201644638937,2.204398102203747,4.116298695255978,77.00345471983348,96.44035780712828
2.249012990418815,2.6113907148462787,2.463173793083285,0.7094053434222171,0.5810761576734222,0.43516404546830306,0.5842140905013244,473.5893333439691,4.481386336886311,56.293604942228356,28.520077935335603,101.49304269457235,128.22696772280997,129.21523870919518
0.7068508759916174,3.9215249544953634,0.21843778568123667,0.3211331590638462,0.14535035339598748,0.6840217991331898,0.9984762651258827,61.49737866475787,3.7753230723789706,31.29201644638937,2.204398102203747,4.116298695255978,77.00345471983348,96.44035780712828
0.7068508759916174,3.9215249544953634,0.21843778568123667,0.3211331590638462,0.14535035339598748,0.6840217991331898,0.9984762651258827,61.49737866475787,3.7753230723789706,31.29201644638937,2.204398102203747,4.116298695255978,77.00345471983348,96.44035780712828
0.6923929476729558,3.9215249544953634,0.21843778568123667,0.7912905698923101,0.4198546291409345,0.6840217991331898,0.9984762651258827,61.49737866475787,3.7753230723789706,31.29201644638937,2.204398102203747,4.116298695255978,89.06507428995272,185.05463278797103
0.7068508759916174,3.9215249544953634,0.21843778568123667,0.3211331590638462,0.14535035339598748,0.6840217991331898,0.9984762651258827,61.49737866475787,3.7753230723789706,31.29201644638937,2.204398102203747,4.116298695255978,77.00345471983348,96.44035780712828
0.7068508759916174,3.9215249544953634,0.21843778568123667,0.3211331590638462,0.14535035339598748,0.6840217991331898,0.9984762651258827,61.49737866475787,3.7753230723789706,31.29201644638937,2.204398102203747,4.116298695255978,77.00345471983348,96.44035780712828
1.0153114524840094,4.545975796751018,0.7223640805145596,0.4066866507336779,0.26052042577743295,0.9107819661134152,0.9908654800846676,98.54684656872713,3.266730768474393,92.05944720299715,38.23314399399368,42.440191158116804,184.65450183520505,41.15569419588766
1.917577272027953,28.034662354944324,0.41653177517417106,0.09840102970025011,0.48262276140945565,0.8574908335800565,0.4461716526968542,202.7780266324063,3.9098711122055407,2.7956751822708292,115.37133216448098,159.59965249696464,158.16235238207776,101.87145122708807
2.5850741432482796,7.9297914738632755,2.444879839416899,0.05166851477876151,0.774644493995015,0.23553244034820342,0.7952723190346241,554.6487255013537,4.381031892672756,195.94793869409636,152.34075852933822,56.674884031292066,83.23087875421956,41.37422523090529
1.0103407864437293,4.081332918695379,1.405865901027369,0.910445735918493,0.5403513517312799,0.8042700997443977,0.09372397543104603,66.67315369454104,3.878852583731834,77.05778269350404,175.26353484211802,160.63276833960737,70.35605703854102,62.335391562038325
0.7068508759916174,3.9215249544953634,0.21843778568123667,0.3211331590638462,0.14535035339598748,0.6840217991331898,0.9984762651258827,61.49737866475787,3.7753230723789706,31.29201644638937,2.204398102203747,4.116298695255978,77.00345471983348,96.44035780712828
2.249012990418815,2.6113907148462787,2.463173793083285,0.7094053434222171,0.5810761576734222,0.43516404546830306,0.5842140905013244,473.5893333439691,4.481386336886311,56.293604942228356,28.520077935335603,101.49304269457235,128.22696772280997,129.21523870919518
0.7068508759916174,3.9215249544953634,0.21843778568123667,0.3211331590638462,0.14535035339598748,0.6840217991331898,0.9984762651258827,61.49737866475787,3.7753230723789706,31.29201644638937,2.204398102203747,4.116298695255978,77.00345471983348,96.44035780712828
1.44480023795892,15.568304223016273,0.15203794969755954,0.280061949605633,0.567848698511336,0.6956162721101138,0.6726531351235563,243.77241077187546,4.041456029373818,15.186316407042568,70.9162165100681,96.09672807377805,121.22144308962714,93.81765733073152
0.7068508759916174,3.9215249544953634,0.21843778568123667,0.3211331590638462,0.14535035339598748,0.6840217991331898,0.9984762651258827,61.49737866475787,3.7753230723789706,31.29201644638937,2.204398102203747,4.116298695255978,77.00345471983348,96.44035780712828
0.7068508759916174,3.9215249544953634,0.21843778568123667,0.3211331590638462,0.14535035339598748,0.6840217991331898,0.9984762651258827,61.49737866475787,3.7753230723789706,31.29201644638937,2.204398102203747,4.116298695255978,77.00345471983348,96.44035780712828
2.2331929159754598,2.8609849668435015,0.9949438132425011,0.9106349844337635,0.14799419666391006,0.6876986215463727,0.7253153469003099,357.83983891996047,4.020054897770146,135.20294569256396,27.833388918597258,100.26880440804396,62.86271556429968,24.090734965117704
2.5850741432482796,7.9297914738632755,2.444879839416899,0.05166851477876151,0.774644493995015,0.23553244034820342,0.7952723190346241,554.6487255013537,4.381031892672756,195.94793869409636,152.34075852933822,56.674884031292066,83.23087875421956,41.37422523090529
0.7068508759916174,3.9215249544953634,0.21843778568123667,0.3211331590638462,0.14535035339598748,0.6840217991331898,0.9984762651258827,61.49737866475787,3.7753230723789706,31.29201644638937,2.204398102203747,4.116298695255978,77.00345471983348,96.44035780712828
2.1941554575853544,11.278487259539883,0.14115524825536996,0.44802753210481466,0.7631277747731315,0.20743967603905833,0.8004735291595381,1030.3378631645776,4.748488232600842,1.5026443583318632,52.60474670409842,84.53410128492115,155.3241071473841,142.14375877203548
0.7068508759916174,3.9215249544953634,0.21843778568123667,0.3211331590638462,0.14535035339598748,0.6840217991331898,0.9984762651258827,61.49737866475787,3.7753230723789706,31.29201644638937,2.204398102203747,4.116298695255978,77.00345471983348,96.44035780712828
0.7068508759916174,3.9215249544953634,0.21843778568123667,0.3211331590638462,0.14535035339598748,0.6840217991331898,0.9984762651258827,61.49737866475787,3.7753230723789706,31.29201644638937,2.204398102203747,4.116298695255978,77.00345471983348,96.44035780712828
0.7068508759916174,3.9215249544953634,0.21843778568123667,0.3211331590638462,0.14535035339598748,0.6840217991331898,0.9984762651258827,61.49737866475787,3.7753230723789706,31.29201644638937,2.204398102203747,4.116298695255978,77.00345471983348,96.44035780712828
1.0153114524840094,4.545975796751018,0.7223640805145596,0.4066866507336779,0.26052042577743295,0.9107819661134152,0.9908654800846676,98.54684656872713,3.266730768474393,92.05944720299715,38.23314399399368,42.440191158116804,184.65450183520505,41.15569419588766
0.6923929476729558,3.9215249544953634,0.21843778568123667,0.7912905698923101,0.4198546291409345,0.6840217991331898,0.9984762651258827,61.49737866475787,3.7753230723789706,31.29201644638937,2.204398102203747,4.116298695255978,89.06507428995272,185.05463278797103
0.7068508759916174,3.9215249544953634,0.21843778568123667,0.3211331590638462,0.14535035339598748,0.6840217991331898,0.9984762651258827,61.49737866475787,3.7753230723789706,31.29201644638937,2.204398102203747,4.116298695255978,77.00345471983348,96.44035780712828
1.917577272027953,28.034662354944324,0.41653177517417106,0.09840102970025011,0.48262276140945565,0.8574908335800565,0.4461716526968542,202.7780266324063,3.9098711122055407,2.7956751822708292,115.37133216448098,159.59965249696464,158.16235238207776,101.87145122708807
2.2331929159754598,2.8609849668435015,0.9949438132425011,0.9106349844337635,0.14799419666391006,0.6876986215463727,0.7253153469003099,357.83983891996047,4.020054897770146,135.20294569256396,27.833388918597258,100.26880440804396,62.86271556429968,24.090734965117704
0.7068508759916174,3.9215249544953634,0.21843778568123667,0.3211331590638462,0.14535035339598748,0.6840217991331898,0.9984762651258827,61.49737866475787,3.7753230723789706,31.29201644638937,2.204398102203747,4.116298695255978,77.00345471983348,96.44035780712828
0.7068508759916174,3.9215249544953634,0.21843778568123667,0.3211331590638462,0.14535035339598748,0.6840217991331898,0.9984762651258827,61.49737866475787,3.7753230723789706,31.29201644638937,2.204398102203747,4.116298695255978,77.00345471983348,96.44035780712828
0.7068508759916174,3.9215249544953634,0.21843778568123667,0.3211331590638462,0.14535035339598748,0.6840217991331898,0.9984762651258827,61.49737866475787,3.7753230723789706,31.29201644638937,2.204398102203747,4.116298695255978,77.00345471983348,96.44035780712828
1.44480023795892,15.568304223016273,0.15203794969755954,0.280061949605633,0.567848698511336,0.6956162721101138,0.6726531351235563,243.77241077187546,4.041456029373818,15.186316407042568,70.9162165100681,96.09672807377805,121.22144308962714,93.81765733073152
2.249012990418815,2.6113907148462787,2.463173793083285,0.7094053434222171,0.5810761576734222,0.43516404546830306,0.5842140905013244,473.5893333439691,4.481386336886311,56.293604942228356,28.520077935335603,101.49304269457235,128.22696772280997,129.21523870919518
0.7068508759916174,3.9215249544953634,0.21843778568123667,0.3211331590638462,0.14535035339598748,0.6840217991331898,0.9984762651258827,61.49737866475787,3.7753230723789706,31.29201644638937,2.204398102203747,4.116298695255978,77.00345471983348,96.44035780712828
1.0103407864437293,4.081332918695379,1.405865901027369,0.910445735918493,0.5403513517312799,0.8042700997443977,0.09372397543104603,66.67315369454104,3.878852583731834,77.05778269350404,175.26353484211802,160.63276833960737,70.35605703854102,62.335391562038325
0.7068508759916174,3.9215249544953634,0.21843778568123667,0.3211331590638462,0.14535035339598748,0.6840217991331898,0.9984762651258827,61.49737866475787,3.7753230723789706,31.29201644638937,2.204398102203747,4.116298695255978,77.00345471983348,96.44035780712828
1.917577272027953,28.034662354944324,0.41653177517417106,0.09840102970025011,0.48262276140945565,0.8574908335800565,0.4461716526968542,202.7780266324063,3.9098711122055407,2.7956751822708292,115.37133216448098,159.59965249696464,158.16235238207776,101.87145122708807
0.7068508759916174,3.9215249544953634,0.21843778568123667,0.3211331590638462,0.14535035339598748,0.6840217991331898,0.9984762651258827,61.49737866475787,3.7753230723789706,31.29201644638937,2.204398102203747,4.116298695255978,77.00345471983348,96.44035780712828
0.7068508759916174,3.9215249544953634,0.21843778568123667,0.3211331590638462,0.14535035339598748,0.6840217991331898,0.9984762651258827,61.49737866475787,3.7753230723789706,31.29201644638937,2.204398102203747,4.116298695255978,77.00345471983348,96.44035780712828
0.7068508759916174,3.9215249544953634,0.21843778568123667,0.3211331590638462,0.14535035339598748,0.6840217991331898,0.9984762651258827,61.49737866475787,3.7753230723789706,31.29201644638937,2.204398102203747,4.116298695255978,77.00345471983348,96.44035780712828
2.249012990418815,2.6113907148462787,2.463173793083285,0.7094053434222171,0.5810761576734222,0.43516404546830306,0.5842140905013244,473.5893333439691,4.481386336886311,56.293604942228356,28.520077935335603,101.49304269457235,128.22696772280997,129.21523870919518
0.7068508759916174,3.9215249544953634,0.21843778568123667,0.3211331590638462,0.14535035339598748,0.6840217991331898,0.9984762651258827,61.49737866475787,3.7753230723789706,31.29201644638937,2.204398102203747,4.116298695255978,77.00345471983348,96.44035780712828
2.5850741432482796,7.9297914738632755,2.444879839416899,0.05166851477876151,0.774644493995015,0.23553244034820342,0.7952723190346241,554.6487255013537,4.381031892672756,195.94793869409636,152.34075852933822,56.674884031292066,83.23087875421956,41.37422523090529
0.6923929476729558,3.9215249544953634,0.21843778568123667,0.7912905698923101,0.4198546291409345,0.6840217991331898,0.9984762651258827,61.49737866475787,3.7753230723789706,31.29201644638937,2.204398102203747,4.116298695255978,89.06507428995272,185.05463278797103
1.0153114524840094,4.545975796751018,0.7223640805145596,0.4066866507336779,0.26052042577743295,0.9107819661134152,0.9908654800846676,98.54684656872713,3.266730768474393,92.05944720299715,38.23314399399368,42.440191158116804,184.65450183520505,41.15569419588766
0.7068508759916174,3.9215249544953634,0.21843778568123667,0.3211331590638462,0.14535035339598748,0.6840217991331898,0.9984762651258827,61.49737866475787,3.7753230723789706,31.29201644638937,2.204398102203747,4.116298695255978,77.00345471983348,96.44035780712828
2.1941554575853544,11.278487259539883,0.14115524825536996,0.44802753210481466,0.7631277747731315,0.20743967603905833,0.8004735291595381,1030.3378631645776,4.748488232600842,1.5026443583318632,52.60474670409842,84.53410128492115,155.3241071473841,142.14375877203548
2.2331929159754598,2.8609849668435015,0.9949438132425011,0.9106349844337635,0.14799419666391006,0.6876986215463727,0.7253153469003099,357.83983891996047,4.020054897770146,135.20294569256396,27.833388918597258,100.26880440804396,62.86271556429968,24.090734965117704
0.7068508759916174,3.9215249544953634,0.21843778568123667,0.3211331590638462,0.14535035339598748,0.6840217991331898,0.9984762651258827,61.49737866475787,3.7753230723789706,31.29201644638937,2.204398102203747,4.116298695255978,77.00345471983348,96.44035780712828
0.7068508759916174,3.9215249544953634,0.21843778568123667,0.3211331590638462,0.14535035339598748,0.6840217991331898,0.9984762651258827,61.49737866475787,3.7753230723789706,31.29201644638937,2.204398102203747,4.116298695255978,77.00345471983348,96.44035780712828
0.7068508759916174,3.9215249544953634,0.21843778568123667,0.3211331590638462,0.14535035339598748,0.6840217991331898,0.9984762651258827,61.49737866475787,3.7753230723789706,31.29201644638937,2.204398102203747,4.116298695255978,77.00345471983348,96.44035780712828
0.7068508759916174,3.9215249544953634,0.21843778568123667,0.3211331590638462,0.14535035339598748,0.6840217991331898,0.9984762651258827,61.49737866475787,3.7753230723789706,31.29201644638937,2.204398102203747,4.116298695255978,77.00345471983348,96.44035780712828
2.249012990418815,2.6113907148462787,2.463173793083285,0.7094053434222171,0.5810761576734222,0.43516404546830306,0.5842140905013244,473.5893333439691,4.481386336886311,56.293604942228356,28.520077935335603,101.49304269457235,128.22696772280997,129.21523870919518
1.44480023795892,15.568304223016273,0.15203794969755954,0.280061949605633,0.567848698511336,0.6956162721101138,0.6726531351235563,243.77241077187546,4.041456029373818,15.186316407042568,70.9162165100681,96.09672807377805,121.22144308962714,93.81765733073152
0.7068508759916174,3.9215249544953634,0.21843778568123667,0.3211331590638462,0.14535035339598748,0.6840217991331898,0.9984762651258827,61.49737866475787,3.7753230723789706,31.29201644638937,2.204398102203747,4.116298695255978,77.00345471983348,96.44035780712828
0.7068508759916174,3.9215249544953634,0.21843778568123667,0.3211331590638462,0.14535035339598748,0.6840217991331898,0.9984762651258827,61.49737866475787,3.7753230723789706,31.29201644638937,2.204398102203747,4.116298695255978,77.00345471983348,96.44035780712828
1.0103407864437293,4.081332918695379,1.405865901027369,0.910445735918493,0.5403513517312799,0.8042700997443977,0.09372397543104603,66.67315369454104,3.878852583731834,77.05778269350404,175.26353484211802,160.63276833960737,70.35605703854102,62.335391562038325
0.7068508759916174,3.9215249544953634,0.21843778568123667,0.3211331590638462,0.14535035339598748,0.6840217991331898,0.9984762651258827,61.49737866475787,3.7753230723789706,31.29201644638937,2.204398102203747,4.116298695255978,77.00345471983348,96.44035780712828
1.44480023795892,15.568304223016273,0.15203794969755954,0.280061949605633,0.567848698511336,0.6956162721101138,0.6726531351235563,243.77241077187546,4.041456029373818,15.186316407042568,70.9162165100681,96.09672807377805,121.22144308962714,93.81765733073152
0.7068508759916174,3.9215249544953634,0.21843778568123667,0.3211331590638462,0.14535035339598748,0.6840217991331898,0.9984762651258827,61.49737866475787,3.7753230723789706,31.29201644638937,2.204398102203747,4.116298695255978,77.00345471983348,96.44035780712828
0.7068508759916174,3.9215249544953634,0.21843778568123667,0.3211331590638462,0.14535035339598748,0.6840217991331898,0.9984762651258827,61.49737866475787,3.7753230723789706,31.29201644638937,2.204398102203747,4.116298695255978,77.00345471983348,96.44035780712828
0.7068508759916174,3.9215249544953634,0.21843778568123667,0.3211331590638462,0.14535035339598748,0.6840217991331898,0.9984762651258827,61.49737866475787,3.7753230723789706,31.29201644638937,2.204398102203747,4.116298695255978,77.00345471983348,96.44035780712828
0.6923929476729558,3.9215249544953634,0.21843778568123667,0.7912905698923101,0.4198546291409345,0.6840217991331898,0.9984762651258827,61.49737866475787,3.7753230723789706,31.29201644638937,2.204398102203747,4.116298695255978,89.06507428995272,185.05463278797103
1.0153114524840094,4.545975796751018,0.7223640805145596,0.4066866507336779,0.26052042577743295,0.9107819661134152,0.9908654800846676,98.54684656872713,3.266730768474393,92.05944720299715,38.23314399399368,42.440191158116804,184.65450183520505,41.15569419588766
2.5850741432482796,7.9297914738632755,2.444879839416899,0.05166851477876151,0.774644493995015,0.23553244034820342,0.7952723190346241,554.6487255013537,4.381031892672756,195.94793869409636,152.34075852933822,56.674884031292066,83.23087875421956,41.37422523090529
2.2331929159754598,2.8609849668435015,0.9949438132425011,0.9106349844337635,0.14799419666391006,0.6876986215463727,0.7253153469003099,357.83983891996047,4.020054897770146,135.20294569256396,27.833388918597258,100.26880440804396,62.86271556429968,24.090734965117704
0.7068508759916174,3.9215249544953634,0.21843778568123667,0.3211331590638462,0.14535035339598748,0.6840217991331898,0.9984762651258827,61.49737866475787,3.7753230723789706,31.29201644638937,2.204398102203747,4.116298695255978,77.00345471983348,96.44035780712828
0.7068508759916174,3.9215249544953634,0.21843778568123667,0.3211331590638462,0.14535035339598748,0.6840217991331898,0.9984762651258827,61.49737866475787,3.7753230723789706,31.29201644638937,2.204398102203747,4.116298695255978,77.00345471983348,96.44035780712828
0.7068508759916174,3.9215249544953634,0.21843778568123667,0.3211331590638462,0.14535035339598748,0.6840217991331898,0.9984762651258827,61.49737866475787,3.7753230723789706,31.29201644638937,2.204398102203747,4.116298695255978,77.00345471983348,96.44035780712828
0.7068508759916174,3.9215249544953634,0.21843778568123667,0.3211331590638462,0.14535035339598748,0.6840217991331898,0.9984762651258827,61.49737866475787,3.7753230723789706,31.29201644638937,2.204398102203747,4.116298695255978,77.00345471983348,96.44035780712828
2.1941554575853544,11.278487259539883,0.14115524825536996,0.44802753210481466,0.7631277747731315,0.20743967603905833,0.8004735291595381,1030.3378631645776,4.748488232600842,1.5026443583318632,52.60474670409842,84.53410128492115,155.3241071473841,142.14375877203548
0.6923929476729558,3.9215249544953634,0.21843778568123667,0.7912905698923101,0.4198546291409345,0.6840217991331898,0.9984762651258827,61.49737866475787,3.7753230723789706,31.29201644638937,2.204398102203747,4.116298695255978,89.06507428995272,185.05463278797103
2.249012990418815,2.6113907148462787,2.463173793083285,0.7094053434222171,0.5810761576734222,0.43516404546830306,0.5842140905013244,473.5893333439691,4.481386336886311,56.293604942228356,28.520077935335603,101.49304269457235,128.22696772280997,129.21523870919518
0.7068508759916174,3.9215249544953634,0.21843778568123667,0.3211331590638462,0.14535035339598748,0.6840217991331898,0.9984762651258827,61.49737866475787,3.7753230723789706,31.29201644638937,2.204398102203747,4.116298695255978,77.00345471983348,96.44035780712828
0.7068508759916174,3.9215249544953634,0.21843778568123667,0.3211331590638462,0.14535035339598748,0.6840217991331898,0.9984762651258827,61.49737866475787,3.7753230723789706,31.29201644638937,2.204398102203747,4.116298695255978,77.00345471983348,96.44035780712828
0.7068508759916174,3.9215249544953634,0.21843778568123667,0.3211331590638462,0.14535035339598748,0.6840217991331898,0.9984762651258827,61.49737866475787,3.7753230723789706,31.29201644638937,2.204398102203747,4.116298695255978,77.00345471983348,96.44035780712828
1.0153114524840094,4.545975796751018,0.7223640805145596,0.4066866507336779,0.26052042577743295,0.9107819661134152,0.9908654800846676,98.54684656872713,3.266730768474393,92.05944720299715,38.23314399399368,42.440191158116804,184.65450183520505,41.15569419588766
0.7068508759916174,3.9215249544953634,0.21843778568123667,0.3211331590638462,0.14535035339598748,0.6840217991331898,0.9984762651258827,61.49737866475787,3.7753230723789706,31.29201644638937,2.204398102203747,4.116298695255978,77.00345471983348,96.44035780712828
0.7068508759916174,3.9215249544953634,0.21843778568123667,0.3211331590638462,0.14535035339598748,0.6840217991331898,0.9984762651258827,61.49737866475787,3.7753230723789706,31.29201644638937,2.204398102203747,4.116298695255978,77.00345471983348,96.44035780712828
0.7068508759916174,3.9215249544953634,0.21843778568123667,0.3211331590638462,0.14535035339598748,0.6840217991331898,0.9984762651258827,61.49737866475787,3.7753230723789706,31.29201644638937,2.204398102203747,4.116298695255978,77.00345471983348,96.44035780712828
0.7068508759916174,3.9215249544953634,0.21843778568123667,0.3211331590638462,0.14535035339598748,0.6840217991331898,0.9984762651258827,61.49737866475787,3.7753230723789706,31.29201644638937,2.204398102203747,4.116298695255978,77.00345471983348,96.44035780712828
0.7068508759916174,3.9215249544953634,0.21843778568123667,0.3211331590638462,0.14535035339598748,0.6840217991331898,0.9984762651258827,61.49737866475787,3.7753230723789706,31.29201644638937,2.204398102203747,4.116298695255978,77.00345471983348,96.44035780712828
0.6923929476729558,3.9215249544953634,0.21843778568123667,0.7912905698923101,0.4198546291409345,0.6840217991331898,0.9984762651258827,61.49737866475787,3.7753230723789706,31.29201644638937,2.204398102203747,4.116298695255978,89.06507428995272,185.05463278797103
0.7068508759916174,3.9215249544953634,0.21843778568123667,0.3211331590638462,0.14535035339598748,0.6840217991331898,0.9984762651258827,61.49737866475787,3.7753230723789706,31.29201644638937,2.204398102203747,4.116298695255978,77.00345471983348,96.44035780712828
1.44480023795892,15.568304223016273,0.15203794969755954,0.280061949605633,0.567848698511336,0.6956162721101138,0.6726531351235563,243.77241077187546,4.041456029373818,15.186316407042568,70.9162165100681,96.09672807377805,121.22144308962714,93.81765733073152
0.7068508759916174,3.9215249544953634,0.21843778568123667,0.3211331590638462,0.14535035339598748,0.6840217991331898,0.9984762651258827,61.49737866475787,3.7753230723789706,31.29201644638937,2.204398102203747,4.116298695255978,77.00345471983348,96.44035780712828
1.0153114524840094,4.545975796751018,0.7223640805145596,0.4066866507336779,0.26052042577743295,0.9107819661134152,0.9908654800846676,98.54684656872713,3.266730768474393,92.05944720299715,38.23314399399368,42.440191158116804,184.65450183520505,41.15569419588766
1.4818878509865108,11.769434816977677,0.23375359093448383,0.8078544938092288,0.32372387781443185,0.9636104331529289,0.556742927392317,148.65116603061043,3.8739339397819057,116.81803378425613,52.83065213258294,90.95949605541375,5.402069622781582,1.3758982170264495
0.7068508759916174,3.9215249544953634,0.21843778568123667,0.3211331590638462,0.14535035339598748,0.6840217991331898,0.9984762651258827,61.49737866475787,3.7753230723789706,31.29201644638937,2.204398102203747,4.116298695255978,77.00345471983348,96.44035780712828
0.7068508759916174,3.9215249544953634,0.21843778568123667,0.3211331590638462,0.14535035339598748,0.6840217991331898,0.9984762651258827,61.49737866475787,3.7753230723789706,31.29201644638937,2.204398102203747,4.116298695255978,77.00345471983348,96.44035780712828
0.7068508759916174,3.9215249544953634,0.21843778568123667,0.3211331590638462,0.14535035339598748,0.6840217991331898,0.9984762651258827,61.49737866475787,3.7753230723789706,31.29201644638937,2.204398102203747,4.116298695255978,77.00345471983348,96.44035780712828
0.7068508759916174,3.9215249544953634,0.21843778568123667,0.3211331590638462,0.14535035339598748,0.6840217991331898,0.9984762651258827,61.49737866475787,3.7753230723789706,31.29201644638937,2.204398102203747,4.116298695255978,77.00345471983348,96.44035780712828
0.7068508759916174,3.9215249544953634,0.21843778568123667,0.3211331590638462,0.14535035339598748,0.6840217991331898,0.9984762651258827,61.49737866475787,3.7753230723789706,31.29201644638937,2.204398102203747,4.116298695255978,77.00345471983348,96.44035780712828
0.7068508759916174,3.9215249544953634,0.21843778568123667,0.3211331590638462,0.14535035339598748,0.6840217991331898,0.9984762651258827,61.49737866475787,3.7753230723789706,31.29201644638937,2.204398102203747,4.116298695255978,77.00345471983348,96.44035780712828
1.9624272601428574,2.6113907148462787,1.8808849898261824,0.7094053434222171,0.5810761576734222,0.43516404546830306,0.6665115155972453,378.18262673915046,4.969254723507589,56.293604942228356,28.520077935335603,93.77248904341258,120.60464894660814,129.21523870919518
0.7068508759916174,3.9215249544953634,0.21843778568123667,0.3211331590638462,0.14535035339598748,0.6840217991331898,0.9984762651258827,61.49737866475787,3.7753230723789706,31.29201644638937,2.204398102203747,4.116298695255978,77.00345471983348,96.44035780712828
2.5850741432482796,7.9297914738632755,2.444879839416899,0.05166851477876151,0.774644493995015,0.23553244034820342,0.7952723190346241,554.6487255013537,4.381031892672756,195.94793869409636,152.34075852933822,56.674884031292066,83.23087875421956,41.37422523090529
0.7068508759916174,3.9215249544953634,0.21843778568123667,0.3211331590638462,0.14535035339598748,0.6840217991331898,0.9984762651258827,61.49737866475787,3.7753230723789706,31.29201644638937,2.204398102203747,4.116298695255978,77.00345471983348,96.44035780712828
1.0153114524840094,4.545975796751018,0.7223640805145596,0.4066866507336779,0.26052042577743295,0.9107819661134152,0.9908654800846676,98.54684656872713,3.266730768474393,92.05944720299715,38.23314399399368,42.440191158116804,184.65450183520505,41.15569419588766
2.1941554575853544,11.278487259539883,0.14115524825536996,0.44802753210481466,0.7631277747731315,0.20743967603905833,0.8004735291595381,1030.3378631645776,4.748488232600842,1.5026443583318632,52.60474670409842,84.53410128492115,155.3241071473841,142.14375877203548
0.7068508759916174,3.9215249544953634,0.21843778568123667,0.3211331590638462,0.14535035339598748,0.6840217991331898,0.9984762651258827,61.49737866475787,3.7753230723789706,31.29201644638937,2.204398102203747,4.116298695255978,77.00345471983348,96.44035780712828
1.44480023795892,15.568304223016273,0.15203794969755954,0.280061949605633,0.567848698511336,0.6956162721101138,0.6726531351235563,243.77241077187546,4.041456029373818,15.186316407042568,70.9162165100681,96.09672807377805,121.22144308962714,93.81765733073152
0.6923929476729558,3.9215249544953634,0.21843778568123667,0.7912905698923101,0.4198546291409345,0.6840217991331898,0.9984762651258827,61.49737866475787,3.7753230723789706,31.29201644638937,2.204398102203747,4.116298695255978,89.06507428995272,185.05463278797103
0.7068508759916174,3.9215249544953634,0.21843778568123667,0.3211331590638462,0.14535035339598748,0.6840217991331898,0.9984762651258827,61.49737866475787,3.7753230723789706,31.29201644638937,2.204398102203747,4.116298695255978,77.00345471983348,96.44035780712828
0.7068508759916174,3.9215249544953634,0.21843778568123667,0.3211331590638462,0.14535035339598748,0.6840217991331898,0.9984762651258827,61.49737866475787,3.7753230723789706,31.29201644638937,2.204398102203747,4.116298695255978,77.00345471983348,96.44035780712828
1.4818878509865108,11.769434816977677,0.23375359093448383,0.8078544938092288,0.32372387781443185,0.9636104331529289,0.556742927392317,148.65116603061043,3.8739339397819057,116.81803378425613,52.83065213258294,90.95949605541375,5.402069622781582,1.3758982170264495
0.7068508759916174,3.9215249544953634,0.21843778568123667,0.3211331590638462,0.14535035339598748,0.6840217991331898,0.9984762651258827,61.49737866475787,3.7753230723789706,31.29201644638937,2.204398102203747,4.116298695255978,77.00345471983348,96.44035780712828
1.0153114524840094,4.545975796751018,0.7223640805145596,0.4066866507336779,0.26052042577743295,0.9107819661134152,0.9908654800846676,98.54684656872713,3.266730768474393,92.05944720299715,38.23314399399368,42.440191158116804,184.65450183520505,41.15569419588766
0.7068508759916174,3.9215249544953634,0.21843778568123667,0.3211331590638462,0.14535035339598748,0.6840217991331898,0.9984762651258827,61.49737866475787,3.7753230723789706,31.29201644638937,2.204398102203747,4.116298695255978,77.00345471983348,96.44035780712828
0.7068508759916174,3.9215249544953634,0.21843778568123667,0.3211331590638462,0.14535035339598748,0.6840217991331898,0.9984762651258827,61.49737866475787,3.7753230723789706,31.29201644638937,2.204398102203747,4.116298695255978,77.00345471983348,96.44035780712828
0.7068508759916174,3.9215249544953634,0.21843778568123667,0.3211331590638462,0.14535035339598748,0.6840217991331898,0.9984762651258827,61.49737866475787,3.7753230723789706,31.29201644638937,2.204398102203747,4.116298695255978,77.00345471983348,96.44035780712828
2.1941554575853544,11.278487259539883,0.14115524825536996,0.44802753210481466,0.7631277747731315,0.20743967603905833,0.8004735291595381,1030.3378631645776,4.748488232600842,1.5026443583318632,52.60474670409842,84.53410128492115,155.3241071473841,142.14375877203548
0.7068508759916174,3.9215249544953634,0.21843778568123667,0.3211331590638462,0.14535035339598748,0.6840217991331898,0.9984762651258827,61.49737866475787,3.7753230723789706,31.29201644638937,2.204398102203747,4.116298695255978,77.00345471983348,96.44035780712828
1.9624272601428574,2.6113907148462787,1.8808849898261824,0.7094053434222171,0.5810761576734222,0.43516404546830306,0.6665115155972453,378.18262673915046,4.969254723507589,56.293604942228356,28.520077935335603,93.77248904341258,120.60464894660814,129.21523870919518
1.44480023795892,15.568304223016273,0.15203794969755954,0.280061949605633,0.567848698511336,0.6956162721101138,0.6726531351235563,243.77241077187546,4.041456029373818,15.186316407042568,70.9162165100681,96.09672807377805,121.22144308962714,93.81765733073152
0.7068508759916174,3.9215249544953634,0.21843778568123667,0.3211331590638462,0.14535035339598748,0.6840217991331898,0.9984762651258827,61.49737866475787,3.7753230723789706,31.29201644638937,2.204398102203747,4.116298695255978,77.00345471983348,96.44035780712828
0.6923929476729558,3.9215249544953634,0.21843778568123667,0.7912905698923101,0.4198546291409345,0.6840217991331898,0.9984762651258827,61.49737866475787,3.7753230723789706,31.29201644638937,2.204398102203747,4.116298695255978,89.06507428995272,185.05463278797103
1.4818878509865108,11.769434816977677,0.23375359093448383,0.8078544938092288,0.32372387781443185,0.9636104331529289,0.556742927392317,148.65116603061043,3.8739339397819057,116.81803378425613,52.83065213258294,90.95949605541375,5.402069622781582,1.3758982170264495
0.7068508759916174,3.9215249544953634,0.21843778568123667,0.3211331590638462,0.14535035339598748,0.6840217991331898,0.9984762651258827,61.49737866475787,3.7753230723789706,31.29201644638937,2.204398102203747,4.116298695255978,77.00345471983348,96.44035780712828
0.7068508759916174,3.9215249544953634,0.21843778568123667,0.3211331590638462,0.14535035339598748,0.6840217991331898,0.9984762651258827,61.49737866475787,3.7753230723789706,31.29201644638937,2.204398102203747,4.116298695255978,77.00345471983348,96.44035780712828
1.0153114524840094,4.545975796751018,0.7223640805145596,0.4066866507336779,0.26052042577743295,0.9107819661134152,0.9908654800846676,98.54684656872713,3.266730768474393,92.05944720299715,38.23314399399368,42.440191158116804,184.65450183520505,41.15569419588766
2.5460714269949505,52.55568671343048,4.24268148786813,0.19368561333928153,0.6168562142285159,0.2674477271604426,0.8398281561284586,178.49554598122913,4.955437614127715,86.05037172327683,187.55672798967672,113.95751159971326,185.13157892411613,84.61771052505485
0.7068508759916174,3.9215249544953634,0.21843778568123667,0.3211331590638462,0.14535035339598748,0.6840217991331898,0.9984762651258827,61.49737866475787,3.7753230723789706,31.29201644638937,2.204398102203747,4.116298695255978,77.00345471983348,96.44035780712828
0.7068508759916174,3.9215249544953634,0.21843778568123667,0.3211331590638462,0.14535035339598748,0.6840217991331898,0.9984762651258827,61.49737866475787,3.7753230723789706,31.29201644638937,2.204398102203747,4.116298695255978,77.00345471983348,96.44035780712828
0.7068508759916174,3.9215249544953634,0.21843778568123667,0.3211331590638462,0.14535035339598748,0.6840217991331898,0.9984762651258827,61.49737866475787,3.7753230723789706,31.29201644638937,2.204398102203747,4.116298695255978,77.00345471983348,96.44035780712828
0.6923929476729558,3.9215249544953634,0.21843778568123667,0.7912905698923101,0.4198546291409345,0.6840217991331898,0.9984762651258827,61.49737866475787,3.7753230723789706,31.29201644638937,2.204398102203747,4.116298695255978,89.06507428995272,185.05463278797103
1.4818878509865108,11.769434816977677,0.23375359093448383,0.8078544938092288,0.32372387781443185,0.9636104331529289,0.556742927392317,148.65116603061043,3.8739339397819057,116.81803378425613,52.83065213258294,90.95949605541375,5.402069622781582,1.3758982170264495
0.7068508759916174,3.9215249544953634,0.21843778568123667,0.3211331590638462,0.14535035339598748,0.6840217991331898,0.9984762651258827,61.49737866475787,3.7753230723789706,31.29201644638937,2.204398102203747,4.116298695255978,77.00345471983348,96.44035780712828
1.0153114524840094,4.545975796751018,0.7223640805145596,0.4066866507336779,0.26052042577743295,0.9107819661134152,0.9908654800846676,98.54684656872713,3.266730768474393,92.05944720299715,38.23314399399368,42.440191158116804,184.65450183520505,41.15569419588766
0.7068508759916174,3.9215249544953634,0.21843778568123667,0.3211331590638462,0.14535035339598748,0.6840217991331898,0.9984762651258827,61.49737866475787,3.7753230723789706,31.29201644638937,2.204398102203747,4.116298695255978,77.00345471983348,96.44035780712828
0.7068508759916174,3.9215249544953634,0.21843778568123667,0.3211331590638462,0.14535035339598748,0.6840217991331898,0.9984762651258827,61.49737866475787,3.7753230723789706,31.29201644638937,2.204398102203747,4.116298695255978,77.00345471983348,96.44035780712828
0.7068508759916174,3.9215249544953634,0.21843778568123667,0.3211331590638462,0.14535035339598748,0.6840217991331898,0.9984762651258827,61.49737866475787,3.7753230723789706,31.29201644638937,2.204398102203747,4.116298695255978,77.00345471983348,96.44035780712828
0.7068508759916174,3.9215249544953634,0.21843778568123667,0.3211331590638462,0.14535035339598748,0.6840217991331898,0.9984762651258827,61.49737866475787,3.7753230723789706,31.29201644638937,2.204398102203747,4.116298695255978,77.00345471983348,96.44035780712828
0.7068508759916174,3.9215249544953634,0.21843778568123667,0.3211331590638462,0.14535035339598748,0.6840217991331898,0.9984762651258827,61.49737866475787,3.7753230723789706,31.29201644638937,2.204398102203747,4.116298695255978,77.00345471983348,96.44035780712828
0.6923929476729558,3.9215249544953634,0.21843778568123667,0.7912905698923101,0.4198546291409345,0.6840217991331898,0.9984762651258827,61.49737866475787,3.7753230723789706,31.29201644638937,2.204398102203747,4.116298695255978,89.06507428995272,185.05463278797103
0.7068508759916174,3.9215249544953634,0.21843778568123667,0.3211331590638462,0.14535035339598748,0.6840217991331898,0.9984762651258827,61.49737866475787,3.7753230723789706,31.29201644638937,2.204398102203747,4.116298695255978,77.00345471983348,96.44035780712828
1.44480023795892,15.568304223016273,0.15203794969755954,0.280061949605633,0.567848698511336,0.6956162721101138,0.6726531351235563,243.77241077187546,4.041456029373818,15.186316407042568,70.9162165100681,96.09672807377805,121.22144308962714,93.81765733073152
1.9624272601428574,2.6113907148462787,1.8808849898261824,0.7094053434222171,0.5810761576734222,0.43516404546830306,0.6665115155972453,378.18262673915046,4.969254723507589,56.293604942228356,28.520077935335603,93.77248904341258,120.60464894660814,129.21523870919518
0.7068508759916174,3.9215249544953634,0.21843778568123667,0.3211331590638462,0.14535035339598748,0.6840217991331898,0.9984762651258827,61.49737866475787,3.7753230723789706,31.29201644638937,2.204398102203747,4.116298695255978,77.00345471983348,96.44035780712828
2.1941554575853544,11.278487259539883,0.14115524825536996,0.44802753210481466,0.7631277747731315,0.20743967603905833,0.8004735291595381,1030.3378631645776,4.748488232600842,1.5026443583318632,52.60474670409842,84.53410128492115,155.3241071473841,142.14375877203548
0.7068508759916174,3.9215249544953634,0.21843778568123667,0.3211331590638462,0.14535035339598748,0.6840217991331898,0.9984762651258827,61.49737866475787,3.7753230723789706,31.29201644638937,2.204398102203747,4.116298695255978,77.00345471983348,96.44035780712828
0.7068508759916174,3.9215249544953634,0.21843778568123667,0.3211331590638462,0.14535035339598748,0.6840217991331898,0.9984762651258827,61.49737866475787,3.7753230723789706,31.29201644638937,2.204398102203747,4.116298695255978,77.00345471983348,96.44035780712828
0.7068508759916174,3.9215249544953634,0.21843778568123667,0.3211331590638462,0.14535035339598748,0.6840217991331898,0.9984762651258827,61.49737866475787,3.7753230723789706,31.29201644638937,2.204398102203747,4.116298695255978,77.00345471983348,96.44035780712828
2.5460714269949505,52.55568671343048,4.24268148786813,0.19368561333928153,0.6168562142285159,0.2674477271604426,0.8398281561284586,178.49554598122913,4.955437614127715,86.05037172327683,187.55672798967672,113.95751159971326,185.13157892411613,84.61771052505485
0.7068508759916174,3.9215249544953634,0.21843778568123667,0.3211331590638462,0.14535035339598748,0.6840217991331898,0.9984762651258827,61.49737866475787,3.7753230723789706,31.29201644638937,2.204398102203747,4.116298695255978,77.00345471983348,96.44035780712828
0.7068508759916174,3.9215249544953634,0.21843778568123667,0.3211331590638462,0.14535035339598748,0.6840217991331898,0.9984762651258827,61.49737866475787,3.7753230723789706,31.29201644638937,2.204398102203747,4.116298695255978,77.00345471983348,96.44035780712828
1.4818878509865108,11.769434816977677,0.23375359093448383,0.8078544938092288,0.32372387781443185,0.9636104331529289,0.556742927392317,148.65116603061043,3.8739339397819057,116.81803378425613,52.83065213258294,90.95949605541375,5.402069622781582,1.3758982170264495
1.9624272601428574,2.6113907148462787,1.8808849898261824,0.7094053434222171,0.5810761576734222,0.43516404546830306,0.6665115155972453,378.18262673915046,4.969254723507589,56.293604942228356,28.520077935335603,93.77248904341258,120.60464894660814,129.21523870919518
0.7068508759916174,3.9215249544953634,0.21843778568123667,0.3211331590638462,0.14535035339598748,0.6840217991331898,0.9984762651258827,61.49737866475787,3.7753230723789706,31.29201644638937,2.204398102203747,4.116298695255978,77.00345471983348,96.44035780712828
0.7068508759916174,3.9215249544953634,0.21843778568123667,0.3211331590638462,0.14535035339598748,0.6840217991331898,0.9984762651258827,61.49737866475787,3.7753230723789706,31.29201644638937,2.204398102203747,4.116298695255978,77.00345471983348,96.44035780712828
1.0153114524840094,4.545975796751018,0.7223640805145596,0.4066866507336779,0.26052042577743295,0.9107819661134152,0.9908654800846676,98.54684656872713,3.266730768474393,92.05944720299715,38.23314399399368,42.440191158116804,184.65450183520505,41.15569419588766
0.7068508759916174,3.9215249544953634,0.21843778568123667,0.3211331590638462,0.14535035339598748,0.6840217991331898,0.9984762651258827,61.49737866475787,3.7753230723789706,31.29201644638937,2.204398102203747,4.116298695255978,77.00345471983348,96.44035780712828
2.1941554575853544,11.278487259539883,0.14115524825536996,0.44802753210481466,0.7631277747731315,0.20743967603905833,0.8004735291595381,1030.3378631645776,4.748488232600842,1.5026443583318632,52.60474670409842,84.53410128492115,155.3241071473841,142.14375877203548
0.6923929476729558,3.9215249544953634,0.21843778568123667,0.7912905698923101,0.4198546291409345,0.6840217991331898,0.9984762651258827,61.49737866475787,3.7753230723789706,31.29201644638937,2.204398102203747,4.116298695255978,89.06507428995272,185.05463278797103
1.44480023795892,15.568304223016273,0.15203794969755954,0.280061949605633,0.567848698511336,0.6956162721101138,0.6726531351235563,243.77241077187546,4.041456029373818,15.186316407042568,70.9162165100681,96.09672807377805,121.22144308962714,93.81765733073152
0.7068508759916174,3.9215249544953634,0.21843778568123667,0.3211331590638462,0.14535035339598748,0.6840217991331898,0.9984762651258827,61.49737866475787,3.7753230723789706,31.29201644638937,2.204398102203747,4.116298695255978,77.00345471983348,96.44035780712828
2.5460714269949505,52.55568671343048,4.24268148786813,0.19368561333928153,0.6168562142285159,0.2674477271604426,0.8398281561284586,178.49554598122913,4.955437614127715,86.05037172327683,187.55672798967672,113.95751159971326,185.13157892411613,84.61771052505485
0.7068508759916174,3.9215249544953634,0.21843778568123667,0.3211331590638462,0.14535035339598748,0.6840217991331898,0.9984762651258827,61.49737866475787,3.7753230723789706,31.29201644638937,2.204398102203747,4.116298695255978,77.00345471983348,96.44035780712828
0.7068508759916174,3.9215249544953634,0.21843778568123667,0.3211331590638462,0.14535035339598748,0.6840217991331898,0.9984762651258827,61.49737866475787,3.7753230723789706,31.29201644638937,2.204398102203747,4.116298695255978,77.00345471983348,96.44035780712828
1.0153114524840094,4.545975796751018,0.7223640805145596,0.4066866507336779,0.26052042577743295,0.9107819661134152,0.9908654800846676,98.54684656872713,3.266730768474393,92.05944720299715,38.23314399399368,42.440191158116804,184.65450183520505,41.15569419588766
0.7068508759916174,3.9215249544953634,0.21843778568123667,0.3211331590638462,0.14535035339598748,0.6840217991331898,0.9984762651258827,61.49737866475787,3.7753230723789706,31.29201644638937,2.204398102203747,4.116298695255978,77.00345471983348,96.44035780712828
0.7068508759916174,3.9215249544953634,0.21843778568123667,0.3211331590638462,0.14535035339598748,0.6840217991331898,0.9984762651258827,61.49737866475787,3.7753230723789706,31.29201644638937,2.204398102203747,4.116298695255978,77.00345471983348,96.44035780712828
1.44480023795892,15.568304223016273,0.15203794969755954,0.280061949605633,0.567848698511336,0.6956162721101138,0.6726531351235563,243.77241077187546,4.041456029373818,15.186316407042568,70.9162165100681,96.09672807377805,121.22144308962714,93.81765733073152
0.7068508759916174,3.9215249544953634,0.21843778568123667,0.3211331590638462,0.14535035339598748,0.6840217991331898,0.9984762651258827,61.49737866475787,3.7753230723789706,31.29201644638937,2.204398102203747,4.116298695255978,77.00345471983348,96.44035780712828
1.4818878509865108,11.769434816977677,0.23375359093448383,0.8078544938092288,0.32372387781443185,0.9636104331529289,0.556742927392317,148.65116603061043,3.8739339397819057,116.81803378425613,52.83065213258294,90.95949605541375,5.402069622781582,1.3758982170264495
2.1941554575853544,11.278487259539883,0.14115524825536996,0.44802753210481466,0.7631277747731315,0.20743967603905833,0.8004735291595381,1030.3378631645776,4.748488232600842,1.5026443583318632,52.60474670409842,84.53410128492115,155.3241071473841,142.14375877203548
0.7068508759916174,3.9215249544953634,0.21843778568123667,0.3211331590638462,0.14535035339598748,0.6840217991331898,0.9984762651258827,61.49737866475787,3.7753230723789706,31.29201644638937,2.204398102203747,4.116298695255978,77.00345471983348,96.44035780712828
0.7068508759916174,3.9215249544953634,0.21843778568123667,0.3211331590638462,0.14535035339598748,0.6840217991331898,0.9984762651258827,61.49737866475787,3.7753230723789706,31.29201644638937,2.204398102203747,4.116298695255978,77.00345471983348,96.44035780712828
1.9624272601428574,2.6113907148462787,1.8808849898261824,0.7094053434222171,0.5810761576734222,0.43516404546830306,0.6665115155972453,378.18262673915046,4.969254723507589,56.293604942228356,28.520077935335603,93.77248904341258,120.60464894660814,129.21523870919518
1.0153114524840094,4.545975796751018,0.7223640805145596,0.4066866507336779,0.26052042577743295,0.9107819661134152,0.9908654800846676,98.54684656872713,3.266730768474393,92.05944720299715,38.23314399399368,42.440191158116804,184.65450183520505,41.15569419588766
0.7068508759916174,3.9215249544953634,0.21843778568123667,0.3211331590638462,0.14535035339598748,0.6840217991331898,0.9984762651258827,61.49737866475787,3.7753230723789706,31.29201644638937,2.204398102203747,4.116298695255978,77.00345471983348,96.44035780712828
2.5460714269949505,52.55568671343048,4.24268148786813,0.19368561333928153,0.6168562142285159,0.2674477271604426,0.8398281561284586,178.49554598122913,4.955437614127715,86.05037172327683,187.55672798967672,113.95751159971326,185.13157892411613,84.61771052505485
0.7068508759916174,3.9215249544953634,0.21843778568123667,0.3211331590638462,0.14535035339598748,0.6840217991331898,0.9984762651258827,61.49737866475787,3.7753230723789706,31.29201644638937,2.204398102203747,4.116298695255978,77.00345471983348,96.44035780712828
0.7068508759916174,3.9215249544953634,0.21843778568123667,0.3211331590638462,0.14535035339598748,0.6840217991331898,0.9984762651258827,61.49737866475787,3.7753230723789706,31.29201644638937,2.204398102203747,4.116298695255978,77.00345471983348,96.44035780712828
0.6923929476729558,3.9215249544953634,0.21843778568123667,0.7912905698923101,0.4198546291409345,0.6840217991331898,0.9984762651258827,61.49737866475787,3.7753230723789706,31.29201644638937,2.204398102203747,4.116298695255978,89.06507428995272,185.05463278797103
0.7068508759916174,3.9215249544953634,0.21843778568123667,0.3211331590638462,0.14535035339598748,0.6840217991331898,0.9984762651258827,61.49737866475787,3.7753230723789706,31.29201644638937,2.204398102203747,4.116298695255978,77.00345471983348,96.44035780712828
0.7068508759916174,3.9215249544953634,0.21843778568123667,0.3211331590638462,0.14535035339598748,0.6840217991331898,0.9984762651258827,61.49737866475787,3.7753230723789706,31.29201644638937,2.204398102203747,4.116298695255978,77.00345471983348,96.44035780712828
1.9624272601428574,2.6113907148462787,1.8808849898261824,0.7094053434222171,0.5810761576734222,0.43516404546830306,0.6665115155972453,378.18262673915046,4.969254723507589,56.293604942228356,28.520077935335603,93.77248904341258,120.60464894660814,129.21523870919518
0.7068508759916174,3.9215249544953634,0.21843778568123667,0.3211331590638462,0.14535035339598748,0.6840217991331898,0.9984762651258827,61.49737866475787,3.7753230723789706,31.29201644638937,2.204398102203747,4.116298695255978,77.00345471983348,96.44035780712828
0.7068508759916174,3.9215249544953634,0.21843778568123667,0.3211331590638462,0.14535035339598748,0.6840217991331898,0.9984762651258827,61.49737866475787,3.7753230723789706,31.29201644638937,2.204398102203747,4.116298695255978,77.00345471983348,96.44035780712828
1.4818878509865108,11.769434816977677,0.23375359093448383,0.8078544938092288,0.32372387781443185,0.9636104331529289,0.556742927392317,148.65116603061043,3.8739339397819057,116.81803378425613,52.83065213258294,90.95949605541375,5.402069622781582,1.3758982170264495
2.5460714269949505,52.55568671343048,4.24268148786813,0.19368561333928153,0.6168562142285159,0.2674477271604426,0.8398281561284586,178.49554598122913,4.955437614127715,86.05037172327683,187.55672798967672,113.95751159971326,185.13157892411613,84.61771052505485
0.7068508759916174,3.9215249544953634,0.21843778568123667,0.3211331590638462,0.14535035339598748,0.6840217991331898,0.9984762651258827,61.49737866475787,3.7753230723789706,31.29201644638937,2.204398102203747,4.116298695255978,77.00345471983348,96.44035780712828
1.44480023795892,15.568304223016273,0.15203794969755954,0.280061949605633,0.567848698511336,0.6956162721101138,0.6726531351235563,243.77241077187546,4.041456029373818,15.186316407042568,70.9162165100681,96.09672807377805,121.22144308962714,93.81765733073152
1.0153114524840094,4.545975796751018,0.7223640805145596,0.4066866507336779,0.26052042577743295,0.9107819661134152,0.9908654800846676,98.54684656872713,3.266730768474393,92.05944720299715,38.23314399399368,42.440191158116804,184.65450183520505,41.15569419588766
0.7068508759916174,3.9215249544953634,0.21843778568123667,0.3211331590638462,0.14535035339598748,0.6840217991331898,0.9984762651258827,61.49737866475787,3.7753230723789706,31.29201644638937,2.204398102203747,4.116298695255978,77.00345471983348,96.44035780712828
0.7068508759916174,3.9215249544953634,0.21843778568123667,0.3211331590638462,0.14535035339598748,0.6840217991331898,0.9984762651258827,61.49737866475787,3.7753230723789706,31.29201644638937,2.204398102203747,4.116298695255978,77.00345471983348,96.44035780712828
0.7068508759916174,3.9215249544953634,0.21843778568123667,0.3211331590638462,0.14535035339598748,0.6840217991331898,0.9984762651258827,61.49737866475787,3.7753230723789706,31.29201644638937,2.204398102203747,4.116298695255978,77.00345471983348,96.44035780712828
1.9624272601428574,2.6113907148462787,1.8808849898261824,0.7094053434222171,0.5810761576734222,0.43516404546830306,0.6665115155972453,378.18262673915046,4.969254723507589,56.293604942228356,28.520077935335603,93.77248904341258,120.60464894660814,129.21523870919518
0.7068508759916174,3.9215249544953634,0.21843778568123667,0.3211331590638462,0.14535035339598748,0.6840217991331898,0.9984762651258827,61.49737866475787,3.7753230723789706,31.29201644638937,2.204398102203747,4.116298695255978,77.00345471983348,96.44035780712828
2.1941554575853544,11.278487259539883,0.14115524825536996,0.44802753210481466,0.7631277747731315,0.20743967603905833,0.8004735291595381,1030.3378631645776,4.748488232600842,1.5026443583318632,52.60474670409842,84.53410128492115,155.3241071473841,142.14375877203548
0.7068508759916174,3.9215249544953634,0.21843778568123667,0.3211331590638462,0.14535035339598748,0.6840217991331898,0.9984762651258827,61.49737866475787,3.7753230723789706,31.29201644638937,2.204398102203747,4.116298695255978,77.00345471983348,96.44035780712828
0.7068508759916174,3.9215249544953634,0.21843778568123667,0.3211331590638462,0.14535035339598748,0.6840217991331898,0.9984762651258827,61.49737866475787,3.7753230723789706,31.29201644638937,2.204398102203747,4.116298695255978,77.00345471983348,96.44035780712828
0.7068508759916174,3.9215249544953634,0.21843778568123667,0.3211331590638462,0.14535035339598748,0.6840217991331898,0.9984762651258827,61.49737866475787,3.7753230723789706,31.29201644638937,2.204398102203747,4.116298695255978,77.00345471983348,96.44035780712828
0.7068508759916174,3.9215249544953634,0.21843778568123667,0.3211331590638462,0.14535035339598748,0.6840217991331898,0.9984762651258827,61.49737866475787,3.7753230723789706,31.29201644638937,2.204398102203747,4.116298695255978,77.00345471983348,96.44035780712828
0.7068508759916174,3.9215249544953634,0.21843778568123667,0.3211331590638462,0.14535035339598748,0.6840217991331898,0.9984762651258827,61.49737866475787,3.7753230723789706,31.29201644638937,2.204398102203747,4.116298695255978,77.00345471983348,96.44035780712828
0.6923929476729558,3.9215249544953634,0.21843778568123667,0.7912905698923101,0.4198546291409345,0.6840217991331898,0.9984762651258827,61.49737866475787,3.7753230723789706,31.29201644638937,2.204398102203747,4.116298695255978,89.06507428995272,185.05463278797103
1.9624272601428574,2.6113907148462787,1.8808849898261824,0.7094053434222171,0.5810761576734222,0.43516404546830306,0.6665115155972453,378.18262673915046,4.969254723507589,56.293604942228356,28.520077935335603,93.77248904341258,120.60464894660814,129.21523870919518
1.4818878509865108,11.769434816977677,0.23375359093448383,0.8078544938092288,0.32372387781443185,0.9636104331529289,0.556742927392317,148.65116603061043,3.8739339397819057,116.81803378425613,52.83065213258294,90.95949605541375,5.402069622781582,1.3758982170264495
0.7068508759916174,3.9215249544953634,0.21843778568123667,0.3211331590638462,0.14535035339598748,0.6840217991331898,0.9984762651258827,61.49737866475787,3.7753230723789706,31.29201644638937,2.204398102203747,4.116298695255978,77.00345471983348,96.44035780712828
0.7068508759916174,3.9215249544953634,0.21843778568123667,0.3211331590638462,0.14535035339598748,0.6840217991331898,0.9984762651258827,61.49737866475787,3.7753230723789706,31.29201644638937,2.204398102203747,4.116298695255978,77.00345471983348,96.44035780712828
2.1941554575853544,11.278487259539883,0.14115524825536996,0.44802753210481466,0.7631277747731315,0.20743967603905833,0.8004735291595381,1030.3378631645776,4.748488232600842,1.5026443583318632,52.60474670409842,84.53410128492115,155.3241071473841,142.14375877203548
0.7068508759916174,3.9215249544953634,0.21843778568123667,0.3211331590638462,0.14535035339598748,0.6840217991331898,0.9984762651258827,61.49737866475787,3.7753230723789706,31.29201644638937,2.204398102203747,4.116298695255978,77.00345471983348,96.44035780712828
1.0153114524840094,4.545975796751018,0.7223640805145596,0.4066866507336779,0.26052042577743295,0.9107819661134152,0.9908654800846676,98.54684656872713,3.266730768474393,92.05944720299715,38.23314399399368,42.440191158116804,184.65450183520505,41.15569419588766
1.44480023795892,15.568304223016273,0.15203794969755954,0.280061949605633,0.567848698511336,0.6956162721101138,0.6726531351235563,243.77241077187546,4.041456029373818,15.186316407042568,70.9162165100681,96.09672807377805,121.22144308962714,93.81765733073152
0.7068508759916174,3.9215249544953634,0.21843778568123667,0.3211331590638462,0.14535035339598748,0.6840217991331898,0.9984762651258827,61.49737866475787,3.7753230723789706,31.29201644638937,2.204398102203747,4.116298695255978,77.00345471983348,96.44035780712828
0.7068508759916174,3.9215249544953634,0.21843778568123667,0.3211331590638462,0.14535035339598748,0.6840217991331898,0.9984762651258827,61.49737866475787,3.7753230723789706,31.29201644638937,2.204398102203747,4.116298695255978,77.00345471983348,96.44035780712828
0.7068508759916174,3.9215249544953634,0.21843778568123667,0.3211331590638462,0.14535035339598748,0.6840217991331898,0.9984762651258827,61.49737866475787,3.7753230723789706,31.29201644638937,2.204398102203747,4.116298695255978,77.00345471983348,96.44035780712828
0.7068508759916174,3.9215249544953634,0.21843778568123667,0.3211331590638462,0.14535035339598748,0.6840217991331898,0.9984762651258827,61.49737866475787,3.7753230723789706,31.29201644638937,2.204398102203747,4.116298695255978,77.00345471983348,96.44035780712828
2.5460714269949505,52.55568671343048,4.24268148786813,0.19368561333928153,0.6168562142285159,0.2674477271604426,0.8398281561284586,178.49554598122913,4.955437614127715,86.05037172327683,187.55672798967672,113.95751159971326,185.13157892411613,84.61771052505485
0.7068508759916174,3.9215249544953634,0.21843778568123667,0.3211331590638462,0.14535035339598748,0.6840217991331898,0.9984762651258827,61.49737866475787,3.7753230723789706,31.29201644638937,2.204398102203747,4.116298695255978,77.00345471983348,96.44035780712828
0.7068508759916174,3.9215249544953634,0.21843778568123667,0.3211331590638462,0.14535035339598748,0.6840217991331898,0.9984762651258827,61.49737866475787,3.7753230723789706,31.29201644638937,2.204398102203747,4.116298695255978,77.00345471983348,96.44035780712828
1.9624272601428574,2.6113907148462787,1.8808849898261824,0.7094053434222171,0.5810761576734222,0.43516404546830306,0.6665115155972453,378.18262673915046,4.969254723507589,56.293604942228356,28.520077935335603,93.77248904341258,120.60464894660814,129.21523870919518
1.4818878509865108,11.769434816977677,0.23375359093448383,0.8078544938092288,0.32372387781443185,0.9636104331529289,0.556742927392317,148.65116603061043,3.8739339397819057,116.81803378425613,52.83065213258294,90.95949605541375,5.402069622781582,1.3758982170264495
1.44480023795892,15.568304223016273,0.15203794969755954,0.280061949605633,0.567848698511336,0.6956162721101138,0.6726531351235563,243.77241077187546,4.041456029373818,15.186316407042568,70.9162165100681,96.09672807377805,121.22144308962714,93.81765733073152
0.7068508759916174,3.9215249544953634,0.21843778568123667,0.3211331590638462,0.14535035339598748,0.6840217991331898,0.9984762651258827,61.49737866475787,3.7753230723789706,31.29201644638937,2.204398102203747,4.116298695255978,77.00345471983348,96.44035780712828
0.7068508759916174,3.9215249544953634,0.21843778568123667,0.3211331590638462,0.14535035339598748,0.6840217991331898,0.9984762651258827,61.49737866475787,3.7753230723789706,31.29201644638937,2.204398102203747,4.116298695255978,77.00345471983348,96.44035780712828
1.0153114524840094,4.545975796751018,0.7223640805145596,0.4066866507336779,0.26052042577743295,0.9107819661134152,0.9908654800846676,98.54684656872713,3.266730768474393,92.05944720299715,38.23314399399368,42.440191158116804,184.65450183520505,41.15569419588766
2.1941554575853544,11.278487259539883,0.14115524825536996,0.44802753210481466,0.7631277747731315,0.20743967603905833,0.8004735291595381,1030.3378631645776,4.748488232600842,1.5026443583318632,52.60474670409842,84.53410128492115,155.3241071473841,142.14375877203548
0.7068508759916174,3.9215249544953634,0.21843778568123667,0.3211331590638462,0.14535035339598748,0.6840217991331898,0.9984762651258827,61.49737866475787,3.7753230723789706,31.29201644638937,2.204398102203747,4.116298695255978,77.00345471983348,96.44035780712828
0.6923929476729558,3.9215249544953634,0.21843778568123667,0.7912905698923101,0.4198546291409345,0.6840217991331898,0.9984762651258827,61.49737866475787,3.7753230723789706,31.29201644638937,2.204398102203747,4.116298695255978,89.06507428995272,185.05463278797103
0.7068508759916174,3.9215249544953634,0.21843778568123667,0.3211331590638462,0.14535035339598748,0.6840217991331898,0.9984762651258827,61.49737866475787,3.7753230723789706,31.29201644638937,2.204398102203747,4.116298695255978,77.00345471983348,96.44035780712828
0.7068508759916174,3.9215249544953634,0.21843778568123667,0.3211331590638462,0.14535035339598748,0.6840217991331898,0.9984762651258827,61.49737866475787,3.7753230723789706,31.29201644638937,2.204398102203747,4.116298695255978,77.00345471983348,96.44035780712828
1.9624272601428574,2.6113907148462787,1.8808849898261824,0.7094053434222171,0.5810761576734222,0.43516404546830306,0.6665115155972453,378.18262673915046,4.969254723507589,56.293604942228356,28.520077935335603,93.77248904341258,120.60464894660814,129.21523870919518
1.4818878509865108,11.769434816977677,0.23375359093448383,0.8078544938092288,0.32372387781443185,0.9636104331529289,0.556742927392317,148.65116603061043,3.8739339397819057,116.81803378425613,52.83065213258294,90.95949605541375,5.402069622781582,1.3758982170264495
2.5460714269949505,52.55568671343048,4.24268148786813,0.19368561333928153,0.6168562142285159,0.2674477271604426,0.8398281561284586,178.49554598122913,4.955437614127715,86.05037172327683,187.55672798967672,113.95751159971326,185.13157892411613,84.61771052505485
1.44480023795892,15.568304223016273,0.15203794969755954,0.280061949605633,0.567848698511336,0.6956162721101138,0.6726531351235563,243.77241077187546,4.041456029373818,15.186316407042568,70.9162165100681,96.09672807377805,121.22144308962714,93.81765733073152
0.7068508759916174,3.9215249544953634,0.21843778568123667,0.3211331590638462,0.14535035339598748,0.6840217991331898,0.9984762651258827,61.49737866475787,3.7753230723789706,31.29201644638937,2.204398102203747,4.116298695255978,77.00345471983348,96.44035780712828
0.7068508759916174,3.9215249544953634,0.21843778568123667,0.3211331590638462,0.14535035339598748,0.6840217991331898,0.9984762651258827,61.49737866475787,3.7753230723789706,31.29201644638937,2.204398102203747,4.116298695255978,77.00345471983348,96.44035780712828
0.7068508759916174,3.9215249544953634,0.21843778568123667,0.3211331590638462,0.14535035339598748,0.6840217991331898,0.9984762651258827,61.49737866475787,3.7753230723789706,31.29201644638937,2.204398102203747,4.116298695255978,77.00345471983348,96.44035780712828
0.7068508759916174,3.9215249544953634,0.21843778568123667,0.3211331590638462,0.14535035339598748,0.6840217991331898,0.9984762651258827,61.49737866475787,3.7753230723789706,31.29201644638937,2.204398102203747,4.116298695255978,77.00345471983348,96.44035780712828
1.0153114524840094,4.545975796751018,0.7223640805145596,0.4066866507336779,0.26052042577743295,0.9107819661134152,0.9908654800846676,98.54684656872713,3.266730768474393,92.05944720299715,38.23314399399368,42.440191158116804,184.65450183520505,41.15569419588766
2.1941554575853544,11.278487259539883,0.14115524825536996,0.44802753210481466,0.7631277747731315,0.20743967603905833,0.8004735291595381,1030.3378631645776,4.748488232600842,1.5026443583318632,52.60474670409842,84.53410128492115,155.3241071473841,142.14375877203548
0.7068508759916174,3.9215249544953634,0.21843778568123667,0.3211331590638462,0.14535035339598748,0.6840217991331898,0.9984762651258827,61.49737866475787,3.7753230723789706,31.29201644638937,2.204398102203747,4.116298695255978,77.00345471983348,96.44035780712828
0.7068508759916174,3.9215249544953634,0.21843778568123667,0.3211331590638462,0.14535035339598748,0.6840217991331898,0.9984762651258827,61.49737866475787,3.7753230723789706,31.29201644638937,2.204398102203747,4.116298695255978,77.00345471983348,96.44035780712828
0.7068508759916174,3.9215249544953634,0.21843778568123667,0.3211331590638462,0.14535035339598748,0.6840217991331898,0.9984762651258827,61.49737866475787,3.7753230723789706,31.29201644638937,2.204398102203747,4.116298695255978,77.00345471983348,96.44035780712828
1.9624272601428574,2.6113907148462787,1.8808849898261824,0.7094053434222171,0.5810761576734222,0.43516404546830306,0.6665115155972453,378.18262673915046,4.969254723507589,56.293604942228356,28.520077935335603,93.77248904341258,120.60464894660814,129.21523870919518
0.7068508759916174,3.9215249544953634,0.21843778568123667,0.3211331590638462,0.14535035339598748,0.6840217991331898,0.9984762651258827,61.49737866475787,3.7753230723789706,31.29201644638937,2.204398102203747,4.116298695255978,77.00345471983348,96.44035780712828
2.5460714269949505,52.55568671343048,4.24268148786813,0.19368561333928153,0.6168562142285159,0.2674477271604426,0.8398281561284586,178.49554598122913,4.955437614127715,86.05037172327683,187.55672798967672,113.95751159971326,185.13157892411613,84.61771052505485
0.7068508759916174,3.9215249544953634,0.21843778568123667,0.3211331590638462,0.14535035339598748,0.6840217991331898,0.9984762651258827,61.49737866475787,3.7753230723789706,31.29201644638937,2.204398102203747,4.116298695255978,77.00345471983348,96.44035780712828
0.7068508759916174,3.9215249544953634,0.21843778568123667,0.3211331590638462,0.14535035339598748,0.6840217991331898,0.9984762651258827,61.49737866475787,3.7753230723789706,31.29201644638937,2.204398102203747,4.116298695255978,77.00345471983348,96.44035780712828
1.4818878509865108,11.769434816977677,0.23375359093448383,0.8078544938092288,0.32372387781443185,0.9636104331529289,0.556742927392317,148.65116603061043,3.8739339397819057,116.81803378425613,52.83065213258294,90.95949605541375,5.402069622781582,1.3758982170264495
0.6923929476729558,3.9215249544953634,0.21843778568123667,0.7912905698923101,0.4198546291409345,0.6840217991331898,0.9984762651258827,61.49737866475787,3.7753230723789706,31.29201644638937,2.204398102203747,4.116298695255978,89.06507428995272,185.05463278797103
1.44480023795892,15.568304223016273,0.15203794969755954,0.280061949605633,0.567848698511336,0.6956162721101138,0.6726531351235563,243.77241077187546,4.041456029373818,15.186316407042568,70.9162165100681,96.09672807377805,121.22144308962714,93.81765733073152
1.0153114524840094,4.545975796751018,0.7223640805145596,0.4066866507336779,0.26052042577743295,0.9107819661134152,0.9908654800846676,98.54684656872713,3.266730768474393,92.05944720299715,38.23314399399368,42.440191158116804,184.65450183520505,41.15569419588766
0.7068508759916174,3.9215249544953634,0.21843778568123667,0.3211331590638462,0.14535035339598748,0.6840217991331898,0.9984762651258827,61.49737866475787,3.7753230723789706,31.29201644638937,2.204398102203747,4.116298695255978,77.00345471983348,96.44035780712828
0.7068508759916174,3.9215249544953634,0.21843778568123667,0.3211331590638462,0.14535035339598748,0.6840217991331898,0.9984762651258827,61.49737866475787,3.7753230723789706,31.29201644638937,2.204398102203747,4.116298695255978,77.00345471983348,96.44035780712828
0.7068508759916174,3.9215249544953634,0.21843778568123667,0.3211331590638462,0.14535035339598748,0.6840217991331898,0.9984762651258827,61.49737866475787,3.7753230723789706,31.29201644638937,2.204398102203747,4.116298695255978,77.00345471983348,96.44035780712828
1.9624272601428574,2.6113907148462787,1.8808849898261824,0.7094053434222171,0.5810761576734222,0.43516404546830306,0.6665115155972453,378.18262673915046,4.969254723507589,56.293604942228356,28.520077935335603,93.77248904341258,120.60464894660814,129.21523870919518
0.6923929476729558,3.9215249544953634,0.21843778568123667,0.7912905698923101,0.4198546291409345,0.6840217991331898,0.9984762651258827,61.49737866475787,3.7753230723789706,31.29201644638937,2.204398102203747,4.116298695255978,89.06507428995272,185.05463278797103
0.7068508759916174,3.9215249544953634,0.21843778568123667,0.3211331590638462,0.14535035339598748,0.6840217991331898,0.9984762651258827,61.49737866475787,3.7753230723789706,31.29201644638937,2.204398102203747,4.116298695255978,77.00345471983348,96.44035780712828
0.7068508759916174,3.9215249544953634,0.21843778568123667,0.3211331590638462,0.14535035339598748,0.6840217991331898,0.9984762651258827,61.49737866475787,3.7753230723789706,31.29201644638937,2.204398102203747,4.116298695255978,77.00345471983348,96.44035780712828
0.7068508759916174,3.9215249544953634,0.21843778568123667,0.3211331590638462,0.14535035339598748,0.6840217991331898,0.9984762651258827,61.49737866475787,3.7753230723789706,31.29201644638937,2.204398102203747,4.116298695255978,77.00345471983348,96.44035780712828
0.7068508759916174,3.9215249544953634,0.21843778568123667,0.3211331590638462,0.14535035339598748,0.6840217991331898,0.9984762651258827,61.49737866475787,3.7753230723789706,31.29201644638937,2.204398102203747,4.116298695255978,77.00345471983348,96.44035780712828
1.44480023795892,15.568304223016273,0.15203794969755954,0.280061949605633,0.567848698511336,0.6956162721101138,0.6726531351235563,243.77241077187546,4.041456029373818,15.186316407042568,70.9162165100681,96.09672807377805,121.22144308962714,93.81765733073152
2.1941554575853544,11.278487259539883,0.14115524825536996,0.44802753210481466,0.7631277747731315,0.20743967603905833,0.8004735291595381,1030.3378631645776,4.748488232600842,1.5026443583318632,52.60474670409842,84.53410128492115,155.3241071473841,142.14375877203548
0.7068508759916174,3.9215249544953634,0.21843778568123667,0.3211331590638462,0.14535035339598748,0.6840217991331898,0.9984762651258827,61.49737866475787,3.7753230723789706,31.29201644638937,2.204398102203747,4.116298695255978,77.00345471983348,96.44035780712828
1.0153114524840094,4.545975796751018,0.7223640805145596,0.4066866507336779,0.26052042577743295,0.9107819661134152,0.9908654800846676,98.54684656872713,3.266730768474393,92.05944720299715,38.23314399399368,42.440191158116804,184.65450183520505,41.15569419588766
0.7068508759916174,3.9215249544953634,0.21843778568123667,0.3211331590638462,0.14535035339598748,0.6840217991331898,0.9984762651258827,61.49737866475787,3.7753230723789706,31.29201644638937,2.204398102203747,4.116298695255978,77.00345471983348,96.44035780712828
0.7068508759916174,3.9215249544953634,0.21843778568123667,0.3211331590638462,0.14535035339598748,0.6840217991331898,0.9984762651258827,61.49737866475787,3.7753230723789706,31.29201644638937,2.204398102203747,4.116298695255978,77.00345471983348,96.44035780712828
0.6923929476729558,3.9215249544953634,0.21843778568123667,0.7912905698923101,0.4198546291409345,0.6840217991331898,0.9984762651258827,61.49737866475787,3.7753230723789706,31.29201644638937,2.204398102203747,4.116298695255978,89.06507428995272,185.05463278797103
1.4818878509865108,11.769434816977677,0.23375359093448383,0.8078544938092288,0.32372387781443185,0.9636104331529289,0.556742927392317,148.65116603061043,3.8739339397819057,116.81803378425613,52.83065213258294,90.95949605541375,5.402069622781582,1.3758982170264495
1.9624272601428574,2.6113907148462787,1.8808849898261824,0.7094053434222171,0.5810761576734222,0.43516404546830306,0.6665115155972453,378.18262673915046,4.969254723507589,56.293604942228356,28.520077935335603,93.77248904341258,120.60464894660814,129.21523870919518
0.7068508759916174,3.9215249544953634,0.21843778568123667,0.3211331590638462,0.14535035339598748,0.6840217991331898,0.9984762651258827,61.49737866475787,3.7753230723789706,31.29201644638937,2.204398102203747,4.116298695255978,77.00345471983348,96.44035780712828
2.5460714269949505,52.55568671343048,4.24268148786813,0.19368561333928153,0.6168562142285159,0.2674477271604426,0.8398281561284586,178.49554598122913,4.955437614127715,86.05037172327683,187.55672798967672,113.95751159971326,185.13157892411613,84.61771052505485
0.7068508759916174,3.9215249544953634,0.21843778568123667,0.3211331590638462,0.14535035339598748,0.6840217991331898,0.9984762651258827,61.49737866475787,3.7753230723789706,31.29201644638937,2.204398102203747,4.116298695255978,77.00345471983348,96.44035780712828
2.1941554575853544,11.278487259539883,0.14115524825536996,0.44802753210481466,0.7631277747731315,0.20743967603905833,0.8004735291595381,1030.3378631645776,4.748488232600842,1.5026443583318632,52.60474670409842,84.53410128492115,155.3241071473841,142.14375877203548
0.7068508759916174,3.9215249544953634,0.21843778568123667,0.3211331590638462,0.14535035339598748,0.6840217991331898,0.9984762651258827,61.49737866475787,3.7753230723789706,31.29201644638937,2.204398102203747,4.116298695255978,77.00345471983348,96.44035780712828
1.4818878509865108,11.769434816977677,0.23375359093448383,0.8078544938092288,0.32372387781443185,0.9636104331529289,0.556742927392317,148.65116603061043,3.8739339397819057,116.81803378425613,52.83065213258294,90.95949605541375,5.402069622781582,1.3758982170264495
0.7068508759916174,3.9215249544953634,0.21843778568123667,0.3211331590638462,0.14535035339598748,0.6840217991331898,0.9984762651258827,61.49737866475787,3.7753230723789706,31.29201644638937,2.204398102203747,4.116298695255978,77.00345471983348,96.44035780712828
0.7068508759916174,3.9215249544953634,0.21843778568123667,0.3211331590638462,0.14535035339598748,0.6840217991331898,0.9984762651258827,61.49737866475787,3.7753230723789706,31.29201644638937,2.204398102203747,4.116298695255978,77.00345471983348,96.44035780712828
1.9624272601428574,2.6113907148462787,1.8808849898261824,0.7094053434222171,0.5810761576734222,0.43516404546830306,0.6665115155972453,378.18262673915046,4.969254723507589,56.293604942228356,28.520077935335603,93.77248904341258,120.60464894660814,129.21523870919518
0.7068508759916174,3.9215249544953634,0.21843778568123667,0.3211331590638462,0.14535035339598748,0.6840217991331898,0.9984762651258827,61.49737866475787,3.7753230723789706,31.29201644638937,2.204398102203747,4.116298695255978,77.00345471983348,96.44035780712828
0.7068508759916174,3.9215249544953634,0.21843778568123667,0.3211331590638462,0.14535035339598748,0.6840217991331898,0.9984762651258827,61.49737866475787,3.7753230723789706,31.29201644638937,2.204398102203747,4.116298695255978,77.00345471983348,96.44035780712828
0.7068508759916174,3.9215249544953634,0.21843778568123667,0.3211331590638462,0.14535035339598748,0.6840217991331898,0.9984762651258827,61.49737866475787,3.7753230723789706,31.29201644638937,2.204398102203747,4.116298695255978,77.00345471983348,96.44035780712828
0.7068508759916174,3.9215249544953634,0.21843778568123667,0.3211331590638462,0.14535035339598748,0.6840217991331898,0.9984762651258827,61.49737866475787,3.7753230723789706,31.29201644638937,2.204398102203747,4.116298695255978,77.00345471983348,96.44035780712828
0.6923929476729558,3.9215249544953634,0.21843778568123667,0.7912905698923101,0.4198546291409345,0.6840217991331898,0.9984762651258827,61.49737866475787,3.7753230723789706,31.29201644638937,2.204398102203747,4.116298695255978,89.06507428995272,185.05463278797103
0.7068508759916174,3.9215249544953634,0.21843778568123667,0.3211331590638462,0.14535035339598748,0.6840217991331898,0.9984762651258827,61.49737866475787,3.7753230723789706,31.29201644638937,2.204398102203747,4.116298695255978,77.00345471983348,96.44035780712828
1.0153114524840094,4.545975796751018,0.7223640805145596,0.4066866507336779,0.26052042577743295,0.9107819661134152,0.9908654800846676,98.54684656872713,3.266730768474393,92.05944720299715,38.23314399399368,42.440191158116804,184.65450183520505,41.15569419588766
0.7068508759916174,3.9215249544953634,0.21843778568123667,0.3211331590638462,0.14535035339598748,0.6840217991331898,0.9984762651258827,61.49737866475787,3.7753230723789706,31.29201644638937,2.204398102203747,4.116298695255978,77.00345471983348,96.44035780712828
1.7980668435776992,8.558434155362601,3.183574375225099,0.6283080129941033,0.283788423611417,0.2215986738254465,0.8313424881589224,162.14504093695098,3.4385582256845417,63.08462080696472,79.07554290017201,6.8221762934263355,142.14777662836192,183.7989281958144
1.9624272601428574,2.6113907148462787,1.8808849898261824,0.7094053434222171,0.5810761576734222,0.43516404546830306,0.6665115155972453,378.18262673915046,4.969254723507589,56.293604942228356,28.520077935335603,93.77248904341258,120.60464894660814,129.21523870919518
0.7068508759916174,3.9215249544953634,0.21843778568123667,0.3211331590638462,0.14535035339598748,0.6840217991331898,0.9984762651258827,61.49737866475787,3.7753230723789706,31.29201644638937,2.204398102203747,4.116298695255978,77.00345471983348,96.44035780712828
1.4818878509865108,11.769434816977677,0.23375359093448383,0.8078544938092288,0.32372387781443185,0.9636104331529289,0.556742927392317,148.65116603061043,3.8739339397819057,116.81803378425613,52.83065213258294,90.95949605541375,5.402069622781582,1.3758982170264495
0.7068508759916174,3.9215249544953634,0.21843778568123667,0.3211331590638462,0.14535035339598748,0.6840217991331898,0.9984762651258827,61.49737866475787,3.7753230723789706,31.29201644638937,2.204398102203747,4.116298695255978,77.00345471983348,96.44035780712828
0.7068508759916174,3.9215249544953634,0.21843778568123667,0.3211331590638462,0.14535035339598748,0.6840217991331898,0.9984762651258827,61.49737866475787,3.7753230723789706,31.29201644638937,2.204398102203747,4.116298695255978,77.00345471983348,96.44035780712828
0.7068508759916174,3.9215249544953634,0.21843778568123667,0.3211331590638462,0.14535035339598748,0.6840217991331898,0.9984762651258827,61.49737866475787,3.7753230723789706,31.29201644638937,2.204398102203747,4.116298695255978,77.00345471983348,96.44035780712828
0.7068508759916174,3.9215249544953634,0.21843778568123667,0.3211331590638462,0.14535035339598748,0.6840217991331898,0.9984762651258827,61.49737866475787,3.7753230723789706,31.29201644638937,2.204398102203747,4.116298695255978,77.00345471983348,96.44035780712828
2.5460714269949505,52.55568671343048,4.24268148786813,0.19368561333928153,0.6168562142285159,0.2674477271604426,0.8398281561284586,178.49554598122913,4.955437614127715,86.05037172327683,187.55672798967672,113.95751159971326,185.13157892411613,84.61771052505485
0.7068508759916174,3.9215249544953634,0.21843778568123667,0.3211331590638462,0.14535035339598748,0.6840217991331898,0.9984762651258827,61.49737866475787,3.7753230723789706,31.29201644638937,2.204398102203747,4.116298695255978,77.00345471983348,96.44035780712828
0.7068508759916174,3.9215249544953634,0.21843778568123667,0.3211331590638462,0.14535035339598748,0.6840217991331898,0.9984762651258827,61.49737866475787,3.7753230723789706,31.29201644638937,2.204398102203747,4.116298695255978,77.00345471983348,96.44035780712828
0.7068508759916174,3.9215249544953634,0.21843778568123667,0.3211331590638462,0.14535035339598748,0.6840217991331898,0.9984762651258827,61.49737866475787,3.7753230723789706,31.29201644638937,2.204398102203747,4.116298695255978,77.00345471983348,96.44035780712828
0.6923929476729558,3.9215249544953634,0.21843778568123667,0.7912905698923101,0.4198546291409345,0.6840217991331898,0.9984762651258827,61.49737866475787,3.7753230723789706,31.29201644638937,2.204398102203747,4.116298695255978,89.06507428995272,185.05463278797103
0.7068508759916174,3.9215249544953634,0.21843778568123667,0.3211331590638462,0.14535035339598748,0.6840217991331898,0.9984762651258827,61.49737866475787,3.7753230723789706,31.29201644638937,2.204398102203747,4.116298695255978,77.00345471983348,96.44035780712828
1.0153114524840094,4.545975796751018,0.7223640805145596,0.4066866507336779,0.26052042577743295,0.9107819661134152,0.9908654800846676,98.54684656872713,3.266730768474393,92.05944720299715,38.23314399399368,42.440191158116804,184.65450183520505,41.15569419588766
1.4818878509865108,11.769434816977677,0.23375359093448383,0.8078544938092288,0.32372387781443185,0.9636104331529289,0.556742927392317,148.65116603061043,3.8739339397819057,116.81803378425613,52.83065213258294,90.95949605541375,5.402069622781582,1.3758982170264495
0.7068508759916174,3.9215249544953634,0.21843778568123667,0.3211331590638462,0.14535035339598748,0.6840217991331898,0.9984762651258827,61.49737866475787,3.7753230723789706,31.29201644638937,2.204398102203747,4.116298695255978,77.00345471983348,96.44035780712828
1.7980668435776992,8.558434155362601,3.183574375225099,0.6283080129941033,0.283788423611417,0.2215986738254465,0.8313424881589224,162.14504093695098,3.4385582256845417,63.08462080696472,79.07554290017201,6.8221762934263355,142.14777662836192,183.7989281958144
0.7068508759916174,3.9215249544953634,0.21843778568123667,0.3211331590638462,0.14535035339598748,0.6840217991331898,0.9984762651258827,61.49737866475787,3.7753230723789706,31.29201644638937,2.204398102203747,4.116298695255978,77.00345471983348,96.44035780712828
0.7068508759916174,3.9215249544953634,0.21843778568123667,0.3211331590638462,0.14535035339598748,0.6840217991331898,0.9984762651258827,61.49737866475787,3.7753230723789706,31.29201644638937,2.204398102203747,4.116298695255978,77.00345471983348,96.44035780712828
2.5460714269949505,52.55568671343048,4.24268148786813,0.19368561333928153,0.6168562142285159,0.2674477271604426,0.8398281561284586,178.49554598122913,4.955437614127715,86.05037172327683,187.55672798967672,113.95751159971326,185.13157892411613,84.61771052505485
0.7068508759916174,3.9215249544953634,0.21843778568123667,0.3211331590638462,0.14535035339598748,0.6840217991331898,0.9984762651258827,61.49737866475787,3.7753230723789706,31.29201644638937,2.204398102203747,4.116298695255978,77.00345471983348,96.44035780712828
0.7068508759916174,3.9215249544953634,0.21843778568123667,0.3211331590638462,0.14535035339598748,0.6840217991331898,0.9984762651258827,61.49737866475787,3.7753230723789706,31.29201644638937,2.204398102203747,4.116298695255978,77.00345471983348,96.44035780712828
0.7068508759916174,3.9215249544953634,0.21843778568123667,0.3211331590638462,0.14535035339598748,0.6840217991331898,0.9984762651258827,61.49737866475787,3.7753230723789706,31.29201644638937,2.204398102203747,4.116298695255978,77.00345471983348,96.44035780712828
0.7068508759916174,3.9215249544953634,0.21843778568123667,0.3211331590638462,0.14535035339598748,0.6840217991331898,0.9984762651258827,61.49737866475787,3.7753230723789706,31.29201644638937,2.204398102203747,4.116298695255978,77.00345471983348,96.44035780712828
0.6923929476729558,3.9215249544953634,0.21843778568123667,0.7912905698923101,0.4198546291409345,0.6840217991331898,0.9984762651258827,61.49737866475787,3.7753230723789706,31.29201644638937,2.204398102203747,4.116298695255978,89.06507428995272,185.05463278797103
0.7068508759916174,3.9215249544953634,0.21843778568123667,0.3211331590638462,0.14535035339598748,0.6840217991331898,0.9984762651258827,61.49737866475787,3.7753230723789706,31.29201644638937,2.204398102203747,4.116298695255978,77.00345471983348,96.44035780712828
1.0153114524840094,4.545975796751018,0.7223640805145596,0.4066866507336779,0.26052042577743295,0.9107819661134152,0.9908654800846676,98.54684656872713,3.266730768474393,92.05944720299715,38.23314399399368,42.440191158116804,184.65450183520505,41.15569419588766
0.7068508759916174,3.9215249544953634,0.21843778568123667,0.3211331590638462,0.14535035339598748,0.6840217991331898,0.9984762651258827,61.49737866475787,3.7753230723789706,31.29201644638937,2.204398102203747,4.116298695255978,77.00345471983348,96.44035780712828
0.7068508759916174,3.9215249544953634,0.21843778568123667,0.3211331590638462,0.14535035339598748,0.6840217991331898,0.9984762651258827,61.49737866475787,3.7753230723789706,31.29201644638937,2.204398102203747,4.116298695255978,77.00345471983348,96.44035780712828
0.7068508759916174,3.9215249544953634,0.21843778568123667,0.3211331590638462,0.14535035339598748,0.6840217991331898,0.9984762651258827,61.49737866475787,3.7753230723789706,31.29201644638937,2.204398102203747,4.116298695255978,77.00345471983348,96.44035780712828
1.9624272601428574,2.6113907148462787,1.8808849898261824,0.7094053434222171,0.5810761576734222,0.43516404546830306,0.6665115155972453,378.18262673915046,4.969254723507589,56.293604942228356,28.520077935335603,93.77248904341258,120.60464894660814,129.21523870919518
0.7068508759916174,3.9215249544953634,0.21843778568123667,0.3211331590638462,0.14535035339598748,0.6840217991331898,0.9984762651258827,61.49737866475787,3.7753230723789706,31.29201644638937,2.204398102203747,4.116298695255978,77.00345471983348,96.44035780712828
0.7068508759916174,3.9215249544953634,0.21843778568123667,0.3211331590638462,0.14535035339598748,0.6840217991331898,0.9984762651258827,61.49737866475787,3.7753230723789706,31.29201644638937,2.204398102203747,4.116298695255978,77.00345471983348,96.44035780712828
0.6923929476729558,3.9215249544953634,0.21843778568123667,0.7912905698923101,0.4198546291409345,0.6840217991331898,0.9984762651258827,61.49737866475787,3.7753230723789706,31.29201644638937,2.204398102203747,4.116298695255978,89.06507428995272,185.05463278797103
1.7980668435776992,8.558434155362601,3.183574375225099,0.6283080129941033,0.283788423611417,0.2215986738254465,0.8313424881589224,162.14504093695098,3.4385582256845417,63.08462080696472,79.07554290017201,6.8221762934263355,142.14777662836192,183.7989281958144
0.7068508759916174,3.9215249544953634,0.21843778568123667,0.3211331590638462,0.14535035339598748,0.6840217991331898,0.9984762651258827,61.49737866475787,3.7753230723789706,31.29201644638937,2.204398102203747,4.116298695255978,77.00345471983348,96.44035780712828
1.4818878509865108,11.769434816977677,0.23375359093448383,0.8078544938092288,0.32372387781443185,0.9636104331529289,0.556742927392317,148.65116603061043,3.8739339397819057,116.81803378425613,52.83065213258294,90.95949605541375,5.402069622781582,1.3758982170264495
0.7068508759916174,3.9215249544953634,0.21843778568123667,0.3211331590638462,0.14535035339598748,0.6840217991331898,0.9984762651258827,61.49737866475787,3.7753230723789706,31.29201644638937,2.204398102203747,4.116298695255978,77.00345471983348,96.44035780712828
1.0153114524840094,4.545975796751018,0.7223640805145596,0.4066866507336779,0.26052042577743295,0.9107819661134152,0.9908654800846676,98.54684656872713,3.266730768474393,92.05944720299715,38.23314399399368,42.440191158116804,184.65450183520505,41.15569419588766
0.7068508759916174,3.9215249544953634,0.21843778568123667,0.3211331590638462,0.14535035339598748,0.6840217991331898,0.9984762651258827,61.49737866475787,3.7753230723789706,31.29201644638937,2.204398102203747,4.116298695255978,77.00345471983348,96.44035780712828
1.9624272601428574,2.6113907148462787,1.8808849898261824,0.7094053434222171,0.5810761576734222,0.43516404546830306,0.6665115155972453,378.18262673915046,4.969254723507589,56.293604942228356,28.520077935335603,93.77248904341258,120.60464894660814,129.21523870919518
0.7068508759916174,3.9215249544953634,0.21843778568123667,0.3211331590638462,0.14535035339598748,0.6840217991331898,0.9984762651258827,61.49737866475787,3.7753230723789706,31.29201644638937,2.204398102203747,4.116298695255978,77.00345471983348,96.44035780712828
0.7068508759916174,3.9215249544953634,0.21843778568123667,0.3211331590638462,0.14535035339598748,0.6840217991331898,0.9984762651258827,61.49737866475787,3.7753230723789706,31.29201644638937,2.204398102203747,4.116298695255978,77.00345471983348,96.44035780712828
2.5460714269949505,52.55568671343048,4.24268148786813,0.19368561333928153,0.6168562142285159,0.2674477271604426,0.8398281561284586,178.49554598122913,4.955437614127715,86.05037172327683,187.55672798967672,113.95751159971326,185.13157892411613,84.61771052505485
0.7068508759916174,3.9215249544953634,0.21843778568123667,0.3211331590638462,0.14535035339598748,0.6840217991331898,0.9984762651258827,61.49737866475787,3.7753230723789706,31.29201644638937,2.204398102203747,4.116298695255978,77.00345471983348,96.44035780712828
0.7068508759916174,3.9215249544953634,0.21843778568123667,0.3211331590638462,0.14535035339598748,0.6840217991331898,0.9984762651258827,61.49737866475787,3.7753230723789706,31.29201644638937,2.204398102203747,4.116298695255978,77.00345471983348,96.44035780712828
1.0153114524840094,4.545975796751018,0.7223640805145596,0.4066866507336779,0.26052042577743295,0.9107819661134152,0.9908654800846676,98.54684656872713,3.266730768474393,92.05944720299715,38.23314399399368,42.440191158116804,184.65450183520505,41.15569419588766
0.7068508759916174,3.9215249544953634,0.21843778568123667,0.3211331590638462,0.14535035339598748,0.6840217991331898,0.9984762651258827,61.49737866475787,3.7753230723789706,31.29201644638937,2.204398102203747,4.116298695255978,77.00345471983348,96.44035780712828
0.7068508759916174,3.9215249544953634,0.21843778568123667,0.3211331590638462,0.14535035339598748,0.6840217991331898,0.9984762651258827,61.49737866475787,3.7753230723789706,31.29201644638937,2.204398102203747,4.116298695255978,77.00345471983348,96.44035780712828
0.7068508759916174,3.9215249544953634,0.21843778568123667,0.3211331590638462,0.14535035339598748,0.6840217991331898,0.9984762651258827,61.49737866475787,3.7753230723789706,31.29201644638937,2.204398102203747,4.116298695255978,77.00345471983348,96.44035780712828
1.4818878509865108,11.769434816977677,0.23375359093448383,0.8078544938092288,0.32372387781443185,0.9636104331529289,0.556742927392317,148.65116603061043,3.8739339397819057,116.81803378425613,52.83065213258294,90.95949605541375,5.402069622781582,1.3758982170264495
0.7068508759916174,3.9215249544953634,0.21843778568123667,0.3211331590638462,0.14535035339598748,0.6840217991331898,0.9984762651258827,61.49737866475787,3.7753230723789706,31.29201644638937,2.204398102203747,4.116298695255978,77.00345471983348,96.44035780712828
0.7068508759916174,3.9215249544953634,0.21843778568123667,0.3211331590638462,0.14535035339598748,0.6840217991331898,0.9984762651258827,61.49737866475787,3.7753230723789706,31.29201644638937,2.204398102203747,4.116298695255978,77.00345471983348,96.44035780712828
0.7068508759916174,3.9215249544953634,0.21843778568123667,0.3211331590638462,0.14535035339598748,0.6840217991331898,0.9984762651258827,61.49737866475787,3.7753230723789706,31.29201644638937,2.204398102203747,4.116298695255978,77.00345471983348,96.44035780712828
0.7068508759916174,3.9215249544953634,0.21843778568123667,0.3211331590638462,0.14535035339598748,0.6840217991331898,0.9984762651258827,61.49737866475787,3.7753230723789706,31.29201644638937,2.204398102203747,4.116298695255978,77.00345471983348,96.44035780712828
0.6923929476729558,3.9215249544953634,0.21843778568123667,0.7912905698923101,0.4198546291409345,0.6840217991331898,0.9984762651258827,61.49737866475787,3.7753230723789706,31.29201644638937,2.204398102203747,4.116298695255978,89.06507428995272,185.05463278797103
2.5460714269949505,52.55568671343048,4.24268148786813,0.19368561333928153,0.6168562142285159,0.2674477271604426,0.8398281561284586,178.49554598122913,4.955437614127715,86.05037172327683,187.55672798967672,113.95751159971326,185.13157892411613,84.61771052505485
1.0153114524840094,4.545975796751018,0.7223640805145596,0.4066866507336779,0.26052042577743295,0.9107819661134152,0.9908654800846676,98.54684656872713,3.266730768474393,92.05944720299715,38.23314399399368,42.440191158116804,184.65450183520505,41.15569419588766
0.7068508759916174,3.9215249544953634,0.21843778568123667,0.3211331590638462,0.14535035339598748,0.6840217991331898,0.9984762651258827,61.49737866475787,3.7753230723789706,31.29201644638937,2.204398102203747,4.116298695255978,77.00345471983348,96.44035780712828
1.4818878509865108,11.769434816977677,0.23375359093448383,0.8078544938092288,0.32372387781443185,0.9636104331529289,0.556742927392317,148.65116603061043,3.8739339397819057,116.81803378425613,52.83065213258294,90.95949605541375,5.402069622781582,1.3758982170264495
0.7068508759916174,3.9215249544953634,0.21843778568123667,0.3211331590638462,0.14535035339598748,0.6840217991331898,0.9984762651258827,61.49737866475787,3.7753230723789706,31.29201644638937,2.204398102203747,4.116298695255978,77.00345471983348,96.44035780712828
0.7068508759916174,3.9215249544953634,0.21843778568123667,0.3211331590638462,0.14535035339598748,0.6840217991331898,0.9984762651258827,61.49737866475787,3.7753230723789706,31.29201644638937,2.204398102203747,4.116298695255978,77.00345471983348,96.44035780712828
0.7068508759916174,3.9215249544953634,0.21843778568123667,0.3211331590638462,0.14535035339598748,0.6840217991331898,0.9984762651258827,61.49737866475787,3.7753230723789706,31.29201644638937,2.204398102203747,4.116298695255978,77.00345471983348,96.44035780712828
0.7068508759916174,3.9215249544953634,0.21843778568123667,0.3211331590638462,0.14535035339598748,0.6840217991331898,0.9984762651258827,61.49737866475787,3.7753230723789706,31.29201644638937,2.204398102203747,4.116298695255978,77.00345471983348,96.44035780712828
1.7980668435776992,8.558434155362601,3.183574375225099,0.6283080129941033,0.283788423611417,0.2215986738254465,0.8313424881589224,162.14504093695098,3.4385582256845417,63.08462080696472,79.07554290017201,6.8221762934263355,142.14777662836192,183.7989281958144
0.7068508759916174,3.9215249544953634,0.21843778568123667,0.3211331590638462,0.14535035339598748,0.6840217991331898,0.9984762651258827,61.49737866475787,3.7753230723789706,31.29201644638937,2.204398102203747,4.116298695255978,77.00345471983348,96.44035780712828
1.9624272601428574,2.6113907148462787,1.8808849898261824,0.7094053434222171,0.5810761576734222,0.43516404546830306,0.6665115155972453,378.18262673915046,4.969254723507589,56.293604942228356,28.520077935335603,93.77248904341258,120.60464894660814,129.21523870919518
0.7068508759916174,3.9215249544953634,0.21843778568123667,0.3211331590638462,0.14535035339598748,0.6840217991331898,0.9984762651258827,61.49737866475787,3.7753230723789706,31.29201644638937,2.204398102203747,4.116298695255978,77.00345471983348,96.44035780712828
0.7068508759916174,3.9215249544953634,0.21843778568123667,0.3211331590638462,0.14535035339598748,0.6840217991331898,0.9984762651258827,61.49737866475787,3.7753230723789706,31.29201644638937,2.204398102203747,4.116298695255978,77.00345471983348,96.44035780712828
0.7068508759916174,3.9215249544953634,0.21843778568123667,0.3211331590638462,0.14535035339598748,0.6840217991331898,0.9984762651258827,61.49737866475787,3.7753230723789706,31.29201644638937,2.204398102203747,4.116298695255978,77.00345471983348,96.44035780712828
1.0153114524840094,4.545975796751018,0.7223640805145596,0.4066866507336779,0.26052042577743295,0.9107819661134152,0.9908654800846676,98.54684656872713,3.266730768474393,92.05944720299715,38.23314399399368,42.440191158116804,184.65450183520505,41.15569419588766
0.7068508759916174,3.9215249544953634,0.21843778568123667,0.3211331590638462,0.14535035339598748,0.6840217991331898,0.9984762651258827,61.49737866475787,3.7753230723789706,31.29201644638937,2.204398102203747,4.116298695255978,77.00345471983348,96.44035780712828
0.7068508759916174,3.9215249544953634,0.21843778568123667,0.3211331590638462,0.14535035339598748,0.6840217991331898,0.9984762651258827,61.49737866475787,3.7753230723789706,31.29201644638937,2.204398102203747,4.116298695255978,77.00345471983348,96.44035780712828
0.7068508759916174,3.9215249544953634,0.21843778568123667,0.3211331590638462,0.14535035339598748,0.6840217991331898,0.9984762651258827,61.49737866475787,3.7753230723789706,31.29201644638937,2.204398102203747,4.116298695255978,77.00345471983348,96.44035780712828
0.7068508759916174,3.9215249544953634,0.21843778568123667,0.3211331590638462,0.14535035339598748,0.6840217991331898,0.9984762651258827,61.49737866475787,3.7753230723789706,31.29201644638937,2.204398102203747,4.116298695255978,77.00345471983348,96.44035780712828
0.7068508759916174,3.9215249544953634,0.21843778568123667,0.3211331590638462,0.14535035339598748,0.6840217991331898,0.9984762651258827,61.49737866475787,3.7753230723789706,31.29201644638937,2.204398102203747,4.116298695255978,77.00345471983348,96.44035780712828
0.7068508759916174,3.9215249544953634,0.21843778568123667,0.3211331590638462,0.14535035339598748,0.6840217991331898,0.9984762651258827,61.49737866475787,3.7753230723789706,31.29201644638937,2.204398102203747,4.116298695255978,77.00345471983348,96.44035780712828
0.7068508759916174,3.9215249544953634,0.21843778568123667,0.3211331590638462,0.14535035339598748,0.6840217991331898,0.9984762651258827,61.49737866475787,3.7753230723789706,31.29201644638937,2.204398102203747,4.116298695255978,77.00345471983348,96.44035780712828
1.9624272601428574,2.6113907148462787,1.8808849898261824,0.7094053434222171,0.5810761576734222,0.43516404546830306,0.6665115155972453,378.18262673915046,4.969254723507589,56.293604942228356,28.520077935335603,93.77248904341258,120.60464894660814,129.21523870919518
1.7980668435776992,8.558434155362601,3.183574375225099,0.6283080129941033,0.283788423611417,0.2215986738254465,0.8313424881589224,162.14504093695098,3.4385582256845417,63.08462080696472,79.07554290017201,6.8221762934263355,142.14777662836192,183.7989281958144
0.7068508759916174,3.9215249544953634,0.21843778568123667,0.3211331590638462,0.14535035339598748,0.6840217991331898,0.9984762651258827,61.49737866475787,3.7753230723789706,31.29201644638937,2.204398102203747,4.116298695255978,77.00345471983348,96.44035780712828
0.6923929476729558,3.9215249544953634,0.21843778568123667,0.7912905698923101,0.4198546291409345,0.6840217991331898,0.9984762651258827,61.49737866475787,3.7753230723789706,31.29201644638937,2.204398102203747,4.116298695255978,89.06507428995272,185.05463278797103
0.7068508759916174,3.9215249544953634,0.21843778568123667,0.3211331590638462,0.14535035339598748,0.6840217991331898,0.9984762651258827,61.49737866475787,3.7753230723789706,31.29201644638937,2.204398102203747,4.116298695255978,77.00345471983348,96.44035780712828
1.4818878509865108,11.769434816977677,0.23375359093448383,0.8078544938092288,0.32372387781443185,0.9636104331529289,0.556742927392317,148.65116603061043,3.8739339397819057,116.81803378425613,52.83065213258294,90.95949605541375,5.402069622781582,1.3758982170264495
0.7068508759916174,3.9215249544953634,0.21843778568123667,0.3211331590638462,0.14535035339598748,0.6840217991331898,0.9984762651258827,61.49737866475787,3.7753230723789706,31.29201644638937,2.204398102203747,4.116298695255978,77.00345471983348,96.44035780712828
0.7068508759916174,3.9215249544953634,0.21843778568123667,0.3211331590638462,0.14535035339598748,0.6840217991331898,0.9984762651258827,61.49737866475787,3.7753230723789706,31.29201644638937,2.204398102203747,4.116298695255978,77.00345471983348,96.44035780712828
0.7068508759916174,3.9215249544953634,0.21843778568123667,0.3211331590638462,0.14535035339598748,0.6840217991331898,0.9984762651258827,61.49737866475787,3.7753230723789706,31.29201644638937,2.204398102203747,4.116298695255978,77.00345471983348,96.44035780712828
0.7068508759916174,3.9215249544953634,0.21843778568123667,0.3211331590638462,0.14535035339598748,0.6840217991331898,0.9984762651258827,61.49737866475787,3.7753230723789706,31.29201644638937,2.204398102203747,4.116298695255978,77.00345471983348,96.44035780712828
0.7068508759916174,3.9215249544953634,0.21843778568123667,0.3211331590638462,0.14535035339598748,0.6840217991331898,0.9984762651258827,61.49737866475787,3.7753230723789706,31.29201644638937,2.204398102203747,4.116298695255978,77.00345471983348,96.44035780712828
0.7068508759916174,3.9215249544953634,0.21843778568123667,0.3211331590638462,0.14535035339598748,0.6840217991331898,0.9984762651258827,61.49737866475787,3.7753230723789706,31.29201644638937,2.204398102203747,4.116298695255978,77.00345471983348,96.44035780712828
2.5460714269949505,52.55568671343048,4.24268148786813,0.19368561333928153,0.6168562142285159,0.2674477271604426,0.8398281561284586,178.49554598122913,4.955437614127715,86.05037172327683,187.55672798967672,113.95751159971326,185.13157892411613,84.61771052505485
1.7980668435776992,8.558434155362601,3.183574375225099,0.6283080129941033,0.283788423611417,0.2215986738254465,0.8313424881589224,162.14504093695098,3.4385582256845417,63.08462080696472,79.07554290017201,6.8221762934263355,142.14777662836192,183.7989281958144
1.9624272601428574,2.6113907148462787,1.8808849898261824,0.7094053434222171,0.5810761576734222,0.43516404546830306,0.6665115155972453,378.18262673915046,4.969254723507589,56.293604942228356,28.520077935335603,93.77248904341258,120.60464894660814,129.21523870919518
0.7068508759916174,3.9215249544953634,0.21843778568123667,0.3211331590638462,0.14535035339598748,0.6840217991331898,0.9984762651258827,61.49737866475787,3.7753230723789706,31.29201644638937,2.204398102203747,4.116298695255978,77.00345471983348,96.44035780712828
0.7068508759916174,3.9215249544953634,0.21843778568123667,0.3211331590638462,0.14535035339598748,0.6840217991331898,0.9984762651258827,61.49737866475787,3.7753230723789706,31.29201644638937,2.204398102203747,4.116298695255978,77.00345471983348,96.44035780712828
0.6923929476729558,3.9215249544953634,0.21843778568123667,0.7912905698923101,0.4198546291409345,0.6840217991331898,0.9984762651258827,61.49737866475787,3.7753230723789706,31.29201644638937,2.204398102203747,4.116298695255978,89.06507428995272,185.05463278797103
0.7068508759916174,3.9215249544953634,0.21843778568123667,0.3211331590638462,0.14535035339598748,0.6840217991331898,0.9984762651258827,61.49737866475787,3.7753230723789706,31.29201644638937,2.204398102203747,4.116298695255978,77.00345471983348,96.44035780712828
1.0153114524840094,4.545975796751018,0.7223640805145596,0.4066866507336779,0.26052042577743295,0.9107819661134152,0.9908654800846676,98.54684656872713,3.266730768474393,92.05944720299715,38.23314399399368,42.440191158116804,184.65450183520505,41.15569419588766
0.7068508759916174,3.9215249544953634,0.21843778568123667,0.3211331590638462,0.14535035339598748,0.6840217991331898,0.9984762651258827,61.49737866475787,3.7753230723789706,31.29201644638937,2.204398102203747,4.116298695255978,77.00345471983348,96.44035780712828
0.7068508759916174,3.9215249544953634,0.21843778568123667,0.3211331590638462,0.14535035339598748,0.6840217991331898,0.9984762651258827,61.49737866475787,3.7753230723789706,31.29201644638937,2.204398102203747,4.116298695255978,77.00345471983348,96.44035780712828
0.7068508759916174,3.9215249544953634,0.21843778568123667,0.3211331590638462,0.14535035339598748,0.6840217991331898,0.9984762651258827,61.49737866475787,3.7753230723789706,31.29201644638937,2.204398102203747,4.116298695255978,77.00345471983348,96.44035780712828
0.7068508759916174,3.9215249544953634,0.21843778568123667,0.3211331590638462,0.14535035339598748,0.6840217991331898,0.9984762651258827,61.49737866475787,3.7753230723789706,31.29201644638937,2.204398102203747,4.116298695255978,77.00345471983348,96.44035780712828
0.7068508759916174,3.9215249544953634,0.21843778568123667,0.3211331590638462,0.14535035339598748,0.6840217991331898,0.9984762651258827,61.49737866475787,3.7753230723789706,31.29201644638937,2.204398102203747,4.116298695255978,77.00345471983348,96.44035780712828
0.7068508759916174,3.9215249544953634,0.21843778568123667,0.3211331590638462,0.14535035339598748,0.6840217991331898,0.9984762651258827,61.49737866475787,3.7753230723789706,31.29201644638937,2.204398102203747,4.116298695255978,77.00345471983348,96.44035780712828
0.7068508759916174,3.9215249544953634,0.21843778568123667,0.3211331590638462,0.14535035339598748,0.6840217991331898,0.9984762651258827,61.49737866475787,3.7753230723789706,31.29201644638937,2.204398102203747,4.116298695255978,77.00345471983348,96.44035780712828
1.9624272601428574,2.6113907148462787,1.8808849898261824,0.7094053434222171,0.5810761576734222,0.43516404546830306,0.6665115155972453,378.18262673915046,4.969254723507589,56.293604942228356,28.520077935335603,93.77248904341258,120.60464894660814,129.21523870919518
0.7962015929236018,3.4496173901210208,0.2421766537535035,0.2102740472601862,0.5422258035902431,0.7006104462886622,0.9423838162394752,72.24570164393516,3.7876540953552933,62.4227899938589,47.17354013200252,11.90020598950692,114.99781100348787,59.37674472460737
1.4818878509865108,11.769434816977677,0.23375359093448383,0.8078544938092288,0.32372387781443185,0.9636104331529289,0.556742927392317,148.65116603061043,3.8739339397819057,116.81803378425613,52.83065213258294,90.95949605541375,5.402069622781582,1.3758982170264495
0.7068508759916174,3.9215249544953634,0.21843778568123667,0.3211331590638462,0.14535035339598748,0.6840217991331898,0.9984762651258827,61.49737866475787,3.7753230723789706,31.29201644638937,2.204398102203747,4.116298695255978,77.00345471983348,96.44035780712828
0.7068508759916174,3.9215249544953634,0.21843778568123667,0.3211331590638462,0.14535035339598748,0.6840217991331898,0.9984762651258827,61.49737866475787,3.7753230723789706,31.29201644638937,2.204398102203747,4.116298695255978,77.00345471983348,96.44035780712828
0.7068508759916174,3.9215249544953634,0.21843778568123667,0.3211331590638462,0.14535035339598748,0.6840217991331898,0.9984762651258827,61.49737866475787,3.7753230723789706,31.29201644638937,2.204398102203747,4.116298695255978,77.00345471983348,96.44035780712828
0.7068508759916174,3.9215249544953634,0.21843778568123667,0.3211331590638462,0.14535035339598748,0.6840217991331898,0.9984762651258827,61.49737866475787,3.7753230723789706,31.29201644638937,2.204398102203747,4.116298695255978,77.00345471983348,96.44035780712828
0.7068508759916174,3.9215249544953634,0.21843778568123667,0.3211331590638462,0.14535035339598748,0.6840217991331898,0.9984762651258827,61.49737866475787,3.7753230723789706,31.29201644638937,2.204398102203747,4.116298695255978,77.00345471983348,96.44035780712828
0.7068508759916174,3.9215249544953634,0.21843778568123667,0.3211331590638462,0.14535035339598748,0.6840217991331898,0.9984762651258827,61.49737866475787,3.7753230723789706,31.29201644638937,2.204398102203747,4.116298695255978,77.00345471983348,96.44035780712828
0.7068508759916174,3.9215249544953634,0.21843778568123667,0.3211331590638462,0.14535035339598748,0.6840217991331898,0.9984762651258827,61.49737866475787,3.7753230723789706,31.29201644638937,2.204398102203747,4.116298695255978,77.00345471983348,96.44035780712828
0.7068508759916174,3.9215249544953634,0.21843778568123667,0.3211331590638462,0.14535035339598748,0.6840217991331898,0.9984762651258827,61.49737866475787,3.7753230723789706,31.29201644638937,2.204398102203747,4.116298695255978,77.00345471983348,96.44035780712828
0.7068508759916174,3.9215249544953634,0.21843778568123667,0.3211331590638462,0.14535035339598748,0.6840217991331898,0.9984762651258827,61.49737866475787,3.7753230723789706,31.29201644638937,2.204398102203747,4.116298695255978,77.00345471983348,96.44035780712828
1.9624272601428574,2.6113907148462787,1.8808849898261824,0.7094053434222171,0.5810761576734222,0.43516404546830306,0.6665115155972453,378.18262673915046,4.969254723507589,56.293604942228356,28.520077935335603,93.77248904341258,120.60464894660814,129.21523870919518
1.7980668435776992,8.558434155362601,3.183574375225099,0.6283080129941033,0.283788423611417,0.2215986738254465,0.8313424881589224,162.14504093695098,3.4385582256845417,63.08462080696472,79.07554290017201,6.8221762934263355,142.14777662836192,183.7989281958144
0.7962015929236018,3.4496173901210208,0.2421766537535035,0.2102740472601862,0.5422258035902431,0.7006104462886622,0.9423838162394752,72.24570164393516,3.7876540953552933,62.4227899938589,47.17354013200252,11.90020598950692,114.99781100348787,59.37674472460737
0.6923929476729558,3.9215249544953634,0.21843778568123667,0.7912905698923101,0.4198546291409345,0.6840217991331898,0.9984762651258827,61.49737866475787,3.7753230723789706,31.29201644638937,2.204398102203747,4.116298695255978,89.06507428995272,185.05463278797103
0.7068508759916174,3.9215249544953634,0.21843778568123667,0.3211331590638462,0.14535035339598748,0.6840217991331898,0.9984762651258827,61.49737866475787,3.7753230723789706,31.29201644638937,2.204398102203747,4.116298695255978,77.00345471983348,96.44035780712828
1.4818878509865108,11.769434816977677,0.23375359093448383,0.8078544938092288,0.32372387781443185,0.9636104331529289,0.556742927392317,148.65116603061043,3.8739339397819057,116.81803378425613,52.83065213258294,90.95949605541375,5.402069622781582,1.3758982170264495
2.5460714269949505,52.55568671343048,4.24268148786813,0.19368561333928153,0.6168562142285159,0.2674477271604426,0.8398281561284586,178.49554598122913,4.955437614127715,86.05037172327683,187.55672798967672,113.95751159971326,185.13157892411613,84.61771052505485
0.7068508759916174,3.9215249544953634,0.21843778568123667,0.3211331590638462,0.14535035339598748,0.6840217991331898,0.9984762651258827,61.49737866475787,3.7753230723789706,31.29201644638937,2.204398102203747,4.116298695255978,77.00345471983348,96.44035780712828
0.7068508759916174,3.9215249544953634,0.21843778568123667,0.3211331590638462,0.14535035339598748,0.6840217991331898,0.9984762651258827,61.49737866475787,3.7753230723789706,31.29201644638937,2.204398102203747,4.116298695255978,77.00345471983348,96.44035780712828
0.7068508759916174,3.9215249544953634,0.21843778568123667,0.3211331590638462,0.14535035339598748,0.6840217991331898,0.9984762651258827,61.49737866475787,3.7753230723789706,31.29201644638937,2.204398102203747,4.116298695255978,77.00345471983348,96.44035780712828
0.7068508759916174,3.9215249544953634,0.21843778568123667,0.3211331590638462,0.14535035339598748,0.6840217991331898,0.9984762651258827,61.49737866475787,3.7753230723789706,31.29201644638937,2.204398102203747,4.116298695255978,77.00345471983348,96.44035780712828
0.7068508759916174,3.9215249544953634,0.21843778568123667,0.3211331590638462,0.14535035339598748,0.6840217991331898,0.9984762651258827,61.49737866475787,3.7753230723789706,31.29201644638937,2.204398102203747,4.116298695255978,77.00345471983348,96.44035780712828
0.7068508759916174,3.9215249544953634,0.21843778568123667,0.3211331590638462,0.14535035339598748,0.6840217991331898,0.9984762651258827,61.49737866475787,3.7753230723789706,31.29201644638937,2.204398102203747,4.116298695255978,77.00345471983348,96.44035780712828
0.7068508759916174,3.9215249544953634,0.21843778568123667,0.3211331590638462,0.14535035339598748,0.6840217991331898,0.9984762651258827,61.49737866475787,3.7753230723789706,31.29201644638937,2.204398102203747,4.116298695255978,77.00345471983348,96.44035780712828
0.7068508759916174,3.9215249544953634,0.21843778568123667,0.3211331590638462,0.14535035339598748,0.6840217991331898,0.9984762651258827,61.49737866475787,3.7753230723789706,31.29201644638937,2.204398102203747,4.116298695255978,77.00345471983348,96.44035780712828
0.7068508759916174,3.9215249544953634,0.21843778568123667,0.3211331590638462,0.14535035339598748,0.6840217991331898,0.9984762651258827,61.49737866475787,3.7753230723789706,31.29201644638937,2.204398102203747,4.116298695255978,77.00345471983348,96.44035780712828
0.6923929476729558,3.9215249544953634,0.21843778568123667,0.7912905698923101,0.4198546291409345,0.6840217991331898,0.9984762651258827,61.49737866475787,3.7753230723789706,31.29201644638937,2.204398102203747,4.116298695255978,89.06507428995272,185.05463278797103
1.4818878509865108,11.769434816977677,0.23375359093448383,0.8078544938092288,0.32372387781443185,0.9636104331529289,0.556742927392317,148.65116603061043,3.8739339397819057,116.81803378425613,52.83065213258294,90.95949605541375,5.402069622781582,1.3758982170264495
1.7980668435776992,8.558434155362601,3.183574375225099,0.6283080129941033,0.283788423611417,0.2215986738254465,0.8313424881589224,162.14504093695098,3.4385582256845417,63.08462080696472,79.07554290017201,6.8221762934263355,142.14777662836192,183.7989281958144
0.7068508759916174,3.9215249544953634,0.21843778568123667,0.3211331590638462,0.14535035339598748,0.6840217991331898,0.9984762651258827,61.49737866475787,3.7753230723789706,31.29201644638937,2.204398102203747,4.116298695255978,77.00345471983348,96.44035780712828
0.7068508759916174,3.9215249544953634,0.21843778568123667,0.3211331590638462,0.14535035339598748,0.6840217991331898,0.9984762651258827,61.49737866475787,3.7753230723789706,31.29201644638937,2.204398102203747,4.116298695255978,77.00345471983348,96.44035780712828
0.7068508759916174,3.9215249544953634,0.21843778568123667,0.3211331590638462,0.14535035339598748,0.6840217991331898,0.9984762651258827,61.49737866475787,3.7753230723789706,31.29201644638937,2.204398102203747,4.116298695255978,77.00345471983348,96.44035780712828
0.7962015929236018,3.4496173901210208,0.2421766537535035,0.2102740472601862,0.5422258035902431,0.7006104462886622,0.9423838162394752,72.24570164393516,3.7876540953552933,62.4227899938589,47.17354013200252,11.90020598950692,114.99781100348787,59.37674472460737
0.7068508759916174,3.9215249544953634,0.21843778568123667,0.3211331590638462,0.14535035339598748,0.6840217991331898,0.9984762651258827,61.49737866475787,3.7753230723789706,31.29201644638937,2.204398102203747,4.116298695255978,77.00345471983348,96.44035780712828
0.7068508759916174,3.9215249544953634,0.21843778568123667,0.3211331590638462,0.14535035339598748,0.6840217991331898,0.9984762651258827,61.49737866475787,3.7753230723789706,31.29201644638937,2.204398102203747,4.116298695255978,77.00345471983348,96.44035780712828
0.7068508759916174,3.9215249544953634,0.21843778568123667,0.3211331590638462,0.14535035339598748,0.6840217991331898,0.9984762651258827,61.49737866475787,3.7753230723789706,31.29201644638937,2.204398102203747,4.116298695255978,77.00345471983348,96.44035780712828
1.9624272601428574,2.6113907148462787,1.8808849898261824,0.7094053434222171,0.5810761576734222,0.43516404546830306,0.6665115155972453,378.18262673915046,4.969254723507589,56.293604942228356,28.520077935335603,93.77248904341258,120.60464894660814,129.21523870919518
0.7068508759916174,3.9215249544953634,0.21843778568123667,0.3211331590638462,0.14535035339598748,0.6840217991331898,0.9984762651258827,61.49737866475787,3.7753230723789706,31.29201644638937,2.204398102203747,4.116298695255978,77.00345471983348,96.44035780712828
1.4818878509865108,11.769434816977677,0.23375359093448383,0.8078544938092288,0.32372387781443185,0.9636104331529289,0.556742927392317,148.65116603061043,3.8739339397819057,116.81803378425613,52.83065213258294,90.95949605541375,5.402069622781582,1.3758982170264495
0.7068508759916174,3.9215249544953634,0.21843778568123667,0.3211331590638462,0.14535035339598748,0.6840217991331898,0.9984762651258827,61.49737866475787,3.7753230723789706,31.29201644638937,2.204398102203747,4.116298695255978,77.00345471983348,96.44035780712828
0.6923929476729558,3.9215249544953634,0.21843778568123667,0.7912905698923101,0.4198546291409345,0.6840217991331898,0.9984762651258827,61.49737866475787,3.7753230723789706,31.29201644638937,2.204398102203747,4.116298695255978,89.06507428995272,185.05463278797103
0.7068508759916174,3.9215249544953634,0.21843778568123667,0.3211331590638462,0.14535035339598748,0.6840217991331898,0.9984762651258827,61.49737866475787,3.7753230723789706,31.29201644638937,2.204398102203747,4.116298695255978,77.00345471983348,96.44035780712828
1.7980668435776992,8.558434155362601,3.183574375225099,0.6283080129941033,0.283788423611417,0.2215986738254465,0.8313424881589224,162.14504093695098,3.4385582256845417,63.08462080696472,79.07554290017201,6.8221762934263355,142.14777662836192,183.7989281958144
0.7068508759916174,3.9215249544953634,0.21843778568123667,0.3211331590638462,0.14535035339598748,0.6840217991331898,0.9984762651258827,61.49737866475787,3.7753230723789706,31.29201644638937,2.204398102203747,4.116298695255978,77.00345471983348,96.44035780712828
2.5460714269949505,52.55568671343048,4.24268148786813,0.19368561333928153,0.6168562142285159,0.2674477271604426,0.8398281561284586,178.49554598122913,4.955437614127715,86.05037172327683,187.55672798967672,113.95751159971326,185.13157892411613,84.61771052505485
0.7068508759916174,3.9215249544953634,0.21843778568123667,0.3211331590638462,0.14535035339598748,0.6840217991331898,0.9984762651258827,61.49737866475787,3.7753230723789706,31.29201644638937,2.204398102203747,4.116298695255978,77.00345471983348,96.44035780712828
0.7068508759916174,3.9215249544953634,0.21843778568123667,0.3211331590638462,0.14535035339598748,0.6840217991331898,0.9984762651258827,61.49737866475787,3.7753230723789706,31.29201644638937,2.204398102203747,4.116298695255978,77.00345471983348,96.44035780712828
0.7068508759916174,3.9215249544953634,0.21843778568123667,0.3211331590638462,0.14535035339598748,0.6840217991331898,0.9984762651258827,61.49737866475787,3.7753230723789706,31.29201644638937,2.204398102203747,4.116298695255978,77.00345471983348,96.44035780712828
0.6923929476729558,3.9215249544953634,0.21843778568123667,0.7912905698923101,0.4198546291409345,0.6840217991331898,0.9984762651258827,61.49737866475787,3.7753230723789706,31.29201644638937,2.204398102203747,4.116298695255978,89.06507428995272,185.05463278797103
0.7068508759916174,3.9215249544953634,0.21843778568123667,0.3211331590638462,0.14535035339598748,0.6840217991331898,0.9984762651258827,61.49737866475787,3.7753230723789706,31.29201644638937,2.204398102203747,4.116298695255978,77.00345471983348,96.44035780712828
1.9624272601428574,2.6113907148462787,1.8808849898261824,0.7094053434222171,0.5810761576734222,0.43516404546830306,0.6665115155972453,378.18262673915046,4.969254723507589,56.293604942228356,28.520077935335603,93.77248904341258,120.60464894660814,129.21523870919518
0.7068508759916174,3.9215249544953634,0.21843778568123667,0.3211331590638462,0.14535035339598748,0.6840217991331898,0.9984762651258827,61.49737866475787,3.7753230723789706,31.29201644638937,2.204398102203747,4.116298695255978,77.00345471983348,96.44035780712828
0.7068508759916174,3.9215249544953634,0.21843778568123667,0.3211331590638462,0.14535035339598748,0.6840217991331898,0.9984762651258827,61.49737866475787,3.7753230723789706,31.29201644638937,2.204398102203747,4.116298695255978,77.00345471983348,96.44035780712828
0.7068508759916174,3.9215249544953634,0.21843778568123667,0.3211331590638462,0.14535035339598748,0.6840217991331898,0.9984762651258827,61.49737866475787,3.7753230723789706,31.29201644638937,2.204398102203747,4.116298695255978,77.00345471983348,96.44035780712828
0.7068508759916174,3.9215249544953634,0.21843778568123667,0.3211331590638462,0.14535035339598748,0.6840217991331898,0.9984762651258827,61.49737866475787,3.7753230723789706,31.29201644638937,2.204398102203747,4.116298695255978,77.00345471983348,96.44035780712828
1.7980668435776992,8.558434155362601,3.183574375225099,0.6283080129941033,0.283788423611417,0.2215986738254465,0.8313424881589224,162.14504093695098,3.4385582256845417,63.08462080696472,79.07554290017201,6.8221762934263355,142.14777662836192,183.7989281958144
0.7068508759916174,3.9215249544953634,0.21843778568123667,0.3211331590638462,0.14535035339598748,0.6840217991331898,0.9984762651258827,61.49737866475787,3.7753230723789706,31.29201644638937,2.204398102203747,4.116298695255978,77.00345471983348,96.44035780712828
0.7962015929236018,3.4496173901210208,0.2421766537535035,0.2102740472601862,0.5422258035902431,0.7006104462886622,0.9423838162394752,72.24570164393516,3.7876540953552933,62.4227899938589,47.17354013200252,11.90020598950692,114.99781100348787,59.37674472460737
1.4818878509865108,11.769434816977677,0.23375359093448383,0.8078544938092288,0.32372387781443185,0.9636104331529289,0.556742927392317,148.65116603061043,3.8739339397819057,116.81803378425613,52.83065213258294,90.95949605541375,5.402069622781582,1.3758982170264495
2.5460714269949505,52.55568671343048,4.24268148786813,0.19368561333928153,0.6168562142285159,0.2674477271604426,0.8398281561284586,178.49554598122913,4.955437614127715,86.05037172327683,187.55672798967672,113.95751159971326,185.13157892411613,84.61771052505485
0.7068508759916174,3.9215249544953634,0.21843778568123667,0.3211331590638462,0.14535035339598748,0.6840217991331898,0.9984762651258827,61.49737866475787,3.7753230723789706,31.29201644638937,2.204398102203747,4.116298695255978,77.00345471983348,96.44035780712828
0.7068508759916174,3.9215249544953634,0.21843778568123667,0.3211331590638462,0.14535035339598748,0.6840217991331898,0.9984762651258827,61.49737866475787,3.7753230723789706,31.29201644638937,2.204398102203747,4.116298695255978,77.00345471983348,96.44035780712828
0.6923929476729558,3.9215249544953634,0.21843778568123667,0.7912905698923101,0.4198546291409345,0.6840217991331898,0.9984762651258827,61.49737866475787,3.7753230723789706,31.29201644638937,2.204398102203747,4.116298695255978,89.06507428995272,185.05463278797103
0.7068508759916174,3.9215249544953634,0.21843778568123667,0.3211331590638462,0.14535035339598748,0.6840217991331898,0.9984762651258827,61.49737866475787,3.7753230723789706,31.29201644638937,2.204398102203747,4.116298695255978,77.00345471983348,96.44035780712828
0.7068508759916174,3.9215249544953634,0.21843778568123667,0.3211331590638462,0.14535035339598748,0.6840217991331898,0.9984762651258827,61.49737866475787,3.7753230723789706,31.29201644638937,2.204398102203747,4.116298695255978,77.00345471983348,96.44035780712828
0.7068508759916174,3.9215249544953634,0.21843778568123667,0.3211331590638462,0.14535035339598748,0.6840217991331898,0.9984762651258827,61.49737866475787,3.7753230723789706,31.29201644638937,2.204398102203747,4.116298695255978,77.00345471983348,96.44035780712828
0.7068508759916174,3.9215249544953634,0.21843778568123667,0.3211331590638462,0.14535035339598748,0.6840217991331898,0.9984762651258827,61.49737866475787,3.7753230723789706,31.29201644638937,2.204398102203747,4.116298695255978,77.00345471983348,96.44035780712828
0.7962015929236018,3.4496173901210208,0.2421766537535035,0.2102740472601862,0.5422258035902431,0.7006104462886622,0.9423838162394752,72.24570164393516,3.7876540953552933,62.4227899938589,47.17354013200252,11.90020598950692,114.99781100348787,59.37674472460737
0.7068508759916174,3.9215249544953634,0.21843778568123667,0.3211331590638462,0.14535035339598748,0.6840217991331898,0.9984762651258827,61.49737866475787,3.7753230723789706,31.29201644638937,2.204398102203747,4.116298695255978,77.00345471983348,96.44035780712828
0.7068508759916174,3.9215249544953634,0.21843778568123667,0.3211331590638462,0.14535035339598748,0.6840217991331898,0.9984762651258827,61.49737866475787,3.7753230723789706,31.29201644638937,2.204398102203747,4.116298695255978,77.00345471983348,96.44035780712828
0.7068508759916174,3.9215249544953634,0.21843778568123667,0.3211331590638462,0.14535035339598748,0.6840217991331898,0.9984762651258827,61.49737866475787,3.7753230723789706,31.29201644638937,2.204398102203747,4.116298695255978,77.00345471983348,96.44035780712828
2.5460714269949505,52.55568671343048,4.24268148786813,0.19368561333928153,0.6168562142285159,0.2674477271604426,0.8398281561284586,178.49554598122913,4.955437614127715,86.05037172327683,187.55672798967672,113.95751159971326,185.13157892411613,84.61771052505485
0.6923929476729558,3.9215249544953634,0.21843778568123667,0.7912905698923101,0.4198546291409345,0.6840217991331898,0.9984762651258827,61.49737866475787,3.7753230723789706,31.29201644638937,2.204398102203747,4.116298695255978,89.06507428995272,185.05463278797103
1.9624272601428574,2.6113907148462787,1.8808849898261824,0.7094053434222171,0.5810761576734222,0.43516404546830306,0.6665115155972453,378.18262673915046,4.969254723507589,56.293604942228356,28.520077935335603,93.77248904341258,120.60464894660814,129.21523870919518
0.7068508759916174,3.9215249544953634,0.21843778568123667,0.3211331590638462,0.14535035339598748,0.6840217991331898,0.9984762651258827,61.49737866475787,3.7753230723789706,31.29201644638937,2.204398102203747,4.116298695255978,77.00345471983348,96.44035780712828
0.7068508759916174,3.9215249544953634,0.21843778568123667,0.3211331590638462,0.14535035339598748,0.6840217991331898,0.9984762651258827,61.49737866475787,3.7753230723789706,31.29201644638937,2.204398102203747,4.116298695255978,77.00345471983348,96.44035780712828
0.7068508759916174,3.9215249544953634,0.21843778568123667,0.3211331590638462,0.14535035339598748,0.6840217991331898,0.9984762651258827,61.49737866475787,3.7753230723789706,31.29201644638937,2.204398102203747,4.116298695255978,77.00345471983348,96.44035780712828
0.7068508759916174,3.9215249544953634,0.21843778568123667,0.3211331590638462,0.14535035339598748,0.6840217991331898,0.9984762651258827,61.49737866475787,3.7753230723789706,31.29201644638937,2.204398102203747,4.116298695255978,77.00345471983348,96.44035780712828
0.7068508759916174,3.9215249544953634,0.21843778568123667,0.3211331590638462,0.14535035339598748,0.6840217991331898,0.9984762651258827,61.49737866475787,3.7753230723789706,31.29201644638937,2.204398102203747,4.116298695255978,77.00345471983348,96.44035780712828
1.4818878509865108,11.769434816977677,0.23375359093448383,0.8078544938092288,0.32372387781443185,0.9636104331529289,0.556742927392317,148.65116603061043,3.8739339397819057,116.81803378425613,52.83065213258294,90.95949605541375,5.402069622781582,1.3758982170264495
0.7068508759916174,3.9215249544953634,0.21843778568123667,0.3211331590638462,0.14535035339598748,0.6840217991331898,0.9984762651258827,61.49737866475787,3.7753230723789706,31.29201644638937,2.204398102203747,4.116298695255978,77.00345471983348,96.44035780712828
0.6923929476729558,3.9215249544953634,0.21843778568123667,0.7912905698923101,0.4198546291409345,0.6840217991331898,0.9984762651258827,61.49737866475787,3.7753230723789706,31.29201644638937,2.204398102203747,4.116298695255978,89.06507428995272,185.05463278797103
1.7980668435776992,8.558434155362601,3.183574375225099,0.6283080129941033,0.283788423611417,0.2215986738254465,0.8313424881589224,162.14504093695098,3.4385582256845417,63.08462080696472,79.07554290017201,6.8221762934263355,142.14777662836192,183.7989281958144
0.7068508759916174,3.9215249544953634,0.21843778568123667,0.3211331590638462,0.14535035339598748,0.6840217991331898,0.9984762651258827,61.49737866475787,3.7753230723789706,31.29201644638937,2.204398102203747,4.116298695255978,77.00345471983348,96.44035780712828
2.5460714269949505,52.55568671343048,4.24268148786813,0.19368561333928153,0.6168562142285159,0.2674477271604426,0.8398281561284586,178.49554598122913,4.955437614127715,86.05037172327683,187.55672798967672,113.95751159971326,185.13157892411613,84.61771052505485
0.7068508759916174,3.9215249544953634,0.21843778568123667,0.3211331590638462,0.14535035339598748,0.6840217991331898,0.9984762651258827,61.49737866475787,3.7753230723789706,31.29201644638937,2.204398102203747,4.116298695255978,77.00345471983348,96.44035780712828
0.7962015929236018,3.4496173901210208,0.2421766537535035,0.2102740472601862,0.5422258035902431,0.7006104462886622,0.9423838162394752,72.24570164393516,3.7876540953552933,62.4227899938589,47.17354013200252,11.90020598950692,114.99781100348787,59.37674472460737
0.7068508759916174,3.9215249544953634,0.21843778568123667,0.3211331590638462,0.14535035339598748,0.6840217991331898,0.9984762651258827,61.49737866475787,3.7753230723789706,31.29201644638937,2.204398102203747,4.116298695255978,77.00345471983348,96.44035780712828
0.7068508759916174,3.9215249544953634,0.21843778568123667,0.3211331590638462,0.14535035339598748,0.6840217991331898,0.9984762651258827,61.49737866475787,3.7753230723789706,31.29201644638937,2.204398102203747,4.116298695255978,77.00345471983348,96.44035780712828
0.7068508759916174,3.9215249544953634,0.21843778568123667,0.3211331590638462,0.14535035339598748,0.6840217991331898,0.9984762651258827,61.49737866475787,3.7753230723789706,31.29201644638937,2.204398102203747,4.116298695255978,77.00345471983348,96.44035780712828
0.7068508759916174,3.9215249544953634,0.21843778568123667,0.3211331590638462,0.14535035339598748,0.6840217991331898,0.9984762651258827,61.49737866475787,3.7753230723789706,31.29201644638937,2.204398102203747,4.116298695255978,77.00345471983348,96.44035780712828
0.7068508759916174,3.9215249544953634,0.21843778568123667,0.3211331590638462,0.14535035339598748,0.6840217991331898,0.9984762651258827,61.49737866475787,3.7753230723789706,31.29201644638937,2.204398102203747,4.116298695255978,77.00345471983348,96.44035780712828
0.7068508759916174,3.9215249544953634,0.21843778568123667,0.3211331590638462,0.14535035339598748,0.6840217991331898,0.9984762651258827,61.49737866475787,3.7753230723789706,31.29201644638937,2.204398102203747,4.116298695255978,77.00345471983348,96.44035780712828
0.6923929476729558,3.9215249544953634,0.21843778568123667,0.7912905698923101,0.4198546291409345,0.6840217991331898,0.9984762651258827,61.49737866475787,3.7753230723789706,31.29201644638937,2.204398102203747,4.116298695255978,89.06507428995272,185.05463278797103
0.7068508759916174,3.9215249544953634,0.21843778568123667,0.3211331590638462,0.14535035339598748,0.6840217991331898,0.9984762651258827,61.49737866475787,3.7753230723789706,31.29201644638937,2.204398102203747,4.116298695255978,77.00345471983348,96.44035780712828
0.7068508759916174,3.9215249544953634,0.21843778568123667,0.3211331590638462,0.14535035339598748,0.6840217991331898,0.9984762651258827,61.49737866475787,3.7753230723789706,31.29201644638937,2.204398102203747,4.116298695255978,77.00345471983348,96.44035780712828
0.7962015929236018,3.4496173901210208,0.2421766537535035,0.2102740472601862,0.5422258035902431,0.7006104462886622,0.9423838162394752,72.24570164393516,3.7876540953552933,62.4227899938589,47.17354013200252,11.90020598950692,114.99781100348787,59.37674472460737
1.9624272601428574,2.6113907148462787,1.8808849898261824,0.7094053434222171,0.5810761576734222,0.43516404546830306,0.6665115155972453,378.18262673915046,4.969254723507589,56.293604942228356,28.520077935335603,93.77248904341258,120.60464894660814,129.21523870919518
0.7068508759916174,3.9215249544953634,0.21843778568123667,0.3211331590638462,0.14535035339598748,0.6840217991331898,0.9984762651258827,61.49737866475787,3.7753230723789706,31.29201644638937,2.204398102203747,4.116298695255978,77.00345471983348,96.44035780712828
0.7068508759916174,3.9215249544953634,0.21843778568123667,0.3211331590638462,0.14535035339598748,0.6840217991331898,0.9984762651258827,61.49737866475787,3.7753230723789706,31.29201644638937,2.204398102203747,4.116298695255978,77.00345471983348,96.44035780712828
2.5460714269949505,52.55568671343048,4.24268148786813,0.19368561333928153,0.6168562142285159,0.2674477271604426,0.8398281561284586,178.49554598122913,4.955437614127715,86.05037172327683,187.55672798967672,113.95751159971326,185.13157892411613,84.61771052505485
0.7068508759916174,3.9215249544953634,0.21843778568123667,0.3211331590638462,0.14535035339598748,0.6840217991331898,0.9984762651258827,61.49737866475787,3.7753230723789706,31.29201644638937,2.204398102203747,4.116298695255978,77.00345471983348,96.44035780712828
0.7068508759916174,3.9215249544953634,0.21843778568123667,0.3211331590638462,0.14535035339598748,0.6840217991331898,0.9984762651258827,61.49737866475787,3.7753230723789706,31.29201644638937,2.204398102203747,4.116298695255978,77.00345471983348,96.44035780712828
0.7068508759916174,3.9215249544953634,0.21843778568123667,0.3211331590638462,0.14535035339598748,0.6840217991331898,0.9984762651258827,61.49737866475787,3.7753230723789706,31.29201644638937,2.204398102203747,4.116298695255978,77.00345471983348,96.44035780712828
0.7068508759916174,3.9215249544953634,0.21843778568123667,0.3211331590638462,0.14535035339598748,0.6840217991331898,0.9984762651258827,61.49737866475787,3.7753230723789706,31.29201644638937,2.204398102203747,4.116298695255978,77.00345471983348,96.44035780712828
1.7980668435776992,8.558434155362601,3.183574375225099,0.6283080129941033,0.283788423611417,0.2215986738254465,0.8313424881589224,162.14504093695098,3.4385582256845417,63.08462080696472,79.07554290017201,6.8221762934263355,142.14777662836192,183.7989281958144
0.7068508759916174,3.9215249544953634,0.21843778568123667,0.3211331590638462,0.14535035339598748,0.6840217991331898,0.9984762651258827,61.49737866475787,3.7753230723789706,31.29201644638937,2.204398102203747,4.116298695255978,77.00345471983348,96.44035780712828
0.7068508759916174,3.9215249544953634,0.21843778568123667,0.3211331590638462,0.14535035339598748,0.6840217991331898,0.9984762651258827,61.49737866475787,3.7753230723789706,31.29201644638937,2.204398102203747,4.116298695255978,77.00345471983348,96.44035780712828
0.6923929476729558,3.9215249544953634,0.21843778568123667,0.7912905698923101,0.4198546291409345,0.6840217991331898,0.9984762651258827,61.49737866475787,3.7753230723789706,31.29201644638937,2.204398102203747,4.116298695255978,89.06507428995272,185.05463278797103
0.7068508759916174,3.9215249544953634,0.21843778568123667,0.3211331590638462,0.14535035339598748,0.6840217991331898,0.9984762651258827,61.49737866475787,3.7753230723789706,31.29201644638937,2.204398102203747,4.116298695255978,77.00345471983348,96.44035780712828
0.7068508759916174,3.9215249544953634,0.21843778568123667,0.3211331590638462,0.14535035339598748,0.6840217991331898,0.9984762651258827,61.49737866475787,3.7753230723789706,31.29201644638937,2.204398102203747,4.116298695255978,77.00345471983348,96.44035780712828
1.9624272601428574,2.6113907148462787,1.8808849898261824,0.7094053434222171,0.5810761576734222,0.43516404546830306,0.6665115155972453,378.18262673915046,4.969254723507589,56.293604942228356,28.520077935335603,93.77248904341258,120.60464894660814,129.21523870919518
0.7068508759916174,3.9215249544953634,0.21843778568123667,0.3211331590638462,0.14535035339598748,0.6840217991331898,0.9984762651258827,61.49737866475787,3.7753230723789706,31.29201644638937,2.204398102203747,4.116298695255978,77.00345471983348,96.44035780712828
0.7068508759916174,3.9215249544953634,0.21843778568123667,0.3211331590638462,0.14535035339598748,0.6840217991331898,0.9984762651258827,61.49737866475787,3.7753230723789706,31.29201644638937,2.204398102203747,4.116298695255978,77.00345471983348,96.44035780712828
0.7068508759916174,3.9215249544953634,0.21843778568123667,0.3211331590638462,0.14535035339598748,0.6840217991331898,0.9984762651258827,61.49737866475787,3.7753230723789706,31.29201644638937,2.204398102203747,4.116298695255978,77.00345471983348,96.44035780712828
2.5460714269949505,52.55568671343048,4.24268148786813,0.19368561333928153,0.6168562142285159,0.2674477271604426,0.8398281561284586,178.49554598122913,4.955437614127715,86.05037172327683,187.55672798967672,113.95751159971326,185.13157892411613,84.61771052505485
0.7068508759916174,3.9215249544953634,0.21843778568123667,0.3211331590638462,0.14535035339598748,0.6840217991331898,0.9984762651258827,61.49737866475787,3.7753230723789706,31.29201644638937,2.204398102203747,4.116298695255978,77.00345471983348,96.44035780712828
0.7068508759916174,3.9215249544953634,0.21843778568123667,0.3211331590638462,0.14535035339598748,0.6840217991331898,0.9984762651258827,61.49737866475787,3.7753230723789706,31.29201644638937,2.204398102203747,4.116298695255978,77.00345471983348,96.44035780712828
0.7068508759916174,3.9215249544953634,0.21843778568123667,0.3211331590638462,0.14535035339598748,0.6840217991331898,0.9984762651258827,61.49737866475787,3.7753230723789706,31.29201644638937,2.204398102203747,4.116298695255978,77.00345471983348,96.44035780712828
0.6923929476729558,3.9215249544953634,0.21843778568123667,0.7912905698923101,0.4198546291409345,0.6840217991331898,0.9984762651258827,61.49737866475787,3.7753230723789706,31.29201644638937,2.204398102203747,4.116298695255978,89.06507428995272,185.05463278797103
0.7068508759916174,3.9215249544953634,0.21843778568123667,0.3211331590638462,0.14535035339598748,0.6840217991331898,0.9984762651258827,61.49737866475787,3.7753230723789706,31.29201644638937,2.204398102203747,4.116298695255978,77.00345471983348,96.44035780712828
0.7068508759916174,3.9215249544953634,0.21843778568123667,0.3211331590638462,0.14535035339598748,0.6840217991331898,0.9984762651258827,61.49737866475787,3.7753230723789706,31.29201644638937,2.204398102203747,4.116298695255978,77.00345471983348,96.44035780712828
0.7962015929236018,3.4496173901210208,0.2421766537535035,0.2102740472601862,0.5422258035902431,0.7006104462886622,0.9423838162394752,72.24570164393516,3.7876540953552933,62.4227899938589,47.17354013200252,11.90020598950692,114.99781100348787,59.37674472460737
1.9624272601428574,2.6113907148462787,1.8808849898261824,0.7094053434222171,0.5810761576734222,0.43516404546830306,0.6665115155972453,378.18262673915046,4.969254723507589,56.293604942228356,28.520077935335603,93.77248904341258,120.60464894660814,129.21523870919518
0.7068508759916174,3.9215249544953634,0.21843778568123667,0.3211331590638462,0.14535035339598748,0.6840217991331898,0.9984762651258827,61.49737866475787,3.7753230723789706,31.29201644638937,2.204398102203747,4.116298695255978,77.00345471983348,96.44035780712828
0.7068508759916174,3.9215249544953634,0.21843778568123667,0.3211331590638462,0.14535035339598748,0.6840217991331898,0.9984762651258827,61.49737866475787,3.7753230723789706,31.29201644638937,2.204398102203747,4.116298695255978,77.00345471983348,96.44035780712828
0.7068508759916174,3.9215249544953634,0.21843778568123667,0.3211331590638462,0.14535035339598748,0.6840217991331898,0.9984762651258827,61.49737866475787,3.7753230723789706,31.29201644638937,2.204398102203747,4.116298695255978,77.00345471983348,96.44035780712828
0.7068508759916174,3.9215249544953634,0.21843778568123667,0.3211331590638462,0.14535035339598748,0.6840217991331898,0.9984762651258827,61.49737866475787,3.7753230723789706,31.29201644638937,2.204398102203747,4.116298695255978,77.00345471983348,96.44035780712828
0.7068508759916174,3.9215249544953634,0.21843778568123667,0.3211331590638462,0.14535035339598748,0.6840217991331898,0.9984762651258827,61.49737866475787,3.7753230723789706,31.29201644638937,2.204398102203747,4.116298695255978,77.00345471983348,96.44035780712828
2.5460714269949505,52.55568671343048,4.24268148786813,0.19368561333928153,0.6168562142285159,0.2674477271604426,0.8398281561284586,178.49554598122913,4.955437614127715,86.05037172327683,187.55672798967672,113.95751159971326,185.13157892411613,84.61771052505485
0.7068508759916174,3.9215249544953634,0.21843778568123667,0.3211331590638462,0.14535035339598748,0.6840217991331898,0.9984762651258827,61.49737866475787,3.7753230723789706,31.29201644638937,2.204398102203747,4.116298695255978,77.00345471983348,96.44035780712828
0.7068508759916174,3.9215249544953634,0.21843778568123667,0.3211331590638462,0.14535035339598748,0.6840217991331898,0.9984762651258827,61.49737866475787,3.7753230723789706,31.29201644638937,2.204398102203747,4.116298695255978,77.00345471983348,96.44035780712828
1.7980668435776992,8.558434155362601,3.183574375225099,0.6283080129941033,0.283788423611417,0.2215986738254465,0.8313424881589224,162.14504093695098,3.4385582256845417,63.08462080696472,79.07554290017201,6.8221762934263355,142.14777662836192,183.7989281958144
0.7962015929236018,3.4496173901210208,0.2421766537535035,0.2102740472601862,0.5422258035902431,0.7006104462886622,0.9423838162394752,72.24570164393516,3.7876540953552933,62.4227899938589,47.17354013200252,11.90020598950692,114.99781100348787,59.37674472460737
0.7068508759916174,3.9215249544953634,0.21843778568123667,0.3211331590638462,0.14535035339598748,0.6840217991331898,0.9984762651258827,61.49737866475787,3.7753230723789706,31.29201644638937,2.204398102203747,4.116298695255978,77.00345471983348,96.44035780712828
0.7068508759916174,3.9215249544953634,0.21843778568123667,0.3211331590638462,0.14535035339598748,0.6840217991331898,0.9984762651258827,61.49737866475787,3.7753230723789706,31.29201644638937,2.204398102203747,4.116298695255978,77.00345471983348,96.44035780712828
1.9624272601428574,2.6113907148462787,1.8808849898261824,0.7094053434222171,0.5810761576734222,0.43516404546830306,0.6665115155972453,378.18262673915046,4.969254723507589,56.293604942228356,28.520077935335603,93.77248904341258,120.60464894660814,129.21523870919518
0.7068508759916174,3.9215249544953634,0.21843778568123667,0.3211331590638462,0.14535035339598748,0.6840217991331898,0.9984762651258827,61.49737866475787,3.7753230723789706,31.29201644638937,2.204398102203747,4.116298695255978,77.00345471983348,96.44035780712828
0.7068508759916174,3.9215249544953634,0.21843778568123667,0.3211331590638462,0.14535035339598748,0.6840217991331898,0.9984762651258827,61.49737866475787,3.7753230723789706,31.29201644638937,2.204398102203747,4.116298695255978,77.00345471983348,96.44035780712828
0.7068508759916174,3.9215249544953634,0.21843778568123667,0.3211331590638462,0.14535035339598748,0.6840217991331898,0.9984762651258827,61.49737866475787,3.7753230723789706,31.29201644638937,2.204398102203747,4.116298695255978,77.00345471983348,96.44035780712828
2.5460714269949505,52.55568671343048,4.24268148786813,0.19368561333928153,0.6168562142285159,0.2674477271604426,0.8398281561284586,178.49554598122913,4.955437614127715,86.05037172327683,187.55672798967672,113.95751159971326,185.13157892411613,84.61771052505485
0.6923929476729558,3.9215249544953634,0.21843778568123667,0.7912905698923101,0.4198546291409345,0.6840217991331898,0.9984762651258827,61.49737866475787,3.7753230723789706,31.29201644638937,2.204398102203747,4.116298695255978,89.06507428995272,185.05463278797103
0.7068508759916174,3.9215249544953634,0.21843778568123667,0.3211331590638462,0.14535035339598748,0.6840217991331898,0.9984762651258827,61.49737866475787,3.7753230723789706,31.29201644638937,2.204398102203747,4.116298695255978,77.00345471983348,96.44035780712828
0.7068508759916174,3.9215249544953634,0.21843778568123667,0.3211331590638462,0.14535035339598748,0.6840217991331898,0.9984762651258827,61.49737866475787,3.7753230723789706,31.29201644638937,2.204398102203747,4.116298695255978,77.00345471983348,96.44035780712828
0.7068508759916174,3.9215249544953634,0.21843778568123667,0.3211331590638462,0.14535035339598748,0.6840217991331898,0.9984762651258827,61.49737866475787,3.7753230723789706,31.29201644638937,2.204398102203747,4.116298695255978,77.00345471983348,96.44035780712828
0.7068508759916174,3.9215249544953634,0.21843778568123667,0.3211331590638462,0.14535035339598748,0.6840217991331898,0.9984762651258827,61.49737866475787,3.7753230723789706,31.29201644638937,2.204398102203747,4.116298695255978,77.00345471983348,96.44035780712828
0.7068508759916174,3.9215249544953634,0.21843778568123667,0.3211331590638462,0.14535035339598748,0.6840217991331898,0.9984762651258827,61.49737866475787,3.7753230723789706,31.29201644638937,2.204398102203747,4.116298695255978,77.00345471983348,96.44035780712828
0.7068508759916174,3.9215249544953634,0.21843778568123667,0.3211331590638462,0.14535035339598748,0.6840217991331898,0.9984762651258827,61.49737866475787,3.7753230723789706,31.29201644638937,2.204398102203747,4.116298695255978,77.00345471983348,96.44035780712828
1.9624272601428574,2.6113907148462787,1.8808849898261824,0.7094053434222171,0.5810761576734222,0.43516404546830306,0.6665115155972453,378.18262673915046,4.969254723507589,56.293604942228356,28.520077935335603,93.77248904341258,120.60464894660814,129.21523870919518
0.7068508759916174,3.9215249544953634,0.21843778568123667,0.3211331590638462,0.14535035339598748,0.6840217991331898,0.9984762651258827,61.49737866475787,3.7753230723789706,31.29201644638937,2.204398102203747,4.116298695255978,77.00345471983348,96.44035780712828
0.7068508759916174,3.9215249544953634,0.21843778568123667,0.3211331590638462,0.14535035339598748,0.6840217991331898,0.9984762651258827,61.49737866475787,3.7753230723789706,31.29201644638937,2.204398102203747,4.116298695255978,77.00345471983348,96.44035780712828
0.7068508759916174,3.9215249544953634,0.21843778568123667,0.3211331590638462,0.14535035339598748,0.6840217991331898,0.9984762651258827,61.49737866475787,3.7753230723789706,31.29201644638937,2.204398102203747,4.116298695255978,77.00345471983348,96.44035780712828
0.6923929476729558,3.9215249544953634,0.21843778568123667,0.7912905698923101,0.4198546291409345,0.6840217991331898,0.9984762651258827,61.49737866475787,3.7753230723789706,31.29201644638937,2.204398102203747,4.116298695255978,89.06507428995272,185.05463278797103
1.7175656873760088,11.749202907377406,0.43055887788045455,0.35041863330342377,0.40086548014246826,0.7167551995735263,0.8918409096351,287.9432722447144,4.7262855279815055,143.94625951508326,29.88227207365954,46.86034021942691,9.74812657984602,136.98409265761597
0.7068508759916174,3.9215249544953634,0.21843778568123667,0.3211331590638462,0.14535035339598748,0.6840217991331898,0.9984762651258827,61.49737866475787,3.7753230723789706,31.29201644638937,2.204398102203747,4.116298695255978,77.00345471983348,96.44035780712828
2.5460714269949505,52.55568671343048,4.24268148786813,0.19368561333928153,0.6168562142285159,0.2674477271604426,0.8398281561284586,178.49554598122913,4.955437614127715,86.05037172327683,187.55672798967672,113.95751159971326,185.13157892411613,84.61771052505485
0.7962015929236018,3.4496173901210208,0.2421766537535035,0.2102740472601862,0.5422258035902431,0.7006104462886622,0.9423838162394752,72.24570164393516,3.7876540953552933,62.4227899938589,47.17354013200252,11.90020598950692,114.99781100348787,59.37674472460737
0.7068508759916174,3.9215249544953634,0.21843778568123667,0.3211331590638462,0.14535035339598748,0.6840217991331898,0.9984762651258827,61.49737866475787,3.7753230723789706,31.29201644638937,2.204398102203747,4.116298695255978,77.00345471983348,96.44035780712828
0.7068508759916174,3.9215249544953634,0.21843778568123667,0.3211331590638462,0.14535035339598748,0.6840217991331898,0.9984762651258827,61.49737866475787,3.7753230723789706,31.29201644638937,2.204398102203747,4.116298695255978,77.00345471983348,96.44035780712828
0.7068508759916174,3.9215249544953634,0.21843778568123667,0.3211331590638462,0.14535035339598748,0.6840217991331898,0.9984762651258827,61.49737866475787,3.7753230723789706,31.29201644638937,2.204398102203747,4.116298695255978,77.00345471983348,96.44035780712828
0.7068508759916174,3.9215249544953634,0.21843778568123667,0.3211331590638462,0.14535035339598748,0.6840217991331898,0.9984762651258827,61.49737866475787,3.7753230723789706,31.29201644638937,2.204398102203747,4.116298695255978,77.00345471983348,96.44035780712828
0.7068508759916174,3.9215249544953634,0.21843778568123667,0.3211331590638462,0.14535035339598748,0.6840217991331898,0.9984762651258827,61.49737866475787,3.7753230723789706,31.29201644638937,2.204398102203747,4.116298695255978,77.00345471983348,96.44035780712828
0.7068508759916174,3.9215249544953634,0.21843778568123667,0.3211331590638462,0.14535035339598748,0.6840217991331898,0.9984762651258827,61.49737866475787,3.7753230723789706,31.29201644638937,2.204398102203747,4.116298695255978,77.00345471983348,96.44035780712828
0.7068508759916174,3.9215249544953634,0.21843778568123667,0.3211331590638462,0.14535035339598748,0.6840217991331898,0.9984762651258827,61.49737866475787,3.7753230723789706,31.29201644638937,2.204398102203747,4.116298695255978,77.00345471983348,96.44035780712828
0.7068508759916174,3.9215249544953634,0.21843778568123667,0.3211331590638462,0.14535035339598748,0.6840217991331898,0.9984762651258827,61.49737866475787,3.7753230723789706,31.29201644638937,2.204398102203747,4.116298695255978,77.00345471983348,96.44035780712828
0.7068508759916174,3.9215249544953634,0.21843778568123667,0.3211331590638462,0.14535035339598748,0.6840217991331898,0.9984762651258827,61.49737866475787,3.7753230723789706,31.29201644638937,2.204398102203747,4.116298695255978,77.00345471983348,96.44035780712828
0.7962015929236018,3.4496173901210208,0.2421766537535035,0.2102740472601862,0.5422258035902431,0.7006104462886622,0.9423838162394752,72.24570164393516,3.7876540953552933,62.4227899938589,47.17354013200252,11.90020598950692,114.99781100348787,59.37674472460737
0.7068508759916174,3.9215249544953634,0.21843778568123667,0.3211331590638462,0.14535035339598748,0.6840217991331898,0.9984762651258827,61.49737866475787,3.7753230723789706,31.29201644638937,2.204398102203747,4.116298695255978,77.00345471983348,96.44035780712828
0.7068508759916174,3.9215249544953634,0.21843778568123667,0.3211331590638462,0.14535035339598748,0.6840217991331898,0.9984762651258827,61.49737866475787,3.7753230723789706,31.29201644638937,2.204398102203747,4.116298695255978,77.00345471983348,96.44035780712828
1.7175656873760088,11.749202907377406,0.43055887788045455,0.35041863330342377,0.40086548014246826,0.7167551995735263,0.8918409096351,287.9432722447144,4.7262855279815055,143.94625951508326,29.88227207365954,46.86034021942691,9.74812657984602,136.98409265761597
0.7068508759916174,3.9215249544953634,0.21843778568123667,0.3211331590638462,0.14535035339598748,0.6840217991331898,0.9984762651258827,61.49737866475787,3.7753230723789706,31.29201644638937,2.204398102203747,4.116298695255978,77.00345471983348,96.44035780712828
0.7068508759916174,3.9215249544953634,0.21843778568123667,0.3211331590638462,0.14535035339598748,0.6840217991331898,0.9984762651258827,61.49737866475787,3.7753230723789706,31.29201644638937,2.204398102203747,4.116298695255978,77.00345471983348,96.44035780712828
0.7068508759916174,3.9215249544953634,0.21843778568123667,0.3211331590638462,0.14535035339598748,0.6840217991331898,0.9984762651258827,61.49737866475787,3.7753230723789706,31.29201644638937,2.204398102203747,4.116298695255978,77.00345471983348,96.44035780712828
0.7068508759916174,3.9215249544953634,0.21843778568123667,0.3211331590638462,0.14535035339598748,0.6840217991331898,0.9984762651258827,61.49737866475787,3.7753230723789706,31.29201644638937,2.204398102203747,4.116298695255978,77.00345471983348,96.44035780712828
0.7068508759916174,3.9215249544953634,0.21843778568123667,0.3211331590638462,0.14535035339598748,0.6840217991331898,0.9984762651258827,61.49737866475787,3.7753230723789706,31.29201644638937,2.204398102203747,4.116298695255978,77.00345471983348,96.44035780712828
1.9624272601428574,2.6113907148462787,1.8808849898261824,0.7094053434222171,0.5810761576734222,0.43516404546830306,0.6665115155972453,378.18262673915046,4.969254723507589,56.293604942228356,28.520077935335603,93.77248904341258,120.60464894660814,129.21523870919518
0.7068508759916174,3.9215249544953634,0.21843778568123667,0.3211331590638462,0.14535035339598748,0.6840217991331898,0.9984762651258827,61.49737866475787,3.7753230723789706,31.29201644638937,2.204398102203747,4.116298695255978,77.00345471983348,96.44035780712828
0.7068508759916174,3.9215249544953634,0.21843778568123667,0.3211331590638462,0.14535035339598748,0.6840217991331898,0.9984762651258827,61.49737866475787,3.7753230723789706,31.29201644638937,2.204398102203747,4.116298695255978,77.00345471983348,96.44035780712828
0.6923929476729558,3.9215249544953634,0.21843778568123667,0.7912905698923101,0.4198546291409345,0.6840217991331898,0.9984762651258827,61.49737866475787,3.7753230723789706,31.29201644638937,2.204398102203747,4.116298695255978,89.06507428995272,185.05463278797103
0.7068508759916174,3.9215249544953634,0.21843778568123667,0.3211331590638462,0.14535035339598748,0.6840217991331898,0.9984762651258827,61.49737866475787,3.7753230723789706,31.29201644638937,2.204398102203747,4.116298695255978,77.00345471983348,96.44035780712828
0.7068508759916174,3.9215249544953634,0.21843778568123667,0.3211331590638462,0.14535035339598748,0.6840217991331898,0.9984762651258827,61.49737866475787,3.7753230723789706,31.29201644638937,2.204398102203747,4.116298695255978,77.00345471983348,96.44035780712828
0.7068508759916174,3.9215249544953634,0.21843778568123667,0.3211331590638462,0.14535035339598748,0.6840217991331898,0.9984762651258827,61.49737866475787,3.7753230723789706,31.29201644638937,2.204398102203747,4.116298695255978,77.00345471983348,96.44035780712828
1.7175656873760088,11.749202907377406,0.43055887788045455,0.35041863330342377,0.40086548014246826,0.7167551995735263,0.8918409096351,287.9432722447144,4.7262855279815055,143.94625951508326,29.88227207365954,46.86034021942691,9.74812657984602,136.98409265761597
2.5460714269949505,52.55568671343048,4.24268148786813,0.19368561333928153,0.6168562142285159,0.2674477271604426,0.8398281561284586,178.49554598122913,4.955437614127715,86.05037172327683,187.55672798967672,113.95751159971326,185.13157892411613,84.61771052505485
1.9624272601428574,2.6113907148462787,1.8808849898261824,0.7094053434222171,0.5810761576734222,0.43516404546830306,0.6665115155972453,378.18262673915046,4.969254723507589,56.293604942228356,28.520077935335603,93.77248904341258,120.60464894660814,129.21523870919518
0.7068508759916174,3.9215249544953634,0.21843778568123667,0.3211331590638462,0.14535035339598748,0.6840217991331898,0.9984762651258827,61.49737866475787,3.7753230723789706,31.29201644638937,2.204398102203747,4.116298695255978,77.00345471983348,96.44035780712828
0.7068508759916174,3.9215249544953634,0.21843778568123667,0.3211331590638462,0.14535035339598748,0.6840217991331898,0.9984762651258827,61.49737866475787,3.7753230723789706,31.29201644638937,2.204398102203747,4.116298695255978,77.00345471983348,96.44035780712828
0.7068508759916174,3.9215249544953634,0.21843778568123667,0.3211331590638462,0.14535035339598748,0.6840217991331898,0.9984762651258827,61.49737866475787,3.7753230723789706,31.29201644638937,2.204398102203747,4.116298695255978,77.00345471983348,96.44035780712828
0.7068508759916174,3.9215249544953634,0.21843778568123667,0.3211331590638462,0.14535035339598748,0.6840217991331898,0.9984762651258827,61.49737866475787,3.7753230723789706,31.29201644638937,2.204398102203747,4.116298695255978,77.00345471983348,96.44035780712828
0.7068508759916174,3.9215249544953634,0.21843778568123667,0.3211331590638462,0.14535035339598748,0.6840217991331898,0.9984762651258827,61.49737866475787,3.7753230723789706,31.29201644638937,2.204398102203747,4.116298695255978,77.00345471983348,96.44035780712828
0.7962015929236018,3.4496173901210208,0.2421766537535035,0.2102740472601862,0.5422258035902431,0.7006104462886622,0.9423838162394752,72.24570164393516,3.7876540953552933,62.4227899938589,47.17354013200252,11.90020598950692,114.99781100348787,59.37674472460737
0.7068508759916174,3.9215249544953634,0.21843778568123667,0.3211331590638462,0.14535035339598748,0.6840217991331898,0.9984762651258827,61.49737866475787,3.7753230723789706,31.29201644638937,2.204398102203747,4.116298695255978,77.00345471983348,96.44035780712828
0.7068508759916174,3.9215249544953634,0.21843778568123667,0.3211331590638462,0.14535035339598748,0.6840217991331898,0.9984762651258827,61.49737866475787,3.7753230723789706,31.29201644638937,2.204398102203747,4.116298695255978,77.00345471983348,96.44035780712828
0.7068508759916174,3.9215249544953634,0.21843778568123667,0.3211331590638462,0.14535035339598748,0.6840217991331898,0.9984762651258827,61.49737866475787,3.7753230723789706,31.29201644638937,2.204398102203747,4.116298695255978,77.00345471983348,96.44035780712828
0.7068508759916174,3.9215249544953634,0.21843778568123667,0.3211331590638462,0.14535035339598748,0.6840217991331898,0.9984762651258827,61.49737866475787,3.7753230723789706,31.29201644638937,2.204398102203747,4.116298695255978,77.00345471983348,96.44035780712828
0.7068508759916174,3.9215249544953634,0.21843778568123667,0.3211331590638462,0.14535035339598748,0.6840217991331898,0.9984762651258827,61.49737866475787,3.7753230723789706,31.29201644638937,2.204398102203747,4.116298695255978,77.00345471983348,96.44035780712828
0.7068508759916174,3.9215249544953634,0.21843778568123667,0.3211331590638462,0.14535035339598748,0.6840217991331898,0.9984762651258827,61.49737866475787,3.7753230723789706,31.29201644638937,2.204398102203747,4.116298695255978,77.00345471983348,96.44035780712828
2.5460714269949505,52.55568671343048,4.24268148786813,0.19368561333928153,0.6168562142285159,0.2674477271604426,0.8398281561284586,178.49554598122913,4.955437614127715,86.05037172327683,187.55672798967672,113.95751159971326,185.13157892411613,84.61771052505485
0.7068508759916174,3.9215249544953634,0.21843778568123667,0.3211331590638462,0.14535035339598748,0.6840217991331898,0.9984762651258827,61.49737866475787,3.7753230723789706,31.29201644638937,2.204398102203747,4.116298695255978,77.00345471983348,96.44035780712828
0.7068508759916174,3.9215249544953634,0.21843778568123667,0.3211331590638462,0.14535035339598748,0.6840217991331898,0.9984762651258827,61.49737866475787,3.7753230723789706,31.29201644638937,2.204398102203747,4.116298695255978,77.00345471983348,96.44035780712828
1.7175656873760088,11.749202907377406,0.43055887788045455,0.35041863330342377,0.40086548014246826,0.7167551995735263,0.8918409096351,287.9432722447144,4.7262855279815055,143.94625951508326,29.88227207365954,46.86034021942691,9.74812657984602,136.98409265761597
0.7068508759916174,3.9215249544953634,0.21843778568123667,0.3211331590638462,0.14535035339598748,0.6840217991331898,0.9984762651258827,61.49737866475787,3.7753230723789706,31.29201644638937,2.204398102203747,4.116298695255978,77.00345471983348,96.44035780712828
0.6923929476729558,3.9215249544953634,0.21843778568123667,0.7912905698923101,0.4198546291409345,0.6840217991331898,0.9984762651258827,61.49737866475787,3.7753230723789706,31.29201644638937,2.204398102203747,4.116298695255978,89.06507428995272,185.05463278797103
0.7068508759916174,3.9215249544953634,0.21843778568123667,0.3211331590638462,0.14535035339598748,0.6840217991331898,0.9984762651258827,61.49737866475787,3.7753230723789706,31.29201644638937,2.204398102203747,4.116298695255978,77.00345471983348,96.44035780712828
0.7068508759916174,3.9215249544953634,0.21843778568123667,0.3211331590638462,0.14535035339598748,0.6840217991331898,0.9984762651258827,61.49737866475787,3.7753230723789706,31.29201644638937,2.204398102203747,4.116298695255978,77.00345471983348,96.44035780712828
0.7068508759916174,3.9215249544953634,0.21843778568123667,0.3211331590638462,0.14535035339598748,0.6840217991331898,0.9984762651258827,61.49737866475787,3.7753230723789706,31.29201644638937,2.204398102203747,4.116298695255978,77.00345471983348,96.44035780712828
1.9624272601428574,2.6113907148462787,1.8808849898261824,0.7094053434222171,0.5810761576734222,0.43516404546830306,0.6665115155972453,378.18262673915046,4.969254723507589,56.293604942228356,28.520077935335603,93.77248904341258,120.60464894660814,129.21523870919518
0.7068508759916174,3.9215249544953634,0.21843778568123667,0.3211331590638462,0.14535035339598748,0.6840217991331898,0.9984762651258827,61.49737866475787,3.7753230723789706,31.29201644638937,2.204398102203747,4.116298695255978,77.00345471983348,96.44035780712828
0.7062499136943943,3.9215249544953634,0.21843778568123667,0.3211331590638462,0.14535035339598748,0.6840217991331898,0.9984762651258827,61.49737866475787,3.7753230723789706,2.622610258991523,2.204398102203747,4.116298695255978,77.00345471983348,96.44035780712828
0.7068508759916174,3.9215249544953634,0.21843778568123667,0.3211331590638462,0.14535035339598748,0.6840217991331898,0.9984762651258827,61.49737866475787,3.7753230723789706,31.29201644638937,2.204398102203747,4.116298695255978,77.00345471983348,96.44035780712828
0.7068508759916174,3.9215249544953634,0.21843778568123667,0.3211331590638462,0.14535035339598748,0.6840217991331898,0.9984762651258827,61.49737866475787,3.7753230723789706,31.29201644638937,2.204398102203747,4.116298695255978,77.00345471983348,96.44035780712828
0.6923929476729558,3.9215249544953634,0.21843778568123667,0.7912905698923101,0.4198546291409345,0.6840217991331898,0.9984762651258827,61.49737866475787,3.7753230723789706,31.29201644638937,2.204398102203747,4.116298695255978,89.06507428995272,185.05463278797103
0.7068508759916174,3.9215249544953634,0.21843778568123667,0.3211331590638462,0.14535035339598748,0.6840217991331898,0.9984762651258827,61.49737866475787,3.7753230723789706,31.29201644638937,2.204398102203747,4.116298695255978,77.00345471983348,96.44035780712828
0.7962015929236018,3.4496173901210208,0.2421766537535035,0.2102740472601862,0.5422258035902431,0.7006104462886622,0.9423838162394752,72.24570164393516,3.7876540953552933,62.4227899938589,47.17354013200252,11.90020598950692,114.99781100348787,59.37674472460737
0.7068508759916174,3.9215249544953634,0.21843778568123667,0.3211331590638462,0.14535035339598748,0.6840217991331898,0.9984762651258827,61.49737866475787,3.7753230723789706,31.29201644638937,2.204398102203747,4.116298695255978,77.00345471983348,96.44035780712828
0.7068508759916174,3.9215249544953634,0.21843778568123667,0.3211331590638462,0.14535035339598748,0.6840217991331898,0.9984762651258827,61.49737866475787,3.7753230723789706,31.29201644638937,2.204398102203747,4.116298695255978,77.00345471983348,96.44035780712828
0.7068508759916174,3.9215249544953634,0.21843778568123667,0.3211331590638462,0.14535035339598748,0.6840217991331898,0.9984762651258827,61.49737866475787,3.7753230723789706,31.29201644638937,2.204398102203747,4.116298695255978,77.00345471983348,96.44035780712828
0.7068508759916174,3.9215249544953634,0.21843778568123667,0.3211331590638462,0.14535035339598748,0.6840217991331898,0.9984762651258827,61.49737866475787,3.7753230723789706,31.29201644638937,2.204398102203747,4.116298695255978,77.00345471983348,96.44035780712828
1.9624272601428574,2.6113907148462787,1.8808849898261824,0.7094053434222171,0.5810761576734222,0.43516404546830306,0.6665115155972453,378.18262673915046,4.969254723507589,56.293604942228356,28.520077935335603,93.77248904341258,120.60464894660814,129.21523870919518
0.7068508759916174,3.9215249544953634,0.21843778568123667,0.3211331590638462,0.14535035339598748,0.6840217991331898,0.9984762651258827,61.49737866475787,3.7753230723789706,31.29201644638937,2.204398102203747,4.116298695255978,77.00345471983348,96.44035780712828
2.5460714269949505,52.55568671343048,4.24268148786813,0.19368561333928153,0.6168562142285159,0.2674477271604426,0.8398281561284586,178.49554598122913,4.955437614127715,86.05037172327683,187.55672798967672,113.95751159971326,185.13157892411613,84.61771052505485
1.7175656873760088,11.749202907377406,0.43055887788045455,0.35041863330342377,0.40086548014246826,0.7167551995735263,0.8918409096351,287.9432722447144,4.7262855279815055,143.94625951508326,29.88227207365954,46.86034021942691,9.74812657984602,136.98409265761597
0.7068508759916174,3.9215249544953634,0.21843778568123667,0.3211331590638462,0.14535035339598748,0.6840217991331898,0.9984762651258827,61.49737866475787,3.7753230723789706,31.29201644638937,2.204398102203747,4.116298695255978,77.00345471983348,96.44035780712828
0.6923929476729558,3.9215249544953634,0.21843778568123667,0.7912905698923101,0.4198546291409345,0.6840217991331898,0.9984762651258827,61.49737866475787,3.7753230723789706,31.29201644638937,2.204398102203747,4.116298695255978,89.06507428995272,185.05463278797103
0.7962015929236018,3.4496173901210208,0.2421766537535035,0.2102740472601862,0.5422258035902431,0.7006104462886622,0.9423838162394752,72.24570164393516,3.7876540953552933,62.4227899938589,47.17354013200252,11.90020598950692,114.99781100348787,59.37674472460737
0.7068508759916174,3.9215249544953634,0.21843778568123667,0.3211331590638462,0.14535035339598748,0.6840217991331898,0.9984762651258827,61.49737866475787,3.7753230723789706,31.29201644638937,2.204398102203747,4.116298695255978,77.00345471983348,96.44035780712828
0.7068508759916174,3.9215249544953634,0.21843778568123667,0.3211331590638462,0.14535035339598748,0.6840217991331898,0.9984762651258827,61.49737866475787,3.7753230723789706,31.29201644638937,2.204398102203747,4.116298695255978,77.00345471983348,96.44035780712828
0.7068508759916174,3.9215249544953634,0.21843778568123667,0.3211331590638462,0.14535035339598748,0.6840217991331898,0.9984762651258827,61.49737866475787,3.7753230723789706,31.29201644638937,2.204398102203747,4.116298695255978,77.00345471983348,96.44035780712828
0.7068508759916174,3.9215249544953634,0.21843778568123667,0.3211331590638462,0.14535035339598748,0.6840217991331898,0.9984762651258827,61.49737866475787,3.7753230723789706,31.29201644638937,2.204398102203747,4.116298695255978,77.00345471983348,96.44035780712828
1.9624272601428574,2.6113907148462787,1.8808849898261824,0.7094053434222171,0.5810761576734222,0.43516404546830306,0.6665115155972453,378.18262673915046,4.969254723507589,56.293604942228356,28.520077935335603,93.77248904341258,120.60464894660814,129.21523870919518
0.7068508759916174,3.9215249544953634,0.21843778568123667,0.3211331590638462,0.14535035339598748,0.6840217991331898,0.9984762651258827,61.49737866475787,3.7753230723789706,31.29201644638937,2.204398102203747,4.116298695255978,77.00345471983348,96.44035780712828
0.7068508759916174,3.9215249544953634,0.21843778568123667,0.3211331590638462,0.14535035339598748,0.6840217991331898,0.9984762651258827,61.49737866475787,3.7753230723789706,31.29201644638937,2.204398102203747,4.116298695255978,77.00345471983348,96.44035780712828
0.7062499136943943,3.9215249544953634,0.21843778568123667,0.3211331590638462,0.14535035339598748,0.6840217991331898,0.9984762651258827,61.49737866475787,3.7753230723789706,2.622610258991523,2.204398102203747,4.116298695255978,77.00345471983348,96.44035780712828
2.5460714269949505,52.55568671343048,4.24268148786813,0.19368561333928153,0.6168562142285159,0.2674477271604426,0.8398281561284586,178.49554598122913,4.955437614127715,86.05037172327683,187.55672798967672,113.95751159971326,185.13157892411613,84.61771052505485
0.7962015929236018,3.4496173901210208,0.2421766537535035,0.2102740472601862,0.5422258035902431,0.7006104462886622,0.9423838162394752,72.24570164393516,3.7876540953552933,62.4227899938589,47.17354013200252,11.90020598950692,114.99781100348787,59.37674472460737
0.6923929476729558,3.9215249544953634,0.21843778568123667,0.7912905698923101,0.4198546291409345,0.6840217991331898,0.9984762651258827,61.49737866475787,3.7753230723789706,31.29201644638937,2.204398102203747,4.116298695255978,89.06507428995272,185.05463278797103
0.7068508759916174,3.9215249544953634,0.21843778568123667,0.3211331590638462,0.14535035339598748,0.6840217991331898,0.9984762651258827,61.49737866475787,3.7753230723789706,31.29201644638937,2.204398102203747,4.116298695255978,77.00345471983348,96.44035780712828
0.7068508759916174,3.9215249544953634,0.21843778568123667,0.3211331590638462,0.14535035339598748,0.6840217991331898,0.9984762651258827,61.49737866475787,3.7753230723789706,31.29201644638937,2.204398102203747,4.116298695255978,77.00345471983348,96.44035780712828
0.7068508759916174,3.9215249544953634,0.21843778568123667,0.3211331590638462,0.14535035339598748,0.6840217991331898,0.9984762651258827,61.49737866475787,3.7753230723789706,31.29201644638937,2.204398102203747,4.116298695255978,77.00345471983348,96.44035780712828
0.7068508759916174,3.9215249544953634,0.21843778568123667,0.3211331590638462,0.14535035339598748,0.6840217991331898,0.9984762651258827,61.49737866475787,3.7753230723789706,31.29201644638937,2.204398102203747,4.116298695255978,77.00345471983348,96.44035780712828
0.7068508759916174,3.9215249544953634,0.21843778568123667,0.3211331590638462,0.14535035339598748,0.6840217991331898,0.9984762651258827,61.49737866475787,3.7753230723789706,31.29201644638937,2.204398102203747,4.116298695255978,77.00345471983348,96.44035780712828
1.9624272601428574,2.6113907148462787,1.8808849898261824,0.7094053434222171,0.5810761576734222,0.43516404546830306,0.6665115155972453,378.18262673915046,4.969254723507589,56.293604942228356,28.520077935335603,93.77248904341258,120.60464894660814,129.21523870919518
0.7068508759916174,3.9215249544953634,0.21843778568123667,0.3211331590638462,0.14535035339598748,0.6840217991331898,0.9984762651258827,61.49737866475787,3.7753230723789706,31.29201644638937,2.204398102203747,4.116298695255978,77.00345471983348,96.44035780712828
0.7068508759916174,3.9215249544953634,0.21843778568123667,0.3211331590638462,0.14535035339598748,0.6840217991331898,0.9984762651258827,61.49737866475787,3.7753230723789706,31.29201644638937,2.204398102203747,4.116298695255978,77.00345471983348,96.44035780712828
0.7068508759916174,3.9215249544953634,0.21843778568123667,0.3211331590638462,0.14535035339598748,0.6840217991331898,0.9984762651258827,61.49737866475787,3.7753230723789706,31.29201644638937,2.204398102203747,4.116298695255978,77.00345471983348,96.44035780712828
0.7068508759916174,3.9215249544953634,0.21843778568123667,0.3211331590638462,0.14535035339598748,0.6840217991331898,0.9984762651258827,61.49737866475787,3.7753230723789706,31.29201644638937,2.204398102203747,4.116298695255978,77.00345471983348,96.44035780712828
0.7068508759916174,3.9215249544953634,0.21843778568123667,0.3211331590638462,0.14535035339598748,0.6840217991331898,0.9984762651258827,61.49737866475787,3.7753230723789706,31.29201644638937,2.204398102203747,4.116298695255978,77.00345471983348,96.44035780712828
0.7962015929236018,3.4496173901210208,0.2421766537535035,0.2102740472601862,0.5422258035902431,0.7006104462886622,0.9423838162394752,72.24570164393516,3.7876540953552933,62.4227899938589,47.17354013200252,11.90020598950692,114.99781100348787,59.37674472460737
0.7068508759916174,3.9215249544953634,0.21843778568123667,0.3211331590638462,0.14535035339598748,0.6840217991331898,0.9984762651258827,61.49737866475787,3.7753230723789706,31.29201644638937,2.204398102203747,4.116298695255978,77.00345471983348,96.44035780712828
1.7175656873760088,11.749202907377406,0.43055887788045455,0.35041863330342377,0.40086548014246826,0.7167551995735263,0.8918409096351,287.9432722447144,4.7262855279815055,143.94625951508326,29.88227207365954,46.86034021942691,9.74812657984602,136.98409265761597
0.6923929476729558,3.9215249544953634,0.21843778568123667,0.7912905698923101,0.4198546291409345,0.6840217991331898,0.9984762651258827,61.49737866475787,3.7753230723789706,31.29201644638937,2.204398102203747,4.116298695255978,89.06507428995272,185.05463278797103
0.7068508759916174,3.9215249544953634,0.21843778568123667,0.3211331590638462,0.14535035339598748,0.6840217991331898,0.9984762651258827,61.49737866475787,3.7753230723789706,31.29201644638937,2.204398102203747,4.116298695255978,77.00345471983348,96.44035780712828
0.7068508759916174,3.9215249544953634,0.21843778568123667,0.3211331590638462,0.14535035339598748,0.6840217991331898,0.9984762651258827,61.49737866475787,3.7753230723789706,31.29201644638937,2.204398102203747,4.116298695255978,77.00345471983348,96.44035780712828
1.9624272601428574,2.6113907148462787,1.8808849898261824,0.7094053434222171,0.5810761576734222,0.43516404546830306,0.6665115155972453,378.18262673915046,4.969254723507589,56.293604942228356,28.520077935335603,93.77248904341258,120.60464894660814,129.21523870919518
0.7068508759916174,3.9215249544953634,0.21843778568123667,0.3211331590638462,0.14535035339598748,0.6840217991331898,0.9984762651258827,61.49737866475787,3.7753230723789706,31.29201644638937,2.204398102203747,4.116298695255978,77.00345471983348,96.44035780712828
0.7068508759916174,3.9215249544953634,0.21843778568123667,0.3211331590638462,0.14535035339598748,0.6840217991331898,0.9984762651258827,61.49737866475787,3.7753230723789706,31.29201644638937,2.204398102203747,4.116298695255978,77.00345471983348,96.44035780712828
0.7068508759916174,3.9215249544953634,0.21843778568123667,0.3211331590638462,0.14535035339598748,0.6840217991331898,0.9984762651258827,61.49737866475787,3.7753230723789706,31.29201644638937,2.204398102203747,4.116298695255978,77.00345471983348,96.44035780712828
0.7062499136943943,3.9215249544953634,0.21843778568123667,0.3211331590638462,0.14535035339598748,0.6840217991331898,0.9984762651258827,61.49737866475787,3.7753230723789706,2.622610258991523,2.204398102203747,4.116298695255978,77.00345471983348,96.44035780712828
0.7962015929236018,3.4496173901210208,0.2421766537535035,0.2102740472601862,0.5422258035902431,0.7006104462886622,0.9423838162394752,72.24570164393516,3.7876540953552933,62.4227899938589,47.17354013200252,11.90020598950692,114.99781100348787,59.37674472460737
1.7175656873760088,11.749202907377406,0.43055887788045455,0.35041863330342377,0.40086548014246826,0.7167551995735263,0.8918409096351,287.9432722447144,4.7262855279815055,143.94625951508326,29.88227207365954,46.86034021942691,9.74812657984602,136.98409265761597
0.7068508759916174,3.9215249544953634,0.21843778568123667,0.3211331590638462,0.14535035339598748,0.6840217991331898,0.9984762651258827,61.49737866475787,3.7753230723789706,31.29201644638937,2.204398102203747,4.116298695255978,77.00345471983348,96.44035780712828
0.7068508759916174,3.9215249544953634,0.21843778568123667,0.3211331590638462,0.14535035339598748,0.6840217991331898,0.9984762651258827,61.49737866475787,3.7753230723789706,31.29201644638937,2.204398102203747,4.116298695255978,77.00345471983348,96.44035780712828
0.7068508759916174,3.9215249544953634,0.21843778568123667,0.3211331590638462,0.14535035339598748,0.6840217991331898,0.9984762651258827,61.49737866475787,3.7753230723789706,31.29201644638937,2.204398102203747,4.116298695255978,77.00345471983348,96.44035780712828
0.7068508759916174,3.9215249544953634,0.21843778568123667,0.3211331590638462,0.14535035339598748,0.6840217991331898,0.9984762651258827,61.49737866475787,3.7753230723789706,31.29201644638937,2.204398102203747,4.116298695255978,77.00345471983348,96.44035780712828
0.6923929476729558,3.9215249544953634,0.21843778568123667,0.7912905698923101,0.4198546291409345,0.6840217991331898,0.9984762651258827,61.49737866475787,3.7753230723789706,31.29201644638937,2.204398102203747,4.116298695255978,89.06507428995272,185.05463278797103
0.7068508759916174,3.9215249544953634,0.21843778568123667,0.3211331590638462,0.14535035339598748,0.6840217991331898,0.9984762651258827,61.49737866475787,3.7753230723789706,31.29201644638937,2.204398102203747,4.116298695255978,77.00345471983348,96.44035780712828
2.5460714269949505,52.55568671343048,4.24268148786813,0.19368561333928153,0.6168562142285159,0.2674477271604426,0.8398281561284586,178.49554598122913,4.955437614127715,86.05037172327683,187.55672798967672,113.95751159971326,185.13157892411613,84.61771052505485
0.7068508759916174,3.9215249544953634,0.21843778568123667,0.3211331590638462,0.14535035339598748,0.6840217991331898,0.9984762651258827,61.49737866475787,3.7753230723789706,31.29201644638937,2.204398102203747,4.116298695255978,77.00345471983348,96.44035780712828
0.7068508759916174,3.9215249544953634,0.21843778568123667,0.3211331590638462,0.14535035339598748,0.6840217991331898,0.9984762651258827,61.49737866475787,3.7753230723789706,31.29201644638937,2.204398102203747,4.116298695255978,77.00345471983348,96.44035780712828
0.7068508759916174,3.9215249544953634,0.21843778568123667,0.3211331590638462,0.14535035339598748,0.6840217991331898,0.9984762651258827,61.49737866475787,3.7753230723789706,31.29201644638937,2.204398102203747,4.116298695255978,77.00345471983348,96.44035780712828
0.7068508759916174,3.9215249544953634,0.21843778568123667,0.3211331590638462,0.14535035339598748,0.6840217991331898,0.9984762651258827,61.49737866475787,3.7753230723789706,31.29201644638937,2.204398102203747,4.116298695255978,77.00345471983348,96.44035780712828
1.9624272601428574,2.6113907148462787,1.8808849898261824,0.7094053434222171,0.5810761576734222,0.43516404546830306,0.6665115155972453,378.18262673915046,4.969254723507589,56.293604942228356,28.520077935335603,93.77248904341258,120.60464894660814,129.21523870919518
0.7962015929236018,3.4496173901210208,0.2421766537535035,0.2102740472601862,0.5422258035902431,0.7006104462886622,0.9423838162394752,72.24570164393516,3.7876540953552933,62.4227899938589,47.17354013200252,11.90020598950692,114.99781100348787,59.37674472460737
0.7068508759916174,3.9215249544953634,0.21843778568123667,0.3211331590638462,0.14535035339598748,0.6840217991331898,0.9984762651258827,61.49737866475787,3.7753230723789706,31.29201644638937,2.204398102203747,4.116298695255978,77.00345471983348,96.44035780712828
0.7068508759916174,3.9215249544953634,0.21843778568123667,0.3211331590638462,0.14535035339598748,0.6840217991331898,0.9984762651258827,61.49737866475787,3.7753230723789706,31.29201644638937,2.204398102203747,4.116298695255978,77.00345471983348,96.44035780712828
0.7068508759916174,3.9215249544953634,0.21843778568123667,0.3211331590638462,0.14535035339598748,0.6840217991331898,0.9984762651258827,61.49737866475787,3.7753230723789706,31.29201644638937,2.204398102203747,4.116298695255978,77.00345471983348,96.44035780712828
0.7068508759916174,3.9215249544953634,0.21843778568123667,0.3211331590638462,0.14535035339598748,0.6840217991331898,0.9984762651258827,61.49737866475787,3.7753230723789706,31.29201644638937,2.204398102203747,4.116298695255978,77.00345471983348,96.44035780712828
0.7062499136943943,3.9215249544953634,0.21843778568123667,0.3211331590638462,0.14535035339598748,0.6840217991331898,0.9984762651258827,61.49737866475787,3.7753230723789706,2.622610258991523,2.204398102203747,4.116298695255978,77.00345471983348,96.44035780712828
0.7068508759916174,3.9215249544953634,0.21843778568123667,0.3211331590638462,0.14535035339598748,0.6840217991331898,0.9984762651258827,61.49737866475787,3.7753230723789706,31.29201644638937,2.204398102203747,4.116298695255978,77.00345471983348,96.44035780712828
0.7068508759916174,3.9215249544953634,0.21843778568123667,0.3211331590638462,0.14535035339598748,0.6840217991331898,0.9984762651258827,61.49737866475787,3.7753230723789706,31.29201644638937,2.204398102203747,4.116298695255978,77.00345471983348,96.44035780712828
0.6923929476729558,3.9215249544953634,0.21843778568123667,0.7912905698923101,0.4198546291409345,0.6840217991331898,0.9984762651258827,61.49737866475787,3.7753230723789706,31.29201644638937,2.204398102203747,4.116298695255978,89.06507428995272,185.05463278797103
1.7175656873760088,11.749202907377406,0.43055887788045455,0.35041863330342377,0.40086548014246826,0.7167551995735263,0.8918409096351,287.9432722447144,4.7262855279815055,143.94625951508326,29.88227207365954,46.86034021942691,9.74812657984602,136.98409265761597
0.7068508759916174,3.9215249544953634,0.21843778568123667,0.3211331590638462,0.14535035339598748,0.6840217991331898,0.9984762651258827,61.49737866475787,3.7753230723789706,31.29201644638937,2.204398102203747,4.116298695255978,77.00345471983348,96.44035780712828
0.7068508759916174,3.9215249544953634,0.21843778568123667,0.3211331590638462,0.14535035339598748,0.6840217991331898,0.9984762651258827,61.49737866475787,3.7753230723789706,31.29201644638937,2.204398102203747,4.116298695255978,77.00345471983348,96.44035780712828
1.9624272601428574,2.6113907148462787,1.8808849898261824,0.7094053434222171,0.5810761576734222,0.43516404546830306,0.6665115155972453,378.18262673915046,4.969254723507589,56.293604942228356,28.520077935335603,93.77248904341258,120.60464894660814,129.21523870919518
0.7962015929236018,3.4496173901210208,0.2421766537535035,0.2102740472601862,0.5422258035902431,0.7006104462886622,0.9423838162394752,72.24570164393516,3.7876540953552933,62.4227899938589,47.17354013200252,11.90020598950692,114.99781100348787,59.37674472460737
