Time_ms,TC1_C,TC2_C,TC3_C,TC4_C,TC5_C,V_RMS,I_RMS,Wattage
85000,16.75,20.25,21.50,21.00,19.00,13.79,0.01,0.12
500,16.75,20.25,21.50,21.00,19.00,0.00,0.00,0.00
1000,16.75,20.50,21.50,21.00,19.00,0.00,0.00,0.00
1500,16.75,20.25,21.50,20.75,19.00,13.53,0.01,0.11
2000,16.75,20.25,21.50,20.75,19.00,13.53,0.01,0.11
2500,16.75,20.25,21.50,20.75,19.00,14.64,0.01,0.13
3000,16.75,20.00,21.75,20.50,20.25,14.64,0.01,0.13
3500,16.75,20.50,21.50,21.00,19.75,80.87,2.07,167.61
4000,16.75,20.25,21.50,21.00,19.25,80.87,2.07,167.61
4500,16.75,20.25,21.50,20.25,18.75,81.33,2.16,175.83
5000,16.75,20.50,21.50,21.25,23.25,81.33,2.16,175.83
5500,16.75,20.25,21.75,20.75,22.25,81.03,2.21,178.99
6000,17.00,20.50,21.75,21.75,22.75,81.03,2.21,178.99
6500,17.00,20.50,22.00,22.25,26.00,101.65,2.79,283.13
7000,17.00,20.75,22.25,22.00,27.75,101.65,2.79,283.13
7500,17.25,21.25,22.75,22.50,31.00,115.14,3.36,386.60
8000,17.50,21.25,23.00,23.00,34.25,115.14,3.36,386.60
8500,17.75,21.75,23.75,24.25,37.75,115.01,3.36,386.87
9000,18.00,22.25,24.50,25.50,40.50,115.01,3.36,386.87
9500,18.50,23.00,25.50,27.00,46.00,112.14,3.22,361.07
10000,19.00,23.50,26.25,27.75,48.25,112.14,3.22,361.07
10500,19.25,24.75,27.50,30.25,55.00,94.36,2.67,251.55
11000,19.75,25.50,28.75,31.00,59.50,94.36,2.67,251.55
11500,20.50,26.50,30.00,33.50,62.25,92.19,2.68,247.39
12000,21.00,28.00,31.50,35.50,64.00,92.19,2.68,247.39
12500,21.75,28.75,32.75,37.25,69.00,87.21,2.59,226.00
13000,22.25,30.25,34.25,39.00,75.25,87.21,2.59,226.00
13500,23.00,31.25,35.50,42.25,78.25,93.52,2.59,242.41
14000,23.50,32.50,37.00,43.50,79.50,93.52,2.59,242.41
14500,24.25,34.25,38.50,45.75,83.25,94.93,2.58,245.29
15000,24.75,35.50,40.00,47.75,86.50,94.93,2.58,245.29
15500,25.50,36.75,41.50,50.00,88.00,115.13,3.35,386.15
16000,26.00,38.00,42.75,52.75,91.75,115.13,3.35,386.15
16500,26.50,39.50,44.25,54.50,95.50,114.82,3.34,383.94
17000,27.25,41.00,45.75,57.25,97.25,114.82,3.34,383.94
17500,28.00,42.25,47.25,59.00,98.50,114.83,3.34,383.46
18000,28.75,44.00,48.50,60.75,102.50,114.83,3.34,383.46
18500,29.25,45.50,50.00,63.75,105.75,115.27,3.32,382.24
19000,30.00,47.25,51.75,65.50,108.00,115.27,3.32,382.24
19500,30.75,48.50,53.00,67.25,110.00,115.74,3.32,384.42
20000,31.50,50.50,54.75,70.50,113.75,115.74,3.32,384.42
20500,32.00,52.25,56.75,72.25,116.50,115.72,3.33,385.62
21000,33.00,53.75,58.25,74.25,119.25,115.72,3.33,385.62
21500,33.75,55.75,60.00,77.50,121.00,116.09,3.31,384.10
22000,34.50,57.50,61.75,79.50,124.50,116.09,3.31,384.10
22500,35.25,59.50,63.75,81.75,127.25,115.77,3.31,383.25
23000,36.00,61.25,65.75,84.75,130.25,115.77,3.31,383.25
23500,36.75,63.25,67.75,87.50,132.50,117.04,3.32,388.75
24000,37.50,65.25,69.50,90.25,136.25,117.04,3.32,388.75
24500,38.25,67.25,71.50,92.75,140.00,115.83,3.35,387.72
25000,39.00,69.00,73.00,95.50,142.75,115.83,3.35,387.72
25500,40.00,71.25,75.00,98.25,145.25,116.59,3.31,385.72
26000,40.50,73.25,76.75,101.00,146.75,116.59,3.31,385.72
26500,41.25,75.25,78.75,103.50,149.00,115.45,3.31,381.71
27000,42.00,77.25,80.25,106.25,151.50,115.45,3.31,381.71
27500,42.75,79.25,82.25,109.00,152.50,115.03,3.31,380.84
28000,43.50,81.25,84.25,111.50,153.50,115.03,3.31,380.84
28500,44.25,83.25,85.75,114.25,154.75,115.15,3.31,380.67
29000,45.25,85.00,87.50,117.25,158.75,115.15,3.31,380.67
29500,45.75,87.25,89.25,120.00,161.50,115.08,3.31,381.40
30000,46.50,89.25,91.00,122.25,162.50,115.08,3.31,381.40
30500,47.25,91.50,92.50,125.00,164.00,115.63,3.30,381.31
31000,48.00,93.00,94.25,127.50,165.25,115.63,3.30,381.31
31500,48.75,95.25,96.00,129.50,166.00,115.00,3.30,379.31
32000,49.50,97.25,97.75,132.00,167.50,115.00,3.30,379.31
32500,50.25,99.00,99.00,134.50,169.25,115.55,3.29,380.50
33000,50.75,101.00,100.50,137.00,170.25,115.55,3.29,380.50
33500,51.50,102.75,102.25,139.00,171.25,115.52,3.34,385.51
34000,52.25,104.75,103.75,141.00,172.50,115.52,3.34,385.51
34500,53.00,106.75,105.50,143.50,173.25,116.85,3.32,388.12
35000,53.75,108.25,107.25,145.50,173.75,116.85,3.32,388.12
35500,54.25,110.50,109.00,147.50,174.50,115.70,3.31,382.69
36000,55.00,112.25,110.25,149.50,175.75,115.70,3.31,382.69
36500,55.75,114.00,111.75,151.50,176.75,114.86,3.34,383.43
37000,56.50,115.75,114.00,153.50,177.75,114.86,3.34,383.43
37500,57.00,117.50,115.00,155.50,178.25,115.64,3.35,387.31
38000,57.75,119.50,116.00,157.25,178.75,115.64,3.35,387.31
38500,58.25,121.00,117.00,159.50,179.50,115.66,3.31,383.35
39000,59.00,122.75,118.25,161.00,180.25,115.66,3.31,383.35
39500,59.50,124.75,119.50,162.75,181.00,115.38,3.31,382.09
40000,60.00,126.25,121.00,164.50,181.75,115.38,3.31,382.09
40500,60.75,128.00,122.25,166.25,182.50,114.97,3.29,378.45
41000,61.25,129.50,123.75,168.00,183.25,114.97,3.29,378.45
41500,61.75,131.25,124.75,169.75,184.00,115.17,3.28,378.16
42000,62.25,133.00,126.00,171.25,184.75,115.17,3.28,378.16
42500,63.00,134.75,127.25,172.75,185.50,116.24,3.29,382.80
43000,63.50,136.00,128.50,174.50,186.00,116.24,3.29,382.80
43500,64.00,137.75,129.75,176.00,186.75,115.36,3.34,384.80
44000,64.75,139.25,131.00,177.75,187.50,115.36,3.34,384.80
44500,65.25,140.50,132.25,179.00,188.00,116.21,3.29,382.88
45000,65.75,142.25,133.25,180.50,188.75,116.21,3.29,382.88
45500,66.25,143.75,134.50,182.25,189.50,115.52,3.33,384.11
46000,66.75,145.50,135.75,183.50,190.25,115.52,3.33,384.11
46500,67.25,146.75,137.00,185.25,190.75,116.60,3.33,388.27
47000,67.75,148.25,138.00,186.75,191.50,116.60,3.33,388.27
47500,68.50,149.75,139.25,188.25,192.25,116.31,3.35,389.48
48000,69.00,151.25,140.50,189.50,193.00,116.31,3.35,389.48
48500,69.25,152.50,141.75,191.00,194.00,116.07,3.34,387.35
49000,70.00,154.00,142.50,192.50,194.75,116.07,3.34,387.35
49500,70.25,155.50,143.75,193.75,195.50,115.75,3.33,384.91
50000,70.75,156.75,145.00,195.25,196.25,115.75,3.33,384.91
50500,71.25,158.25,146.00,196.50,197.00,115.90,3.34,386.80
51000,71.75,159.50,147.25,198.00,197.75,115.90,3.34,386.80
51500,72.25,161.00,148.25,199.25,198.25,117.10,3.31,388.02
52000,72.50,162.50,149.25,200.50,199.00,117.10,3.31,388.02
52500,73.00,163.50,150.25,201.75,199.75,115.38,3.32,383.41
53000,73.50,165.00,151.25,203.00,200.50,115.38,3.32,383.41
53500,74.00,166.25,152.75,204.50,201.00,114.67,3.31,379.67
54000,74.25,167.50,154.00,205.50,201.75,114.67,3.31,379.67
54500,74.75,168.75,155.00,207.00,202.50,116.54,3.31,385.38
55000,75.25,170.00,156.00,208.00,203.00,116.54,3.31,385.38
55500,75.50,171.25,157.00,209.25,204.00,116.67,3.34,389.86
56000,76.25,172.75,157.75,210.50,204.50,116.67,3.34,389.86
56500,76.50,173.50,158.75,211.75,205.00,115.25,3.31,381.21
57000,76.75,175.00,159.75,212.75,205.75,115.25,3.31,381.21
57500,77.00,176.00,160.50,213.75,206.50,115.80,3.31,383.03
58000,77.50,177.25,161.50,214.75,207.25,115.80,3.31,383.03
58500,77.75,178.25,162.50,215.75,208.00,115.03,3.32,382.36
59000,78.25,179.50,163.50,216.75,208.75,115.03,3.32,382.36
59500,78.50,180.50,164.50,217.75,209.50,115.58,3.31,382.42
60000,79.00,181.75,165.50,218.75,210.25,115.58,3.31,382.42
60500,79.25,182.50,166.50,219.75,210.75,116.76,3.31,386.71
61000,79.50,183.75,167.25,220.50,211.25,116.76,3.31,386.71
61500,80.00,184.75,168.00,221.75,211.75,116.14,3.32,385.51
62000,80.25,185.50,169.00,222.25,212.25,116.14,3.32,385.51
62500,80.50,186.25,170.00,223.50,212.75,116.51,3.34,388.64
63000,80.75,187.50,171.00,224.50,213.50,116.51,3.34,388.64
63500,81.25,188.50,172.00,225.50,213.75,115.60,3.32,383.77
64000,81.50,189.50,173.00,226.25,214.00,115.60,3.32,383.77
64500,81.75,190.25,173.75,227.25,214.25,117.12,3.35,391.80
65000,82.00,191.25,174.75,228.25,214.75,117.12,3.35,391.80
65500,82.50,192.00,175.50,229.25,215.25,116.12,3.31,383.81
66000,82.75,193.00,176.50,230.25,215.75,116.12,3.31,383.81
66500,83.00,193.75,177.50,231.00,216.50,108.90,3.06,333.69
67000,83.25,194.50,178.25,232.00,217.00,108.90,3.06,333.69
67500,83.50,195.50,179.25,233.00,217.50,98.83,2.69,265.51
68000,83.75,196.25,180.25,233.75,218.00,98.83,2.69,265.51
68500,84.00,196.75,181.00,234.75,218.25,115.53,3.34,385.99
69000,84.25,197.50,181.75,235.50,218.50,115.53,3.34,385.99
69500,84.50,198.25,182.50,236.25,218.75,115.31,3.32,382.95
70000,84.75,199.00,183.50,236.75,219.00,115.31,3.32,382.95
70500,84.75,199.50,184.00,237.50,219.25,116.61,3.31,385.89
71000,85.00,200.25,184.75,238.00,219.75,116.61,3.31,385.89
71500,85.25,201.00,185.50,238.75,220.00,116.22,3.34,387.66
72000,85.50,201.75,186.50,239.50,220.50,116.22,3.34,387.66
72500,85.75,202.50,187.25,240.25,220.75,115.58,3.31,382.79
73000,86.00,203.00,188.00,241.00,221.25,115.58,3.31,382.79
73500,86.25,203.75,188.75,241.50,221.75,116.63,3.31,386.23
74000,86.50,204.25,189.50,242.50,222.50,116.63,3.31,386.23
74500,86.75,205.25,190.25,243.25,223.00,114.68,3.31,379.58
75000,87.00,205.75,191.00,244.25,223.50,114.68,3.31,379.58
75500,87.25,206.50,191.75,245.00,224.25,116.28,3.33,387.51
76000,87.50,207.00,192.50,246.00,225.00,116.28,3.33,387.51
76500,87.75,208.00,193.25,246.75,225.50,116.64,3.31,386.46
77000,88.00,208.50,194.25,248.00,226.25,116.64,3.31,386.46
77500,88.50,209.25,195.25,249.00,227.00,114.60,3.27,374.50
78000,88.50,209.75,196.25,249.75,227.50,114.60,3.27,374.50
78500,89.00,210.50,196.75,250.75,228.25,115.42,3.30,381.28
79000,89.00,211.25,197.75,251.75,228.75,115.42,3.30,381.28
79500,89.50,212.00,198.75,252.75,229.25,116.28,3.31,385.08
80000,89.75,212.50,199.25,253.50,229.50,116.28,3.31,385.08
80500,90.00,213.25,200.25,254.50,229.75,116.45,3.32,387.12
81000,90.25,214.00,201.00,255.25,230.25,116.45,3.32,387.12
81500,90.50,214.50,201.75,256.25,230.50,115.34,3.33,384.62
82000,90.75,215.00,202.50,257.25,230.75,115.34,3.33,384.62
82500,91.00,215.75,203.25,258.00,231.25,115.80,3.30,382.29
83000,91.25,216.25,204.00,259.00,231.50,115.80,3.30,382.29
83500,91.50,217.00,204.50,259.75,232.00,115.24,3.30,380.59
84000,91.75,217.50,205.25,260.75,232.25,115.24,3.30,380.59
84500,92.00,218.25,206.00,261.75,232.75,114.71,3.30,378.79
85000,92.50,218.75,206.75,263.00,233.25,114.71,3.30,378.79
85500,92.75,219.50,207.25,263.75,233.50,114.21,3.30,376.85
86000,93.00,220.00,208.00,264.75,233.75,114.21,3.30,376.85
86500,93.00,220.50,208.50,265.75,233.75,115.32,3.33,383.92
87000,93.50,221.25,208.75,266.75,234.00,115.32,3.33,383.92
87500,93.50,221.75,209.25,267.75,234.00,115.66,3.32,383.72
88000,94.00,222.50,209.75,268.75,234.00,115.66,3.32,383.72
88500,94.50,223.00,210.25,269.75,234.25,114.07,3.30,376.55
89000,94.75,223.75,210.50,270.50,234.25,114.07,3.30,376.55
89500,95.00,224.25,210.75,271.50,234.50,116.02,3.34,387.18
90000,95.25,224.75,210.50,272.50,234.50,116.02,3.34,387.18
90500,95.25,225.25,209.50,273.75,234.25,116.01,3.33,385.78
91000,95.75,226.00,208.75,274.50,234.00,116.01,3.33,385.78
91500,96.50,226.50,207.50,275.50,233.75,116.57,3.33,387.65
92000,95.50,227.00,206.50,276.25,233.25,116.57,3.33,387.65
92500,96.00,227.75,205.75,277.50,232.75,115.22,3.30,380.45
93000,96.00,228.25,205.25,278.25,232.50,115.22,3.30,380.45
93500,97.50,229.00,204.75,279.25,232.25,115.47,3.30,381.28
94000,97.00,229.75,204.50,280.25,232.25,115.47,3.30,381.28
94500,99.25,230.00,204.00,281.00,232.25,115.90,3.34,386.55
95000,99.25,230.50,203.25,282.00,231.75,115.90,3.34,386.55
95500,95.25,231.00,203.00,283.00,231.00,115.99,3.31,383.86
96000,98.25,231.50,202.25,284.00,230.50,115.99,3.31,383.86
96500,97.25,232.00,201.75,284.75,230.75,116.27,3.31,384.73
97000,98.75,232.50,201.25,285.75,231.00,116.27,3.31,384.73
97500,98.25,232.75,200.50,286.75,231.25,114.14,3.30,376.19
98000,98.25,233.25,200.00,287.50,231.75,114.14,3.30,376.19
98500,97.75,233.75,199.75,288.50,232.00,115.70,3.30,382.01
99000,98.50,234.50,199.25,289.25,232.00,115.70,3.30,382.01
99500,99.00,234.75,199.00,290.25,232.00,115.18,3.30,380.02
100000,99.50,235.25,198.50,290.75,232.25,115.18,3.30,380.02
100500,100.00,235.75,198.25,291.75,232.50,115.10,3.30,379.93
101000,98.75,236.25,198.00,292.50,232.75,115.10,3.30,379.93
101500,99.00,236.50,198.00,293.50,233.00,114.84,3.30,379.50
102000,99.50,237.00,197.75,294.25,233.25,114.84,3.30,379.50
102500,100.00,237.50,197.75,295.00,233.50,116.10,3.32,385.14
103000,100.75,238.00,197.50,296.00,233.75,116.10,3.32,385.14
103500,101.50,238.25,197.50,296.50,234.00,115.92,3.31,383.19
104000,102.25,238.50,197.25,297.50,234.25,115.92,3.31,383.19
104500,102.50,239.00,197.25,298.25,234.50,116.37,3.29,383.43
105000,103.25,239.50,197.25,299.00,234.75,116.37,3.29,383.43
105500,104.00,239.75,197.50,299.75,235.00,115.06,3.31,380.73
106000,104.75,240.25,197.25,300.75,235.25,115.06,3.31,380.73
106500,105.25,240.50,197.25,301.50,235.75,115.00,3.30,379.22
107000,105.75,241.25,197.50,302.25,236.00,115.00,3.30,379.22
107500,106.50,241.50,197.25,302.75,236.25,114.85,3.31,379.88
108000,107.00,241.75,197.50,303.75,236.75,114.85,3.31,379.88
108500,107.75,242.25,197.50,304.50,237.50,115.28,3.29,379.19
109000,108.25,242.50,197.75,305.25,238.25,115.28,3.29,379.19
109500,108.75,243.00,198.00,306.00,239.00,114.89,3.26,375.03
110000,109.25,243.25,198.00,306.75,239.75,114.89,3.26,375.03
110500,109.75,243.50,197.75,307.50,240.50,115.93,3.27,378.95
111000,110.25,244.00,197.75,308.25,241.25,115.93,3.27,378.95
111500,110.75,244.25,197.75,309.00,242.25,114.43,3.27,373.97
112000,111.25,244.50,198.00,310.00,242.75,114.43,3.27,373.97
112500,111.50,245.00,198.25,310.25,243.25,114.32,3.28,375.13
113000,112.00,245.25,198.25,311.25,243.50,114.32,3.28,375.13
113500,112.25,245.50,198.00,312.00,244.00,81.73,1.94,158.74
114000,112.50,245.50,199.00,312.50,244.25,81.73,1.94,158.74
114500,112.50,245.75,198.25,313.00,241.25,15.11,0.01,0.12
115000,112.75,245.50,199.00,313.25,240.75,15.11,0.01,0.12
115500,113.00,245.25,198.75,313.25,239.75,15.13,0.01,0.13
116000,113.25,245.00,198.25,313.00,238.50,15.13,0.01,0.13
116500,113.25,244.25,197.25,312.50,238.50,14.98,0.01,0.11
117000,113.25,243.75,197.00,311.50,240.50,14.98,0.01,0.11
117500,113.00,242.75,196.75,310.25,239.50,14.91,0.01,0.13
118000,113.25,241.50,195.25,308.75,234.25,14.91,0.01,0.13
118500,113.00,240.50,195.00,307.00,233.25,14.44,0.01,0.12
119000,113.00,239.25,194.25,305.00,231.50,14.44,0.01,0.12
119500,113.00,238.25,191.50,303.25,229.50,89.64,2.54,227.42
120000,112.50,236.75,189.50,301.00,228.00,89.64,2.54,227.42
120500,111.75,235.50,188.00,298.75,218.50,79.32,2.26,179.16
121000,111.25,234.25,185.75,296.75,217.00,79.32,2.26,179.16
121500,110.50,233.00,183.75,295.00,216.25,82.01,2.12,174.05
122000,110.00,231.75,182.75,293.00,216.00,82.01,2.12,174.05
122500,109.50,230.75,181.00,291.25,213.75,75.43,1.99,150.45
123000,109.25,229.75,179.00,290.00,209.25,75.43,1.99,150.45
123500,108.75,228.50,178.00,288.50,208.50,77.04,1.95,150.18
124000,108.50,227.50,176.50,287.25,207.50,77.04,1.95,150.18
124500,108.25,226.25,175.00,286.25,206.75,73.18,1.99,145.70
125000,107.75,225.50,174.00,285.50,206.25,73.18,1.99,145.70
125500,107.50,224.50,173.00,284.25,205.75,75.93,2.00,151.98
126000,107.25,223.50,171.50,283.75,205.25,75.93,2.00,151.98
126500,106.75,222.50,170.75,282.75,205.00,77.75,1.99,154.64
127000,106.25,221.75,169.75,282.00,205.00,77.75,1.99,154.64
127500,105.75,220.75,169.00,281.75,205.00,72.36,2.01,145.23
128000,105.25,220.00,168.25,281.00,205.50,72.36,2.01,145.23
128500,105.25,219.00,167.00,280.50,206.00,73.24,2.02,147.93
129000,104.75,218.25,166.00,280.25,205.75,73.24,2.02,147.93
129500,104.25,217.50,165.25,279.75,205.75,80.73,2.03,164.12
130000,104.00,216.75,164.50,279.50,205.75,80.73,2.03,164.12
130500,103.50,216.00,163.75,279.00,205.50,74.77,2.03,151.72
131000,103.25,215.25,163.25,278.75,205.75,74.77,2.03,151.72
131500,103.00,214.50,162.50,278.50,205.50,75.65,2.06,155.75
132000,102.75,214.00,161.75,278.25,205.50,75.65,2.06,155.75
132500,102.25,213.25,161.25,277.75,205.50,78.65,2.02,159.01
133000,102.00,212.50,160.50,277.75,205.25,78.65,2.02,159.01
133500,102.00,211.75,160.25,277.25,204.25,82.77,2.03,167.85
134000,101.50,211.25,159.50,277.00,204.25,82.77,2.03,167.85
134500,101.25,210.50,159.00,276.75,204.25,82.02,2.34,191.51
135000,101.00,210.00,158.50,276.75,204.75,82.02,2.34,191.51
135500,101.00,209.25,158.00,276.25,204.75,89.73,2.44,218.95
136000,100.50,208.75,157.25,276.25,204.75,89.73,2.44,218.95
136500,100.25,208.25,157.00,276.25,205.25,91.33,2.45,224.04
137000,100.00,208.00,156.50,276.25,205.50,91.33,2.45,224.04
137500,100.00,207.50,156.25,276.25,206.00,94.88,2.48,234.88
138000,99.75,207.00,156.00,276.25,206.25,94.88,2.48,234.88
138500,99.50,206.75,155.75,276.25,207.00,91.79,2.50,229.37
139000,99.50,206.25,155.50,276.50,207.50,91.79,2.50,229.37
139500,99.50,206.00,155.00,276.75,208.00,90.38,2.48,224.54
140000,99.25,205.75,155.00,277.00,208.75,90.38,2.48,224.54
140500,99.50,205.50,154.75,277.50,209.25,91.69,2.46,225.89
141000,99.25,205.25,154.50,277.50,210.00,91.69,2.46,225.89
141500,99.25,205.00,154.50,278.00,210.75,93.27,2.50,233.52
142000,99.25,205.00,154.50,278.50,211.25,93.27,2.50,233.52
142500,99.25,204.50,154.50,278.75,211.75,93.86,2.52,236.98
143000,99.25,204.50,154.25,279.25,212.50,93.86,2.52,236.98
143500,99.50,204.25,154.25,279.50,213.25,94.54,2.45,231.72
144000,99.50,204.25,154.25,280.00,213.50,94.54,2.45,231.72
144500,99.50,204.00,154.25,280.25,214.00,91.36,2.46,224.53
145000,99.50,204.00,154.50,280.75,214.50,91.36,2.46,224.53
145500,99.50,204.00,154.25,281.25,215.25,94.58,2.50,236.09
146000,99.50,203.75,154.50,281.50,216.00,94.58,2.50,236.09
146500,99.50,203.75,154.25,282.00,216.75,90.26,2.46,221.73
147000,99.50,203.75,154.25,282.25,217.75,90.26,2.46,221.73
147500,99.50,203.50,154.50,282.75,218.25,89.15,2.47,219.86
148000,99.50,203.50,154.50,283.00,218.75,89.15,2.47,219.86
148500,99.50,203.50,154.50,283.25,219.75,93.31,2.50,233.05
149000,99.50,203.25,154.75,284.00,220.25,93.31,2.50,233.05
149500,99.75,203.50,154.50,284.00,220.50,88.84,2.48,220.33
150000,99.75,203.25,154.75,284.25,221.00,88.84,2.48,220.33
150500,99.75,203.25,154.50,284.50,221.25,92.39,2.46,227.02
151000,100.00,203.25,154.75,284.75,221.00,92.39,2.46,227.02
151500,100.00,203.25,154.75,285.25,221.00,92.60,2.46,228.03
152000,100.00,203.25,154.75,285.50,221.00,92.60,2.46,228.03
152500,100.25,203.25,154.75,285.50,221.25,91.51,2.48,226.95
153000,100.25,203.00,154.75,285.75,221.50,91.51,2.48,226.95
153500,100.25,203.25,155.00,286.00,221.75,97.00,2.51,243.80
154000,100.25,203.00,155.00,286.00,222.00,97.00,2.51,243.80
154500,100.50,203.00,155.00,286.00,222.00,90.72,2.48,224.91
155000,100.50,203.00,155.00,286.00,222.50,90.72,2.48,224.91
155500,100.50,203.00,155.00,285.75,222.75,92.46,2.46,227.33
156000,100.50,203.00,155.25,285.75,223.25,92.46,2.46,227.33
156500,100.50,203.00,155.25,285.50,223.50,87.82,2.49,218.64
157000,100.50,203.00,155.25,285.25,224.00,87.82,2.49,218.64
157500,100.75,203.00,155.25,285.00,224.50,93.18,2.48,231.45
158000,100.75,203.00,155.25,284.50,224.75,93.18,2.48,231.45
158500,100.75,203.00,155.50,284.00,225.25,92.74,2.47,229.29
159000,100.75,202.75,155.50,283.75,225.50,92.74,2.47,229.29
159500,101.00,202.75,155.50,283.25,226.00,91.23,2.49,226.83
160000,101.00,202.75,155.50,283.00,226.25,91.23,2.49,226.83
160500,101.00,202.75,155.50,282.50,226.75,89.93,2.49,223.53
161000,101.00,202.75,155.50,282.00,227.00,89.93,2.49,223.53
161500,101.00,202.75,155.50,281.75,227.50,92.83,2.49,231.11
162000,101.25,202.75,155.50,281.25,227.75,92.83,2.49,231.11
162500,101.25,202.75,155.50,280.75,228.25,90.02,2.47,222.73
163000,101.25,202.75,155.75,280.50,228.75,90.02,2.47,222.73
163500,101.25,202.75,155.50,280.25,229.00,92.06,2.48,228.60
164000,101.25,202.75,155.75,279.75,229.50,92.06,2.48,228.60
164500,101.25,202.75,155.75,279.25,229.75,93.38,2.50,233.63
165000,101.25,202.75,155.75,279.00,230.25,93.38,2.50,233.63
165500,101.50,202.75,155.75,278.75,230.50,93.21,2.54,236.79
166000,101.25,202.75,155.75,278.25,231.00,93.21,2.54,236.79
166500,101.50,202.75,155.75,277.75,231.25,90.60,2.43,220.25
167000,101.50,202.75,155.75,277.50,231.75,90.60,2.43,220.25
167500,101.50,202.75,155.75,277.00,232.25,90.52,2.46,222.31
168000,101.50,202.75,155.75,276.50,232.75,90.52,2.46,222.31
168500,101.50,202.75,156.00,276.00,233.25,90.08,2.49,224.72
169000,101.50,202.75,156.00,275.50,233.75,90.08,2.49,224.72
169500,101.50,202.75,156.00,274.75,234.00,91.94,2.43,223.59
170000,101.50,202.75,156.00,274.00,234.75,91.94,2.43,223.59
170500,101.50,202.75,156.00,273.00,235.00,91.00,2.47,224.40
171000,101.75,202.75,156.00,271.75,235.50,91.00,2.47,224.40
171500,101.75,202.75,156.25,271.00,235.75,92.88,2.49,231.64
172000,101.75,202.75,156.25,269.75,236.25,92.88,2.49,231.64
172500,101.75,202.75,156.00,268.50,236.75,93.29,2.50,233.10
173000,101.75,202.75,156.25,267.25,237.50,93.29,2.50,233.10
173500,101.75,202.50,156.25,266.25,238.00,89.68,2.49,222.95
174000,101.75,202.75,156.25,265.00,238.50,89.68,2.49,222.95
174500,102.00,202.50,156.25,263.75,238.75,90.50,2.48,224.41
175000,102.00,202.50,156.25,262.75,239.25,90.50,2.48,224.41
175500,102.00,202.50,156.25,261.50,239.75,96.39,2.48,239.51
176000,102.00,202.50,156.25,260.50,240.25,96.39,2.48,239.51
176500,102.00,202.75,156.25,259.25,240.50,93.38,2.53,235.93
177000,102.25,202.50,156.25,258.50,241.00,93.38,2.53,235.93
177500,102.25,202.75,156.25,257.25,241.75,90.94,2.45,223.08
178000,102.25,202.50,156.50,256.25,242.25,90.94,2.45,223.08
178500,102.25,202.75,156.50,255.25,242.75,95.65,2.50,239.16
179000,102.00,202.50,156.50,253.75,243.25,95.65,2.50,239.16
179500,102.25,202.75,156.50,252.25,243.75,93.84,2.47,231.90
180000,102.25,202.75,156.50,250.75,244.25,93.84,2.47,231.90
180500,102.25,202.75,156.50,249.50,244.50,89.78,2.52,226.00
181000,102.25,202.75,156.50,248.00,245.25,89.78,2.52,226.00
181500,102.25,202.50,156.50,246.25,245.75,89.40,2.51,223.96
182000,102.25,202.75,156.50,245.25,246.00,89.40,2.51,223.96
182500,102.25,202.75,156.75,244.25,246.50,93.09,2.50,232.47
183000,102.50,202.75,156.75,243.00,247.00,93.09,2.50,232.47
183500,102.50,202.75,156.75,242.25,247.25,90.78,2.47,224.35
184000,102.75,202.75,156.75,241.75,247.75,90.78,2.47,224.35
184500,102.75,202.75,156.75,240.75,248.00,92.90,2.55,236.45
185000,102.75,202.75,156.75,240.25,248.50,92.90,2.55,236.45
185500,102.75,202.75,156.75,239.75,249.00,90.91,2.55,231.44
186000,102.75,202.75,156.75,239.50,249.25,90.91,2.55,231.44
186500,103.00,202.75,156.75,239.25,249.75,91.27,2.51,228.84
187000,103.00,202.75,156.75,239.00,250.00,91.27,2.51,228.84
187500,103.00,203.00,156.75,238.75,250.25,89.27,2.54,226.82
188000,103.00,203.00,156.75,238.50,250.75,89.27,2.54,226.82
188500,103.25,203.00,156.75,238.25,251.25,92.57,2.55,235.83
189000,103.25,203.00,157.00,238.00,251.50,92.57,2.55,235.83
189500,103.25,203.00,157.00,237.75,252.00,91.65,2.51,229.99
190000,103.25,203.00,157.00,237.25,252.50,91.65,2.51,229.99
190500,103.25,203.00,157.00,236.75,252.75,97.94,2.52,246.57
191000,103.25,203.00,157.00,236.50,253.00,97.94,2.52,246.57
191500,103.50,203.00,157.00,236.00,253.50,90.25,2.54,229.39
192000,103.25,203.25,157.00,235.75,254.00,90.25,2.54,229.39
192500,103.50,203.00,157.00,235.25,254.25,95.26,2.49,237.54
193000,103.25,203.25,157.00,234.75,254.75,95.26,2.49,237.54
193500,103.25,203.25,157.00,234.00,255.00,89.07,2.56,227.86
194000,103.50,203.25,157.00,233.50,255.50,89.07,2.56,227.86
194500,103.50,203.25,157.25,233.00,255.75,94.29,2.56,241.40
195000,103.50,203.25,157.00,232.50,256.25,94.29,2.56,241.40
195500,103.50,203.25,157.00,231.75,256.50,91.61,2.51,229.62
196000,103.50,203.25,157.25,231.25,256.75,91.61,2.51,229.62
196500,103.50,203.25,157.00,230.75,257.25,94.53,2.56,242.25
197000,103.50,203.25,157.25,230.00,257.75,94.53,2.56,242.25
197500,103.50,203.25,157.25,229.50,258.00,94.93,2.52,238.86
198000,103.50,203.25,157.25,229.00,258.25,94.93,2.52,238.86
198500,103.50,203.25,157.25,228.50,258.75,90.75,2.53,229.76
199000,103.75,203.25,157.25,228.00,259.00,90.75,2.53,229.76
199500,103.75,203.25,157.25,227.75,259.50,87.81,2.52,220.93
200000,103.75,203.25,157.25,227.25,259.75,87.81,2.52,220.93
200500,103.75,203.25,157.25,226.75,260.25,92.19,2.53,233.63
201000,103.75,203.25,157.25,226.25,260.50,92.19,2.53,233.63
201500,103.75,203.25,157.25,225.75,260.75,89.13,2.58,230.10
202000,103.75,203.50,157.25,225.50,261.25,89.13,2.58,230.10
202500,103.75,203.50,157.25,225.00,261.50,91.07,2.55,232.36
203000,103.75,203.25,157.25,224.50,261.75,91.07,2.55,232.36
203500,104.00,203.25,157.25,224.25,262.25,90.31,2.48,224.33
204000,104.00,203.50,157.25,223.75,262.25,90.31,2.48,224.33
204500,104.00,203.50,157.25,223.50,263.00,89.77,2.49,223.90
205000,104.00,203.25,157.25,223.00,263.50,89.77,2.49,223.90
205500,104.00,203.25,157.25,222.50,263.75,95.82,2.54,242.90
206000,104.00,203.25,157.25,222.00,264.25,95.82,2.54,242.90
206500,104.00,203.50,157.25,221.00,264.75,89.73,2.51,224.79
207000,104.25,203.50,157.25,220.00,265.00,89.73,2.51,224.79
207500,104.25,203.25,157.25,219.25,265.50,86.25,2.56,220.45
208000,104.00,203.50,157.25,218.75,265.75,86.25,2.56,220.45
208500,104.00,203.50,157.25,217.75,266.00,92.94,2.55,236.69
209000,104.00,203.50,157.25,217.25,266.25,92.94,2.55,236.69
209500,104.25,203.50,157.50,216.75,266.75,94.14,2.57,241.81
210000,104.25,203.50,157.25,216.25,267.00,94.14,2.57,241.81
210500,104.25,203.50,157.25,215.50,267.50,96.95,2.57,249.47
211000,104.25,203.50,157.25,215.00,267.75,96.95,2.57,249.47
211500,104.00,203.50,157.50,214.50,268.00,90.76,2.52,228.90
212000,104.25,203.50,157.25,213.75,268.50,90.76,2.52,228.90
212500,104.25,203.50,157.50,213.25,268.75,92.73,2.54,235.50
213000,104.25,203.50,157.50,212.50,269.00,92.73,2.54,235.50
213500,104.25,203.50,157.50,211.75,269.50,91.04,2.52,229.36
214000,104.25,203.50,157.50,211.00,269.75,91.04,2.52,229.36
214500,104.25,203.50,157.50,210.75,269.75,89.31,2.55,228.13
215000,104.25,203.50,157.50,210.25,270.00,89.31,2.55,228.13
215500,104.25,203.50,157.50,209.50,271.00,89.00,2.55,227.15
216000,104.25,203.50,157.50,209.00,271.75,89.00,2.55,227.15
216500,104.25,203.75,157.50,208.50,272.25,88.92,2.52,224.27
217000,104.25,203.75,157.75,208.00,272.50,88.92,2.52,224.27
217500,104.50,203.75,157.50,207.25,272.75,92.02,2.60,239.19
218000,104.50,203.75,157.50,206.75,273.25,92.02,2.60,239.19
218500,104.50,203.75,157.75,206.25,273.50,89.87,2.53,227.10
219000,104.50,203.75,157.75,206.00,273.75,89.87,2.53,227.10
219500,104.50,203.75,157.75,205.50,274.25,93.18,2.56,238.92
220000,104.50,203.75,157.75,205.25,274.50,93.18,2.56,238.92
220500,104.50,203.75,157.75,204.75,274.75,90.29,2.55,230.49
221000,104.50,203.75,157.75,204.50,275.00,90.29,2.55,230.49
221500,104.50,203.75,157.75,204.25,275.25,89.46,2.53,226.78
222000,104.50,203.75,157.75,204.00,275.50,89.46,2.53,226.78
222500,104.50,204.00,157.75,203.75,276.00,92.02,2.53,233.15
223000,104.75,203.75,157.75,203.50,276.25,92.02,2.53,233.15
223500,104.50,204.00,157.75,203.25,276.50,95.01,2.51,238.26
224000,104.75,204.00,157.75,203.00,277.00,95.01,2.51,238.26
224500,104.75,204.00,157.75,202.75,277.25,91.29,2.50,228.26
225000,104.75,204.00,157.75,202.50,277.50,91.29,2.50,228.26
225500,104.75,204.00,157.75,202.25,278.00,92.41,2.55,235.97
226000,104.75,204.00,157.75,202.00,278.25,92.41,2.55,235.97
226500,104.75,204.00,158.00,201.75,278.75,92.94,2.48,230.81
227000,104.75,204.00,157.75,201.50,279.00,92.94,2.48,230.81
227500,104.75,204.00,158.00,201.25,279.50,91.88,2.50,229.54
228000,104.75,204.00,158.00,201.25,279.75,91.88,2.50,229.54
228500,105.00,204.00,158.00,201.00,280.00,95.20,2.55,242.60
229000,104.75,204.00,158.00,200.75,280.25,95.20,2.55,242.60
229500,105.00,204.00,158.00,200.50,280.50,92.20,2.51,231.78
230000,105.00,204.25,158.00,200.25,280.75,92.20,2.51,231.78
230500,105.00,204.25,158.00,200.25,281.00,89.60,2.56,229.23
231000,105.00,204.25,158.00,200.00,281.25,89.60,2.56,229.23
231500,105.00,204.00,158.00,199.75,281.50,92.43,2.56,236.19
232000,105.00,204.25,158.00,199.75,281.75,92.43,2.56,236.19
232500,105.00,204.25,158.25,199.50,281.75,89.36,2.54,226.93
233000,105.00,204.25,158.25,199.50,282.00,89.36,2.54,226.93
233500,105.00,204.25,158.25,199.50,282.50,95.89,2.58,247.02
234000,105.25,204.25,158.25,199.25,282.50,95.89,2.58,247.02
234500,105.00,204.25,158.25,199.25,283.00,91.14,2.53,230.77
235000,105.25,204.50,158.25,199.25,283.50,91.14,2.53,230.77
235500,105.00,204.25,158.25,199.00,283.50,89.80,2.53,227.40
236000,105.00,204.50,158.25,199.00,283.75,89.80,2.53,227.40
236500,105.00,204.50,158.25,199.00,284.00,92.83,2.55,236.98
237000,105.25,204.50,158.25,198.75,284.25,92.83,2.55,236.98
237500,105.25,204.50,158.25,198.75,284.50,92.16,2.56,235.56
238000,105.25,204.50,158.25,198.75,284.75,92.16,2.56,235.56
238500,105.25,204.50,158.25,198.75,284.75,87.74,2.54,222.79
239000,105.25,204.50,158.50,198.75,285.25,87.74,2.54,222.79
239500,105.25,204.50,158.50,198.50,285.50,94.48,2.50,236.26
240000,105.25,204.50,158.50,198.50,285.75,94.48,2.50,236.26
240500,105.25,204.50,158.50,198.50,286.00,88.89,2.57,228.49
241000,105.25,204.50,158.50,198.50,286.25,88.89,2.57,228.49
241500,105.25,204.50,158.50,198.50,286.50,97.43,2.55,248.43
242000,105.50,204.75,158.50,198.50,286.75,97.43,2.55,248.43
242500,105.50,204.75,158.50,198.50,287.00,87.84,2.57,225.44
243000,105.50,204.75,158.50,198.50,287.00,87.84,2.57,225.44
243500,105.75,204.75,158.50,198.75,287.25,91.40,2.55,232.74
244000,106.00,205.00,158.75,198.75,287.75,91.40,2.55,232.74
244500,106.00,205.00,158.75,198.75,287.75,91.04,2.53,230.73
245000,106.00,205.00,158.75,198.75,288.00,91.04,2.53,230.73
245500,106.25,205.00,158.75,198.75,288.25,90.21,2.57,231.76
246000,106.25,205.25,158.75,198.75,288.50,90.21,2.57,231.76
246500,106.50,205.00,158.75,198.75,288.75,97.89,2.53,247.41
247000,106.75,205.25,158.75,198.75,288.75,97.89,2.53,247.41
247500,106.75,205.25,159.00,199.00,289.25,91.34,2.55,233.30
248000,107.00,205.25,159.00,199.00,289.25,91.34,2.55,233.30
248500,107.00,205.25,159.00,199.00,289.50,91.80,2.53,232.54
249000,107.25,205.50,159.00,199.00,289.50,91.80,2.53,232.54
249500,107.25,205.50,159.00,199.25,290.00,92.30,2.55,235.15
250000,107.50,205.75,159.00,199.25,290.25,92.30,2.55,235.15
250500,107.75,205.50,159.00,199.25,290.25,91.68,2.56,234.96
251000,108.00,205.75,159.00,199.25,290.50,91.68,2.56,234.96
251500,108.25,205.75,159.00,199.50,290.50,89.27,2.53,225.64
252000,108.50,205.75,159.25,199.50,290.75,89.27,2.53,225.64
252500,108.50,205.75,159.25,199.50,290.75,14.27,0.01,0.11
253000,108.50,205.75,159.25,199.75,290.50,14.27,0.01,0.11
253500,108.50,205.75,159.25,199.50,289.25,105.07,3.06,321.02
254000,108.75,205.75,159.00,199.50,289.00,105.07,3.06,321.02
254500,108.50,205.50,159.00,199.50,288.00,115.73,3.38,391.18
255000,108.50,205.50,158.75,199.25,287.25,115.73,3.38,391.18
255500,108.50,205.50,158.75,199.00,287.50,114.92,3.37,386.95
256000,108.75,205.50,158.50,199.00,287.50,114.92,3.37,386.95
256500,108.75,205.75,158.75,199.00,288.00,116.10,3.35,388.73
257000,109.00,205.75,158.75,199.25,288.75,116.10,3.35,388.73
257500,109.25,206.00,159.00,199.50,290.00,115.05,3.37,387.22
258000,109.50,206.50,159.25,200.00,291.50,115.05,3.37,387.22
258500,109.50,206.75,159.50,200.50,293.75,115.40,3.35,387.06
259000,110.00,207.50,159.75,201.50,295.50,115.40,3.35,387.06
259500,110.25,208.00,160.25,202.25,296.25,114.17,3.37,384.73
260000,110.50,208.50,160.75,203.25,298.00,114.17,3.37,384.73
260500,111.00,209.00,161.25,204.25,300.25,114.91,3.36,386.53
261000,111.25,209.75,162.00,205.50,301.75,114.91,3.36,386.53
261500,112.00,210.50,162.50,206.75,303.00,115.57,3.37,389.87
262000,112.50,211.00,163.25,208.00,304.75,115.57,3.37,389.87
262500,112.75,212.00,163.75,209.50,306.75,114.97,3.37,387.41
263000,113.25,212.75,164.50,210.50,308.50,114.97,3.37,387.41
263500,114.00,213.50,165.25,212.00,310.25,115.33,3.38,389.70
264000,114.25,214.00,166.00,213.50,311.75,115.33,3.38,389.70
264500,114.75,215.00,166.75,215.00,312.75,114.83,3.34,384.07
265000,115.25,215.75,167.50,216.25,313.75,114.83,3.34,384.07
265500,115.75,216.50,168.25,217.75,315.50,114.61,3.33,382.08
266000,116.50,217.25,168.75,219.00,317.00,114.61,3.33,382.08
266500,117.00,218.00,169.50,220.25,318.25,115.95,3.35,387.94
267000,117.50,219.00,170.25,221.75,319.25,115.95,3.35,387.94
267500,118.25,219.75,171.00,223.00,320.50,115.86,3.36,389.39
268000,118.75,220.50,171.75,224.50,321.50,115.86,3.36,389.39
268500,119.25,221.25,172.25,225.50,322.25,114.67,3.34,383.32
269000,119.75,222.00,173.25,226.75,323.50,114.67,3.34,383.32
269500,120.25,222.75,173.75,228.25,324.75,115.14,3.34,385.05
270000,120.75,223.50,174.25,229.25,325.75,115.14,3.34,385.05
270500,121.25,224.25,175.00,230.25,326.00,115.39,3.35,386.64
271000,121.50,225.00,175.75,231.50,327.25,115.39,3.35,386.64
271500,122.00,225.75,176.25,232.50,327.75,115.37,3.32,383.24
272000,122.50,226.50,177.00,233.50,328.50,115.37,3.32,383.24
272500,122.75,227.25,177.50,234.50,329.25,115.48,3.33,384.96
273000,123.25,227.75,178.00,235.75,330.00,115.48,3.33,384.96
273500,123.75,228.50,178.50,236.50,330.75,115.49,3.36,387.50
274000,124.00,229.25,179.25,237.50,331.00,115.49,3.36,387.50
274500,124.50,229.75,179.75,238.50,330.75,116.33,3.36,390.69
275000,124.75,230.50,180.50,239.25,330.25,116.33,3.36,390.69
275500,125.25,231.25,181.00,240.25,330.50,114.89,3.39,389.00
276000,125.75,232.25,181.25,241.00,330.75,114.89,3.39,389.00
276500,126.25,232.75,182.00,242.00,331.25,115.60,3.37,389.44
277000,126.50,233.50,182.50,243.00,332.00,115.60,3.37,389.44
277500,127.00,234.25,183.00,243.75,332.75,115.57,3.37,389.17
278000,127.25,235.00,183.50,244.75,333.50,115.57,3.37,389.17
278500,127.50,235.50,184.00,245.50,334.25,114.98,3.38,388.18
279000,127.75,236.25,184.50,246.25,334.75,114.98,3.38,388.18
279500,127.75,236.75,185.25,247.25,335.25,115.32,3.40,392.05
280000,128.00,237.25,185.75,248.00,336.00,115.32,3.40,392.05
280500,128.00,238.00,186.25,249.00,336.75,115.20,3.36,387.32
281000,128.25,238.75,186.50,249.75,337.50,115.20,3.36,387.32
281500,128.25,239.25,187.25,250.50,338.00,114.66,3.37,385.84
282000,128.25,240.00,187.75,251.25,338.75,114.66,3.37,385.84
282500,128.25,240.50,188.25,252.25,339.50,115.36,3.38,390.34
283000,128.25,241.25,188.75,252.75,340.00,115.36,3.38,390.34
283500,128.25,241.75,189.00,253.75,340.75,115.31,3.39,390.86
284000,128.25,242.25,189.50,254.50,341.25,115.31,3.39,390.86
284500,128.50,243.00,190.00,255.00,342.50,115.25,3.36,387.01
285000,128.25,243.50,190.50,255.75,343.50,115.25,3.36,387.01
285500,128.25,244.25,191.00,256.50,344.50,115.73,3.38,390.71
286000,128.25,244.50,191.25,257.25,345.50,115.73,3.38,390.71
286500,128.25,245.25,191.75,258.00,346.25,116.36,3.38,393.73
287000,128.25,245.75,192.25,258.75,347.00,116.36,3.38,393.73
287500,128.25,246.25,192.75,259.25,348.00,115.27,3.36,386.73
288000,128.25,246.75,193.00,260.00,349.00,115.27,3.36,386.73
288500,128.00,247.50,193.50,260.50,349.50,115.13,3.39,390.83
289000,128.25,248.00,194.00,261.25,350.25,115.13,3.39,390.83
289500,128.00,248.25,194.25,262.00,351.00,115.91,3.35,388.78
290000,128.00,249.00,194.75,262.50,351.75,115.91,3.35,388.78
290500,128.25,249.50,195.50,263.00,352.25,114.89,3.38,387.80
291000,128.25,250.00,196.00,263.75,353.00,114.89,3.38,387.80
291500,128.25,250.50,196.25,264.25,353.50,115.25,3.38,389.72
292000,128.25,251.00,196.50,264.75,354.00,115.25,3.38,389.72
292500,128.25,251.50,196.50,265.25,354.50,115.83,3.37,390.54
293000,128.25,252.00,196.75,266.00,355.00,115.83,3.37,390.54
293500,128.00,252.50,197.50,266.50,355.50,115.60,3.36,388.36
294000,128.00,253.00,197.75,267.00,356.00,115.60,3.36,388.36
294500,128.00,253.25,198.00,267.50,356.50,115.14,3.37,388.58
295000,128.00,254.00,198.50,268.00,357.00,115.14,3.37,388.58
295500,128.00,254.25,199.00,268.50,357.50,115.66,3.38,391.11
296000,128.00,254.75,199.50,269.00,358.00,115.66,3.38,391.11
296500,128.25,255.25,199.50,269.75,358.25,34.37,0.73,24.99
297000,128.25,255.50,199.50,270.00,358.50,34.37,0.73,24.99
297500,128.50,255.75,199.25,270.25,358.25,14.27,0.01,0.13
298000,128.50,255.75,199.25,270.25,357.50,14.27,0.01,0.13
298500,128.25,255.50,199.25,270.00,356.25,14.13,0.01,0.14
299000,128.25,255.00,199.00,269.50,351.75,14.13,0.01,0.14
299500,128.25,254.50,198.50,268.50,348.75,85.69,2.31,198.19
300000,128.00,254.00,197.75,267.25,348.25,85.69,2.31,198.19
300500,127.75,253.25,197.00,265.50,348.75,78.55,2.21,173.68
301000,127.50,252.50,196.25,263.75,346.75,78.55,2.21,173.68
301500,127.50,251.75,195.00,262.00,344.00,77.24,2.08,160.96
302000,127.00,250.75,194.00,260.00,343.25,77.24,2.08,160.96
302500,126.75,249.75,193.00,258.25,341.75,76.02,2.06,156.46
303000,126.50,248.75,192.00,256.50,340.50,76.02,2.06,156.46
303500,126.25,248.00,191.00,254.50,334.25,80.12,2.12,169.96
304000,126.00,247.25,189.75,252.75,332.75,80.12,2.12,169.96
304500,125.75,246.25,188.75,251.00,330.75,80.06,2.07,165.45
305000,125.50,245.25,187.75,249.50,330.00,80.06,2.07,165.45
305500,125.25,244.75,186.75,247.75,329.00,77.49,2.15,166.92
306000,125.00,243.75,185.75,246.25,327.75,77.49,2.15,166.92
306500,124.75,243.00,184.75,245.00,326.75,81.24,2.09,169.77
307000,124.50,242.00,183.75,243.50,326.50,81.24,2.09,169.77
307500,124.50,241.50,182.75,242.00,325.50,78.57,2.07,162.82
308000,124.25,240.50,182.25,241.00,323.50,78.57,2.07,162.82
308500,124.25,239.75,181.25,239.75,322.75,78.92,2.12,167.29
309000,124.00,239.00,180.25,238.25,322.00,78.92,2.12,167.29
309500,123.75,238.25,179.50,237.25,321.50,77.87,2.09,162.88
310000,123.50,237.50,178.75,236.25,320.75,77.87,2.09,162.88
310500,123.50,236.75,178.00,235.25,320.25,77.19,2.15,165.59
311000,123.25,236.00,177.25,234.25,319.75,77.19,2.15,165.59
311500,123.25,235.25,176.75,233.50,319.25,78.67,2.14,167.97
312000,123.00,234.50,176.00,232.50,319.25,78.67,2.14,167.97
312500,122.75,233.75,175.25,231.75,319.25,76.86,2.10,161.19
313000,122.75,233.00,174.50,231.00,319.00,76.86,2.10,161.19
313500,122.50,232.50,174.00,230.25,318.50,78.17,2.16,168.99
314000,122.50,231.75,173.50,229.50,317.75,78.17,2.16,168.99
314500,122.50,231.00,172.75,228.75,317.50,79.03,2.10,165.92
315000,122.25,230.50,172.25,228.00,317.25,79.03,2.10,165.92
315500,122.25,229.75,171.75,227.50,317.50,78.64,2.16,169.53
316000,122.00,229.25,171.25,226.75,317.50,78.64,2.16,169.53
316500,122.00,228.50,170.75,226.25,317.25,76.26,2.13,162.62
317000,121.75,228.00,170.25,225.75,316.75,76.26,2.13,162.62
317500,121.75,227.50,169.75,225.25,316.50,81.39,2.10,170.62
318000,121.50,227.00,169.25,225.00,316.25,81.39,2.10,170.62
318500,121.50,226.25,168.75,224.75,316.00,79.00,2.09,165.15
319000,121.25,225.75,168.50,224.50,316.25,79.00,2.09,165.15
319500,121.25,225.25,168.00,224.50,316.00,80.04,2.11,168.82
320000,121.25,224.50,167.50,224.50,315.75,80.04,2.11,168.82
320500,121.00,224.00,167.25,224.50,315.50,78.34,2.09,163.61
321000,121.00,223.75,166.75,224.50,315.25,78.34,2.09,163.61
321500,121.00,223.00,166.25,224.75,314.75,74.39,2.13,158.69
322000,121.00,222.50,166.00,224.75,314.50,74.39,2.13,158.69
322500,120.75,222.00,165.75,225.00,314.50,78.23,2.09,163.15
323000,120.75,221.75,165.50,225.25,314.25,78.23,2.09,163.15
323500,120.50,221.00,165.00,225.25,314.25,79.21,2.06,163.57
324000,120.50,220.75,164.75,225.25,314.00,79.21,2.06,163.57
324500,120.25,220.00,164.50,225.50,313.75,81.05,2.16,175.20
325000,120.25,219.75,164.25,225.75,313.75,81.05,2.16,175.20
325500,120.00,219.25,164.00,225.75,313.75,77.28,2.12,163.71
326000,120.00,218.75,163.75,226.00,313.50,77.28,2.12,163.71
326500,120.00,218.25,163.50,226.25,313.50,75.02,2.08,155.85
327000,120.00,218.00,163.25,226.25,313.25,75.02,2.08,155.85
327500,119.75,217.50,163.00,226.50,313.00,80.04,2.08,166.40
328000,119.75,217.25,163.00,226.75,313.00,80.04,2.08,166.40
328500,119.75,216.75,162.50,226.75,312.75,79.92,2.14,170.97
329000,119.50,216.25,162.25,227.00,312.75,79.92,2.14,170.97
329500,119.50,216.00,162.25,227.00,312.75,79.82,2.11,168.20
330000,119.25,215.50,162.00,227.25,312.50,79.82,2.11,168.20
330500,119.25,215.25,162.00,227.50,312.25,77.19,2.17,167.28
331000,119.25,215.00,161.50,227.50,312.25,77.19,2.17,167.28
331500,119.00,214.50,161.50,227.75,312.25,79.29,2.12,168.24
332000,119.00,214.25,161.25,227.75,312.00,79.29,2.12,168.24
332500,119.00,213.75,161.00,228.00,312.00,81.52,2.12,172.83
333000,118.75,213.50,160.75,228.00,311.75,81.52,2.12,172.83
333500,118.75,213.00,160.75,228.25,311.75,75.56,2.12,159.84
334000,118.75,212.75,160.50,228.25,311.75,75.56,2.12,159.84
334500,118.75,212.50,160.25,228.50,311.50,73.77,2.16,159.09
335000,118.50,212.25,160.25,228.50,311.50,73.77,2.16,159.09
335500,118.50,211.75,160.00,228.75,311.75,80.65,2.12,170.84
336000,118.50,211.50,159.75,229.00,311.50,80.65,2.12,170.84
336500,118.50,211.25,159.75,229.00,311.50,77.95,2.11,164.33
337000,118.25,211.00,159.50,229.25,311.50,77.95,2.11,164.33
337500,118.25,210.75,159.50,229.25,311.50,77.78,2.17,168.58
338000,118.25,210.25,159.25,229.50,311.50,77.78,2.17,168.58
338500,118.25,210.00,159.25,229.75,311.25,79.81,2.10,167.26
339000,118.25,209.75,159.00,229.75,311.25,79.81,2.10,167.26
339500,118.00,209.50,159.00,230.00,311.50,77.54,2.12,164.25
340000,118.00,209.25,158.75,230.25,311.25,77.54,2.12,164.25
340500,118.00,209.00,158.75,230.25,311.25,74.76,2.16,161.24
341000,118.00,208.75,158.75,230.50,311.25,74.76,2.16,161.24
341500,118.00,208.50,158.75,230.50,311.25,74.20,2.19,162.60
342000,118.00,208.25,158.75,230.75,311.00,74.20,2.19,162.60
342500,117.75,208.00,158.75,231.00,311.00,78.41,2.10,164.51
343000,117.75,207.75,158.75,231.00,311.00,78.41,2.10,164.51
343500,117.75,207.50,158.75,231.25,311.00,78.27,2.12,166.16
344000,117.75,207.25,158.75,231.25,311.00,78.27,2.12,166.16
344500,117.75,207.00,158.75,231.50,311.00,78.66,2.16,170.28
345000,117.75,206.75,158.75,231.75,311.00,78.66,2.16,170.28
345500,117.75,206.50,158.75,232.00,311.00,80.74,2.11,170.12
346000,117.75,206.25,158.50,232.00,311.00,80.74,2.11,170.12
346500,117.75,206.25,158.75,232.25,311.00,76.72,2.10,160.77
347000,117.75,206.00,158.75,232.50,310.75,76.72,2.10,160.77
347500,117.75,205.75,158.75,232.75,311.00,81.54,2.17,177.10
348000,117.50,205.50,158.75,233.00,310.75,81.54,2.17,177.10
348500,117.50,205.50,158.75,233.00,310.75,81.51,2.16,176.31
349000,117.50,205.00,158.75,233.25,311.00,81.51,2.16,176.31
349500,117.50,205.00,158.75,233.50,311.00,77.21,2.12,163.34
350000,117.50,204.75,158.75,233.75,310.75,77.21,2.12,163.34
350500,117.25,204.50,158.75,234.00,311.00,77.20,2.08,160.57
351000,117.50,204.25,158.75,234.00,311.00,77.20,2.08,160.57
351500,117.50,204.25,158.75,234.25,311.00,80.45,2.16,173.94
352000,117.25,204.00,158.75,234.50,311.00,80.45,2.16,173.94
352500,117.25,203.75,158.75,234.75,311.00,76.73,2.20,168.92
353000,117.25,203.50,158.75,234.75,311.00,76.73,2.20,168.92
353500,117.25,203.25,158.75,235.25,311.00,79.48,2.06,163.69
354000,117.25,203.25,158.75,235.25,311.00,79.48,2.06,163.69
354500,117.25,203.25,158.75,235.50,311.00,75.08,2.19,164.60
355000,117.25,203.00,158.75,235.75,311.00,75.08,2.19,164.60
355500,117.25,202.75,158.75,236.00,311.00,76.97,2.16,166.31
356000,117.00,202.50,158.75,236.25,311.25,76.97,2.16,166.31
356500,117.25,202.50,158.75,236.50,311.25,76.01,2.10,159.88
357000,117.00,202.25,158.75,236.75,311.25,76.01,2.10,159.88
357500,117.00,202.25,158.75,237.00,311.25,76.24,2.10,159.94
358000,117.00,202.00,158.75,237.25,311.25,76.24,2.10,159.94
358500,117.00,202.00,158.75,237.50,311.50,80.66,2.13,172.02
359000,117.00,201.75,158.75,237.75,311.50,80.66,2.13,172.02
359500,117.00,201.50,158.75,238.00,311.50,79.17,2.12,167.50
360000,117.00,201.50,158.75,238.25,311.50,79.17,2.12,167.50
360500,117.00,201.25,158.75,238.50,311.50,76.16,2.17,165.10
361000,116.75,201.25,158.75,238.75,311.50,76.16,2.17,165.10
361500,116.75,201.00,158.75,239.00,311.50,84.51,2.14,181.23
362000,117.00,201.00,158.75,239.25,311.75,84.51,2.14,181.23
362500,117.00,200.75,158.75,239.75,311.50,79.42,2.10,167.06
363000,116.75,200.75,158.75,240.00,311.75,79.42,2.10,167.06
363500,116.75,200.50,158.75,240.25,311.75,77.91,2.15,167.53
364000,116.75,200.50,158.75,240.50,311.75,77.91,2.15,167.53
364500,116.75,200.25,158.75,240.75,311.75,76.63,2.15,165.02
365000,116.75,200.00,158.75,241.00,312.00,76.63,2.15,165.02
365500,116.75,200.00,158.75,241.25,312.00,80.62,2.13,171.40
366000,116.75,200.00,158.75,241.75,312.00,80.62,2.13,171.40
366500,116.75,199.75,158.75,241.75,312.00,78.27,2.09,163.74
367000,116.75,199.75,159.00,242.25,312.00,78.27,2.09,163.74
367500,116.75,199.50,159.00,242.50,312.00,78.70,2.17,170.62
368000,116.75,199.50,158.75,242.75,312.25,78.70,2.17,170.62
368500,116.50,199.50,158.75,243.00,312.25,78.69,2.11,166.03
369000,116.50,199.25,158.75,243.25,312.25,78.69,2.11,166.03
369500,116.50,199.25,159.00,243.75,312.25,76.04,2.17,164.94
370000,116.50,199.25,159.00,244.00,312.25,76.04,2.17,164.94
370500,116.50,199.00,159.00,244.25,312.50,79.01,2.11,167.00
371000,116.50,199.00,159.00,244.50,312.25,79.01,2.11,167.00
371500,116.50,198.75,159.00,244.75,312.50,79.36,2.09,165.80
372000,116.50,198.75,158.75,245.25,312.50,79.36,2.09,165.80
372500,116.50,198.50,159.00,245.50,312.50,74.64,2.17,162.04
373000,116.50,198.50,159.00,245.75,312.75,74.64,2.17,162.04
373500,116.50,198.25,159.00,246.00,312.75,81.39,2.14,174.22
374000,116.50,198.25,159.00,246.25,312.75,81.39,2.14,174.22
374500,116.25,198.25,159.00,246.50,312.75,78.83,2.13,167.55
375000,116.50,198.00,159.00,246.75,313.00,78.83,2.13,167.55
375500,116.50,198.00,159.00,247.25,312.75,75.31,2.14,161.37
376000,116.50,197.75,159.00,247.50,313.00,75.31,2.14,161.37
376500,116.25,197.75,159.00,247.75,313.00,79.36,2.10,166.76
377000,116.25,197.75,159.00,248.00,313.00,79.36,2.10,166.76
377500,116.25,197.50,159.00,248.50,313.25,77.91,2.19,170.35
378000,116.25,197.50,159.00,248.75,313.25,77.91,2.19,170.35
378500,116.25,197.50,159.00,249.00,313.25,79.02,2.10,165.79
379000,116.25,197.25,159.00,249.25,313.25,79.02,2.10,165.79
379500,116.25,197.25,159.00,249.50,313.25,76.46,2.14,163.92
380000,116.25,197.00,159.00,249.75,313.25,76.46,2.14,163.92
380500,116.25,197.00,159.00,250.25,313.50,81.04,2.14,173.29
381000,116.25,197.00,159.00,250.50,313.50,81.04,2.14,173.29
381500,116.25,196.75,159.00,250.75,313.50,77.13,2.10,161.85
382000,116.25,196.75,159.00,251.00,313.50,77.13,2.10,161.85
382500,116.25,196.75,159.00,251.25,313.50,76.74,2.15,165.16
383000,116.25,196.50,159.00,251.75,313.75,76.74,2.15,165.16
383500,116.00,196.50,159.00,252.00,313.75,77.65,2.11,163.63
384000,116.00,196.50,159.00,252.25,313.75,77.65,2.11,163.63
384500,116.00,196.50,159.00,252.50,313.75,75.23,2.13,160.40
385000,116.25,196.50,159.00,252.75,313.75,75.23,2.13,160.40
385500,116.00,196.25,159.00,253.25,314.00,78.86,2.11,166.30
386000,116.25,196.25,159.00,253.25,314.00,78.86,2.11,166.30
386500,116.25,196.25,159.00,253.50,314.00,75.53,2.16,162.78
387000,116.25,196.25,159.00,254.00,314.00,75.53,2.16,162.78
387500,116.00,196.00,159.00,254.25,314.00,79.50,2.12,168.92
388000,116.00,196.00,159.00,254.50,314.00,79.50,2.12,168.92
388500,116.00,196.00,159.00,254.75,314.25,77.54,2.15,166.72
389000,116.00,196.00,159.00,255.25,314.25,77.54,2.15,166.72
389500,116.00,195.75,159.00,255.25,314.25,79.08,2.13,168.55
390000,116.00,195.75,159.00,255.50,314.25,79.08,2.13,168.55
390500,116.00,195.75,159.00,255.75,314.50,77.13,2.13,164.30
391000,116.00,195.50,159.00,256.25,314.50,77.13,2.13,164.30
391500,116.00,195.50,159.00,256.50,314.50,80.52,2.22,178.55
392000,116.00,195.50,159.00,256.75,314.50,80.52,2.22,178.55
392500,116.00,195.50,159.00,257.00,314.75,75.93,2.10,159.61
393000,116.00,195.50,159.00,257.25,314.75,75.93,2.10,159.61
393500,116.00,195.25,159.00,257.50,314.75,77.24,2.09,161.81
394000,116.00,195.25,159.00,258.00,314.75,77.24,2.09,161.81
394500,116.00,195.25,159.25,258.25,315.00,78.17,2.10,163.88
395000,116.00,195.25,159.00,258.50,315.00,78.17,2.10,163.88
395500,116.00,195.25,159.25,258.75,315.00,80.40,2.11,169.25
396000,116.00,195.00,159.25,259.00,315.00,80.40,2.11,169.25
396500,116.00,195.00,159.00,259.25,315.25,78.68,2.13,167.30
397000,116.00,194.75,159.25,259.50,315.25,78.68,2.13,167.30
397500,116.00,195.00,159.25,260.00,315.25,77.76,2.10,163.33
398000,115.75,195.00,159.25,260.25,315.50,77.76,2.10,163.33
398500,116.00,194.75,159.25,260.50,315.25,77.91,2.08,162.37
399000,116.00,194.75,159.25,260.75,315.50,77.91,2.08,162.37
399500,115.75,194.75,159.25,261.00,315.50,77.42,2.12,164.30
400000,115.75,194.75,159.25,261.25,315.50,77.42,2.12,164.30
400500,115.75,194.50,159.25,261.75,315.50,79.12,2.08,164.63
401000,115.75,194.50,159.25,261.75,315.75,79.12,2.08,164.63
401500,115.75,194.50,159.25,262.00,315.75,76.82,2.11,162.13
402000,115.75,194.50,159.25,262.25,315.75,76.82,2.11,162.13
402500,115.75,194.50,159.25,262.75,316.00,76.18,2.16,164.28
403000,115.75,194.25,159.50,263.00,316.00,76.18,2.16,164.28
403500,115.75,194.25,159.25,263.25,316.00,81.34,2.11,171.68
404000,115.75,194.25,159.25,263.50,316.00,81.34,2.11,171.68
404500,115.75,194.25,159.50,263.75,316.25,76.52,2.14,164.13
405000,115.75,194.25,159.50,264.00,316.25,76.52,2.14,164.13
405500,115.75,194.00,159.50,264.25,316.50,78.36,2.12,166.43
406000,115.75,194.00,159.50,264.75,316.50,78.36,2.12,166.43
406500,115.75,194.00,159.75,265.00,316.50,74.11,2.19,161.94
407000,115.75,194.00,159.75,265.25,316.75,74.11,2.19,161.94
407500,115.75,194.00,159.75,265.50,316.75,78.25,2.12,166.28
408000,115.75,194.00,159.75,265.75,316.75,78.25,2.12,166.28
408500,115.75,194.00,160.00,266.00,316.75,76.83,2.17,167.06
409000,115.75,193.75,160.00,266.25,317.00,76.83,2.17,167.06
409500,115.75,193.75,160.25,266.50,317.00,80.00,2.10,167.92
410000,115.75,193.75,160.25,266.75,317.25,80.00,2.10,167.92
410500,115.75,193.75,160.25,267.25,317.25,76.35,2.17,165.47
411000,115.75,193.75,160.25,267.50,317.25,76.35,2.17,165.47
411500,115.50,193.75,160.50,267.75,317.25,81.62,2.11,171.81
412000,115.75,193.75,160.50,268.00,317.50,81.62,2.11,171.81
412500,115.50,193.50,160.50,268.25,317.50,75.30,2.15,161.73
413000,115.75,193.50,160.75,268.50,317.75,75.30,2.15,161.73
413500,115.75,193.50,161.00,269.00,317.75,78.25,2.08,162.85
414000,115.75,193.50,161.00,269.25,317.75,78.25,2.08,162.85
414500,115.75,193.50,161.25,269.50,318.00,75.61,2.13,160.78
415000,115.75,193.50,161.25,269.75,318.00,75.61,2.13,160.78
415500,115.75,193.50,161.25,270.00,318.25,80.83,2.09,169.32
416000,115.75,193.50,161.50,270.25,318.25,80.83,2.09,169.32
416500,115.75,193.50,161.75,270.50,318.25,77.70,2.12,164.40
417000,115.75,193.50,161.75,270.75,318.50,77.70,2.12,164.40
417500,115.75,193.50,161.75,271.25,318.50,81.44,2.12,172.34
418000,115.75,193.50,162.00,271.50,318.50,81.44,2.12,172.34
418500,115.75,193.50,162.25,271.75,318.50,76.06,2.15,163.82
419000,115.75,193.50,162.25,272.00,318.75,76.06,2.15,163.82
419500,115.75,193.25,162.50,272.25,318.75,83.47,2.12,176.87
420000,115.75,193.25,162.50,272.50,319.00,83.47,2.12,176.87
420500,115.75,193.25,162.75,273.00,319.00,77.99,2.15,167.71
421000,115.75,193.25,162.75,273.00,319.00,77.99,2.15,167.71
421500,115.75,193.25,163.00,273.50,319.25,81.35,2.17,176.58
422000,115.75,193.25,163.25,273.75,319.25,81.35,2.17,176.58
422500,115.75,193.25,163.50,274.00,319.50,78.07,2.17,169.22
423000,115.75,193.25,163.50,274.25,319.50,78.07,2.17,169.22
423500,115.75,193.25,163.75,274.50,319.75,81.48,2.10,171.01
424000,115.75,193.00,164.00,275.00,319.75,81.48,2.10,171.01
424500,115.75,193.25,164.25,275.25,319.75,77.06,2.13,164.40
425000,115.75,193.00,164.25,275.50,320.00,77.06,2.13,164.40
425500,115.75,193.25,164.50,275.75,319.75,77.64,2.11,164.15
426000,115.75,193.00,164.75,276.00,320.00,77.64,2.11,164.15
426500,115.75,193.00,165.00,276.25,320.00,75.59,2.16,163.44
427000,115.75,193.00,165.25,276.50,320.25,75.59,2.16,163.44
427500,115.75,193.00,165.50,276.75,320.25,77.96,2.09,162.95
428000,115.75,193.00,165.75,277.25,320.50,77.96,2.09,162.95
428500,115.75,193.00,165.75,277.25,320.50,75.93,2.18,165.81
429000,115.75,192.75,166.00,277.50,320.50,75.93,2.18,165.81
429500,115.75,193.00,166.25,278.00,320.75,77.99,2.10,163.75
430000,115.75,192.75,166.25,278.25,320.75,77.99,2.10,163.75
430500,115.75,192.75,166.50,278.50,321.00,74.08,2.13,157.62
431000,115.75,192.75,166.75,278.75,321.00,74.08,2.13,157.62
431500,115.75,192.75,167.00,279.00,321.25,77.46,2.12,164.57
432000,115.75,192.75,167.25,279.25,321.25,77.46,2.12,164.57
432500,115.75,192.75,167.50,279.50,321.50,80.16,2.20,176.44
433000,115.75,192.75,167.75,279.75,321.50,80.16,2.20,176.44
433500,115.75,192.75,168.00,280.25,321.50,79.33,2.12,168.01
434000,115.75,192.75,168.00,280.50,321.50,79.33,2.12,168.01
434500,115.75,192.75,168.25,280.75,321.75,82.64,2.11,174.47
435000,115.75,192.75,168.50,281.00,321.75,82.64,2.11,174.47
435500,115.75,192.50,168.75,281.25,321.75,75.56,2.09,158.08
436000,115.75,192.50,169.00,281.50,322.00,75.56,2.09,158.08
436500,115.75,192.50,169.25,281.75,322.00,80.92,2.10,170.25
437000,116.00,192.50,169.50,282.00,322.25,80.92,2.10,170.25
437500,115.75,192.50,169.75,282.25,322.25,79.70,2.15,171.56
438000,115.75,192.50,170.00,282.75,322.25,79.70,2.15,171.56
438500,115.75,192.50,170.00,283.00,322.50,80.40,2.10,168.93
439000,115.75,192.50,170.50,283.00,322.50,80.40,2.10,168.93
439500,115.75,192.50,170.50,283.50,322.50,78.00,2.07,161.75
440000,115.75,192.50,170.75,283.75,322.75,78.00,2.07,161.75
440500,115.75,192.50,171.25,284.00,322.75,78.42,2.11,165.67
441000,116.00,192.50,171.25,284.25,323.00,78.42,2.11,165.67
441500,115.75,192.50,171.50,284.75,323.00,78.55,2.15,168.65
442000,116.00,192.25,172.00,285.00,323.00,78.55,2.15,168.65
442500,116.00,192.25,172.25,285.00,323.25,84.34,2.13,179.41
443000,116.00,192.50,172.25,285.50,323.25,84.34,2.13,179.41
443500,116.00,192.50,172.75,285.75,323.50,79.80,2.16,172.27
444000,116.00,192.50,173.00,286.00,323.50,79.80,2.16,172.27
444500,116.00,192.25,173.00,286.25,323.75,79.11,2.13,168.50
445000,116.00,192.25,173.50,286.50,323.75,79.11,2.13,168.50
445500,116.00,192.25,173.50,286.75,324.00,76.64,2.18,167.05
446000,116.00,192.25,173.75,287.00,324.00,76.64,2.18,167.05
446500,116.00,192.25,174.00,287.25,324.25,78.32,2.16,169.36
447000,116.00,192.25,174.25,287.50,324.25,78.32,2.16,169.36
447500,116.00,192.25,174.50,288.00,324.25,75.48,2.17,163.57
448000,116.00,192.25,175.00,288.25,324.50,75.48,2.17,163.57
448500,116.00,192.25,175.00,288.50,324.75,79.60,2.16,172.24
449000,116.00,192.25,175.25,288.75,324.75,79.60,2.16,172.24
449500,116.00,192.25,175.75,289.00,324.75,75.94,2.18,165.50
450000,116.00,192.25,176.00,289.25,325.00,75.94,2.18,165.50
450500,116.00,192.25,176.25,289.50,325.25,79.10,2.10,166.29
451000,116.00,192.25,176.50,290.00,325.25,79.10,2.10,166.29
451500,116.00,192.25,176.75,290.00,325.50,78.70,2.12,166.51
452000,116.00,192.25,177.00,290.50,325.50,78.70,2.12,166.51
452500,116.00,192.25,177.25,290.75,325.50,82.93,2.13,176.43
453000,116.00,192.25,177.50,291.00,325.75,82.93,2.13,176.43
453500,116.00,192.25,178.00,291.25,325.75,78.95,2.09,164.90
454000,116.00,192.25,178.00,291.50,326.00,78.95,2.09,164.90
454500,116.00,192.00,178.25,291.75,326.00,79.68,2.13,170.02
455000,116.00,192.25,178.50,292.00,326.00,79.68,2.13,170.02
455500,116.00,192.00,179.00,292.25,326.25,79.04,2.07,163.88
456000,116.00,192.25,179.25,292.75,326.25,79.04,2.07,163.88
456500,116.00,192.25,179.50,292.75,326.50,83.08,2.19,181.68
457000,116.00,192.00,179.75,293.25,326.50,83.08,2.19,181.68
457500,116.00,192.00,180.00,293.50,326.50,78.47,2.14,167.63
458000,116.25,192.00,180.25,293.75,326.75,78.47,2.14,167.63
458500,116.00,192.25,180.50,294.00,326.75,81.84,2.15,176.22
459000,116.00,192.00,180.75,294.50,327.00,81.84,2.15,176.22
459500,116.00,192.00,181.00,294.75,327.00,78.29,2.10,164.42
460000,116.00,192.00,181.25,294.75,327.25,78.29,2.10,164.42
460500,116.00,192.00,181.75,295.00,327.25,76.98,2.19,168.58
461000,116.00,192.00,182.00,295.50,327.25,76.98,2.19,168.58
461500,116.25,192.00,182.25,295.75,327.25,81.33,2.11,171.73
462000,116.00,192.00,182.50,296.00,327.25,81.33,2.11,171.73
462500,116.00,192.00,182.75,296.25,327.50,75.84,2.20,167.22
463000,116.25,192.25,183.00,296.50,327.50,75.84,2.20,167.22
463500,116.25,192.00,183.25,296.75,327.75,80.05,2.10,168.08
464000,116.00,192.00,183.50,297.00,327.75,80.05,2.10,168.08
464500,116.25,192.00,183.75,297.50,328.00,76.33,2.12,162.08
465000,116.25,192.00,184.00,297.75,328.00,76.33,2.12,162.08
465500,116.25,192.00,184.25,298.00,328.00,78.18,2.13,166.36
466000,116.25,192.00,184.50,298.00,328.00,78.18,2.13,166.36
466500,116.25,192.25,185.00,298.25,328.25,75.33,2.15,161.91
467000,116.25,192.00,185.25,298.75,328.25,75.33,2.15,161.91
467500,116.25,192.25,185.50,299.00,328.25,79.56,2.13,169.64
468000,116.25,192.00,185.50,299.25,328.25,79.56,2.13,169.64
468500,116.25,192.00,185.75,299.50,328.00,77.15,2.20,170.03
469000,116.25,192.00,186.25,300.00,328.25,77.15,2.20,170.03
469500,116.25,192.00,186.50,300.00,328.25,80.27,2.17,173.98
470000,116.25,192.25,186.75,300.50,328.25,80.27,2.17,173.98
470500,116.25,192.00,187.00,300.75,328.50,75.08,2.14,160.79
471000,116.25,192.00,187.25,301.00,328.50,75.08,2.14,160.79
471500,116.25,192.00,187.50,301.25,328.50,79.24,2.14,169.49
472000,116.25,192.25,188.00,301.25,328.75,79.24,2.14,169.49
472500,116.25,192.00,188.25,301.75,328.75,80.43,2.11,169.57
473000,116.25,192.00,188.50,302.00,328.75,80.43,2.11,169.57
473500,116.25,192.00,188.75,302.25,328.75,80.74,2.13,172.09
474000,116.50,192.00,189.00,302.50,328.75,80.74,2.13,172.09
474500,116.25,192.00,189.25,302.75,329.00,80.36,2.12,170.46
475000,116.25,192.00,189.50,303.00,328.75,80.36,2.12,170.46
475500,116.50,192.25,189.75,303.25,328.75,79.36,2.17,172.33
476000,116.25,192.00,190.00,303.50,329.00,79.36,2.17,172.33
476500,116.25,192.00,190.25,303.75,329.00,80.14,2.13,170.70
477000,116.25,192.00,190.50,304.00,329.25,80.14,2.13,170.70
477500,116.50,192.00,190.75,304.50,329.25,75.43,2.14,161.38
478000,116.25,192.00,191.25,304.75,329.25,75.43,2.14,161.38
478500,116.50,192.00,191.25,305.00,329.50,73.91,2.17,160.25
479000,116.50,192.00,191.75,305.25,329.75,73.91,2.17,160.25
479500,116.50,192.00,192.00,305.50,329.75,79.15,2.10,166.40
480000,116.50,192.00,192.25,305.75,330.00,79.15,2.10,166.40
480500,116.50,192.00,192.50,306.00,330.25,80.27,2.16,173.62
481000,116.50,192.00,192.75,306.25,330.25,80.27,2.16,173.62
481500,116.50,192.00,193.00,306.50,330.50,80.81,2.12,171.37
482000,116.50,192.00,193.25,306.75,330.50,80.81,2.12,171.37
482500,116.50,192.00,193.75,307.00,330.75,76.89,2.16,166.31
483000,116.50,192.00,194.00,307.25,331.00,76.89,2.16,166.31
483500,116.50,192.00,194.25,307.50,331.00,80.31,2.12,170.18
484000,116.50,192.00,194.50,307.75,330.75,80.31,2.12,170.18
484500,116.50,192.00,194.75,308.00,331.00,77.88,2.11,164.68
485000,116.50,192.00,195.00,308.50,331.00,77.88,2.11,164.68
485500,116.50,192.00,195.25,308.75,331.00,75.55,2.15,162.36
486000,116.50,192.00,195.50,309.00,331.25,75.55,2.15,162.36
486500,116.50,192.00,195.75,309.25,331.00,81.22,2.11,171.44
487000,116.50,192.00,196.25,309.50,331.00,81.22,2.11,171.44
487500,116.50,192.00,196.50,309.75,331.25,76.83,2.13,163.75
488000,116.50,192.00,196.75,310.00,331.25,76.83,2.13,163.75
488500,116.50,192.00,197.00,310.25,331.50,79.37,2.14,169.67
489000,116.50,192.00,197.25,310.50,331.50,79.37,2.14,169.67
489500,116.50,192.00,197.50,310.75,331.50,78.74,2.12,167.24
490000,116.50,192.00,197.75,311.00,331.75,78.74,2.12,167.24
490500,116.50,192.00,198.00,311.25,332.00,77.44,2.18,168.51
491000,116.50,192.00,198.50,311.50,332.25,77.44,2.18,168.51
491500,116.50,192.00,198.75,312.00,332.25,81.94,2.10,172.40
492000,116.50,192.00,199.00,312.25,332.50,81.94,2.10,172.40
492500,116.50,192.00,199.25,312.50,332.50,79.91,2.09,166.93
493000,116.50,192.00,199.75,312.50,332.50,79.91,2.09,166.93
493500,116.75,192.00,200.00,313.00,332.75,75.73,2.16,163.58
494000,116.75,192.00,200.25,313.00,332.75,75.73,2.16,163.58
494500,116.75,192.25,200.50,313.50,333.00,80.16,2.15,172.15
495000,116.75,192.00,200.75,313.75,333.00,80.16,2.15,172.15
495500,116.75,192.00,201.25,314.00,333.25,76.02,2.16,164.05
496000,116.75,192.00,201.25,314.25,333.25,76.02,2.16,164.05
496500,116.75,192.00,201.75,314.50,333.50,79.82,2.19,175.06
497000,116.75,192.00,202.00,314.75,333.50,79.82,2.19,175.06
497500,116.75,192.00,202.25,315.00,333.50,79.50,2.11,168.00
498000,116.75,192.25,202.50,315.25,333.50,79.50,2.11,168.00
498500,116.75,192.25,203.00,315.50,333.75,80.32,2.16,173.87
499000,116.75,192.25,203.25,315.75,334.00,80.32,2.16,173.87
499500,116.75,192.25,203.50,316.00,333.75,81.23,2.16,175.18
500000,116.75,192.25,203.75,316.25,334.00,81.23,2.16,175.18
500500,116.75,192.25,204.25,316.50,334.00,75.55,2.09,157.72
501000,117.00,192.25,204.50,316.75,334.00,75.55,2.09,157.72
501500,117.00,192.25,204.75,317.25,334.25,76.55,2.11,161.14
502000,117.00,192.25,205.00,317.50,334.25,76.55,2.11,161.14
502500,116.75,192.25,205.25,317.75,334.25,83.89,2.16,181.35
503000,117.00,192.25,205.50,318.00,334.25,83.89,2.16,181.35
503500,117.00,192.25,206.00,318.25,334.50,78.77,2.11,166.07
504000,117.00,192.25,206.25,318.50,334.75,78.77,2.11,166.07
504500,117.00,192.25,206.50,318.75,335.00,74.99,2.16,161.61
505000,117.00,192.50,207.00,319.00,335.25,74.99,2.16,161.61
505500,117.00,192.50,207.25,319.25,335.50,80.11,2.11,169.13
506000,117.00,192.50,207.50,319.50,335.75,80.11,2.11,169.13
506500,117.00,192.50,207.75,319.75,336.00,80.66,2.12,170.70
507000,117.00,192.50,208.25,320.00,336.25,80.66,2.12,170.70
507500,117.00,192.50,208.50,320.25,336.50,79.47,2.14,170.07
508000,117.00,192.50,208.75,320.75,336.25,79.47,2.14,170.07
508500,117.00,192.50,209.00,321.00,336.50,79.15,2.16,171.26
509000,116.75,192.50,209.25,321.00,336.50,79.15,2.16,171.26
509500,117.00,192.50,209.75,321.50,336.75,79.23,2.10,166.64
510000,117.00,192.50,210.00,321.75,337.00,79.23,2.10,166.64
510500,117.00,192.75,210.25,322.00,337.00,76.85,2.12,163.13
511000,117.00,192.50,210.75,322.25,337.00,76.85,2.12,163.13
511500,117.00,192.75,211.00,322.50,337.25,79.51,2.12,168.73
512000,117.25,192.75,211.25,322.75,337.25,79.51,2.12,168.73
512500,117.25,192.75,211.50,323.00,337.25,80.16,2.10,167.98
513000,117.00,192.75,211.75,323.25,337.25,80.16,2.10,167.98
513500,117.00,192.75,212.25,323.50,337.25,73.43,2.20,161.40
514000,117.25,192.75,212.50,323.75,337.50,73.43,2.20,161.40
514500,117.25,192.75,212.75,324.00,337.50,79.66,2.10,166.98
515000,117.25,193.00,213.25,324.25,337.75,79.66,2.10,166.98
515500,117.25,192.75,213.50,324.75,337.75,77.89,2.12,165.20
516000,117.25,193.00,213.75,324.75,337.75,77.89,2.12,165.20
516500,117.25,193.00,214.00,325.00,337.75,76.57,2.13,163.31
517000,117.25,193.00,214.50,325.25,337.75,76.57,2.13,163.31
517500,117.25,193.00,214.50,325.75,338.00,82.79,2.18,180.25
518000,117.25,193.00,215.00,326.00,338.00,82.79,2.18,180.25
518500,117.25,193.00,215.25,326.25,337.75,77.66,2.12,164.33
519000,117.25,193.00,215.75,326.50,337.75,77.66,2.12,164.33
519500,117.25,193.00,216.00,326.75,337.75,76.70,2.17,166.64
520000,117.25,193.25,216.25,327.00,337.75,76.70,2.17,166.64
520500,117.25,193.00,216.50,327.25,337.75,81.96,2.11,172.58
521000,117.50,193.25,217.00,327.50,337.75,81.96,2.11,172.58
521500,117.25,193.00,217.00,327.75,337.75,80.04,2.17,173.79
522000,117.25,193.25,217.50,328.00,337.50,80.04,2.17,173.79
522500,117.50,193.25,217.75,328.25,337.75,79.70,2.13,169.66
523000,117.25,193.25,218.00,328.50,338.00,79.70,2.13,169.66
523500,117.25,193.25,218.25,328.75,337.75,78.16,2.17,169.32
524000,117.50,193.25,218.75,329.00,338.00,78.16,2.17,169.32
524500,117.25,193.25,219.00,329.50,338.00,80.44,2.15,173.33
525000,117.25,193.25,219.25,329.75,337.75,80.44,2.15,173.33
525500,117.50,193.25,219.75,329.75,338.00,78.30,2.09,163.94
526000,117.50,193.25,220.00,330.00,338.00,78.30,2.09,163.94
526500,117.50,193.25,220.25,330.50,338.00,78.48,2.13,166.89
527000,117.50,193.50,220.50,330.50,338.00,78.48,2.13,166.89
527500,117.50,193.50,221.00,330.75,338.00,78.25,2.14,167.80
528000,117.50,193.50,221.25,331.25,338.25,78.25,2.14,167.80
528500,117.50,193.50,221.50,331.50,338.25,76.35,2.09,159.75
529000,117.50,193.50,222.00,331.75,338.25,76.35,2.09,159.75
529500,117.50,193.50,222.00,332.00,338.25,82.04,2.17,177.74
530000,117.50,193.50,222.50,332.50,338.25,82.04,2.17,177.74
530500,117.50,193.50,222.75,332.50,337.75,77.19,2.18,167.90
531000,117.50,193.50,223.00,332.75,337.75,77.19,2.18,167.90
531500,117.50,193.50,223.25,333.00,337.75,80.77,2.13,172.38
532000,117.50,193.50,223.50,333.25,337.50,80.77,2.13,172.38
532500,117.50,193.75,223.75,333.50,337.50,75.49,2.10,158.67
533000,117.50,193.50,224.25,334.00,337.50,75.49,2.10,158.67
533500,117.50,193.50,224.75,334.25,337.50,78.21,2.17,169.49
534000,117.50,193.75,225.00,334.50,337.75,78.21,2.17,169.49
534500,117.50,193.75,225.25,334.50,337.50,77.84,2.14,166.36
535000,117.50,193.75,225.50,335.00,337.50,77.84,2.14,166.36
535500,117.50,193.75,225.75,335.00,337.50,75.51,2.16,163.00
536000,117.50,193.75,226.00,335.50,337.50,75.51,2.16,163.00
536500,117.75,193.75,226.25,335.50,337.50,81.88,2.11,173.00
537000,117.50,193.75,226.75,336.00,337.50,81.88,2.11,173.00
537500,117.75,193.75,227.00,336.00,337.50,80.28,2.22,178.35
538000,117.75,193.75,227.25,336.50,337.25,80.28,2.22,178.35
538500,117.75,193.75,227.50,336.75,337.25,76.98,2.13,163.64
539000,117.75,193.75,228.00,337.00,337.25,76.98,2.13,163.64
539500,117.75,193.75,228.25,337.25,337.25,76.39,2.18,166.75
540000,117.75,193.75,228.50,337.50,337.00,76.39,2.18,166.75
540500,117.75,193.75,228.75,337.75,337.00,79.80,2.13,169.87
541000,117.75,193.75,229.00,338.00,337.00,79.80,2.13,169.87
541500,117.75,193.75,229.50,338.25,337.00,76.06,2.16,164.04
542000,117.75,194.00,229.75,338.50,337.00,76.06,2.16,164.04
542500,117.75,194.00,230.00,338.75,336.75,79.19,2.15,170.34
543000,117.75,194.00,230.25,339.00,336.75,79.19,2.15,170.34
543500,117.75,194.00,230.75,339.25,336.50,79.18,2.17,171.62
544000,117.75,194.00,230.75,339.50,336.25,79.18,2.17,171.62
544500,117.75,194.00,231.25,339.75,336.25,78.41,2.21,173.57
545000,117.75,194.00,231.50,340.25,336.25,78.41,2.21,173.57
545500,117.75,194.00,231.75,340.50,336.25,76.42,2.11,160.94
546000,117.75,194.00,232.00,340.75,336.25,76.42,2.11,160.94
546500,117.75,194.00,232.50,340.75,336.25,77.82,2.14,166.41
547000,117.75,194.00,232.75,341.25,336.50,77.82,2.14,166.41
547500,117.75,194.00,233.00,341.25,336.25,80.58,2.09,168.54
548000,117.75,194.00,233.50,341.50,336.50,80.58,2.09,168.54
548500,117.75,194.25,233.50,341.75,336.25,80.60,2.14,172.68
549000,117.75,194.00,233.75,342.25,336.50,80.60,2.14,172.68
549500,117.75,194.00,234.25,342.25,336.50,76.44,2.08,159.21
550000,117.75,194.25,234.50,342.75,336.25,76.44,2.08,159.21
550500,117.75,194.00,234.75,343.00,336.50,80.05,2.14,171.64
551000,117.75,194.25,235.00,343.25,336.00,80.05,2.14,171.64
551500,118.00,194.00,235.25,343.50,336.25,81.67,2.14,174.65
552000,117.75,194.25,235.75,343.75,336.25,81.67,2.14,174.65
552500,118.00,194.25,236.00,343.75,336.25,78.51,2.18,170.98
553000,117.75,194.25,236.25,344.25,336.50,78.51,2.18,170.98
553500,118.00,194.25,236.50,344.50,336.50,77.49,2.10,162.47
554000,118.00,194.25,236.75,344.75,336.50,77.49,2.10,162.47
554500,117.75,194.25,237.25,344.75,336.50,79.82,2.17,173.30
555000,117.75,194.25,237.50,345.25,336.50,79.82,2.17,173.30
555500,117.75,194.25,237.75,345.25,336.75,79.11,2.11,167.11
556000,117.75,194.25,238.00,345.75,336.75,79.11,2.11,167.11
556500,117.75,194.25,238.25,346.00,337.00,76.03,2.16,164.61
557000,117.75,194.25,238.50,346.25,337.25,76.03,2.16,164.61
557500,117.75,194.25,239.00,346.50,337.25,80.27,2.10,168.52
558000,118.00,194.25,239.25,346.75,337.50,80.27,2.10,168.52
558500,118.00,194.50,239.50,347.00,337.75,77.74,2.11,164.40
559000,118.00,194.50,239.75,347.25,337.75,77.74,2.11,164.40
559500,118.00,194.50,240.25,347.50,338.00,82.14,2.16,177.09
560000,118.00,194.50,240.25,347.75,338.25,82.14,2.16,177.09
560500,118.00,194.50,240.75,348.00,338.50,77.64,2.08,161.61
561000,118.00,194.50,241.00,348.25,338.75,77.64,2.08,161.61
561500,118.00,194.50,241.25,348.50,338.75,76.62,2.16,165.43
562000,118.00,194.50,241.50,348.75,339.00,76.62,2.16,165.43
562500,118.00,194.50,242.00,349.00,339.25,78.27,2.13,166.97
563000,118.00,194.50,242.25,349.25,339.50,78.27,2.13,166.97
563500,118.00,194.50,242.50,349.50,339.75,76.54,2.17,166.00
564000,118.00,194.50,242.75,349.75,340.00,76.54,2.17,166.00
564500,118.00,194.50,243.00,350.00,340.00,75.68,2.10,159.06
565000,118.00,194.50,243.50,350.25,340.25,75.68,2.10,159.06
565500,118.00,194.75,243.75,350.50,340.50,79.99,2.13,170.77
566000,118.00,194.50,244.00,350.75,340.75,79.99,2.13,170.77
566500,118.00,194.75,244.25,351.00,340.75,80.02,2.10,167.87
567000,118.00,194.75,244.50,351.25,340.75,80.02,2.10,167.87
567500,118.00,194.75,244.75,351.50,341.00,78.00,2.10,164.00
568000,118.25,194.75,245.25,351.75,341.00,78.00,2.10,164.00
568500,118.00,194.75,245.50,352.00,341.25,80.41,2.12,170.26
569000,118.25,194.75,245.50,352.50,341.50,80.41,2.12,170.26
569500,118.25,194.75,246.00,352.75,341.50,75.92,2.21,167.76
570000,118.00,194.75,246.25,353.00,341.75,75.92,2.21,167.76
570500,118.25,194.75,246.50,353.25,341.75,80.00,2.12,169.70
571000,118.25,194.75,246.75,353.50,342.00,80.00,2.12,169.70
571500,118.25,195.00,247.25,353.75,342.25,78.67,2.18,171.21
572000,118.25,195.00,247.50,354.00,342.25,78.67,2.18,171.21
572500,118.25,195.00,247.75,354.25,342.50,78.27,2.18,170.27
573000,118.25,195.00,248.00,354.50,342.50,78.27,2.18,170.27
573500,118.25,195.00,248.25,354.75,342.50,76.92,2.14,164.67
574000,118.25,195.00,248.75,355.00,342.50,76.92,2.14,164.67
574500,118.25,195.25,249.00,355.25,342.75,77.09,2.13,164.25
575000,118.25,195.25,249.25,355.50,342.75,77.09,2.13,164.25
575500,118.25,195.25,249.50,355.75,343.00,77.77,2.11,163.95
576000,118.25,195.25,249.75,356.00,343.25,77.77,2.11,163.95
576500,118.25,195.50,250.00,356.25,343.50,76.43,2.21,168.61
577000,118.50,195.50,250.25,356.25,343.50,76.43,2.21,168.61
577500,118.25,195.75,250.50,356.50,343.50,82.07,2.09,171.70
578000,118.25,195.75,250.75,357.00,343.75,82.07,2.09,171.70
578500,118.25,195.75,251.25,357.25,343.75,77.45,2.17,168.34
579000,118.25,195.75,251.50,357.25,344.00,77.45,2.17,168.34
579500,118.50,195.75,251.75,357.75,344.25,79.23,2.13,168.85
580000,118.25,196.00,252.25,358.00,344.25,79.23,2.13,168.85
580500,118.25,196.00,252.25,358.25,344.50,77.49,2.17,168.18
581000,118.50,196.25,252.75,358.50,344.75,77.49,2.17,168.18
581500,118.50,196.25,253.00,358.75,345.00,79.27,2.14,169.92
582000,118.50,196.50,253.25,359.00,345.00,79.27,2.14,169.92
582500,118.50,196.50,253.75,359.25,345.00,76.26,2.20,167.44
583000,118.50,196.50,254.00,359.50,345.25,76.26,2.20,167.44
583500,118.50,196.75,254.25,359.75,345.50,79.49,2.20,175.17
584000,118.50,196.75,254.50,360.00,345.50,79.49,2.20,175.17
584500,118.50,196.75,254.75,360.25,345.75,78.74,2.14,168.11
585000,118.50,197.00,255.00,360.50,345.50,78.74,2.14,168.11
585500,118.50,197.00,255.25,360.75,345.75,81.62,2.10,171.41
586000,118.50,197.25,255.75,361.00,346.00,81.62,2.10,171.41
586500,118.50,197.25,256.00,361.25,346.00,77.55,2.09,161.86
587000,118.50,197.50,256.25,361.50,346.25,77.55,2.09,161.86
587500,118.50,197.50,256.50,361.75,346.25,79.43,2.15,170.91
588000,118.75,197.75,256.75,362.00,346.50,79.43,2.15,170.91
588500,118.50,197.75,257.00,362.25,346.75,79.37,2.11,167.08
589000,118.50,197.75,257.25,362.50,346.75,79.37,2.11,167.08
589500,118.50,198.00,257.75,362.75,347.00,84.77,2.13,180.79
590000,118.50,198.25,258.00,363.00,347.00,84.77,2.13,180.79
590500,118.75,198.25,258.25,363.25,347.25,81.06,2.13,172.80
591000,118.75,198.50,258.50,363.75,347.50,81.06,2.13,172.80
591500,118.75,198.50,258.75,363.75,347.50,76.00,2.17,165.16
592000,118.75,198.75,259.00,364.00,347.75,76.00,2.17,165.16
592500,118.75,199.00,259.50,364.25,348.00,80.44,2.13,171.73
593000,118.75,199.00,259.50,364.50,348.25,80.44,2.13,171.73
593500,118.75,199.25,260.00,364.75,348.50,76.59,2.20,168.25
594000,118.75,199.50,260.25,365.25,348.50,76.59,2.20,168.25
594500,118.75,199.50,260.50,365.25,348.75,77.52,2.09,161.95
595000,118.75,199.50,260.75,365.75,349.00,77.52,2.09,161.95
595500,118.75,200.00,261.00,366.00,349.00,78.81,2.16,170.07
596000,118.75,200.00,261.25,366.25,349.25,78.81,2.16,170.07
596500,118.75,200.25,261.75,366.50,349.50,77.15,2.12,163.49
597000,118.75,200.50,262.00,366.75,349.75,77.15,2.12,163.49
597500,118.75,200.50,262.25,367.00,349.75,78.61,2.12,166.46
598000,118.75,200.75,262.50,367.25,350.00,78.61,2.12,166.46
598500,118.75,201.00,262.75,367.50,350.00,80.36,2.15,172.40
599000,118.75,201.25,263.00,367.50,350.25,80.36,2.15,172.40
599500,119.00,201.25,263.25,368.00,350.25,80.61,2.09,168.61
600000,119.00,201.75,263.75,368.25,349.50,80.61,2.09,168.61
600500,119.00,201.75,264.00,368.50,349.25,79.40,2.17,172.32
601000,119.00,202.00,264.25,368.75,349.00,79.40,2.17,172.32
601500,119.00,202.25,264.75,369.00,349.00,77.47,2.13,165.37
602000,119.00,202.50,264.75,369.25,349.00,77.47,2.13,165.37
602500,119.00,202.75,265.25,369.50,348.75,76.11,2.15,163.59
603000,119.00,203.00,265.50,369.75,347.25,76.11,2.15,163.59
603500,119.00,203.25,265.75,370.00,347.75,79.01,2.10,166.17
604000,119.00,203.25,266.00,370.25,347.75,79.01,2.10,166.17
604500,119.00,203.50,266.25,370.50,348.00,80.32,2.13,171.14
605000,119.00,203.75,266.50,370.75,348.00,80.32,2.13,171.14
605500,119.00,204.00,266.75,371.00,348.25,81.97,2.13,174.55
606000,119.00,204.25,267.25,371.25,348.25,81.97,2.13,174.55
606500,119.00,204.50,267.50,371.50,348.50,78.14,2.09,163.48
607000,119.00,204.75,267.75,371.75,349.00,78.14,2.09,163.48
607500,119.00,205.00,268.00,372.00,349.00,80.39,2.14,171.77
608000,119.00,205.25,268.25,372.25,349.25,80.39,2.14,171.77
608500,119.25,205.50,268.50,372.75,349.50,77.12,2.11,162.52
609000,119.25,205.75,268.75,372.75,349.75,77.12,2.11,162.52
609500,119.25,206.00,269.25,373.00,350.25,81.94,2.15,175.82
610000,119.25,206.25,269.50,373.25,350.75,81.94,2.15,175.82
610500,119.25,206.50,269.75,373.50,351.00,77.92,2.11,164.10
611000,119.25,206.75,270.00,373.75,351.25,77.92,2.11,164.10
611500,119.25,207.00,270.25,374.00,351.25,76.81,2.14,164.72
612000,119.25,207.25,270.50,374.25,351.75,76.81,2.14,164.72
612500,119.25,207.50,270.75,374.50,352.00,75.14,2.11,158.21
613000,119.25,207.75,271.00,374.75,352.00,75.14,2.11,158.21
613500,119.25,208.00,271.25,375.25,352.50,79.26,2.17,171.70
614000,119.25,208.25,271.75,375.50,352.50,79.26,2.17,171.70
614500,119.25,208.50,272.00,375.75,352.75,81.40,2.10,170.80
615000,119.25,208.75,272.25,375.75,353.00,81.40,2.10,170.80
615500,119.25,209.00,272.50,376.00,353.25,80.53,2.13,171.54
616000,119.25,209.25,272.75,376.50,353.50,80.53,2.13,171.54
616500,119.25,209.50,273.25,376.50,353.50,79.52,2.12,168.56
617000,119.25,209.75,273.25,377.00,353.50,79.52,2.12,168.56
617500,119.25,210.00,273.75,377.25,353.00,77.46,2.14,165.99
618000,119.25,210.25,274.00,377.50,353.25,77.46,2.14,165.99
618500,119.50,210.50,274.25,377.75,353.25,75.57,2.16,163.00
619000,119.50,210.75,274.50,378.00,353.50,75.57,2.16,163.00
619500,119.50,211.00,274.75,378.25,353.50,78.66,2.11,166.16
620000,119.50,211.25,275.25,378.50,353.75,78.66,2.11,166.16
620500,119.50,211.50,275.50,378.75,354.25,78.26,2.18,170.25
621000,119.50,211.75,275.75,379.00,354.25,78.26,2.18,170.25
621500,119.50,212.00,276.00,379.25,354.50,80.76,2.13,171.71
622000,119.50,212.25,276.25,379.50,353.25,80.76,2.13,171.71
622500,119.50,212.50,276.50,379.75,353.75,76.86,2.10,161.65
623000,119.50,212.75,276.75,380.00,354.00,76.86,2.10,161.65
623500,119.50,213.00,277.00,380.25,354.25,82.53,2.18,180.20
624000,119.75,213.50,277.50,380.50,354.50,82.53,2.18,180.20
624500,119.75,213.75,277.75,380.75,354.50,78.37,2.14,167.35
625000,119.75,214.00,278.00,381.00,355.00,78.37,2.14,167.35
625500,119.75,214.25,278.25,381.25,355.00,75.20,2.12,159.64
626000,119.75,214.50,278.50,381.50,354.50,75.20,2.12,159.64
626500,119.75,214.75,279.00,381.75,355.00,79.21,2.13,168.42
627000,119.75,215.00,279.00,382.00,355.00,79.21,2.13,168.42
627500,119.75,215.25,279.50,382.25,355.25,77.06,2.08,160.12
628000,119.75,215.50,279.75,382.50,355.25,77.06,2.08,160.12
628500,119.75,215.75,280.00,382.75,355.50,80.26,2.13,170.74
629000,119.75,216.00,280.25,383.00,355.50,80.26,2.13,170.74
629500,119.75,216.25,280.50,383.25,355.75,79.91,2.09,166.88
630000,119.75,216.50,281.00,383.75,355.50,79.91,2.09,166.88
630500,120.00,216.75,281.25,383.75,355.75,76.52,2.15,164.59
631000,120.00,217.00,281.50,384.25,356.00,76.52,2.15,164.59
631500,120.00,217.25,281.50,384.50,356.25,80.05,2.17,173.66
632000,120.00,217.50,282.00,384.50,356.25,80.05,2.17,173.66
632500,120.00,217.75,282.25,384.75,356.25,77.57,2.09,162.17
633000,120.00,218.25,282.50,385.00,356.50,77.57,2.09,162.17
633500,120.00,218.25,282.75,385.50,356.75,80.06,2.14,170.96
634000,120.00,218.50,283.00,385.50,356.75,80.06,2.14,170.96
634500,120.00,218.75,283.25,385.75,357.00,80.74,2.12,171.40
635000,120.00,219.00,283.75,386.00,356.75,80.74,2.12,171.40
635500,120.00,219.25,284.00,386.25,356.75,77.10,2.15,166.05
636000,120.25,219.50,284.25,386.50,357.00,77.10,2.15,166.05
636500,120.25,220.00,284.50,386.75,356.50,73.35,2.14,156.88
637000,120.25,220.00,284.75,387.00,356.75,73.35,2.14,156.88
637500,120.25,220.50,285.00,387.25,357.25,79.79,2.12,168.98
638000,120.25,220.75,285.25,387.50,357.25,79.79,2.12,168.98
638500,120.25,220.75,285.50,387.75,357.25,75.23,2.08,156.26
639000,120.50,221.00,286.00,388.00,357.25,75.23,2.08,156.26
639500,120.50,221.50,286.25,388.25,357.50,80.90,2.15,173.81
640000,120.50,221.75,286.50,388.50,357.50,80.90,2.15,173.81
640500,120.50,222.00,286.75,388.75,357.75,78.46,2.13,166.83
641000,120.75,222.00,287.00,389.00,358.00,78.46,2.13,166.83
641500,120.75,222.50,287.25,389.25,358.00,74.57,2.13,158.64
642000,120.75,222.75,287.50,389.75,358.00,74.57,2.13,158.64
642500,120.75,223.00,287.75,389.75,358.25,79.12,2.10,166.26
643000,120.75,223.25,288.25,390.00,358.25,79.12,2.10,166.26
643500,121.00,223.50,288.50,390.25,358.25,79.55,2.10,166.81
644000,121.00,223.75,288.75,390.50,358.50,79.55,2.10,166.81
644500,121.00,224.00,289.00,390.75,358.00,78.20,2.17,169.60
645000,121.00,224.25,289.50,391.00,358.25,78.20,2.17,169.60
645500,121.00,224.50,289.75,391.25,358.50,81.26,2.10,170.60
646000,121.00,224.75,289.75,391.50,358.25,81.26,2.10,170.60
646500,121.25,225.00,290.00,391.75,358.25,75.35,2.16,162.81
647000,121.25,225.25,290.50,392.00,358.25,75.35,2.16,162.81
647500,121.25,225.50,290.75,392.50,358.25,78.12,2.21,172.43
648000,121.25,226.00,291.00,392.50,358.25,78.12,2.21,172.43
648500,121.25,226.00,291.25,392.75,358.25,14.60,0.01,0.14
649000,121.50,226.25,291.75,393.00,358.00,14.60,0.01,0.14
649500,121.50,226.50,291.75,393.00,357.75,14.64,0.01,0.13
650000,121.25,226.50,292.00,393.25,356.75,14.64,0.01,0.13
650500,121.25,226.50,292.00,393.25,355.75,13.87,0.01,0.11
651000,121.25,226.50,292.25,393.00,354.75,13.87,0.01,0.11
651500,121.25,226.25,292.25,392.50,354.00,14.62,0.01,0.14
652000,121.25,226.25,292.00,392.25,353.00,14.62,0.01,0.14
652500,122.00,226.00,292.00,391.50,352.00,13.88,0.01,0.15
653000,122.25,225.75,291.75,391.00,350.75,13.88,0.01,0.15
653500,121.75,225.25,291.75,390.25,349.75,13.50,0.01,0.11
654000,121.25,225.00,291.50,389.50,348.75,13.50,0.01,0.11
654500,121.50,224.75,291.00,388.75,346.50,14.13,0.01,0.11
655000,121.75,224.25,290.75,387.75,343.75,14.13,0.01,0.11
655500,121.25,223.75,290.50,387.00,340.75,14.34,0.01,0.12
656000,121.25,223.50,290.00,386.25,338.75,14.34,0.01,0.12
656500,121.25,223.00,289.75,385.25,338.75,14.23,0.01,0.12
657000,121.00,222.50,289.25,384.25,338.00,14.23,0.01,0.12
657500,120.75,222.00,289.00,383.50,337.75,14.36,0.01,0.12
658000,120.25,221.50,288.50,382.75,337.25,14.36,0.01,0.12
658500,120.00,221.00,288.25,381.75,336.75,14.53,0.01,0.13
659000,119.50,220.50,287.75,381.00,334.75,14.53,0.01,0.13
659500,119.00,220.00,287.25,380.50,329.00,14.09,0.01,0.11
660000,118.75,219.50,287.00,379.50,328.50,14.09,0.01,0.11
660500,118.50,219.00,286.50,378.75,326.75,14.27,0.01,0.13
661000,119.00,218.50,286.25,378.00,325.75,14.27,0.01,0.13
661500,118.75,218.00,285.75,377.25,324.75,14.33,0.01,0.11
662000,118.75,217.50,285.50,376.50,324.00,14.33,0.01,0.11
662500,118.25,217.00,285.00,376.00,323.00,14.98,0.01,0.14
663000,118.75,216.50,284.75,375.50,322.00,14.98,0.01,0.14
663500,118.00,216.00,284.25,374.75,321.50,14.86,0.01,0.13
664000,118.00,215.50,283.75,374.25,320.75,14.86,0.01,0.13
664500,118.00,215.00,283.50,373.50,320.00,14.18,0.01,0.13
665000,117.50,214.50,283.25,373.00,319.25,14.18,0.01,0.13
665500,116.25,214.00,282.75,372.50,318.50,14.36,0.01,0.14
666000,116.00,213.50,282.50,372.00,318.25,14.36,0.01,0.14
666500,115.50,213.25,282.25,371.50,318.25,14.78,0.01,0.15
667000,115.25,212.75,281.75,371.00,318.00,14.78,0.01,0.15
667500,114.75,212.25,281.50,370.50,316.75,14.08,0.01,0.13
668000,114.50,211.75,281.25,370.00,317.25,14.08,0.01,0.13
668500,114.00,211.50,281.00,369.50,316.00,14.84,0.01,0.13
669000,113.50,210.75,280.75,369.00,315.25,14.84,0.01,0.13
669500,113.25,210.50,280.25,368.50,315.75,14.18,0.01,0.15
670000,112.75,210.00,280.00,368.00,315.50,14.18,0.01,0.15
670500,112.50,209.50,280.00,367.75,315.00,14.60,0.01,0.12
671000,112.00,209.25,279.50,367.25,313.75,14.60,0.01,0.12
671500,111.75,208.75,279.25,367.00,313.00,14.98,0.01,0.14
672000,111.25,208.50,279.00,366.50,312.50,14.98,0.01,0.14
672500,111.00,208.00,278.75,366.25,312.00,14.26,0.01,0.11
673000,110.75,207.50,278.75,365.75,311.75,14.26,0.01,0.11
673500,110.50,207.25,278.25,365.50,311.00,14.69,0.01,0.13
674000,110.00,206.75,278.00,365.00,310.50,14.69,0.01,0.13
674500,109.75,206.50,277.75,364.75,310.00,13.97,0.01,0.13
675000,109.25,206.00,277.50,364.50,309.75,13.97,0.01,0.13
675500,109.00,205.75,277.25,364.00,309.25,14.64,0.01,0.13
676000,108.50,205.50,277.00,363.75,308.75,14.64,0.01,0.13
676500,108.50,205.00,276.75,363.50,308.50,14.41,0.01,0.11
677000,108.00,204.50,276.75,363.00,308.00,14.41,0.01,0.11
677500,107.75,204.25,276.50,362.75,307.50,14.76,0.01,0.12
678000,107.50,204.00,276.25,362.50,307.00,14.76,0.01,0.12
678500,107.00,203.50,276.25,362.25,306.75,14.66,0.01,0.12
679000,106.75,203.50,276.00,362.00,306.25,14.66,0.01,0.12
679500,106.50,203.00,275.75,361.50,305.75,14.67,0.01,0.15
680000,106.25,202.75,275.50,361.25,305.25,14.67,0.01,0.15
680500,106.00,202.25,275.50,361.00,305.00,15.11,0.01,0.13
681000,105.75,202.00,275.25,360.75,304.50,15.11,0.01,0.13
681500,105.50,201.75,275.00,360.50,304.25,14.11,0.01,0.14
682000,105.25,201.50,274.75,360.25,303.75,14.11,0.01,0.14
682500,105.00,201.00,274.50,360.00,303.50,13.98,0.01,0.12
683000,105.00,200.75,274.50,359.75,303.25,13.98,0.01,0.12
683500,104.50,200.50,274.25,359.50,302.75,14.60,0.01,0.14
684000,104.25,200.25,274.25,359.25,302.50,14.60,0.01,0.14
684500,104.00,200.00,274.00,359.00,302.00,14.62,0.01,0.12
685000,103.75,199.75,273.75,358.75,301.50,14.62,0.01,0.12
685500,103.50,199.50,273.75,358.50,301.25,14.39,0.01,0.13
686000,103.25,199.25,273.50,358.25,301.00,14.39,0.01,0.13
686500,103.00,199.00,273.50,358.00,300.50,14.20,0.01,0.14
687000,103.00,198.75,273.50,357.75,300.25,14.20,0.01,0.14
687500,102.75,198.50,273.25,357.50,299.75,14.61,0.01,0.13
688000,102.50,198.25,273.00,357.25,299.25,14.61,0.01,0.13
688500,102.25,198.00,272.75,357.00,299.00,14.82,0.01,0.13
689000,102.00,197.75,272.75,356.75,298.50,14.82,0.01,0.13
689500,101.75,197.50,272.75,356.75,298.25,14.74,0.01,0.13
690000,101.50,197.25,272.50,356.50,297.75,14.74,0.01,0.13
690500,101.50,197.00,272.25,356.25,297.50,14.51,0.01,0.15
691000,101.25,196.75,272.25,356.00,297.00,14.51,0.01,0.15
691500,101.00,196.50,272.00,355.75,296.50,14.14,0.01,0.14
692000,100.75,196.25,272.00,355.50,296.00,14.14,0.01,0.14
692500,100.50,196.00,272.00,355.50,295.75,14.28,0.01,0.14
693000,100.50,195.75,271.75,355.25,295.25,14.28,0.01,0.14
693500,100.25,195.75,271.75,355.25,295.00,14.38,0.01,0.13
694000,100.00,195.50,271.50,354.75,294.50,14.38,0.01,0.13
694500,99.75,195.25,271.50,354.50,294.25,14.02,0.01,0.12
695000,99.75,195.00,271.25,354.25,293.75,14.02,0.01,0.12
695500,99.50,194.75,271.25,354.25,293.25,14.09,0.01,0.13
696000,99.25,194.50,271.00,354.00,293.00,14.09,0.01,0.13
696500,99.25,194.25,271.00,353.75,292.50,14.12,0.01,0.13
697000,99.00,194.00,271.00,353.75,292.00,14.12,0.01,0.13
697500,98.75,194.00,271.00,353.50,291.75,14.37,0.01,0.13
698000,99.00,193.75,270.75,353.25,290.75,14.37,0.01,0.13
698500,98.75,193.50,270.75,353.00,290.50,14.32,0.01,0.14
699000,98.50,193.50,270.50,353.00,290.00,14.32,0.01,0.14
699500,98.25,193.00,270.50,352.75,289.50,14.26,0.01,0.11
700000,98.00,193.00,270.50,352.50,289.50,14.26,0.01,0.11
700500,98.00,192.75,270.25,352.25,289.25,14.68,0.01,0.13
701000,97.75,192.50,270.25,352.25,289.00,14.68,0.01,0.13
701500,97.75,192.50,270.25,352.00,288.50,14.20,0.01,0.11
702000,97.50,192.25,270.00,351.75,288.25,14.20,0.01,0.11
702500,97.25,192.00,270.00,351.50,288.00,14.58,0.01,0.13
703000,97.00,192.00,270.00,351.50,287.75,14.58,0.01,0.13
703500,97.00,191.75,269.75,351.25,287.50,14.20,0.01,0.12
704000,96.75,191.50,269.75,351.00,287.25,14.20,0.01,0.12
704500,96.75,191.25,269.75,351.00,287.00,14.14,0.01,0.14
705000,96.50,191.25,269.50,350.75,286.75,14.14,0.01,0.14
705500,96.50,191.00,269.50,350.50,286.50,14.24,0.01,0.12
706000,96.25,191.00,269.50,350.50,286.25,14.24,0.01,0.12
706500,96.25,190.75,269.25,350.25,286.00,14.83,0.01,0.14
707000,96.00,190.50,269.25,350.25,285.75,14.83,0.01,0.14
707500,96.00,190.50,269.25,350.00,285.50,14.55,0.01,0.12
708000,95.75,190.25,269.25,349.75,285.25,14.55,0.01,0.12
708500,95.75,190.25,269.00,349.50,285.00,14.83,0.01,0.14
709000,95.50,190.00,269.00,349.50,284.75,14.83,0.01,0.14
709500,95.50,189.75,269.00,349.25,284.50,14.61,0.01,0.13
710000,95.25,189.75,269.00,349.00,284.25,14.61,0.01,0.13
710500,95.00,189.50,268.75,349.00,284.00,14.55,0.01,0.13
711000,95.00,189.50,268.75,348.75,283.75,14.55,0.01,0.13
711500,94.75,189.25,268.75,348.75,283.50,14.74,0.01,0.13
712000,94.75,189.00,268.50,348.50,283.50,14.74,0.01,0.13
712500,94.50,189.00,268.50,348.50,283.25,14.33,0.01,0.16
713000,94.50,188.75,268.50,348.00,283.00,14.33,0.01,0.16
713500,94.50,188.75,268.50,348.00,282.75,14.01,0.01,0.14
714000,94.25,188.50,268.50,348.00,282.50,14.01,0.01,0.14
714500,94.00,188.50,268.25,347.50,282.25,14.61,0.01,0.13
715000,94.00,188.25,268.25,347.50,282.00,14.61,0.01,0.13
715500,94.00,188.00,268.25,347.50,281.75,14.54,0.01,0.14
716000,93.75,188.00,268.00,347.25,281.50,14.54,0.01,0.14
716500,93.75,188.00,268.00,347.00,281.50,14.02,0.01,0.13
717000,93.75,187.75,268.00,347.00,281.25,14.02,0.01,0.13
717500,93.50,187.75,268.00,346.75,281.00,15.25,0.01,0.12
718000,93.50,187.50,268.00,346.50,280.75,15.25,0.01,0.12
718500,93.25,187.50,267.75,346.50,280.75,14.73,0.01,0.15
719000,93.25,187.25,267.75,346.25,280.50,14.73,0.01,0.15
719500,93.00,187.25,267.75,346.25,280.50,13.94,0.01,0.14
720000,93.00,187.00,267.75,346.00,280.25,13.94,0.01,0.14
720500,92.75,187.00,267.75,346.00,280.25,14.23,0.01,0.13
721000,92.75,186.75,267.50,345.75,280.00,14.23,0.01,0.13
721500,92.75,186.75,267.50,345.75,280.00,14.48,0.01,0.15
722000,92.50,186.50,267.50,345.50,280.00,14.48,0.01,0.15
722500,92.50,186.50,267.50,345.25,280.00,14.95,0.01,0.16
723000,92.50,186.50,267.25,345.25,280.00,14.95,0.01,0.16
723500,92.25,186.25,267.25,345.00,280.00,14.76,0.01,0.14
724000,92.25,186.25,267.25,345.00,280.00,14.76,0.01,0.14
724500,92.00,186.00,267.25,344.75,279.75,14.36,0.01,0.15
725000,92.00,186.00,267.25,344.50,279.75,14.36,0.01,0.15
725500,92.00,185.75,267.00,344.50,279.50,14.46,0.01,0.15
726000,91.75,185.75,267.00,344.25,279.25,14.46,0.01,0.15
726500,91.75,185.75,267.00,344.25,279.00,14.53,0.01,0.12
727000,91.50,185.50,267.00,344.00,278.75,14.53,0.01,0.12
727500,91.50,185.50,266.75,343.75,278.50,14.35,0.01,0.13
728000,91.50,185.25,267.00,343.75,278.50,14.35,0.01,0.13
728500,91.25,185.25,266.75,343.50,278.25,14.70,0.01,0.14
729000,91.25,185.00,266.75,343.50,278.25,14.70,0.01,0.14
729500,91.00,185.00,266.75,343.25,278.00,14.58,0.01,0.13
730000,91.00,185.00,266.75,343.25,277.75,14.58,0.01,0.13
730500,91.00,184.75,266.50,343.00,277.50,14.66,0.01,0.16
731000,91.00,184.75,266.75,342.75,277.50,14.66,0.01,0.16
731500,91.00,184.75,266.50,342.75,277.25,14.81,0.01,0.15
732000,90.75,184.50,266.50,342.75,277.25,14.81,0.01,0.15
732500,90.75,184.50,266.50,342.50,277.00,14.72,0.01,0.13
733000,90.75,184.25,266.50,342.25,277.00,14.72,0.01,0.13
733500,90.75,184.25,266.25,342.25,276.75,14.58,0.01,0.11
734000,90.50,184.25,266.25,342.00,276.50,14.58,0.01,0.11
734500,90.50,184.00,266.25,342.00,276.25,14.84,0.01,0.14
735000,90.50,184.00,266.25,341.75,276.00,14.84,0.01,0.14
735500,90.25,184.00,266.25,341.75,276.00,14.12,0.01,0.15
736000,90.25,183.75,266.25,341.50,275.75,14.12,0.01,0.15
736500,90.25,183.75,266.00,341.50,275.75,14.91,0.01,0.15
737000,90.25,183.75,266.00,341.25,275.50,14.91,0.01,0.15
737500,90.00,183.50,266.00,341.25,275.25,14.02,0.01,0.14
738000,90.00,183.50,266.00,341.00,275.25,14.02,0.01,0.14
738500,90.00,183.50,266.00,340.75,275.00,14.18,0.01,0.14
739000,90.00,183.50,266.00,340.75,274.75,14.18,0.01,0.14
739500,89.75,183.25,266.00,340.75,274.75,14.36,0.01,0.12
740000,89.75,183.25,266.00,340.50,274.50,14.36,0.01,0.12
740500,89.50,183.00,265.75,340.25,274.50,14.85,0.01,0.14
741000,89.50,183.00,265.75,340.25,274.25,14.85,0.01,0.14
741500,89.50,183.00,265.75,340.00,274.00,14.56,0.01,0.15
742000,89.50,183.00,265.75,340.00,274.00,14.56,0.01,0.15
742500,89.50,182.75,265.75,339.75,273.75,14.74,0.01,0.14
743000,89.25,182.75,265.75,339.75,273.50,14.74,0.01,0.14
743500,89.25,182.75,265.50,339.50,273.50,14.94,0.01,0.14
744000,89.25,182.50,265.50,339.50,273.00,14.94,0.01,0.14
744500,89.25,182.50,265.50,339.25,273.00,14.04,0.01,0.13
745000,89.00,182.50,265.50,339.00,272.75,14.04,0.01,0.13
745500,89.00,182.25,265.50,339.00,272.75,14.70,0.01,0.15
746000,89.00,182.25,265.25,338.75,272.50,14.70,0.01,0.15
746500,89.00,182.25,265.25,338.75,272.25,14.99,0.01,0.15
747000,89.00,182.00,265.50,338.50,272.25,14.99,0.01,0.15
747500,88.75,182.00,265.25,338.50,272.00,14.73,0.01,0.14
748000,88.75,182.00,265.25,338.25,271.75,14.73,0.01,0.14
748500,88.75,182.00,265.25,338.25,271.75,15.00,0.01,0.15
749000,88.75,181.75,265.25,338.00,271.50,15.00,0.01,0.15
749500,88.50,181.75,265.00,338.00,271.25,14.87,0.01,0.15
750000,88.50,181.75,265.00,337.75,271.25,14.87,0.01,0.15
750500,88.50,181.50,265.00,337.75,271.25,14.70,0.01,0.13
751000,88.50,181.75,265.00,337.50,271.00,14.70,0.01,0.13
751500,88.50,181.50,265.00,337.25,270.75,14.27,0.01,0.15
752000,88.25,181.50,265.00,337.25,270.50,14.27,0.01,0.15
752500,88.25,181.50,265.00,337.25,270.50,14.64,0.01,0.14
753000,88.25,181.25,264.75,337.00,270.25,14.64,0.01,0.14
753500,88.25,181.25,264.75,337.00,270.00,14.60,0.01,0.16
754000,88.25,181.25,264.75,336.75,270.00,14.60,0.01,0.16
754500,88.25,181.25,264.75,336.50,269.75,14.65,0.01,0.12
755000,88.00,181.00,264.75,336.50,269.50,14.65,0.01,0.12
755500,88.00,181.00,264.75,336.25,269.25,14.65,0.01,0.13
756000,88.00,181.00,264.75,336.25,269.25,14.65,0.01,0.13
756500,88.00,181.00,264.75,336.25,269.00,14.69,0.01,0.14
757000,88.00,181.00,264.75,336.00,268.75,14.69,0.01,0.14
757500,87.75,180.75,264.75,336.00,268.75,14.26,0.01,0.15
758000,87.75,180.75,264.50,335.75,268.50,14.26,0.01,0.15
758500,87.75,180.75,264.50,335.75,268.50,14.59,0.01,0.13
759000,87.75,180.50,264.50,335.50,268.50,14.59,0.01,0.13
759500,87.75,180.50,264.50,335.50,268.25,14.97,0.01,0.12
760000,87.75,180.50,264.50,335.25,268.00,14.97,0.01,0.12
760500,87.75,180.50,264.25,335.00,267.75,14.74,0.01,0.13
761000,87.75,180.50,264.25,335.00,267.75,14.74,0.01,0.13
761500,87.50,180.25,264.25,334.75,267.50,14.79,0.01,0.13
762000,87.50,180.25,264.25,334.75,267.25,14.79,0.01,0.13
762500,87.50,180.00,264.25,334.50,267.25,14.25,0.01,0.13
763000,87.50,180.25,264.25,334.50,267.00,14.25,0.01,0.13
763500,87.50,180.00,264.25,334.50,266.75,14.81,0.01,0.14
764000,87.50,180.00,264.25,334.25,266.50,14.81,0.01,0.14
764500,87.50,180.00,264.25,334.00,266.25,14.57,0.01,0.16
765000,87.25,179.75,264.00,334.00,266.00,14.57,0.01,0.16
765500,87.25,179.75,264.00,334.00,266.00,14.71,0.01,0.16
766000,87.25,179.75,264.00,333.75,265.75,14.71,0.01,0.16
766500,87.25,179.75,264.00,333.50,265.75,15.27,0.01,0.14
767000,87.25,179.75,264.00,333.50,265.50,15.27,0.01,0.14
767500,87.25,179.50,264.00,333.50,265.25,14.66,0.01,0.16
768000,87.25,179.50,263.75,333.25,265.25,14.66,0.01,0.16
768500,87.25,179.50,263.75,333.25,265.00,14.15,0.01,0.13
769000,87.00,179.50,263.75,333.00,265.00,14.15,0.01,0.13
769500,87.00,179.50,263.75,333.00,264.75,14.28,0.01,0.13
770000,87.00,179.50,263.75,332.75,264.75,14.28,0.01,0.13
770500,87.00,179.25,263.75,332.75,264.50,15.30,0.01,0.16
771000,87.00,179.25,263.75,332.50,264.50,15.30,0.01,0.16
771500,87.00,179.25,263.75,332.50,264.25,14.79,0.01,0.14
772000,87.00,179.25,263.50,332.25,264.25,14.79,0.01,0.14
772500,86.75,179.25,263.50,332.25,264.00,14.32,0.01,0.14
773000,86.75,179.00,263.50,332.00,263.75,14.32,0.01,0.14
773500,87.00,179.00,263.50,332.00,263.75,14.48,0.01,0.13
774000,86.75,179.00,263.50,331.75,263.50,14.48,0.01,0.13
774500,86.75,179.00,263.50,331.75,263.50,14.45,0.01,0.13
775000,86.75,179.00,263.25,331.50,263.25,14.45,0.01,0.13
775500,86.75,178.75,263.25,331.50,263.25,14.74,0.01,0.14
776000,86.75,178.75,263.25,331.25,263.00,14.74,0.01,0.14
776500,86.50,178.75,263.25,331.25,263.00,14.86,0.01,0.13
777000,86.75,178.75,263.25,331.00,262.75,14.86,0.01,0.13
777500,86.50,178.75,263.25,331.00,262.50,14.81,0.01,0.15
778000,86.75,178.75,263.25,330.75,262.50,14.81,0.01,0.15
778500,86.50,178.75,263.25,330.75,262.25,14.06,0.01,0.13
779000,86.50,178.75,263.25,330.50,262.25,14.06,0.01,0.13
779500,86.50,178.75,263.00,330.50,262.00,14.69,0.01,0.15
780000,86.50,178.50,263.00,330.25,262.00,14.69,0.01,0.15
780500,86.50,178.50,263.00,330.25,261.75,14.31,0.01,0.16
781000,86.50,178.50,263.00,330.00,261.75,14.31,0.01,0.16
781500,86.25,178.50,263.00,330.00,261.50,14.56,0.01,0.13
782000,86.50,178.25,263.00,329.75,261.50,14.56,0.01,0.13
782500,86.25,178.25,263.00,329.75,261.25,14.47,0.01,0.14
783000,86.25,178.25,263.00,329.75,261.00,14.47,0.01,0.14
783500,86.25,178.25,263.00,329.50,261.00,14.48,0.01,0.14
784000,86.25,178.25,263.00,329.50,260.75,14.48,0.01,0.14
784500,86.25,178.25,263.00,329.25,260.75,15.03,0.01,0.14
785000,86.25,178.00,262.75,329.25,260.75,15.03,0.01,0.14
785500,86.25,178.00,262.75,329.00,260.50,14.51,0.01,0.14
786000,86.25,178.00,262.75,329.00,260.25,14.51,0.01,0.14
786500,86.25,178.00,262.75,328.75,260.25,14.25,0.01,0.15
787000,86.00,178.00,262.75,328.75,260.00,14.25,0.01,0.15
787500,86.00,178.00,262.75,328.50,259.75,14.70,0.01,0.12
788000,86.00,178.00,262.50,328.50,259.75,14.70,0.01,0.12
788500,86.00,177.75,262.50,328.25,259.50,14.65,0.01,0.16
789000,86.00,177.75,262.50,328.25,259.50,14.65,0.01,0.16
789500,86.00,177.75,262.50,328.00,259.25,14.45,0.01,0.14
790000,86.00,177.75,262.50,328.00,259.25,14.45,0.01,0.14
790500,86.00,177.75,262.50,327.75,259.00,15.44,0.01,0.15
791000,86.00,177.75,262.50,327.75,258.75,15.44,0.01,0.15
791500,86.00,177.50,262.50,327.75,258.75,15.29,0.01,0.14
792000,86.00,177.50,262.25,327.50,258.75,15.29,0.01,0.14
792500,86.00,177.50,262.25,327.25,258.50,14.45,0.01,0.13
793000,85.75,177.50,262.25,327.25,258.50,14.45,0.01,0.13
793500,85.75,177.50,262.25,327.25,258.25,14.58,0.01,0.14
794000,85.75,177.50,262.25,327.00,258.25,14.58,0.01,0.14
794500,85.75,177.25,262.25,327.00,258.00,14.38,0.01,0.12
795000,85.75,177.25,262.25,326.75,258.00,14.38,0.01,0.12
795500,85.75,177.25,262.00,326.50,257.75,15.18,0.01,0.15
796000,85.75,177.25,262.25,326.50,257.75,15.18,0.01,0.15
796500,85.75,177.25,262.00,326.50,257.50,14.51,0.01,0.15
797000,85.75,177.25,262.00,326.25,257.50,14.51,0.01,0.15
797500,85.75,177.00,262.00,326.25,257.25,15.09,0.01,0.16
798000,85.75,177.00,262.00,326.00,257.00,15.09,0.01,0.16
798500,85.75,177.00,262.00,326.00,257.00,14.93,0.01,0.13
799000,85.75,177.00,262.00,325.75,256.75,14.93,0.01,0.13
799500,85.75,177.00,261.75,325.75,256.75,15.02,0.01,0.14
800000,85.50,177.00,261.75,325.50,256.50,15.02,0.01,0.14
800500,85.50,177.00,261.75,325.50,256.50,14.79,0.01,0.15
801000,85.50,177.00,261.75,325.25,256.25,14.79,0.01,0.15
801500,85.50,177.00,261.75,325.25,256.25,14.79,0.01,0.16
802000,85.50,176.75,261.75,325.00,256.00,14.79,0.01,0.16
802500,85.50,176.75,261.75,325.00,256.00,14.46,0.01,0.14
803000,85.50,176.75,261.50,324.75,255.75,14.46,0.01,0.14
803500,85.50,176.75,261.50,324.75,255.75,14.62,0.01,0.15
804000,85.50,176.75,261.50,324.75,255.50,14.62,0.01,0.15
804500,85.50,176.75,261.50,324.50,255.50,14.63,0.01,0.12
805000,85.50,176.50,261.50,324.50,255.25,14.63,0.01,0.12
805500,85.50,176.50,261.50,324.25,255.25,14.58,0.01,0.13
806000,85.50,176.50,261.50,324.25,255.00,14.58,0.01,0.13
806500,85.50,176.50,261.50,324.00,255.00,15.25,0.01,0.13
807000,85.50,176.50,261.25,324.00,254.75,15.25,0.01,0.13
807500,85.25,176.50,261.25,323.75,254.75,14.96,0.01,0.15
808000,85.25,176.50,261.25,323.75,254.50,14.96,0.01,0.15
808500,85.25,176.50,261.25,323.50,254.50,14.47,0.01,0.13
809000,85.25,176.50,261.25,323.50,254.25,14.47,0.01,0.13
809500,85.25,176.25,261.25,323.25,254.00,14.86,0.01,0.15
810000,85.25,176.25,261.25,323.25,254.00,14.86,0.01,0.15
810500,85.25,176.25,261.00,323.00,253.75,14.67,0.01,0.13
811000,85.25,176.25,261.00,323.00,253.75,14.67,0.01,0.13
811500,85.25,176.25,261.00,323.00,253.50,14.71,0.01,0.14
812000,85.25,176.25,261.00,322.75,253.50,14.71,0.01,0.14
812500,85.25,176.25,261.00,322.50,253.25,14.07,0.01,0.13
813000,85.25,176.00,261.00,322.50,253.25,14.07,0.01,0.13
813500,85.25,176.00,261.00,322.50,253.00,14.88,0.01,0.12
814000,85.25,176.00,260.75,322.25,253.00,14.88,0.01,0.12
814500,85.00,176.00,260.75,322.25,253.00,14.58,0.01,0.13
815000,85.25,176.00,260.75,322.00,252.75,14.58,0.01,0.13
815500,85.25,176.00,260.75,322.00,252.50,14.60,0.01,0.12
816000,85.00,176.00,260.75,322.00,252.50,14.60,0.01,0.12
816500,85.25,176.00,260.75,321.75,252.25,14.74,0.01,0.13
817000,85.00,176.00,260.75,321.75,252.25,14.74,0.01,0.13
817500,85.00,176.00,260.50,321.50,252.00,14.49,0.01,0.12
818000,85.00,175.75,260.50,321.50,252.00,14.49,0.01,0.12
818500,85.00,176.00,260.50,321.25,251.75,14.90,0.01,0.13
819000,85.00,175.75,260.50,321.25,251.75,14.90,0.01,0.13
819500,85.00,175.75,260.50,321.00,251.50,14.90,0.01,0.15
820000,85.00,175.75,260.50,321.00,251.50,14.90,0.01,0.15
820500,85.00,175.75,260.50,321.00,251.25,14.93,0.01,0.10
821000,85.00,175.75,260.50,320.75,251.25,14.93,0.01,0.10
821500,85.00,175.75,260.25,320.75,251.00,14.32,0.01,0.16
822000,85.00,175.75,260.25,320.50,250.75,14.32,0.01,0.16
822500,85.00,175.75,260.25,320.50,250.75,14.82,0.01,0.15
823000,85.00,175.75,260.25,320.25,250.50,14.82,0.01,0.15
823500,85.00,175.50,260.25,320.25,250.50,14.40,0.01,0.13
824000,85.00,175.50,260.25,320.00,250.25,14.40,0.01,0.13
824500,85.00,175.50,260.00,320.00,250.25,14.40,0.01,0.12
825000,85.00,175.50,260.00,319.75,250.25,14.40,0.01,0.12
825500,84.75,175.50,260.00,319.75,250.00,14.83,0.01,0.13
826000,85.00,175.50,260.00,319.50,249.75,14.83,0.01,0.13
826500,84.75,175.50,260.00,319.50,249.75,14.61,0.01,0.15
827000,84.75,175.50,260.00,319.25,249.50,14.61,0.01,0.15
827500,84.75,175.50,260.00,319.25,249.50,14.60,0.01,0.16
828000,85.00,175.25,260.00,319.00,249.50,14.60,0.01,0.16
828500,85.00,175.25,260.00,319.00,249.25,14.60,0.01,0.12
829000,84.75,175.25,259.75,319.00,249.00,14.60,0.01,0.12
829500,85.00,175.25,259.75,318.75,249.00,14.26,0.01,0.14
830000,84.75,175.25,259.75,318.75,249.00,14.26,0.01,0.14
830500,85.00,175.25,259.75,318.50,248.75,14.48,0.01,0.13
831000,84.75,175.25,259.75,318.50,248.50,14.48,0.01,0.13
831500,85.00,175.25,259.75,318.50,248.50,14.99,0.01,0.16
832000,84.75,175.00,259.50,318.25,248.50,14.99,0.01,0.16
832500,84.75,175.00,259.50,318.00,248.25,15.07,0.01,0.13
833000,84.75,175.00,259.50,318.00,248.00,15.07,0.01,0.13
833500,84.75,175.00,259.50,317.75,248.00,14.82,0.01,0.17
834000,84.75,175.00,259.50,317.75,247.75,14.82,0.01,0.17
834500,84.75,175.00,259.50,317.50,247.75,14.98,0.01,0.14
835000,84.75,175.00,259.50,317.50,247.75,14.98,0.01,0.14
835500,84.75,175.00,259.50,317.50,247.50,14.90,0.01,0.15
836000,84.75,175.00,259.50,317.25,247.25,14.90,0.01,0.15
836500,84.75,175.00,259.50,317.25,247.25,14.03,0.01,0.13
837000,85.00,174.75,259.50,317.00,247.00,14.03,0.01,0.13
837500,84.75,174.75,259.25,317.00,247.00,14.79,0.01,0.14
838000,84.75,174.75,259.25,316.75,247.00,14.79,0.01,0.14
838500,84.75,174.75,259.25,316.75,246.75,14.95,0.01,0.13
839000,84.75,174.75,259.25,316.75,246.75,14.95,0.01,0.13
839500,84.75,174.75,259.00,316.50,246.50,14.79,0.01,0.15
840000,84.75,174.75,259.00,316.50,246.50,14.79,0.01,0.15
840500,84.75,174.75,259.00,316.25,246.25,14.41,0.01,0.13
841000,84.75,174.50,259.00,316.25,246.25,14.41,0.01,0.13
841500,84.75,174.75,259.00,316.00,246.00,14.95,0.01,0.14
842000,84.75,174.50,259.00,316.00,246.00,14.95,0.01,0.14
842500,84.75,174.50,259.00,315.75,245.75,14.57,0.01,0.14
843000,84.75,174.50,259.00,315.75,245.75,14.57,0.01,0.14
843500,84.75,174.50,259.00,315.75,245.50,14.61,0.01,0.15
844000,84.75,174.50,258.75,315.50,245.50,14.61,0.01,0.15
844500,84.75,174.50,258.75,315.50,245.25,14.81,0.01,0.13
845000,84.75,174.50,258.75,315.25,245.25,14.81,0.01,0.13
845500,84.75,174.50,258.75,315.25,245.00,14.58,0.01,0.14
846000,84.75,174.50,258.75,315.00,245.00,14.58,0.01,0.14
846500,84.75,174.50,258.75,315.00,244.75,14.25,0.01,0.13
847000,84.75,174.50,258.75,314.75,244.75,14.25,0.01,0.13
847500,84.75,174.25,258.50,314.75,244.50,14.40,0.01,0.13
848000,84.75,174.25,258.50,314.75,244.50,14.40,0.01,0.13
848500,84.75,174.25,258.50,314.50,244.25,15.06,0.01,0.13
849000,84.75,174.25,258.50,314.50,244.25,15.06,0.01,0.13
849500,84.25,174.25,258.25,314.00,244.00,14.81,0.01,0.14
850000,84.75,174.25,258.50,314.25,244.00,14.81,0.01,0.14
850500,84.75,174.25,258.50,314.00,244.00,14.48,0.01,0.12
851000,84.50,174.25,258.25,314.00,243.75,14.48,0.01,0.12
851500,84.75,174.25,258.25,314.00,243.75,14.62,0.01,0.15
852000,84.75,174.25,258.25,313.75,243.50,14.62,0.01,0.15
852500,84.75,174.25,258.00,313.75,243.50,14.74,0.01,0.13
853000,84.50,174.00,258.00,313.50,243.25,14.74,0.01,0.13
853500,84.75,174.00,258.00,313.50,243.25,14.64,0.01,0.14
854000,84.75,174.00,258.00,313.25,243.00,14.64,0.01,0.14
854500,84.50,174.00,258.00,313.25,243.00,15.08,0.01,0.16
855000,84.50,174.00,258.00,313.00,242.75,15.08,0.01,0.16
855500,84.75,174.00,258.00,313.00,242.75,15.12,0.01,0.16
856000,84.50,174.00,258.00,312.75,242.50,15.12,0.01,0.16
856500,84.50,174.00,257.75,312.75,242.50,15.42,0.01,0.15
857000,84.75,173.75,257.75,312.75,242.25,15.42,0.01,0.15
857500,84.75,173.75,257.75,312.50,242.00,15.55,0.01,0.17
858000,84.50,174.00,257.75,312.50,242.00,15.55,0.01,0.17
858500,84.50,173.75,257.75,312.25,242.00,16.26,0.01,0.16
859000,84.50,173.75,257.75,312.25,242.00,16.26,0.01,0.16
859500,84.75,173.75,257.75,312.00,241.75,15.02,0.01,0.13
860000,84.75,173.75,257.75,312.00,241.75,15.02,0.01,0.13
860500,84.50,173.75,257.75,311.75,241.50,15.30,0.01,0.16
861000,84.75,173.75,257.50,311.75,241.50,15.30,0.01,0.16
861500,84.50,173.75,257.50,311.50,241.25,15.21,0.01,0.14
862000,84.50,173.75,257.50,311.50,241.25,15.21,0.01,0.14
862500,84.50,173.75,257.50,311.25,241.00,15.01,0.01,0.17
863000,84.50,173.75,257.50,311.25,241.00,15.01,0.01,0.17
863500,84.50,173.75,257.25,311.25,241.00,15.53,0.01,0.15
864000,84.50,173.50,257.25,311.00,240.75,15.53,0.01,0.15
864500,84.50,173.50,257.25,311.00,240.50,15.42,0.01,0.17
865000,84.50,173.50,257.25,310.75,240.50,15.42,0.01,0.17
865500,84.50,173.50,257.25,310.75,240.50,15.03,0.01,0.15
866000,84.50,173.50,257.25,310.75,240.25,15.03,0.01,0.15
866500,84.75,173.50,257.00,310.50,240.25,15.17,0.01,0.13
867000,84.50,173.50,257.00,310.50,240.25,15.17,0.01,0.13
867500,84.50,173.50,257.00,310.25,240.00,15.01,0.01,0.14
868000,84.50,173.50,257.00,310.25,240.00,15.01,0.01,0.14
868500,84.75,173.50,257.00,310.25,239.75,15.34,0.01,0.14
869000,84.50,173.50,257.00,310.00,239.75,15.34,0.01,0.14
869500,84.50,173.25,257.00,310.00,239.50,15.29,0.01,0.13
870000,84.75,173.25,257.00,309.75,239.50,15.29,0.01,0.13
870500,84.50,173.25,256.75,309.75,239.25,15.20,0.01,0.18
871000,84.75,173.25,257.00,309.50,239.25,15.20,0.01,0.18
871500,84.50,173.25,256.75,309.50,239.00,15.14,0.01,0.18
872000,84.50,173.25,256.75,309.25,239.00,15.14,0.01,0.18
872500,84.75,173.25,256.75,309.25,238.75,14.96,0.01,0.13
873000,84.50,173.25,256.75,309.25,238.75,14.96,0.01,0.13
873500,84.75,173.25,256.75,309.00,238.75,15.57,0.01,0.17
874000,84.50,173.25,256.50,309.00,238.50,15.57,0.01,0.17
874500,84.75,173.25,256.50,308.75,238.25,15.18,0.01,0.14
875000,84.75,173.25,256.50,308.75,238.25,15.18,0.01,0.14
875500,84.50,173.25,256.50,308.50,238.25,15.13,0.01,0.16
876000,84.75,173.25,256.50,308.50,238.25,15.13,0.01,0.16
876500,84.50,173.00,256.50,308.50,238.00,15.25,0.01,0.14
877000,84.75,173.00,256.25,308.25,237.75,15.25,0.01,0.14
877500,84.50,173.00,256.50,308.25,237.75,15.53,0.01,0.15
878000,84.50,173.00,256.25,308.00,237.50,15.53,0.01,0.15
878500,84.75,173.00,256.25,308.00,237.50,15.37,0.01,0.14
879000,84.75,173.00,256.50,308.00,237.25,15.37,0.01,0.14
879500,84.50,173.00,256.25,307.75,237.25,15.92,0.01,0.16
880000,84.50,173.00,256.25,307.50,237.25,15.92,0.01,0.16
880500,84.50,173.00,256.25,307.50,237.00,15.17,0.01,0.17
881000,84.75,173.00,256.00,307.50,237.00,15.17,0.01,0.17
881500,84.50,173.00,256.00,307.25,236.75,15.50,0.01,0.17
882000,84.50,173.00,256.00,307.25,236.75,15.50,0.01,0.17
882500,84.50,173.00,256.00,307.00,236.75,15.67,0.01,0.15
883000,84.50,172.75,256.00,307.00,236.50,15.67,0.01,0.15
883500,84.50,173.00,256.00,307.00,236.50,15.02,0.01,0.13
884000,84.75,173.00,255.75,306.75,236.25,15.02,0.01,0.13
884500,84.50,172.75,255.75,306.75,236.25,15.09,0.01,0.15
885000,84.50,172.75,255.75,306.75,236.00,15.09,0.01,0.15
885500,84.75,172.75,255.75,306.50,236.00,15.66,0.01,0.15
886000,84.50,172.75,255.75,306.25,235.75,15.66,0.01,0.15
886500,84.50,172.75,255.50,306.25,235.75,15.35,0.01,0.14
887000,84.75,172.75,255.50,306.25,235.50,15.35,0.01,0.14
887500,84.50,172.75,255.50,306.00,235.50,15.43,0.01,0.17
888000,84.75,172.75,255.50,306.00,235.50,15.43,0.01,0.17
888500,84.75,172.75,255.50,305.75,235.25,14.92,0.01,0.13
889000,84.75,172.75,255.50,305.75,235.25,14.92,0.01,0.13
889500,84.75,172.75,255.50,305.75,235.00,15.28,0.01,0.14
890000,84.75,172.75,255.50,305.50,235.00,15.28,0.01,0.14
890500,84.75,172.75,255.25,305.50,235.00,15.07,0.01,0.15
891000,84.75,172.75,255.25,305.25,234.75,15.07,0.01,0.15
891500,84.50,172.50,255.25,305.25,234.50,15.20,0.01,0.19
892000,84.50,172.50,255.25,305.00,234.50,15.20,0.01,0.19
892500,84.50,172.50,255.25,305.00,234.50,15.70,0.01,0.16
893000,84.75,172.50,255.00,305.00,234.25,15.70,0.01,0.16
893500,84.75,172.50,255.00,304.75,234.25,15.24,0.01,0.16
894000,84.75,172.50,255.00,304.75,234.00,15.24,0.01,0.16
894500,84.50,172.50,255.00,304.50,234.00,15.70,0.01,0.15
895000,84.50,172.50,255.00,304.50,233.75,15.70,0.01,0.15
895500,84.75,172.50,255.00,304.25,233.75,15.62,0.01,0.14
896000,84.75,172.50,255.00,304.25,233.75,15.62,0.01,0.14
896500,84.50,172.50,254.75,304.00,233.50,15.43,0.01,0.15
897000,84.75,172.25,254.75,304.00,233.50,15.43,0.01,0.15
897500,84.75,172.50,254.75,304.00,233.25,15.81,0.01,0.17
898000,84.75,172.25,254.75,303.75,233.25,15.81,0.01,0.17
898500,84.75,172.25,254.75,303.75,233.25,15.21,0.01,0.15
899000,84.50,172.25,254.75,303.50,233.00,15.21,0.01,0.15
899500,84.75,172.25,254.50,303.50,232.75,15.06,0.01,0.16
900000,84.75,172.25,254.50,303.50,232.75,15.06,0.01,0.16
900500,84.75,172.25,254.50,303.25,232.75,15.12,0.01,0.16
901000,84.75,172.25,254.50,303.25,232.50,15.12,0.01,0.16
901500,84.75,172.25,254.50,303.00,232.50,15.45,0.01,0.16
902000,84.75,172.25,254.50,303.00,232.50,15.45,0.01,0.16
902500,84.75,172.25,254.25,302.75,232.25,15.35,0.01,0.14
903000,84.75,172.25,254.25,302.75,232.25,15.35,0.01,0.14
903500,84.75,172.25,254.25,302.75,232.00,15.00,0.01,0.14
904000,84.75,172.25,254.25,302.50,232.00,15.00,0.01,0.14
904500,84.75,172.25,254.25,302.50,232.00,15.11,0.01,0.18
905000,84.75,172.00,254.25,302.50,231.75,15.11,0.01,0.18
905500,84.75,172.25,254.00,302.25,231.50,15.33,0.01,0.17
906000,84.75,172.00,254.00,302.25,231.50,15.33,0.01,0.17
906500,84.75,172.00,254.00,302.00,231.50,14.91,0.01,0.19
907000,84.75,172.00,254.00,302.00,231.25,14.91,0.01,0.19
907500,84.75,172.00,254.00,301.75,231.25,14.86,0.01,0.14
908000,84.75,172.00,254.00,301.75,231.00,14.86,0.01,0.14
908500,84.75,172.00,254.00,301.50,231.00,15.11,0.01,0.16
909000,84.75,172.00,254.00,301.50,231.00,15.11,0.01,0.16
909500,84.75,172.00,253.75,301.50,230.75,14.70,0.01,0.14
910000,84.75,172.00,253.75,301.25,230.75,14.70,0.01,0.14
910500,84.75,172.00,253.75,301.25,230.50,15.98,0.01,0.15
911000,84.75,172.00,253.75,301.25,230.50,15.98,0.01,0.15
911500,84.75,172.00,253.50,301.00,230.25,15.70,0.01,0.16
912000,84.75,172.00,253.50,301.00,230.25,15.70,0.01,0.16
912500,84.75,171.75,253.50,300.75,230.25,15.18,0.01,0.15
913000,84.75,171.75,253.50,300.75,230.00,15.18,0.01,0.15
913500,84.75,171.75,253.25,300.50,230.00,15.48,0.01,0.14
914000,84.75,171.75,253.25,300.50,229.75,15.48,0.01,0.14
914500,84.75,171.75,253.25,300.25,229.75,15.37,0.01,0.15
915000,84.75,171.75,253.25,300.25,229.50,15.37,0.01,0.15
915500,84.75,171.75,253.25,300.25,229.50,15.21,0.01,0.15
916000,84.75,171.75,253.25,300.25,229.50,15.21,0.01,0.15
916500,84.75,171.75,253.25,300.00,229.50,15.25,0.01,0.17
917000,84.75,171.75,253.25,299.75,229.25,15.25,0.01,0.17
917500,84.75,171.75,253.00,299.75,229.25,15.02,0.01,0.14
918000,84.75,171.75,253.25,299.75,229.00,15.02,0.01,0.14
918500,84.75,171.75,253.25,299.50,229.00,15.26,0.01,0.15
919000,84.75,171.50,253.00,299.50,229.00,15.26,0.01,0.15
919500,84.75,171.50,253.00,299.25,228.75,15.08,0.01,0.15
920000,84.75,171.50,253.00,299.25,228.75,15.08,0.01,0.15
920500,85.00,171.50,253.00,299.25,228.50,15.34,0.01,0.15
921000,84.75,171.50,252.75,299.00,228.50,15.34,0.01,0.15
921500,84.75,171.50,252.75,299.00,228.50,15.49,0.01,0.15
922000,85.00,171.50,252.75,298.75,228.25,15.49,0.01,0.15
922500,85.00,171.50,252.75,298.75,228.25,15.49,0.01,0.17
923000,84.75,171.50,252.50,298.50,228.00,15.49,0.01,0.17
923500,84.75,171.50,252.50,298.50,228.00,15.29,0.01,0.14
924000,84.75,171.50,252.50,298.50,227.75,15.29,0.01,0.14
924500,84.75,171.50,252.50,298.25,227.75,15.13,0.01,0.14
925000,84.75,171.50,252.25,298.25,227.75,15.13,0.01,0.14
925500,84.75,171.50,252.50,298.00,227.50,15.10,0.01,0.15
926000,85.00,171.25,252.25,298.00,227.50,15.10,0.01,0.15
926500,84.75,171.25,252.25,297.75,227.25,14.98,0.01,0.13
927000,84.75,171.25,252.25,297.75,227.25,14.98,0.01,0.13
927500,84.75,171.25,252.25,297.75,227.25,15.66,0.01,0.17
928000,85.00,171.25,252.25,297.75,227.00,15.66,0.01,0.17
928500,84.75,171.25,252.25,297.50,227.00,15.34,0.01,0.15
929000,84.75,171.25,252.25,297.50,227.00,15.34,0.01,0.15
929500,85.00,171.25,252.25,297.25,226.75,15.99,0.01,0.15
930000,84.75,171.25,252.25,297.25,226.50,15.99,0.01,0.15
930500,84.75,171.25,252.25,297.25,226.50,15.95,0.01,0.16
931000,84.75,171.25,252.00,297.00,226.50,15.95,0.01,0.16
931500,84.75,171.25,252.00,296.75,226.50,15.25,0.01,0.16
932000,85.00,171.25,252.00,296.75,226.25,15.25,0.01,0.16
932500,85.00,171.25,251.75,296.75,226.25,15.38,0.01,0.15
933000,85.00,171.25,251.75,296.50,226.00,15.38,0.01,0.15
933500,84.75,171.25,251.75,296.50,226.00,15.49,0.01,0.14
934000,84.75,171.00,251.75,296.50,226.00,15.49,0.01,0.14
934500,85.00,171.00,251.50,296.25,226.00,15.55,0.01,0.17
935000,85.00,171.00,251.75,296.25,225.75,15.55,0.01,0.17
935500,85.00,171.00,251.50,296.25,225.50,14.89,0.01,0.14
936000,84.75,171.00,251.50,296.00,225.50,14.89,0.01,0.14
936500,85.00,171.00,251.50,296.00,225.50,15.17,0.01,0.16
937000,84.75,171.00,251.50,295.75,225.25,15.17,0.01,0.16
937500,85.00,171.00,251.25,295.75,225.25,15.16,0.01,0.13
938000,85.00,171.00,251.25,295.75,225.00,15.16,0.01,0.13
938500,85.00,171.00,251.25,295.50,225.00,15.32,0.01,0.15
939000,85.00,171.00,251.25,295.50,225.00,15.32,0.01,0.15
939500,85.00,171.00,251.25,295.25,224.75,14.78,0.01,0.13
940000,85.00,171.00,251.25,295.25,224.75,14.78,0.01,0.13
940500,85.00,170.75,251.00,295.00,224.75,15.18,0.01,0.15
941000,85.00,170.75,251.00,295.00,224.50,15.18,0.01,0.15
941500,85.00,170.75,251.00,294.75,224.50,15.52,0.01,0.16
942000,85.00,170.75,251.00,294.75,224.25,15.52,0.01,0.16
942500,85.00,170.75,251.00,294.75,224.25,15.33,0.01,0.14
943000,85.00,170.75,250.75,294.50,224.00,15.33,0.01,0.14
943500,85.00,170.75,250.75,294.50,224.00,15.04,0.01,0.15
944000,85.00,170.75,250.75,294.50,224.00,15.04,0.01,0.15
944500,85.00,170.75,250.75,294.25,224.00,15.57,0.01,0.17
945000,85.00,170.75,250.75,294.25,223.75,15.57,0.01,0.17
945500,85.00,170.50,250.75,294.00,223.75,15.32,0.01,0.18
946000,85.00,170.75,250.75,294.00,223.50,15.32,0.01,0.18
946500,85.00,170.75,250.75,294.00,223.50,15.61,0.01,0.17
947000,85.00,170.50,250.50,293.75,223.50,15.61,0.01,0.17
947500,85.00,170.50,250.50,293.75,223.25,15.00,0.01,0.13
948000,85.00,170.50,250.50,293.50,223.25,15.00,0.01,0.13
948500,85.00,170.50,250.50,293.50,223.00,14.93,0.01,0.15
949000,85.00,170.50,250.50,293.25,223.00,14.93,0.01,0.15
949500,85.00,170.50,250.50,293.25,223.00,15.66,0.01,0.15
950000,85.00,170.50,250.25,293.00,223.00,15.66,0.01,0.15
950500,85.00,170.50,250.25,293.00,222.75,15.27,0.01,0.16
951000,85.00,170.50,250.25,293.00,222.75,15.27,0.01,0.16
951500,85.00,170.50,250.25,292.75,222.50,15.75,0.01,0.15
952000,85.00,170.50,250.25,292.75,222.50,15.75,0.01,0.15
952500,85.00,170.50,250.00,292.75,222.25,15.23,0.01,0.16
953000,85.00,170.50,250.25,292.50,222.25,15.23,0.01,0.16
953500,85.00,170.50,250.00,292.50,222.00,15.12,0.01,0.16
954000,85.00,170.50,250.00,292.25,222.00,15.12,0.01,0.16
954500,85.00,170.25,250.00,292.25,221.75,15.54,0.01,0.15
955000,85.00,170.25,250.00,292.25,221.50,15.54,0.01,0.15
955500,84.75,170.00,249.75,292.00,221.25,15.03,0.01,0.15
956000,84.75,170.25,249.75,292.00,221.25,15.03,0.01,0.15
956500,84.75,170.25,249.75,291.75,221.25,15.70,0.01,0.15
957000,84.75,170.25,249.75,291.75,221.00,15.70,0.01,0.15
957500,84.75,170.25,249.75,291.50,221.00,15.33,0.01,0.14
958000,84.75,170.25,249.75,291.50,221.00,15.33,0.01,0.14
958500,85.00,170.25,249.50,291.50,220.75,15.37,0.01,0.15
959000,84.75,170.00,249.50,291.25,220.50,15.37,0.01,0.15
959500,85.00,170.00,249.50,291.25,220.50,15.23,0.01,0.16
960000,85.00,170.25,249.50,291.00,221.00,15.23,0.01,0.16
960500,85.00,170.25,249.50,291.00,220.75,15.19,0.01,0.19
961000,85.00,170.00,249.25,291.00,220.75,15.19,0.01,0.19
961500,85.00,170.00,249.25,290.75,220.75,15.90,0.01,0.14
962000,85.00,170.25,249.25,290.75,220.50,15.90,0.01,0.14
962500,85.00,170.00,249.25,290.75,220.00,15.73,0.01,0.15
963000,85.00,170.00,249.25,290.50,220.25,15.73,0.01,0.15
963500,85.00,170.25,249.00,290.50,220.25,15.49,0.01,0.15
964000,85.00,169.75,249.00,290.50,219.75,15.49,0.01,0.15
964500,85.00,170.00,249.00,290.25,220.00,15.15,0.01,0.14
965000,85.00,170.00,249.00,290.25,220.00,15.15,0.01,0.14
965500,85.00,170.00,249.00,290.00,219.75,15.01,0.01,0.14
966000,85.00,170.00,249.00,290.00,219.75,15.01,0.01,0.14
966500,85.00,170.00,249.00,289.75,219.50,15.06,0.01,0.15
967000,84.75,169.50,248.50,289.75,219.00,15.06,0.01,0.15
967500,83.25,168.50,245.50,289.75,216.50,15.90,0.01,0.13
968000,84.50,169.25,248.00,289.50,218.50,15.90,0.01,0.13
968500,83.25,167.75,247.00,289.50,217.00,15.77,0.01,0.14
969000,85.00,170.00,248.75,289.50,219.25,15.77,0.01,0.14
969500,85.00,169.50,248.50,289.25,218.75,15.47,0.01,0.17
970000,85.00,170.00,248.75,289.25,219.00,15.47,0.01,0.17
970500,85.25,170.00,248.50,289.00,219.00,15.61,0.01,0.17
971000,85.00,170.00,248.50,289.00,219.00,15.61,0.01,0.17
971500,85.25,169.75,248.50,289.00,218.75,15.56,0.01,0.15
972000,85.25,169.75,248.50,288.75,218.75,15.56,0.01,0.15
972500,85.00,169.75,248.50,288.75,218.50,16.01,0.01,0.16
973000,85.25,169.75,248.50,288.50,218.50,16.01,0.01,0.16
973500,85.25,169.75,248.25,288.50,218.50,15.30,0.01,0.15
974000,85.25,169.75,248.25,288.50,218.25,15.30,0.01,0.15
974500,85.25,169.75,248.25,288.25,218.25,15.67,0.01,0.16
975000,85.25,169.75,248.25,288.25,218.25,15.67,0.01,0.16
975500,85.25,169.75,248.25,288.25,218.00,15.48,0.01,0.18
976000,85.25,169.75,248.25,288.00,218.00,15.48,0.01,0.18
976500,85.25,169.75,248.00,287.75,217.75,15.42,0.01,0.16
977000,85.25,169.75,248.00,287.75,218.00,15.42,0.01,0.16
977500,85.25,169.75,248.00,287.75,217.75,16.16,0.01,0.16
978000,85.25,169.75,248.00,287.50,217.50,16.16,0.01,0.16
978500,85.25,169.50,248.00,287.50,217.50,15.07,0.01,0.12
979000,85.25,169.50,247.75,287.50,217.50,15.07,0.01,0.12
979500,85.25,169.50,247.75,287.25,217.25,15.34,0.01,0.17
980000,85.25,169.50,247.75,287.25,217.25,15.34,0.01,0.17
980500,85.25,169.50,247.75,287.00,217.25,15.76,0.01,0.16
981000,85.25,169.50,247.75,287.00,217.25,15.76,0.01,0.16
981500,85.25,169.50,247.50,287.00,217.00,15.62,0.01,0.15
982000,85.25,169.50,247.50,286.75,217.00,15.62,0.01,0.15
982500,85.25,169.25,247.50,286.75,217.00,15.48,0.01,0.16
983000,85.25,169.50,247.50,286.75,216.75,15.48,0.01,0.16
983500,85.25,169.50,247.50,286.50,216.75,14.96,0.01,0.15
984000,85.25,169.50,247.50,286.50,216.50,14.96,0.01,0.15
984500,85.25,169.50,247.25,286.50,216.50,15.35,0.01,0.16
985000,85.25,169.50,247.25,286.25,216.50,15.35,0.01,0.16
985500,85.25,169.25,247.25,286.25,216.50,15.53,0.01,0.16
986000,85.25,169.50,247.25,286.00,216.25,15.53,0.01,0.16
986500,85.25,169.25,247.25,286.00,216.00,15.80,0.01,0.15
987000,85.25,169.25,247.25,286.00,216.00,15.80,0.01,0.15
987500,85.25,169.25,247.00,285.75,216.00,15.29,0.01,0.13
988000,85.25,169.25,247.00,285.75,215.75,15.29,0.01,0.13
988500,85.50,169.25,247.00,285.50,215.75,15.67,0.01,0.17
989000,85.25,169.25,247.00,285.50,215.75,15.67,0.01,0.17
989500,85.25,169.25,247.00,285.25,215.75,15.50,0.01,0.18
990000,85.25,169.25,246.75,285.25,215.50,15.50,0.01,0.18
990500,85.25,169.25,246.75,285.25,215.50,15.49,0.01,0.15
991000,85.25,169.25,246.75,285.00,215.50,15.49,0.01,0.15
991500,85.25,169.25,246.75,285.00,215.25,15.34,0.01,0.17
992000,85.25,169.25,246.75,285.00,215.00,15.34,0.01,0.17
992500,85.50,169.25,246.50,284.75,215.00,14.99,0.01,0.14
993000,85.25,169.00,246.50,284.75,215.00,14.99,0.01,0.14
993500,85.25,169.25,246.50,284.50,215.00,15.92,0.01,0.16
994000,85.50,169.00,246.50,284.50,214.75,15.92,0.01,0.16
994500,85.25,169.00,246.50,284.50,214.75,15.95,0.01,0.16
995000,85.25,169.00,246.25,284.25,214.75,15.95,0.01,0.16
995500,85.25,169.00,246.50,284.25,214.50,15.74,0.01,0.15
996000,85.25,169.00,246.25,284.25,214.50,15.74,0.01,0.15
996500,85.50,169.00,246.25,284.00,214.25,14.85,0.01,0.14
997000,85.25,169.00,246.25,284.25,214.25,14.85,0.01,0.14
997500,85.50,169.00,246.00,284.00,214.25,15.46,0.01,0.15
998000,85.50,169.00,246.00,283.75,214.00,15.46,0.01,0.15
998500,85.50,169.00,246.00,283.75,214.00,15.29,0.01,0.16
999000,85.50,169.00,246.00,283.50,214.00,15.29,0.01,0.16
999500,85.50,169.00,246.00,283.25,213.75,15.07,0.01,0.17
1000000,85.50,168.75,246.00,283.25,213.75,15.07,0.01,0.17
1000500,85.50,169.00,245.75,283.25,213.50,16.00,0.01,0.13
1001000,85.50,168.75,245.75,283.25,213.50,16.00,0.01,0.13
1001500,85.50,168.75,245.75,283.25,213.50,15.76,0.01,0.14
1002000,85.50,168.75,245.75,283.25,213.25,15.76,0.01,0.14
1002500,85.50,168.75,245.50,283.00,213.25,15.28,0.01,0.18
1003000,85.50,168.75,245.50,282.75,213.25,15.28,0.01,0.18
1003500,85.50,168.75,245.50,282.75,213.00,16.17,0.01,0.14
1004000,85.50,168.75,245.50,282.75,213.00,16.17,0.01,0.14
1004500,85.50,168.75,245.50,282.50,213.00,15.38,0.01,0.18
1005000,85.50,168.75,245.50,282.50,213.00,15.38,0.01,0.18
1005500,85.50,168.75,245.50,282.25,212.75,15.36,0.01,0.17
1006000,85.25,168.75,245.50,282.25,212.75,15.36,0.01,0.17
1006500,85.50,168.75,245.25,282.00,212.50,15.55,0.01,0.17
1007000,85.50,168.75,245.25,282.00,212.50,15.55,0.01,0.17
1007500,85.50,168.50,245.25,282.00,212.25,15.48,0.01,0.15
1008000,85.50,168.75,245.25,282.00,212.25,15.48,0.01,0.15
1008500,85.50,168.50,245.00,281.75,212.25,16.24,0.01,0.16
1009000,85.50,168.50,245.25,281.75,212.00,16.24,0.01,0.16
1009500,85.50,168.50,245.00,281.50,212.00,15.66,0.01,0.14
1010000,85.50,168.50,245.00,281.50,212.00,15.66,0.01,0.14
1010500,85.50,168.50,245.00,281.50,212.00,15.98,0.01,0.15
1011000,85.50,168.50,245.00,281.50,211.75,15.98,0.01,0.15
1011500,85.50,168.50,244.75,281.25,211.75,15.18,0.01,0.19
1012000,85.50,168.50,244.75,281.25,211.75,15.18,0.01,0.19
1012500,85.50,168.50,244.75,281.00,211.50,15.52,0.01,0.16
1013000,85.50,168.50,244.75,281.00,211.50,15.52,0.01,0.16
1013500,85.50,168.50,244.75,280.75,211.50,15.71,0.01,0.15
1014000,85.50,168.50,244.75,280.75,211.25,15.71,0.01,0.15
1014500,85.50,168.50,244.50,280.75,211.25,15.62,0.01,0.15
1015000,85.50,168.25,244.50,280.50,211.00,15.62,0.01,0.15
1015500,85.50,168.25,244.50,280.50,211.00,15.06,0.01,0.16
1016000,85.50,168.25,244.50,280.50,211.00,15.06,0.01,0.16
1016500,85.50,168.25,244.50,280.25,211.00,15.13,0.01,0.14
1017000,85.50,168.25,244.25,280.25,210.75,15.13,0.01,0.14
1017500,85.50,168.25,244.25,280.00,210.75,15.53,0.01,0.17
1018000,85.50,168.25,244.25,280.00,210.75,15.53,0.01,0.17
1018500,85.50,168.25,244.25,279.75,210.50,15.99,0.01,0.15
1019000,85.50,168.25,244.25,279.75,210.50,15.99,0.01,0.15
1019500,85.50,168.25,244.25,279.75,210.25,15.69,0.01,0.16
1020000,85.50,168.25,244.00,279.50,210.25,15.69,0.01,0.16
1020500,85.50,168.25,244.00,279.50,210.25,15.94,0.01,0.17
1021000,85.50,168.25,244.00,279.25,210.00,15.94,0.01,0.17
1021500,85.50,168.25,244.00,279.25,210.00,15.33,0.01,0.13
1022000,85.50,168.25,244.00,279.25,210.00,15.33,0.01,0.13
1022500,85.50,168.00,243.75,279.00,210.00,15.34,0.01,0.15
1023000,85.50,168.25,243.75,279.25,209.75,15.34,0.01,0.15
1023500,85.50,168.00,243.75,279.00,209.75,15.74,0.01,0.12
1024000,85.50,168.00,243.75,279.00,209.75,15.74,0.01,0.12
1024500,85.75,168.00,243.75,278.75,209.50,15.83,0.01,0.16
1025000,85.50,168.00,243.75,278.75,209.50,15.83,0.01,0.16
1025500,85.50,168.00,243.75,278.50,209.50,16.38,0.01,0.17
1026000,85.50,168.00,243.50,278.50,209.25,16.38,0.01,0.17
1026500,85.50,168.00,243.50,278.50,209.25,15.11,0.01,0.14
1027000,85.50,167.75,243.50,278.25,209.00,15.11,0.01,0.14
1027500,85.50,168.00,243.25,278.25,209.00,15.24,0.01,0.16
1028000,85.50,168.00,243.25,278.00,209.00,15.24,0.01,0.16
1028500,85.50,168.00,243.25,278.00,209.00,15.08,0.01,0.17
1029000,85.50,167.75,243.25,278.00,208.75,15.08,0.01,0.17
1029500,85.50,167.75,243.25,277.75,208.75,15.83,0.01,0.15
1030000,85.50,167.75,243.25,277.75,208.75,15.83,0.01,0.15
1030500,85.50,167.75,243.25,277.75,208.50,15.88,0.01,0.16
1031000,85.50,167.75,243.00,277.50,208.50,15.88,0.01,0.16
1031500,85.50,167.75,243.00,277.50,208.50,15.55,0.01,0.16
1032000,85.50,167.75,243.00,277.50,208.25,15.55,0.01,0.16
1032500,85.50,167.75,243.00,277.25,208.25,15.38,0.01,0.15
1033000,85.50,167.75,243.00,277.25,208.00,15.38,0.01,0.15
1033500,85.50,167.75,242.75,277.00,208.00,15.42,0.01,0.13
1034000,85.50,167.75,242.75,277.00,208.00,15.42,0.01,0.13
1034500,85.50,167.75,242.75,277.00,208.00,15.54,0.01,0.16
1035000,85.50,167.75,242.75,276.75,207.75,15.54,0.01,0.16
1035500,85.50,167.50,242.75,276.75,207.75,15.63,0.01,0.12
1036000,85.50,167.75,242.50,276.50,207.75,15.63,0.01,0.12
1036500,85.75,167.50,242.50,276.50,207.50,16.59,0.01,0.18
1037000,85.50,167.50,242.50,276.50,207.50,16.59,0.01,0.18
1037500,85.75,167.50,242.50,276.25,207.25,15.42,0.01,0.15
1038000,85.50,167.50,242.50,276.25,207.25,15.42,0.01,0.15
1038500,85.50,167.50,242.50,276.00,207.25,15.77,0.01,0.16
1039000,85.75,167.50,242.50,276.00,207.25,15.77,0.01,0.16
1039500,85.50,167.50,242.25,276.00,207.00,15.21,0.01,0.16
1040000,85.50,167.50,242.25,276.00,207.00,15.21,0.01,0.16
1040500,85.50,167.50,242.25,275.75,206.75,15.31,0.01,0.16
1041000,85.75,167.50,242.00,275.75,206.75,15.31,0.01,0.16
1041500,85.75,167.50,242.00,275.75,206.75,15.62,0.01,0.17
1042000,85.75,167.25,242.00,275.50,206.75,15.62,0.01,0.17
1042500,85.75,167.25,242.00,275.50,206.50,15.25,0.01,0.18
1043000,85.75,167.50,242.00,275.50,206.50,15.25,0.01,0.18
1043500,85.75,167.25,242.00,275.25,206.50,15.85,0.01,0.17
1044000,85.75,167.25,241.75,275.25,206.25,15.85,0.01,0.17
1044500,85.75,167.25,241.75,275.00,206.25,16.69,0.01,0.17
1045000,85.75,167.25,241.75,275.00,206.25,16.69,0.01,0.17
1045500,85.75,167.25,241.75,275.00,206.00,15.89,0.01,0.15
1046000,85.75,167.25,241.75,274.75,206.00,15.89,0.01,0.15
1046500,85.75,167.25,241.50,274.50,206.00,15.27,0.01,0.16
1047000,85.75,167.25,241.50,274.50,205.75,15.27,0.01,0.16
1047500,85.75,167.25,241.50,274.50,205.75,15.36,0.01,0.14
1048000,85.75,167.25,241.50,274.50,205.75,15.36,0.01,0.14
1048500,85.75,167.25,241.50,274.25,205.75,15.54,0.01,0.17
1049000,85.75,167.25,241.25,274.25,205.50,15.54,0.01,0.17
1049500,85.75,167.25,241.25,274.25,205.50,15.75,0.01,0.17
1050000,85.75,167.25,241.25,274.25,205.50,15.75,0.01,0.17
1050500,85.75,167.25,241.25,274.00,205.25,15.23,0.01,0.18
1051000,85.75,167.00,241.25,274.00,205.25,15.23,0.01,0.18
1051500,85.75,167.00,241.00,274.00,205.25,15.40,0.01,0.17
1052000,85.75,167.00,241.00,273.75,205.00,15.40,0.01,0.17
1052500,85.75,167.00,241.00,273.75,205.00,15.47,0.01,0.16
1053000,85.75,167.00,241.00,273.75,205.00,15.47,0.01,0.16
1053500,85.75,167.00,241.00,273.50,204.75,15.46,0.01,0.15
1054000,85.75,167.00,241.00,273.50,204.75,15.46,0.01,0.15
1054500,85.75,167.00,241.00,273.50,204.75,15.60,0.01,0.19
1055000,85.75,167.00,240.75,273.25,204.50,15.60,0.01,0.19
1055500,85.75,166.75,240.75,273.25,204.50,15.35,0.01,0.19
1056000,85.75,167.00,240.75,273.00,204.25,15.35,0.01,0.19
1056500,85.75,167.00,240.75,273.00,204.25,15.45,0.01,0.15
1057000,85.75,166.75,240.75,272.75,204.25,15.45,0.01,0.15
1057500,85.75,167.00,240.50,272.75,204.25,15.86,0.01,0.17
1058000,85.75,167.00,240.50,272.75,204.00,15.86,0.01,0.17
1058500,85.75,166.75,240.50,272.50,204.00,16.07,0.01,0.16
1059000,85.75,166.75,240.50,272.50,204.00,16.07,0.01,0.16
1059500,85.75,166.75,240.50,272.50,203.75,15.74,0.01,0.16
1060000,85.75,166.75,240.25,272.25,203.75,15.74,0.01,0.16
1060500,85.75,166.75,240.25,272.25,203.75,15.43,0.01,0.15
1061000,86.00,166.75,240.25,272.25,203.50,15.43,0.01,0.15
1061500,85.75,166.75,240.25,272.00,203.50,15.82,0.01,0.18
1062000,85.75,166.75,240.25,272.00,203.50,15.82,0.01,0.18
1062500,86.00,166.75,240.25,271.75,203.50,15.34,0.01,0.19
1063000,86.00,166.75,240.00,271.75,203.25,15.34,0.01,0.19
1063500,86.00,166.75,240.00,271.75,203.00,15.69,0.01,0.17
1064000,86.00,166.75,240.00,271.50,203.00,15.69,0.01,0.17
1064500,85.75,166.75,239.75,271.50,203.00,15.70,0.01,0.14
1065000,86.00,166.50,239.75,271.50,203.00,15.70,0.01,0.14
1065500,85.75,166.75,239.75,271.25,203.00,15.57,0.01,0.16
1066000,85.75,166.50,239.75,271.25,202.75,15.57,0.01,0.16
1066500,86.00,166.50,239.75,271.25,202.75,15.19,0.01,0.14
1067000,86.00,166.50,239.75,271.00,202.75,15.19,0.01,0.14
1067500,86.00,166.50,239.75,271.00,202.50,15.70,0.01,0.18
1068000,85.75,166.50,239.75,271.00,202.50,15.70,0.01,0.18
1068500,86.00,166.50,239.50,270.75,202.50,15.25,0.01,0.16
1069000,86.00,166.50,239.50,270.75,202.25,15.25,0.01,0.16
1069500,86.00,166.50,239.50,270.50,202.25,15.08,0.01,0.17
1070000,86.00,166.50,239.50,270.50,202.25,15.08,0.01,0.17
1070500,86.00,166.50,239.50,270.50,202.25,16.38,0.01,0.16
1071000,86.00,166.50,239.50,270.25,202.00,16.38,0.01,0.16
1071500,86.00,166.50,239.25,270.25,202.00,15.59,0.01,0.16
1072000,86.00,166.50,239.25,270.25,202.00,15.59,0.01,0.16
1072500,86.00,166.25,239.25,270.25,201.75,15.14,0.01,0.16
1073000,86.00,166.25,239.25,270.00,201.75,15.14,0.01,0.16
1073500,86.00,166.25,239.25,270.00,201.75,15.48,0.01,0.17
1074000,86.00,166.25,239.00,269.75,201.50,15.48,0.01,0.17
1074500,86.00,166.25,239.00,269.75,201.50,15.20,0.01,0.15
1075000,86.00,166.25,239.00,269.75,201.50,15.20,0.01,0.15
1075500,86.00,166.25,239.00,269.50,201.25,15.59,0.01,0.14
1076000,86.00,166.25,239.00,269.50,201.25,15.59,0.01,0.14
1076500,86.00,166.25,238.75,269.50,201.25,15.63,0.01,0.15
1077000,86.00,166.25,238.75,269.25,201.25,15.63,0.01,0.15
1077500,86.00,166.25,238.75,269.25,201.00,15.79,0.01,0.14
1078000,86.00,166.25,238.75,269.25,201.00,15.79,0.01,0.14
1078500,86.00,166.25,238.50,269.00,200.75,15.23,0.01,0.15
1079000,86.00,166.25,238.50,269.00,200.75,15.23,0.01,0.15
1079500,86.00,166.00,238.50,269.00,200.75,15.35,0.01,0.13
1080000,86.00,166.00,238.50,268.75,200.50,15.35,0.01,0.13
1080500,86.00,166.00,238.50,268.75,200.50,15.28,0.01,0.17
1081000,86.00,166.00,238.50,268.50,200.50,15.28,0.01,0.17
1081500,86.00,166.00,238.25,268.50,200.25,15.82,0.01,0.15
1082000,86.25,166.00,238.25,268.50,200.25,15.82,0.01,0.15
1082500,86.00,166.00,238.25,268.25,200.25,15.52,0.01,0.15
1083000,86.00,166.00,238.25,268.25,200.00,15.52,0.01,0.15
1083500,86.00,166.00,238.25,268.25,200.00,15.29,0.01,0.15
1084000,86.00,166.00,238.25,268.00,200.00,15.29,0.01,0.15
1084500,86.00,166.00,238.00,268.00,200.00,15.91,0.01,0.16
1085000,86.00,166.00,238.00,268.00,199.75,15.91,0.01,0.16
1085500,86.25,165.75,238.00,267.75,199.75,15.37,0.01,0.15
1086000,86.00,166.00,238.00,267.75,199.75,15.37,0.01,0.15
1086500,86.25,165.75,238.00,267.75,199.50,15.14,0.01,0.15
1087000,86.00,165.75,237.75,267.50,199.50,15.14,0.01,0.15
1087500,86.00,165.75,237.75,267.50,199.50,15.35,0.01,0.17
1088000,86.25,165.75,237.75,267.25,199.25,15.35,0.01,0.17
1088500,86.00,165.75,237.75,267.25,199.25,15.36,0.01,0.15
1089000,86.25,165.75,237.75,267.25,199.25,15.36,0.01,0.15
1089500,86.25,165.75,237.50,267.25,199.25,15.50,0.01,0.14
1090000,86.25,165.75,237.50,267.00,199.00,15.50,0.01,0.14
1090500,86.25,165.75,237.50,267.00,199.00,16.08,0.01,0.17
1091000,86.00,165.75,237.25,267.00,199.00,16.08,0.01,0.17
1091500,86.25,165.75,237.25,267.00,199.00,15.03,0.01,0.17
1092000,86.25,165.75,237.25,266.75,198.75,15.03,0.01,0.17
1092500,86.25,165.75,237.25,266.75,198.75,15.24,0.01,0.16
1093000,86.25,165.50,237.25,266.50,198.75,15.24,0.01,0.16
1093500,86.25,165.50,237.25,266.50,198.50,15.83,0.01,0.16
1094000,86.25,165.50,237.25,266.50,198.50,15.83,0.01,0.16
1094500,86.25,165.50,237.25,266.25,198.50,15.48,0.01,0.16
1095000,86.25,165.50,237.00,266.25,198.50,15.48,0.01,0.16
1095500,86.25,165.50,237.00,266.00,198.25,15.72,0.01,0.20
1096000,86.25,165.75,237.00,266.00,198.25,15.72,0.01,0.20
1096500,86.25,165.50,237.00,266.00,198.25,15.80,0.01,0.16
1097000,86.25,165.50,236.75,265.75,198.00,15.80,0.01,0.16
1097500,86.25,165.50,236.75,265.75,198.00,15.85,0.01,0.15
1098000,86.25,165.50,236.75,265.75,197.75,15.85,0.01,0.15
1098500,86.25,165.50,236.75,265.50,197.75,16.04,0.01,0.14
1099000,86.25,165.50,236.75,265.50,197.75,16.04,0.01,0.14
1099500,86.25,165.50,236.75,265.50,197.75,15.42,0.01,0.15
1100000,86.25,165.25,236.50,265.25,197.50,15.42,0.01,0.15
1100500,86.25,165.25,236.50,265.25,197.50,15.18,0.01,0.14
1101000,86.25,165.25,236.50,265.25,197.50,15.18,0.01,0.14
1101500,86.25,165.25,236.50,265.25,197.25,15.60,0.01,0.16
1102000,86.25,165.25,236.50,265.00,197.25,15.60,0.01,0.16
1102500,86.25,165.25,236.50,265.00,197.25,15.24,0.01,0.15
1103000,86.25,165.25,236.25,265.00,197.00,15.24,0.01,0.15
1103500,86.25,165.25,236.25,264.75,197.00,15.34,0.01,0.16
1104000,86.25,165.25,236.25,264.75,197.00,15.34,0.01,0.16
1104500,86.25,165.25,236.25,264.75,196.75,15.45,0.01,0.17
1105000,86.25,165.25,236.00,264.75,196.75,15.45,0.01,0.17
1105500,86.25,165.25,236.00,264.50,196.75,15.71,0.01,0.15
1106000,86.25,165.25,236.00,264.25,196.75,15.71,0.01,0.15
1106500,86.25,165.00,236.00,264.25,196.50,15.68,0.01,0.18
1107000,86.25,165.00,236.00,264.25,196.50,15.68,0.01,0.18
1107500,86.25,165.00,236.00,264.00,196.50,15.67,0.01,0.17
1108000,86.25,165.00,236.00,264.00,196.25,15.67,0.01,0.17
1108500,86.50,165.00,235.75,264.00,196.25,15.82,0.01,0.17
1109000,86.25,165.00,235.75,264.00,196.25,15.82,0.01,0.17
1109500,86.25,165.00,235.75,263.75,196.25,15.57,0.01,0.15
1110000,86.25,165.00,235.75,263.75,196.00,15.57,0.01,0.15
1110500,86.25,165.00,235.50,263.50,196.00,15.82,0.01,0.18
1111000,86.50,165.00,235.50,263.50,196.00,15.82,0.01,0.18
1111500,86.25,165.00,235.50,263.50,196.00,15.80,0.01,0.15
1112000,86.25,165.00,235.50,263.25,195.75,15.80,0.01,0.15
1112500,86.25,165.00,235.50,263.25,195.75,16.38,0.01,0.16
1113000,86.25,165.00,235.50,263.25,195.50,16.38,0.01,0.16
1113500,86.25,164.75,235.25,263.25,195.75,15.36,0.01,0.15
1114000,86.25,164.75,235.25,263.00,195.50,15.36,0.01,0.15
1114500,86.25,164.75,235.25,262.75,195.50,15.44,0.01,0.16
1115000,86.50,164.75,235.00,262.75,195.25,15.44,0.01,0.16
1115500,86.50,164.75,235.00,262.75,195.25,15.49,0.01,0.14
1116000,86.50,164.75,235.00,262.50,195.25,15.49,0.01,0.14
1116500,86.25,164.75,235.00,262.50,195.25,15.71,0.01,0.14
1117000,86.50,164.75,235.00,262.50,195.00,15.71,0.01,0.14
1117500,86.50,164.75,235.00,262.50,195.00,15.63,0.01,0.17
1118000,86.50,164.75,235.00,262.25,195.00,15.63,0.01,0.17
1118500,86.50,164.75,234.75,262.25,194.75,15.81,0.01,0.18
1119000,86.25,164.75,234.75,262.25,194.75,15.81,0.01,0.18
1119500,86.50,164.75,234.75,262.00,194.75,15.56,0.01,0.14
1120000,86.25,164.75,234.75,262.00,194.75,15.56,0.01,0.14
1120500,86.50,164.50,234.75,262.00,194.50,15.82,0.01,0.18
1121000,86.50,164.50,234.75,262.00,194.50,15.82,0.01,0.18
1121500,86.50,164.50,234.50,261.75,194.50,16.00,0.01,0.17
1122000,86.50,164.50,234.50,261.75,194.25,16.00,0.01,0.17
1122500,86.50,164.50,234.50,261.50,194.25,15.91,0.01,0.16
1123000,86.50,164.50,234.25,261.50,194.25,15.91,0.01,0.16
1123500,86.50,164.50,234.25,261.50,194.25,15.97,0.01,0.15
1124000,86.50,164.50,234.50,261.25,194.00,15.97,0.01,0.15
1124500,86.25,164.50,234.25,261.25,194.00,15.77,0.01,0.19
1125000,86.50,164.50,234.25,261.25,193.75,15.77,0.01,0.19
1125500,86.50,164.50,234.25,261.00,193.75,15.64,0.01,0.16
1126000,86.50,164.50,234.25,261.00,193.75,15.64,0.01,0.16
1126500,86.50,164.50,234.00,261.00,193.75,15.89,0.01,0.17
1127000,86.50,164.50,234.00,260.75,193.50,15.89,0.01,0.17
1127500,86.50,164.25,234.00,260.75,193.50,15.52,0.01,0.14
1128000,86.50,164.25,234.00,260.50,193.50,15.52,0.01,0.14
1128500,86.50,164.25,234.00,260.50,193.25,16.06,0.01,0.19
1129000,86.50,164.25,233.75,260.50,193.25,16.06,0.01,0.19
1129500,86.50,164.25,233.75,260.50,193.25,15.46,0.01,0.16
1130000,86.50,164.25,233.75,260.25,193.25,15.46,0.01,0.16
1130500,86.50,164.25,233.75,260.25,193.00,15.93,0.01,0.17
1131000,86.50,164.25,233.50,260.00,193.00,15.93,0.01,0.17
1131500,86.50,164.25,233.50,260.25,193.00,16.20,0.01,0.16
1132000,86.50,164.25,233.50,260.00,193.00,16.20,0.01,0.16
1132500,86.50,164.25,233.50,259.75,192.75,15.72,0.01,0.17
1133000,86.50,164.25,233.50,259.75,192.75,15.72,0.01,0.17
1133500,86.50,164.25,233.50,259.75,192.75,15.80,0.01,0.15
1134000,86.50,164.25,233.50,259.50,192.50,15.80,0.01,0.15
1134500,86.50,164.00,233.50,259.50,192.50,48.46,1.19,57.65
1135000,86.50,163.75,233.50,259.50,192.50,48.46,1.19,57.65
1135500,86.50,164.00,233.25,259.25,192.75,100.83,2.91,293.47
1136000,86.50,164.00,233.25,259.25,193.50,100.83,2.91,293.47
1136500,86.75,164.25,233.25,259.50,194.50,115.95,3.43,397.14
1137000,86.75,164.50,233.50,259.50,196.25,115.95,3.43,397.14
1137500,86.75,164.75,233.75,260.00,198.50,115.79,3.40,393.85
1138000,87.00,165.25,234.00,260.50,200.75,115.79,3.40,393.85
1138500,87.50,165.75,234.25,261.25,203.50,116.82,3.40,397.55
1139000,87.75,166.75,235.00,262.25,206.75,116.82,3.40,397.55
1139500,88.50,167.25,235.75,263.50,210.25,115.70,3.39,392.33
1140000,89.00,168.50,236.75,265.00,213.00,115.70,3.39,392.33
1140500,89.75,169.00,237.50,266.50,216.75,116.01,3.38,391.71
1141000,90.50,170.50,238.75,268.25,220.25,116.01,3.38,391.71
1141500,91.25,171.50,240.00,270.25,224.00,116.10,3.38,392.59
1142000,92.25,173.00,241.00,272.25,227.00,116.10,3.38,392.59
1142500,93.25,174.25,242.50,274.50,230.50,115.62,3.38,390.28
1143000,94.00,175.75,243.75,276.75,233.75,115.62,3.38,390.28
1143500,95.25,177.25,245.25,279.25,236.75,115.49,3.39,392.05
1144000,96.50,179.00,246.50,281.25,240.25,115.49,3.39,392.05
1144500,97.50,180.25,248.25,283.75,243.50,115.55,3.38,390.26
1145000,98.75,181.75,250.00,286.25,246.75,115.55,3.38,390.26
1145500,99.75,183.75,251.25,288.75,249.50,114.49,3.37,385.89
1146000,101.00,185.25,252.75,290.75,252.50,114.49,3.37,385.89
1146500,102.50,187.00,254.50,293.50,255.50,116.59,3.39,395.40
1147000,103.50,188.50,256.00,296.00,258.25,116.59,3.39,395.40
1147500,105.00,190.50,257.25,298.00,260.75,115.41,3.38,389.59
1148000,106.50,192.00,259.00,300.50,263.25,115.41,3.38,389.59
1148500,108.00,193.75,260.75,303.00,265.75,115.14,3.36,386.48
1149000,109.00,195.50,262.25,305.50,267.75,115.14,3.36,386.48
1149500,110.75,197.25,263.50,307.50,269.75,116.58,3.38,394.26
1150000,112.25,198.75,265.25,309.75,271.75,116.58,3.38,394.26
1150500,113.50,200.75,267.00,312.25,274.00,115.82,3.39,392.43
1151000,115.00,202.25,268.50,314.00,275.50,115.82,3.39,392.43
1151500,116.50,204.25,269.75,316.50,277.50,115.64,3.38,390.88
1152000,117.75,205.75,271.25,318.75,279.00,115.64,3.38,390.88
1152500,119.00,207.50,272.75,321.00,280.50,116.11,3.37,391.55
1153000,120.00,209.00,274.00,322.75,282.00,116.11,3.37,391.55
1153500,121.50,211.00,275.50,325.00,283.50,115.02,3.38,389.12
1154000,122.75,212.25,277.00,327.00,284.75,115.02,3.38,389.12
1154500,123.75,214.25,278.75,329.00,286.25,116.41,3.38,393.50
1155000,125.00,215.75,280.00,330.75,287.50,116.41,3.38,393.50
1155500,126.25,217.75,281.25,332.75,288.75,116.81,3.37,393.55
1156000,127.50,218.75,282.50,334.75,290.25,116.81,3.37,393.55
1156500,128.75,220.75,284.25,336.25,291.25,115.63,3.38,391.35
1157000,130.00,222.25,285.25,338.25,292.50,115.63,3.38,391.35
1157500,131.00,224.00,286.50,340.00,294.00,116.53,3.38,393.99
1158000,132.00,225.25,288.00,341.75,295.00,116.53,3.38,393.99
1158500,133.00,227.00,289.00,343.25,296.00,115.43,3.36,387.82
1159000,134.00,228.50,290.50,344.75,297.50,115.43,3.36,387.82
1159500,135.00,230.25,291.75,346.50,298.50,115.14,3.39,390.00
1160000,136.00,231.50,293.00,348.00,299.50,115.14,3.39,390.00
1160500,137.00,233.00,294.25,349.50,300.50,116.46,3.37,392.68
1161000,138.00,234.75,295.50,351.00,301.75,116.46,3.37,392.68
1161500,139.00,236.00,296.75,352.75,302.75,114.82,3.35,384.36
1162000,139.75,237.50,298.00,354.00,303.75,114.82,3.35,384.36
1162500,140.75,238.75,299.25,355.50,304.75,116.03,3.39,393.00
1163000,141.75,240.50,300.50,357.00,305.75,116.03,3.39,393.00
1163500,142.50,241.75,301.75,358.25,306.75,47.46,1.20,57.01
1164000,143.25,243.00,302.50,359.50,307.25,47.46,1.20,57.01
1164500,144.25,244.25,303.75,360.75,307.50,16.56,0.01,0.19
1165000,145.00,245.25,304.50,361.75,307.00,16.56,0.01,0.19
1165500,145.50,246.25,305.25,362.25,306.50,16.04,0.01,0.15
1166000,146.00,246.75,305.75,362.75,305.25,16.04,0.01,0.15
1166500,146.50,247.25,306.25,362.50,303.50,15.85,0.01,0.14
1167000,147.00,247.75,306.50,362.25,302.00,15.85,0.01,0.14
1167500,147.00,248.00,306.50,361.75,300.00,16.34,0.01,0.19
1168000,147.25,248.00,306.50,360.75,297.50,16.34,0.01,0.19
1168500,147.25,248.00,306.25,359.50,295.25,15.86,0.01,0.17
1169000,147.25,248.00,306.25,358.50,293.00,15.86,0.01,0.17
1169500,147.25,247.75,305.75,357.00,290.50,16.35,0.01,0.19
1170000,147.00,247.50,305.50,355.50,288.25,16.35,0.01,0.19
1170500,146.75,247.50,304.75,354.00,285.75,15.66,0.01,0.15
1171000,146.50,247.00,304.25,352.50,283.50,15.66,0.01,0.15
1171500,146.00,246.50,303.75,351.00,281.00,16.10,0.01,0.18
1172000,145.75,246.25,303.00,349.50,278.75,16.10,0.01,0.18
1172500,145.25,245.50,302.25,348.00,277.25,15.67,0.01,0.15
1173000,144.75,245.00,302.00,346.25,274.75,15.67,0.01,0.15
1173500,144.50,244.50,301.25,344.75,272.50,16.35,0.01,0.16
1174000,144.00,244.00,300.50,343.25,271.50,16.35,0.01,0.16
1174500,143.00,243.50,299.75,342.00,269.00,16.21,0.01,0.16
1175000,142.00,242.75,299.25,340.75,267.50,16.21,0.01,0.16
1175500,141.50,242.25,298.50,339.25,267.50,15.94,0.01,0.18
1176000,140.75,241.75,297.75,338.00,266.25,15.94,0.01,0.18
1176500,140.00,241.25,297.00,336.75,262.00,15.10,0.01,0.17
1177000,139.25,240.50,296.50,335.50,260.50,15.10,0.01,0.17
1177500,138.50,240.00,295.75,334.25,259.00,15.89,0.01,0.17
