Time_ms,TC1_C,TC2_C,TC3_C,TC4_C,TC5_C,V_RMS,I_RMS,Wattage
500,128.00,225.75,189.50,247.25,425.25,0.00,0.00,0.00
1000,128.25,226.25,189.75,247.50,425.50,0.00,0.00,0.00
1500,128.50,226.50,190.00,247.75,425.75,109.04,0.97,106.28
2000,129.00,227.00,190.25,247.75,425.75,109.04,0.97,106.28
2500,129.25,227.25,190.25,248.00,425.75,108.64,0.98,106.92
3000,129.50,227.75,190.50,248.00,426.00,108.64,0.98,106.92
3500,130.00,228.00,190.75,248.25,426.25,110.21,1.03,113.84
4000,130.25,228.50,190.75,248.25,426.25,110.21,1.03,113.84
4500,130.50,229.00,191.00,248.50,426.25,107.52,1.04,111.86
5000,130.75,229.25,191.25,248.75,426.50,107.52,1.04,111.86
5500,131.00,229.75,191.25,248.75,426.50,111.63,1.06,117.80
6000,131.50,230.00,191.50,249.00,426.75,111.63,1.06,117.80
6500,131.75,230.25,191.75,249.25,426.75,107.93,1.05,113.63
7000,132.00,230.75,192.00,249.25,426.75,107.93,1.05,113.63
7500,132.25,231.00,192.00,249.50,427.00,108.56,1.05,113.80
8000,132.75,231.50,192.25,249.50,427.00,108.56,1.05,113.80
8500,133.00,231.75,192.25,249.75,427.00,111.87,1.23,137.31
9000,133.25,232.25,192.50,249.75,427.25,111.87,1.23,137.31
9500,133.50,232.50,192.50,250.00,427.25,106.67,1.28,136.02
10000,133.75,232.75,192.75,250.25,427.25,106.67,1.28,136.02
10500,134.00,233.00,193.00,250.25,427.50,112.31,1.26,141.21
11000,134.25,233.50,193.25,250.50,427.50,112.31,1.26,141.21
11500,134.75,233.75,193.25,250.50,427.75,96.96,1.01,97.78
12000,135.00,234.00,193.50,250.75,427.50,96.96,1.01,97.78
12500,135.25,234.00,193.50,250.75,427.25,66.14,0.68,45.20
13000,135.50,234.25,193.50,250.75,426.75,66.14,0.68,45.20
13500,135.50,234.25,193.50,250.75,425.75,51.00,0.50,25.62
14000,135.50,234.00,193.25,250.25,424.50,51.00,0.50,25.62
14500,135.50,234.00,193.00,249.75,422.75,51.72,0.55,28.29
15000,135.50,233.50,192.50,249.00,421.00,51.72,0.55,28.29
15500,135.50,233.00,192.00,248.00,419.00,26.53,0.19,5.15
16000,135.50,232.50,191.50,246.75,416.50,26.53,0.19,5.15
16500,135.25,231.75,190.75,245.25,414.00,16.04,0.01,0.12
17000,134.75,231.00,189.75,243.50,411.50,16.04,0.01,0.12
17500,134.25,230.25,188.75,241.50,409.00,16.08,0.01,0.12
18000,133.75,229.25,188.00,239.75,406.00,16.08,0.01,0.12
18500,133.50,228.00,186.75,237.50,403.00,16.19,0.01,0.14
19000,132.75,227.00,185.50,235.00,400.25,16.19,0.01,0.14
19500,132.25,226.00,184.00,232.50,397.75,16.56,0.01,0.12
20000,131.50,224.75,182.75,230.25,395.00,16.56,0.01,0.12
20500,130.75,223.25,181.25,227.50,392.25,16.08,0.01,0.14
21000,130.00,222.00,179.75,225.00,390.00,16.08,0.01,0.14
21500,129.25,220.75,178.50,222.50,387.25,16.26,0.01,0.13
22000,128.25,219.50,177.00,220.00,384.75,16.26,0.01,0.13
22500,127.50,218.00,175.50,217.25,382.25,16.22,0.01,0.11
23000,126.75,216.50,173.75,214.75,380.25,16.22,0.01,0.11
23500,125.75,215.25,172.50,212.50,378.00,16.10,0.01,0.13
24000,125.00,214.00,171.00,210.00,375.50,16.10,0.01,0.13
24500,124.00,212.50,169.50,207.50,373.50,15.81,0.01,0.11
25000,123.25,211.00,168.00,205.75,371.75,15.81,0.01,0.11
25500,122.50,209.75,166.75,203.50,369.75,16.33,0.01,0.13
26000,121.50,208.50,165.25,201.50,367.75,16.33,0.01,0.13
26500,120.50,207.00,163.75,199.25,366.50,16.08,0.01,0.11
27000,119.75,205.50,162.50,197.75,364.75,16.08,0.01,0.11
27500,119.00,204.50,161.00,195.75,363.00,15.60,0.01,0.10
28000,118.00,203.00,159.75,193.50,361.25,15.60,0.01,0.10
28500,117.25,201.75,158.25,191.75,360.00,15.97,0.01,0.10
29000,116.25,200.50,157.00,190.00,358.25,15.97,0.01,0.10
29500,115.75,199.25,155.75,188.25,356.75,15.96,0.01,0.14
30000,114.75,197.75,154.50,186.50,355.50,15.96,0.01,0.14
30500,114.00,196.50,153.25,184.75,354.25,16.88,0.22,3.80
31000,113.00,195.25,152.25,183.00,352.75,16.88,0.22,3.80
31500,112.50,194.00,151.25,181.25,351.50,63.10,0.73,45.84
32000,111.75,193.00,150.00,179.75,350.75,63.10,0.73,45.84
32500,111.00,191.75,149.00,178.25,350.00,72.19,0.73,53.03
33000,110.50,190.75,148.00,176.75,349.50,72.19,0.73,53.03
33500,110.00,189.75,147.25,175.75,349.25,73.60,0.80,58.53
34000,109.25,188.75,146.25,174.75,349.00,73.60,0.80,58.53
34500,108.75,187.75,145.50,173.75,349.00,69.17,0.82,56.38
35000,108.25,187.25,144.75,173.00,349.25,69.17,0.82,56.38
35500,108.00,186.50,144.25,172.25,349.25,72.95,0.83,60.78
36000,107.50,185.75,143.75,171.75,349.50,72.95,0.83,60.78
36500,107.25,185.00,143.25,171.25,349.75,76.51,0.84,64.30
37000,107.00,184.75,142.75,171.00,350.25,76.51,0.84,64.30
37500,106.75,184.00,142.50,170.75,350.50,83.32,0.93,77.59
38000,106.50,183.75,142.25,170.75,351.00,83.32,0.93,77.59
38500,106.25,183.00,142.00,170.75,351.25,82.55,0.95,78.52
39000,106.00,182.75,141.75,171.00,351.75,82.55,0.95,78.52
39500,106.00,182.50,141.75,171.00,352.25,83.92,0.93,77.69
40000,106.00,182.25,141.50,171.25,352.75,83.92,0.93,77.69
40500,105.75,182.00,141.50,171.75,353.50,83.05,0.94,77.91
41000,105.75,181.75,141.50,172.00,354.00,83.05,0.94,77.91
41500,105.75,181.75,141.50,172.50,354.50,82.72,0.93,76.83
42000,105.75,181.50,141.50,172.75,355.00,82.72,0.93,76.83
42500,106.00,181.25,141.75,173.25,355.50,80.73,0.94,76.15
43000,106.00,181.25,141.75,173.75,356.00,80.73,0.94,76.15
43500,106.00,181.00,142.00,174.25,356.50,82.22,0.96,78.96
44000,106.00,181.25,142.00,175.00,356.75,82.22,0.96,78.96
44500,106.25,181.00,142.25,175.50,357.25,79.20,0.94,74.43
45000,106.25,181.00,142.50,176.00,357.50,79.20,0.94,74.43
45500,106.25,181.00,142.50,176.50,357.75,74.52,0.93,69.50
46000,106.50,181.00,142.75,177.25,358.00,74.52,0.93,69.50
46500,106.50,181.00,143.00,177.75,358.50,81.37,0.93,76.03
47000,106.50,181.00,143.25,178.25,358.50,81.37,0.93,76.03
47500,106.75,181.00,143.25,178.75,358.75,78.75,1.08,84.87
48000,106.75,181.00,143.50,179.25,359.25,78.75,1.08,84.87
48500,107.00,181.00,143.75,179.75,359.25,79.59,1.17,93.05
49000,107.00,181.00,143.75,180.25,359.50,79.59,1.17,93.05
49500,107.25,181.25,144.00,180.75,359.75,77.02,1.23,94.46
50000,107.25,181.25,144.25,181.25,359.75,77.02,1.23,94.46
50500,107.25,181.25,144.25,181.75,359.75,79.98,1.28,101.99
51000,107.50,181.25,144.50,182.00,360.00,79.98,1.28,101.99
51500,107.50,181.25,144.75,182.50,360.25,79.92,1.30,103.51
52000,107.75,181.25,145.00,183.00,360.50,79.92,1.30,103.51
52500,107.75,181.25,145.00,183.50,360.25,81.36,1.41,114.41
53000,107.75,181.50,145.25,184.00,360.50,81.36,1.41,114.41
53500,108.00,181.50,145.25,184.25,360.50,83.30,1.60,133.55
54000,108.00,181.50,145.50,184.75,360.50,83.30,1.60,133.55
54500,108.00,181.50,145.50,185.00,360.50,77.06,1.51,116.62
55000,108.25,181.50,146.00,185.50,360.50,77.06,1.51,116.62
55500,108.25,181.75,146.00,185.75,360.50,81.52,1.50,122.65
56000,108.25,181.75,146.00,186.25,360.50,81.52,1.50,122.65
56500,108.50,181.75,146.25,186.50,360.50,79.33,1.55,122.83
57000,108.50,181.75,146.25,187.00,360.50,79.33,1.55,122.83
57500,108.50,181.75,146.50,187.00,360.25,77.89,1.56,121.26
58000,108.75,181.75,146.75,187.50,360.25,77.89,1.56,121.26
58500,108.75,181.75,146.75,187.75,360.00,77.51,1.55,119.87
59000,109.00,181.75,146.75,188.00,359.75,77.51,1.55,119.87
59500,109.00,182.00,146.75,188.25,359.75,76.52,1.57,119.78
60000,109.00,182.00,147.00,188.50,359.50,76.52,1.57,119.78
60500,109.00,181.75,147.00,188.75,359.50,79.91,1.58,126.46
61000,109.00,182.00,147.00,189.00,359.25,79.91,1.58,126.46
61500,109.25,181.75,147.00,189.25,359.00,81.42,1.58,128.75
62000,109.25,182.00,147.00,189.75,359.00,81.42,1.58,128.75
62500,109.25,181.75,147.25,190.00,358.75,76.26,1.59,121.42
63000,109.25,181.75,147.25,190.25,358.75,76.26,1.59,121.42
63500,109.25,181.75,147.25,190.75,358.50,79.94,1.63,130.40
64000,109.50,181.75,147.25,191.00,358.50,79.94,1.63,130.40
64500,109.50,181.75,147.25,191.25,358.25,78.89,1.65,130.09
65000,109.50,181.75,147.25,191.75,358.00,78.89,1.65,130.09
65500,109.50,181.75,147.50,192.00,358.00,78.17,1.62,126.26
66000,109.50,181.75,147.50,192.50,357.75,78.17,1.62,126.26
66500,109.50,181.75,147.50,192.75,357.75,77.53,1.65,128.01
67000,109.50,181.75,147.50,193.00,357.50,77.53,1.65,128.01
67500,109.50,181.75,147.25,193.50,357.50,79.19,1.65,130.98
68000,109.75,181.50,147.50,193.75,357.25,79.19,1.65,130.98
68500,109.75,181.75,147.50,194.00,357.25,73.59,1.64,120.89
69000,109.75,181.50,147.50,194.25,357.00,73.59,1.64,120.89
69500,109.75,181.50,147.50,194.75,356.75,76.21,1.62,123.52
70000,109.75,181.50,147.50,195.00,356.75,76.21,1.62,123.52
70500,110.00,181.50,147.50,195.25,356.50,79.45,1.66,131.85
71000,110.00,181.50,147.50,195.75,356.50,79.45,1.66,131.85
71500,110.00,181.50,147.50,195.75,356.25,76.21,1.65,125.84
72000,110.00,181.50,147.50,196.25,356.00,76.21,1.65,125.84
72500,110.00,181.50,147.75,196.50,356.00,82.80,1.64,135.92
73000,110.00,181.50,147.50,196.75,356.00,82.80,1.64,135.92
73500,110.00,181.50,147.75,197.00,355.75,76.36,1.63,124.61
74000,110.00,181.50,147.75,197.25,355.50,76.36,1.63,124.61
74500,110.00,181.50,147.50,197.75,355.50,77.88,1.63,127.29
75000,110.25,181.25,147.75,198.00,355.25,77.88,1.63,127.29
75500,110.25,181.50,147.75,198.25,355.25,80.19,1.66,133.28
76000,110.25,181.25,147.75,198.50,355.00,80.19,1.66,133.28
76500,110.25,181.25,147.75,198.75,355.00,77.09,1.66,127.69
77000,110.25,181.25,147.75,199.00,355.00,77.09,1.66,127.69
77500,110.25,181.25,147.75,199.50,354.75,80.67,1.63,131.35
78000,110.25,181.25,147.75,199.75,354.75,80.67,1.63,131.35
78500,110.25,181.25,147.75,200.00,354.50,76.51,1.64,125.24
79000,110.25,181.25,147.75,200.25,354.25,76.51,1.64,125.24
79500,110.25,181.00,147.75,200.50,354.25,78.84,1.66,130.72
80000,110.25,181.00,147.75,201.00,354.25,78.84,1.66,130.72
80500,110.50,181.25,147.75,201.25,354.00,77.65,1.65,127.83
81000,110.50,181.00,147.75,201.50,354.00,77.65,1.65,127.83
81500,110.50,181.00,147.75,201.75,353.75,81.39,1.63,132.96
82000,110.50,181.25,147.75,202.00,353.75,81.39,1.63,132.96
82500,110.50,181.00,147.75,202.25,353.50,76.23,1.66,126.24
83000,110.50,181.00,147.75,202.50,353.50,76.23,1.66,126.24
83500,110.50,181.00,147.75,202.75,353.50,74.42,1.65,123.14
84000,110.50,180.75,147.75,203.00,353.25,74.42,1.65,123.14
84500,110.75,181.00,147.75,203.25,353.25,78.80,1.64,129.10
85000,110.75,181.00,147.75,203.50,353.00,78.80,1.64,129.10
85500,110.75,180.75,147.75,204.00,353.00,79.87,1.64,130.69
86000,110.75,181.00,148.00,204.00,353.00,79.87,1.64,130.69
86500,110.75,180.75,148.00,204.25,352.75,76.63,1.67,127.73
87000,110.75,180.75,147.75,204.50,352.50,76.63,1.67,127.73
87500,110.75,180.75,147.75,204.75,352.50,76.38,1.69,129.24
88000,110.75,180.75,147.75,205.00,352.50,76.38,1.69,129.24
88500,110.75,180.75,147.75,205.25,352.25,80.17,1.65,132.52
89000,110.75,180.75,148.00,205.50,352.25,80.17,1.65,132.52
89500,111.00,180.75,148.00,205.75,352.00,76.50,1.63,125.00
90000,111.00,180.75,148.00,206.00,352.00,76.50,1.63,125.00
90500,111.00,180.50,148.00,206.25,352.00,78.05,1.65,128.41
91000,111.00,180.75,148.00,206.50,351.75,78.05,1.65,128.41
91500,111.00,180.50,148.00,207.00,351.75,80.80,1.67,135.15
92000,111.00,180.50,148.00,207.00,351.75,80.80,1.67,135.15
92500,111.00,180.50,148.00,207.25,351.50,81.01,1.66,134.57
93000,111.25,180.50,148.00,207.50,351.50,81.01,1.66,134.57
93500,111.25,180.50,148.00,207.75,351.25,78.35,1.64,128.85
94000,111.25,180.50,148.00,208.00,351.25,78.35,1.64,128.85
94500,111.25,180.50,148.00,208.25,351.25,81.23,1.65,134.06
95000,111.25,180.50,148.00,208.50,351.00,81.23,1.65,134.06
95500,111.25,180.50,148.00,208.75,350.75,77.24,1.66,128.43
96000,111.25,180.50,148.00,209.00,350.75,77.24,1.66,128.43
96500,111.25,180.50,148.00,209.25,350.75,80.74,1.65,133.25
97000,111.25,180.50,148.00,209.50,350.75,80.74,1.65,133.25
97500,111.25,180.50,148.00,209.75,350.50,76.02,1.66,126.57
98000,111.50,180.25,148.00,210.00,350.50,76.02,1.66,126.57
98500,111.50,180.50,148.00,210.25,350.25,82.03,1.65,135.16
99000,111.50,180.25,148.00,210.25,350.25,82.03,1.65,135.16
99500,111.50,180.50,148.00,210.75,350.25,82.32,1.65,135.47
100000,111.50,180.25,148.00,210.75,350.25,82.32,1.65,135.47
100500,111.50,180.25,148.00,211.00,350.00,76.53,1.65,126.26
101000,111.50,180.25,148.00,211.25,350.00,76.53,1.65,126.26
101500,111.50,180.25,148.00,211.50,349.75,76.57,1.66,126.76
102000,111.50,180.25,148.00,212.00,350.00,76.57,1.66,126.76
102500,111.50,180.25,148.00,212.00,349.75,78.79,1.66,130.58
103000,111.75,180.25,148.00,212.25,349.50,78.79,1.66,130.58
103500,111.75,180.25,148.00,212.75,349.50,77.22,1.64,127.01
104000,111.75,180.25,148.00,212.75,349.50,77.22,1.64,127.01
104500,111.75,180.25,148.00,213.00,349.50,78.03,1.66,129.80
105000,111.75,180.25,148.00,213.25,349.25,78.03,1.66,129.80
105500,111.75,180.25,148.00,213.50,349.25,78.59,1.67,130.86
106000,111.75,180.25,148.00,213.50,349.25,78.59,1.67,130.86
106500,111.75,180.25,148.00,214.00,349.25,77.44,1.66,128.39
107000,111.75,180.00,148.00,214.25,349.00,77.44,1.66,128.39
107500,111.75,180.25,148.00,214.50,349.00,75.44,1.67,126.22
108000,112.00,180.00,148.00,214.75,349.00,75.44,1.67,126.22
108500,111.75,180.00,148.00,214.75,348.75,78.06,1.63,127.62
109000,112.00,180.00,148.25,215.25,348.75,78.06,1.63,127.62
109500,112.00,180.00,148.00,215.50,348.75,77.56,1.69,130.89
110000,112.00,180.25,148.00,215.50,348.75,77.56,1.69,130.89
110500,112.00,180.00,148.25,216.00,348.50,81.53,1.73,140.92
111000,112.00,180.00,148.25,216.00,348.50,81.53,1.73,140.92
111500,112.00,180.00,148.25,216.25,348.50,77.99,1.66,129.27
112000,112.00,180.00,148.25,216.50,348.50,77.99,1.66,129.27
112500,112.25,180.00,148.25,217.00,348.25,83.37,1.66,138.42
113000,112.25,180.00,148.25,217.00,348.25,83.37,1.66,138.42
113500,112.25,180.00,148.25,217.50,348.25,82.52,1.83,150.61
114000,112.25,180.00,148.25,217.75,348.00,82.52,1.83,150.61
114500,112.25,180.00,148.25,217.75,348.25,79.33,1.75,138.81
115000,112.25,180.00,148.25,218.00,348.25,79.33,1.75,138.81
115500,112.25,180.00,148.25,218.50,348.25,84.53,1.73,145.82
116000,112.25,180.00,148.25,218.75,348.25,84.53,1.73,145.82
116500,112.25,180.00,148.25,219.00,348.25,77.68,1.68,130.71
117000,112.50,180.00,148.25,219.25,348.25,77.68,1.68,130.71
117500,112.50,180.00,148.25,219.75,348.50,77.72,1.62,126.15
118000,112.50,180.00,148.50,220.25,348.50,77.72,1.62,126.15
118500,112.50,180.25,148.50,220.50,348.50,80.38,1.68,135.16
119000,112.50,180.00,148.50,220.75,348.50,80.38,1.68,135.16
119500,112.75,180.25,148.50,221.25,348.50,81.38,1.66,135.36
120000,112.75,180.25,148.50,221.50,348.25,81.38,1.66,135.36
120500,112.75,180.25,148.50,221.75,348.25,79.37,1.67,132.28
121000,112.75,180.25,148.50,222.00,348.25,79.37,1.67,132.28
121500,112.75,180.25,148.50,222.50,348.25,76.80,1.71,131.63
122000,112.75,180.25,148.75,222.75,348.00,76.80,1.71,131.63
122500,113.00,180.50,148.75,223.00,348.00,75.44,1.67,126.06
123000,113.00,180.25,148.75,223.50,348.00,75.44,1.67,126.06
123500,113.00,180.25,148.50,223.75,347.75,75.94,1.67,126.61
124000,113.00,180.25,148.75,224.00,347.75,75.94,1.67,126.61
124500,113.00,180.25,148.75,224.25,347.75,76.90,1.66,127.97
125000,113.00,180.25,148.75,224.50,347.50,76.90,1.66,127.97
125500,113.00,180.25,148.75,224.75,347.50,80.40,1.68,134.68
126000,113.00,180.25,148.75,225.00,347.50,80.40,1.68,134.68
126500,113.00,180.25,148.75,225.25,347.50,78.15,1.66,129.81
127000,113.00,180.25,148.75,225.50,347.50,78.15,1.66,129.81
127500,113.00,180.00,148.75,225.75,347.25,81.00,1.69,136.72
128000,113.00,180.25,148.75,226.00,347.25,81.00,1.69,136.72
128500,113.00,180.25,148.75,226.25,347.25,77.71,1.67,129.63
129000,113.00,180.00,148.75,226.75,347.00,77.71,1.67,129.63
129500,113.00,180.25,148.75,226.75,347.00,77.19,1.66,128.41
130000,113.25,180.25,148.75,227.00,347.00,77.19,1.66,128.41
130500,113.25,180.25,148.75,227.50,347.00,74.55,1.68,125.35
131000,113.25,180.25,148.75,227.50,347.00,74.55,1.68,125.35
131500,113.25,180.00,148.75,227.75,347.00,79.43,1.68,133.76
132000,113.25,180.00,148.75,228.00,346.75,79.43,1.68,133.76
132500,113.25,180.00,148.75,228.25,346.75,79.21,1.67,132.43
133000,113.25,180.00,148.75,228.50,346.75,79.21,1.67,132.43
133500,113.25,180.00,148.75,228.75,346.75,82.98,1.66,137.81
134000,113.25,180.00,148.75,229.00,346.75,82.98,1.66,137.81
134500,113.50,180.00,148.75,229.25,346.50,77.82,1.69,131.21
135000,113.25,180.00,148.50,229.50,346.50,77.82,1.69,131.21
135500,113.50,180.00,148.75,229.75,346.50,79.02,1.69,133.59
136000,113.50,180.00,148.75,230.00,346.50,79.02,1.69,133.59
136500,113.50,180.00,148.75,230.25,346.50,78.74,1.68,131.89
137000,113.50,179.75,148.75,230.50,346.25,78.74,1.68,131.89
137500,113.50,180.00,148.75,230.75,346.25,79.03,1.66,131.36
138000,113.50,180.00,148.75,231.00,346.25,79.03,1.66,131.36
138500,113.50,179.75,148.75,231.25,346.25,78.42,1.74,136.45
139000,113.50,180.00,148.75,231.50,346.25,78.42,1.74,136.45
139500,113.50,180.00,148.75,231.75,346.25,77.79,1.76,136.73
140000,113.50,179.75,148.75,232.00,346.25,77.79,1.76,136.73
140500,113.50,180.00,148.75,232.25,346.25,78.31,1.77,138.60
141000,113.50,179.75,148.75,232.50,346.25,78.31,1.77,138.60
141500,113.50,179.75,148.75,232.75,346.00,79.66,1.75,139.71
142000,113.50,179.75,148.75,233.00,346.25,79.66,1.75,139.71
142500,113.75,179.75,148.75,233.25,346.00,77.96,1.75,136.76
143000,113.50,179.75,148.75,233.50,346.00,77.96,1.75,136.76
143500,113.75,179.75,148.75,233.75,346.00,79.23,1.78,140.91
144000,113.75,179.75,148.75,234.00,346.00,79.23,1.78,140.91
144500,113.75,179.75,148.75,234.25,346.00,77.28,1.74,134.44
145000,113.75,179.75,148.75,234.50,345.75,77.28,1.74,134.44
145500,113.75,179.75,148.75,234.75,346.00,79.07,1.75,138.31
146000,113.75,179.75,148.75,235.00,346.00,79.07,1.75,138.31
146500,113.75,179.75,148.75,235.25,345.75,77.97,1.78,139.18
147000,113.75,179.75,148.75,235.50,345.75,77.97,1.78,139.18
147500,113.75,179.75,148.75,235.50,345.75,77.16,1.78,137.37
148000,114.00,179.75,148.75,236.00,345.75,77.16,1.78,137.37
148500,113.75,179.75,148.75,236.25,345.75,80.56,1.76,141.90
149000,114.00,179.75,149.00,236.25,345.75,80.56,1.76,141.90
149500,114.00,179.75,149.00,236.75,345.75,76.10,1.76,133.79
150000,114.00,179.50,149.00,237.00,345.75,76.10,1.76,133.79
150500,114.00,179.75,148.75,237.00,345.75,73.74,1.78,131.59
151000,114.00,179.50,149.00,237.50,345.75,73.74,1.78,131.59
151500,114.00,179.75,149.00,237.50,345.75,76.02,1.77,134.86
152000,114.00,179.75,149.00,238.00,345.75,76.02,1.77,134.86
152500,114.00,179.75,149.00,238.25,345.75,79.41,1.76,139.80
153000,114.00,179.75,149.00,238.25,345.75,79.41,1.76,139.80
153500,114.00,179.50,149.00,238.50,345.75,76.28,1.78,136.03
154000,114.00,179.75,149.00,238.75,345.75,76.28,1.78,136.03
154500,114.00,179.50,149.00,239.00,345.75,80.93,1.79,144.67
155000,114.25,179.75,149.00,239.25,345.75,80.93,1.79,144.67
155500,114.25,179.50,149.00,239.50,345.75,74.55,1.79,133.31
156000,114.25,179.50,149.00,239.75,345.50,74.55,1.79,133.31
156500,114.25,179.75,149.00,240.00,345.75,78.08,1.78,138.89
157000,114.25,179.50,149.00,240.25,345.50,78.08,1.78,138.89
157500,114.25,179.75,149.00,240.50,345.50,76.71,1.78,136.55
158000,114.25,179.50,149.00,240.50,345.50,76.71,1.78,136.55
158500,114.25,179.50,149.00,241.00,345.50,79.24,1.82,143.91
159000,114.25,179.50,149.00,241.25,345.50,79.24,1.82,143.91
159500,114.25,179.50,149.00,241.25,345.50,76.33,1.76,134.20
160000,114.25,179.50,149.00,241.50,345.50,76.33,1.76,134.20
160500,114.25,179.50,149.00,241.75,345.50,77.59,1.79,139.09
161000,114.25,179.75,149.00,242.00,345.50,77.59,1.79,139.09
161500,114.25,179.50,149.25,242.25,345.50,76.89,1.77,136.45
162000,114.25,179.75,149.00,242.50,345.50,76.89,1.77,136.45
162500,114.50,179.50,149.00,242.75,345.50,78.22,1.79,140.02
163000,114.50,179.50,149.00,243.00,345.50,78.22,1.79,140.02
163500,114.50,179.50,149.00,243.25,345.50,77.84,1.79,138.99
164000,114.50,179.50,149.25,243.25,345.50,77.84,1.79,138.99
164500,114.50,179.50,149.25,243.50,345.50,76.23,1.79,136.66
165000,114.50,179.50,149.25,243.75,345.50,76.23,1.79,136.66
165500,114.50,179.50,149.00,244.00,345.50,74.86,1.80,134.41
166000,114.50,179.50,149.25,244.25,345.25,74.86,1.80,134.41
166500,114.50,179.50,149.25,244.50,345.50,83.26,1.77,147.55
167000,114.50,179.50,149.25,244.75,345.25,83.26,1.77,147.55
167500,114.50,179.50,149.25,244.75,345.25,82.49,1.79,147.61
168000,114.50,179.50,149.25,245.00,345.25,82.49,1.79,147.61
168500,114.50,179.50,149.25,245.25,345.25,80.07,1.78,142.61
169000,114.50,179.50,149.25,245.50,345.25,80.07,1.78,142.61
169500,114.50,179.50,149.25,245.50,345.25,80.02,1.77,141.84
170000,114.50,179.50,149.25,245.75,345.25,80.02,1.77,141.84
170500,114.50,179.50,149.25,246.00,345.25,80.41,1.79,144.08
171000,114.50,179.50,149.25,246.00,345.25,80.41,1.79,144.08
171500,114.50,179.50,149.25,246.50,345.25,73.65,1.79,131.74
172000,114.50,179.50,149.25,246.75,345.25,73.65,1.79,131.74
172500,114.75,179.50,149.25,247.00,345.25,79.43,1.77,140.45
173000,114.75,179.50,149.25,247.00,345.25,79.43,1.77,140.45
173500,114.75,179.50,149.50,247.25,345.25,79.25,1.80,142.34
174000,114.75,179.50,149.25,247.50,345.50,79.25,1.80,142.34
174500,114.75,179.50,149.50,247.75,345.25,80.85,1.81,146.69
175000,114.75,179.50,149.25,247.75,345.50,80.85,1.81,146.69
175500,114.75,179.50,149.50,248.00,345.25,77.71,1.80,139.93
176000,114.75,179.25,149.50,248.25,345.25,77.71,1.80,139.93
176500,114.75,179.50,149.50,248.50,345.25,72.85,1.79,130.14
177000,114.75,179.25,149.50,248.50,345.25,72.85,1.79,130.14
177500,114.75,179.50,149.50,248.75,345.50,76.02,1.79,136.31
178000,114.75,179.25,149.50,249.00,345.25,76.02,1.79,136.31
178500,114.75,179.25,149.50,249.25,345.25,74.92,1.79,134.26
179000,114.75,179.50,149.50,249.25,345.25,74.92,1.79,134.26
179500,114.75,179.25,149.50,249.75,345.25,81.60,1.78,145.17
180000,115.00,179.25,149.50,249.75,345.25,81.60,1.78,145.17
180500,115.00,179.25,149.50,250.00,345.25,82.44,1.78,146.73
181000,115.00,179.50,149.50,250.25,345.25,82.44,1.78,146.73
181500,115.00,179.25,149.50,250.50,345.25,75.49,1.79,134.90
182000,115.00,179.50,149.50,250.50,345.25,75.49,1.79,134.90
182500,115.00,179.25,149.50,250.75,345.25,74.92,1.80,134.55
183000,115.00,179.50,149.50,251.00,345.50,74.92,1.80,134.55
183500,115.00,179.25,149.50,251.25,345.25,78.87,1.78,140.45
184000,115.00,179.50,149.50,251.25,345.25,78.87,1.78,140.45
184500,115.00,179.25,149.50,251.50,345.25,81.10,1.80,145.67
185000,115.00,179.25,149.75,251.75,345.25,81.10,1.80,145.67
185500,115.00,179.25,149.75,252.00,345.25,71.95,1.78,128.22
186000,115.00,179.25,149.75,252.00,345.25,71.95,1.78,128.22
186500,115.00,179.25,149.75,252.25,345.25,78.30,1.80,140.98
187000,115.00,179.25,149.75,252.50,345.25,78.30,1.80,140.98
187500,115.00,179.25,149.75,252.50,345.25,81.96,1.78,146.08
188000,115.25,179.25,149.75,252.75,345.50,81.96,1.78,146.08
188500,115.25,179.25,149.75,253.00,345.25,76.99,1.80,138.26
189000,115.25,179.25,149.75,253.25,345.25,76.99,1.80,138.26
189500,115.25,179.25,149.75,253.25,345.50,77.19,1.79,138.46
190000,115.25,179.25,149.75,253.50,345.25,77.19,1.79,138.46
190500,115.25,179.25,149.75,253.50,345.25,77.47,1.77,137.30
191000,115.25,179.25,149.75,253.75,345.50,77.47,1.77,137.30
191500,115.25,179.25,149.75,254.00,345.25,80.20,1.80,144.72
192000,115.25,179.25,149.75,254.25,345.50,80.20,1.80,144.72
192500,115.25,179.25,149.75,254.25,345.50,80.91,1.77,143.18
193000,115.25,179.25,149.75,254.50,345.50,80.91,1.77,143.18
193500,115.25,179.00,150.00,254.50,345.50,73.25,1.81,132.42
194000,115.25,179.25,149.75,255.00,345.50,73.25,1.81,132.42
194500,115.25,179.25,150.00,255.00,345.25,83.71,1.78,148.74
195000,115.25,179.25,150.00,255.25,345.50,83.71,1.78,148.74
195500,115.25,179.25,150.00,255.25,345.50,78.57,1.79,140.63
196000,115.25,179.25,149.75,255.50,345.50,78.57,1.79,140.63
196500,115.25,179.00,150.00,255.75,345.50,74.16,1.82,134.61
197000,115.25,179.25,150.00,256.00,345.50,74.16,1.82,134.61
197500,115.25,179.00,150.00,256.25,345.50,78.13,1.80,140.82
198000,115.25,179.00,150.00,256.25,345.50,78.13,1.80,140.82
198500,115.25,179.00,150.00,256.25,345.50,74.07,1.81,134.31
199000,115.50,179.00,150.00,256.50,345.50,74.07,1.81,134.31
199500,115.50,179.00,150.00,256.75,345.50,73.76,1.81,133.26
200000,115.50,179.25,150.00,257.00,345.50,73.76,1.81,133.26
200500,115.50,179.00,150.00,257.00,345.50,77.79,1.81,141.16
201000,115.50,179.25,150.00,257.25,345.75,77.79,1.81,141.16
201500,115.25,179.00,150.00,257.50,345.50,79.54,1.86,147.84
202000,115.50,179.00,150.00,257.75,345.50,79.54,1.86,147.84
202500,115.50,179.00,150.00,257.75,345.75,77.31,1.82,140.39
203000,115.50,179.00,150.25,258.00,345.50,77.31,1.82,140.39
203500,115.50,179.00,150.00,258.00,345.50,80.72,1.80,145.68
204000,115.50,179.00,150.25,258.25,345.75,80.72,1.80,145.68
204500,115.50,179.00,150.25,258.50,345.75,78.55,1.84,144.69
205000,115.50,179.00,150.25,258.75,345.50,78.55,1.84,144.69
205500,115.50,179.00,150.00,259.00,345.75,76.35,1.81,138.29
206000,115.50,179.00,150.25,259.00,345.75,76.35,1.81,138.29
206500,115.50,179.00,150.25,259.25,345.75,79.38,1.81,143.33
207000,115.50,179.00,150.25,259.25,345.75,79.38,1.81,143.33
207500,115.50,179.00,150.25,259.50,345.75,79.96,1.82,145.49
208000,115.50,179.00,150.25,259.75,345.75,79.96,1.82,145.49
208500,115.50,179.00,150.25,260.00,345.75,75.55,1.82,137.55
209000,115.50,179.00,150.25,260.25,345.75,75.55,1.82,137.55
209500,115.50,178.75,150.25,260.50,345.75,75.55,1.81,136.94
210000,115.50,179.00,150.25,260.50,345.75,75.55,1.81,136.94
210500,115.50,178.75,150.25,260.75,345.75,80.64,1.81,146.28
211000,115.50,179.00,150.25,261.00,345.75,80.64,1.81,146.28
211500,115.50,179.00,150.25,261.25,345.75,74.23,1.81,134.22
212000,115.50,179.00,150.50,261.25,346.00,74.23,1.81,134.22
212500,115.75,178.75,150.25,261.50,346.00,75.71,1.82,137.81
213000,115.50,178.75,150.25,261.75,345.75,75.71,1.82,137.81
213500,115.75,179.00,150.25,262.00,346.00,80.20,1.82,145.95
214000,115.50,178.75,150.50,262.00,346.00,80.20,1.82,145.95
214500,115.75,179.00,150.50,262.25,346.00,82.55,1.82,150.25
215000,115.75,178.75,150.50,262.50,346.00,82.55,1.82,150.25
215500,115.75,178.75,150.50,262.75,346.00,78.52,1.80,141.38
216000,115.75,178.75,150.50,263.00,346.00,78.52,1.80,141.38
216500,115.75,178.75,150.50,263.00,346.00,75.63,1.83,138.22
217000,115.75,178.75,150.50,263.25,346.00,75.63,1.83,138.22
217500,115.75,178.75,150.50,263.50,346.00,78.83,1.81,142.69
218000,115.75,178.75,150.50,263.75,346.00,78.83,1.81,142.69
218500,115.75,178.75,150.50,264.00,346.00,74.93,1.82,136.33
219000,115.75,178.75,150.50,264.00,346.25,74.93,1.82,136.33
219500,115.75,178.75,150.50,264.25,346.25,76.71,1.85,141.82
220000,115.75,178.75,150.50,264.50,346.25,76.71,1.85,141.82
220500,115.75,178.75,150.50,264.75,346.00,77.00,1.85,142.17
221000,115.75,178.75,150.75,265.00,346.25,77.00,1.85,142.17
221500,115.75,178.75,150.50,265.25,346.25,77.59,1.82,141.60
222000,115.75,178.75,150.50,265.50,346.25,77.59,1.82,141.60
222500,115.75,178.75,150.75,265.50,346.25,78.90,1.84,144.84
223000,115.75,178.75,150.75,265.75,346.25,78.90,1.84,144.84
223500,115.75,178.75,150.75,266.00,346.25,72.70,1.84,134.12
224000,115.75,178.75,150.75,266.25,346.25,72.70,1.84,134.12
224500,115.75,178.75,150.75,266.25,346.50,76.98,1.83,141.11
225000,115.75,178.75,150.75,266.50,346.25,76.98,1.83,141.11
225500,115.75,178.50,150.75,267.00,346.25,76.92,1.84,141.23
226000,115.75,178.75,150.75,266.75,346.50,76.92,1.84,141.23
226500,115.75,178.50,150.75,267.00,346.50,77.78,1.82,141.66
227000,115.75,178.50,151.00,267.25,346.50,77.78,1.82,141.66
227500,115.75,178.75,151.00,267.50,346.50,75.39,1.82,137.20
228000,115.75,178.50,151.00,267.75,346.50,75.39,1.82,137.20
228500,115.75,178.75,151.00,268.00,346.50,81.20,1.83,148.69
229000,115.75,178.75,151.00,268.25,346.50,81.20,1.83,148.69
229500,115.75,178.50,151.00,268.25,346.50,77.10,1.83,141.06
230000,115.75,178.75,151.00,268.50,346.75,77.10,1.83,141.06
230500,115.75,178.75,151.25,268.75,346.75,80.56,1.83,147.66
231000,116.00,178.50,151.25,269.00,346.75,80.56,1.83,147.66
231500,115.75,178.75,151.25,269.00,346.75,78.01,1.81,141.56
232000,116.00,178.50,151.25,269.25,346.75,78.01,1.81,141.56
232500,116.00,178.50,151.25,269.50,346.75,78.41,1.83,143.79
233000,115.75,178.75,151.25,269.75,346.75,78.41,1.83,143.79
233500,115.75,178.50,151.25,270.00,346.75,80.88,1.85,149.26
234000,115.75,178.50,151.25,270.00,347.00,80.88,1.85,149.26
234500,116.00,178.50,151.25,270.25,347.00,77.77,1.83,142.27
235000,116.00,178.50,151.25,270.25,347.00,77.77,1.83,142.27
235500,116.00,178.50,151.50,270.50,347.00,77.59,1.84,142.80
236000,115.75,178.50,151.25,270.75,347.00,77.59,1.84,142.80
236500,116.00,178.50,151.50,271.00,347.00,77.90,1.85,144.42
237000,116.00,178.50,151.50,271.25,347.00,77.90,1.85,144.42
237500,116.00,178.50,151.50,271.50,347.00,76.65,1.84,141.07
238000,115.75,178.50,151.50,271.50,347.00,76.65,1.84,141.07
238500,116.00,178.50,151.50,271.75,347.00,73.88,1.83,135.43
239000,116.00,178.50,151.50,272.00,347.25,73.88,1.83,135.43
239500,116.00,178.50,151.50,272.25,347.25,76.50,1.85,141.27
240000,116.00,178.50,151.75,272.50,347.25,76.50,1.85,141.27
240500,116.00,178.50,151.75,272.75,347.25,77.91,1.84,143.60
241000,116.00,178.50,151.75,273.00,347.25,77.91,1.84,143.60
241500,116.00,178.50,151.75,273.25,347.25,77.24,1.87,144.60
242000,116.00,178.25,152.00,273.25,347.50,77.24,1.87,144.60
242500,116.00,178.50,152.00,273.50,347.50,77.26,1.84,142.04
243000,116.00,178.50,152.00,273.75,347.50,77.26,1.84,142.04
243500,116.00,178.50,152.00,274.00,347.50,76.97,1.85,142.37
244000,116.00,178.50,152.00,274.00,347.75,76.97,1.85,142.37
244500,116.00,178.50,152.25,274.25,347.50,76.23,1.87,142.54
245000,116.00,178.50,152.25,274.50,347.50,76.23,1.87,142.54
245500,116.00,178.50,152.50,274.75,347.75,79.09,1.89,149.38
246000,116.00,178.50,152.50,275.00,347.75,79.09,1.89,149.38
246500,116.00,178.50,152.50,275.25,347.75,80.08,1.85,148.25
247000,116.00,178.50,152.50,275.50,347.75,80.08,1.85,148.25
247500,116.00,178.50,152.50,275.75,347.75,78.67,1.88,148.03
248000,116.00,178.50,152.50,276.00,347.75,78.67,1.88,148.03
248500,116.00,178.75,152.75,276.25,348.00,78.78,1.84,144.61
249000,116.25,178.50,152.75,276.25,348.00,78.78,1.84,144.61
249500,116.00,178.50,152.75,276.75,347.75,78.70,1.84,145.03
250000,116.25,178.75,153.00,276.75,348.00,78.70,1.84,145.03
250500,116.25,178.50,153.00,277.00,348.00,73.07,1.85,134.94
251000,116.25,178.50,153.00,277.25,348.25,73.07,1.85,134.94
251500,116.25,178.75,153.00,277.50,348.25,77.49,1.84,142.60
252000,116.25,178.50,153.00,277.75,348.25,77.49,1.84,142.60
252500,116.25,178.75,153.25,278.00,348.25,77.36,1.84,142.48
253000,116.25,178.75,153.25,278.25,348.25,77.36,1.84,142.48
253500,116.25,178.50,153.25,278.50,348.25,75.07,1.86,139.49
254000,116.25,178.50,153.25,278.75,348.25,75.07,1.86,139.49
254500,116.25,178.50,153.25,279.00,348.25,79.06,1.87,147.53
255000,116.25,178.50,153.25,279.00,348.50,79.06,1.87,147.53
255500,116.25,178.50,153.25,279.50,348.50,78.20,1.85,144.35
256000,116.25,178.50,153.25,279.75,348.50,78.20,1.85,144.35
256500,116.25,178.50,153.50,279.75,348.50,80.80,1.85,149.09
257000,116.25,178.50,153.50,280.00,348.50,80.80,1.85,149.09
257500,116.25,178.50,153.50,280.25,348.75,74.00,1.87,138.53
258000,116.25,178.50,153.50,280.50,348.75,74.00,1.87,138.53
258500,116.25,178.50,153.50,280.75,348.75,79.42,1.87,148.43
259000,116.25,178.50,153.50,281.00,348.75,79.42,1.87,148.43
259500,116.25,178.50,153.75,281.25,348.75,78.22,1.88,146.91
260000,116.25,178.50,153.75,281.50,348.75,78.22,1.88,146.91
260500,116.25,178.50,153.75,281.75,348.75,79.45,1.85,146.73
261000,116.25,178.50,153.75,281.75,349.00,79.45,1.85,146.73
261500,116.25,178.50,153.75,282.00,349.00,77.10,1.86,143.47
262000,116.25,178.50,153.75,282.25,349.00,77.10,1.86,143.47
262500,116.25,178.50,153.75,282.50,349.00,79.99,1.89,151.29
263000,116.25,178.50,154.00,283.00,349.00,79.99,1.89,151.29
263500,116.25,178.50,154.00,283.00,349.00,85.36,1.85,158.09
264000,116.25,178.50,154.00,283.00,349.00,85.36,1.85,158.09
264500,116.25,178.50,154.00,283.50,349.00,73.45,1.88,137.86
265000,116.50,178.50,154.00,283.75,349.25,73.45,1.88,137.86
265500,116.50,178.50,154.00,284.00,349.25,75.82,1.88,142.33
266000,116.50,178.50,154.00,284.00,349.25,75.82,1.88,142.33
266500,116.50,178.25,154.00,284.25,349.25,78.09,1.87,146.32
267000,116.50,178.50,154.00,284.50,349.50,78.09,1.87,146.32
267500,116.50,178.25,154.00,284.75,349.50,76.90,1.88,144.36
268000,116.50,178.50,154.00,285.00,349.50,76.90,1.88,144.36
268500,116.50,178.25,154.25,285.25,349.75,79.99,1.88,150.69
269000,116.50,178.50,154.25,285.50,349.50,79.99,1.88,150.69
269500,116.50,178.25,154.25,285.75,349.50,80.00,1.87,149.96
270000,116.50,178.50,154.25,285.75,349.75,80.00,1.87,149.96
270500,116.50,178.50,154.25,286.25,349.75,81.51,1.87,152.52
271000,116.50,178.25,154.25,286.25,349.75,81.51,1.87,152.52
271500,116.50,178.50,154.25,286.50,349.75,74.82,1.87,140.03
272000,116.50,178.25,154.25,286.75,349.75,74.82,1.87,140.03
272500,116.50,178.50,154.25,287.00,350.00,76.48,1.88,143.50
273000,116.50,178.25,154.50,287.25,350.00,76.48,1.88,143.50
273500,116.50,178.25,154.25,287.50,350.00,74.65,1.85,138.34
274000,116.50,178.25,154.25,287.75,350.00,74.65,1.85,138.34
274500,116.50,178.25,154.25,287.75,350.00,80.89,1.87,151.04
275000,116.50,178.25,154.25,288.00,350.00,80.89,1.87,151.04
275500,116.50,178.25,154.50,288.25,350.25,75.68,1.87,141.80
276000,116.50,178.25,154.50,288.50,350.25,75.68,1.87,141.80
276500,116.50,178.25,154.50,288.75,350.25,78.74,1.86,146.14
277000,116.50,178.25,154.50,289.00,350.25,78.74,1.86,146.14
277500,116.50,178.25,154.50,289.00,350.50,76.10,1.85,140.79
278000,116.50,178.25,154.50,289.25,350.25,76.10,1.85,140.79
278500,116.50,178.25,154.50,289.50,350.25,76.00,1.87,141.93
279000,116.50,178.25,154.50,289.75,350.50,76.00,1.87,141.93
279500,116.50,178.25,154.50,290.00,350.50,78.42,1.88,147.49
280000,116.50,178.25,154.50,290.25,350.50,78.42,1.88,147.49
280500,116.50,178.25,154.50,290.50,350.50,78.19,1.87,145.86
281000,116.50,178.25,154.50,290.50,350.75,78.19,1.87,145.86
281500,116.50,178.25,154.50,290.75,350.75,77.65,1.85,143.83
282000,116.50,178.25,154.50,291.00,350.75,77.65,1.85,143.83
282500,116.50,178.00,154.50,291.25,350.75,79.42,1.87,148.41
283000,116.50,178.25,154.75,291.50,350.75,79.42,1.87,148.41
283500,116.50,178.00,154.75,291.50,350.75,78.30,1.86,146.00
284000,116.50,178.25,154.75,291.75,351.00,78.30,1.86,146.00
284500,116.50,178.25,154.75,292.00,351.00,72.03,1.88,135.38
285000,116.50,178.25,154.75,292.25,351.00,72.03,1.88,135.38
285500,116.50,178.25,154.75,292.50,351.00,76.56,1.85,141.76
286000,116.50,178.00,154.75,292.75,351.25,76.56,1.85,141.76
286500,116.50,178.25,154.75,293.00,351.25,72.01,1.86,133.86
287000,116.50,178.00,154.75,293.00,351.25,72.01,1.86,133.86
287500,116.50,178.00,154.75,293.25,351.25,77.96,1.87,145.66
288000,116.50,178.00,154.75,293.50,351.50,77.96,1.87,145.66
288500,116.50,178.00,154.75,293.75,351.25,78.65,1.89,148.87
289000,116.50,178.00,154.75,294.00,351.25,78.65,1.89,148.87
289500,116.50,178.00,155.00,294.25,351.50,79.64,1.86,148.18
290000,116.50,178.00,155.00,294.25,351.50,79.64,1.86,148.18
290500,116.50,178.00,155.00,294.50,351.50,74.38,1.88,139.76
291000,116.50,178.00,155.00,294.75,351.75,74.38,1.88,139.76
291500,116.75,178.00,155.00,295.00,351.75,80.65,1.88,151.68
292000,116.50,178.00,155.00,295.25,351.75,80.65,1.88,151.68
292500,116.75,178.00,155.00,295.25,351.75,81.41,1.85,150.68
293000,116.50,178.00,155.00,295.50,351.75,81.41,1.85,150.68
293500,116.50,178.00,155.00,295.75,352.00,81.03,1.85,150.18
294000,116.50,178.00,155.00,296.00,352.00,81.03,1.85,150.18
294500,116.50,178.00,155.00,296.00,352.00,77.26,1.82,140.77
295000,116.75,178.00,155.25,296.25,352.00,77.26,1.82,140.77
295500,116.50,178.00,155.25,296.50,352.00,73.86,1.82,134.45
296000,116.50,178.00,155.25,296.75,352.25,73.86,1.82,134.45
296500,116.50,178.00,155.25,296.75,352.25,77.15,1.86,143.45
297000,116.75,178.00,155.25,297.25,352.25,77.15,1.86,143.45
297500,116.50,178.00,155.25,297.25,352.25,77.49,1.86,144.28
298000,116.75,178.00,155.25,297.50,352.25,77.49,1.86,144.28
298500,116.50,178.00,155.25,297.75,352.50,78.63,1.84,144.31
299000,116.50,177.75,155.25,297.75,352.50,78.63,1.84,144.31
299500,116.50,178.00,155.25,298.00,352.50,74.78,1.85,138.54
300000,116.75,177.75,155.50,298.25,352.50,74.78,1.85,138.54
300500,116.75,178.00,155.50,298.50,352.75,77.37,1.86,143.68
301000,116.50,178.00,155.50,298.50,352.75,77.37,1.86,143.68
301500,116.75,177.75,155.50,298.75,352.75,79.04,1.84,145.38
302000,116.50,178.00,155.50,299.00,352.75,79.04,1.84,145.38
302500,116.75,177.75,155.50,299.25,353.00,73.61,1.82,134.32
303000,116.50,177.75,155.50,299.25,352.75,73.61,1.82,134.32
303500,116.75,177.75,155.50,299.75,353.00,79.25,1.91,151.74
304000,116.75,177.75,155.50,299.75,353.00,79.25,1.91,151.74
304500,116.75,177.75,155.50,300.00,353.00,76.81,1.91,146.48
305000,116.75,177.75,155.50,300.25,353.00,76.81,1.91,146.48
305500,116.50,177.75,155.75,300.25,353.25,76.84,1.92,147.61
306000,116.75,177.75,155.75,300.75,353.25,76.84,1.92,147.61
306500,116.50,177.75,155.75,300.75,353.25,80.00,1.91,152.61
307000,116.75,177.75,155.50,301.00,353.25,80.00,1.91,152.61
307500,116.75,177.75,155.75,301.25,353.50,74.83,1.92,143.83
308000,116.75,177.75,155.75,301.25,353.50,74.83,1.92,143.83
308500,116.75,177.75,155.75,301.50,353.50,79.72,1.91,152.03
309000,116.50,177.75,155.75,301.75,353.50,79.72,1.91,152.03
309500,116.75,177.75,155.75,302.00,353.75,78.19,1.91,149.44
310000,116.75,177.50,155.75,302.25,353.75,78.19,1.91,149.44
310500,116.75,177.75,155.75,302.50,353.75,76.24,1.94,147.66
311000,116.75,177.75,155.75,302.50,353.75,76.24,1.94,147.66
311500,116.75,177.75,155.75,302.75,354.00,78.19,1.91,149.13
312000,116.75,177.75,156.00,302.75,354.00,78.19,1.91,149.13
312500,116.75,177.75,156.00,303.00,354.00,78.89,1.92,151.85
313000,116.75,177.50,156.00,303.25,354.00,78.89,1.92,151.85
313500,116.75,177.50,156.00,303.25,354.00,77.35,1.92,148.48
314000,116.75,177.75,156.00,303.50,354.25,77.35,1.92,148.48
314500,116.75,177.75,156.00,304.00,354.25,78.56,1.92,150.82
315000,116.75,177.50,156.00,304.00,354.25,78.56,1.92,150.82
315500,116.75,177.75,156.00,304.00,354.25,76.20,1.91,145.73
316000,116.75,177.50,156.00,304.25,354.50,76.20,1.91,145.73
316500,116.75,177.75,156.00,304.50,354.50,73.37,1.91,140.31
317000,116.75,177.50,156.25,304.75,354.50,73.37,1.91,140.31
317500,116.75,177.75,156.00,305.00,354.50,77.47,1.95,151.18
318000,116.75,177.50,156.00,305.25,354.50,77.47,1.95,151.18
318500,116.75,177.50,156.25,305.25,354.75,77.97,1.97,153.43
319000,116.75,177.50,156.25,305.50,354.75,77.97,1.97,153.43
319500,116.75,177.50,156.25,305.75,354.75,76.97,1.92,147.95
320000,116.75,177.75,156.25,305.75,354.75,76.97,1.92,147.95
320500,116.75,177.50,156.25,306.25,354.75,80.46,1.94,156.49
321000,116.75,177.50,156.25,306.25,355.00,80.46,1.94,156.49
321500,116.75,177.50,156.25,306.50,355.00,76.43,1.90,145.15
322000,116.75,177.50,156.25,306.50,355.00,76.43,1.90,145.15
322500,116.75,177.50,156.50,306.75,355.00,75.95,1.93,146.61
323000,116.75,177.50,156.50,307.00,355.25,75.95,1.93,146.61
323500,116.75,177.50,156.50,307.25,355.25,75.22,1.94,145.63
324000,116.75,177.50,156.50,307.25,355.50,75.22,1.94,145.63
324500,116.75,177.50,156.50,307.50,355.25,80.50,1.92,154.43
325000,116.75,177.50,156.50,307.75,355.50,80.50,1.92,154.43
325500,116.75,177.50,156.75,308.00,355.50,76.56,1.91,145.86
326000,116.75,177.50,156.75,308.00,355.50,76.56,1.91,145.86
326500,116.75,177.50,156.75,308.25,355.50,76.69,1.92,147.18
327000,116.75,177.50,157.00,308.50,355.75,76.69,1.92,147.18
327500,116.75,177.50,156.75,308.50,355.75,76.82,1.91,146.35
328000,116.75,177.50,157.00,308.75,355.75,76.82,1.91,146.35
328500,116.75,177.50,157.00,309.00,355.75,73.30,1.91,140.25
329000,116.75,177.50,157.00,309.25,355.75,73.30,1.91,140.25
329500,116.75,177.50,157.00,309.25,355.75,75.76,1.89,142.98
330000,117.00,177.50,157.00,309.75,356.00,75.76,1.89,142.98
330500,116.75,177.50,157.25,309.75,356.00,76.78,1.89,145.33
331000,116.75,177.50,157.25,310.00,356.25,76.78,1.89,145.33
331500,117.00,177.50,157.25,310.25,356.25,77.09,1.91,146.87
332000,116.75,177.50,157.25,310.25,356.25,77.09,1.91,146.87
332500,116.75,177.50,157.25,310.50,356.25,74.94,1.90,142.37
333000,116.75,177.50,157.25,310.75,356.50,74.94,1.90,142.37
333500,116.75,177.50,157.50,310.75,356.50,77.09,1.87,144.25
334000,116.75,177.50,157.50,311.00,356.50,77.09,1.87,144.25
334500,116.75,177.50,157.50,311.25,356.50,80.95,1.90,153.67
335000,116.75,177.50,157.75,311.25,356.50,80.95,1.90,153.67
335500,117.00,177.50,157.75,311.50,356.75,78.18,1.87,146.33
336000,116.75,177.50,157.75,311.75,356.75,78.18,1.87,146.33
336500,116.75,177.50,157.75,311.75,356.75,76.36,1.87,142.66
337000,116.75,177.50,158.00,312.00,356.75,76.36,1.87,142.66
337500,117.00,177.50,158.00,312.25,357.00,76.16,1.88,143.16
338000,116.75,177.25,158.00,312.50,357.00,76.16,1.88,143.16
338500,117.00,177.50,158.00,312.50,357.00,78.41,1.88,147.28
339000,117.00,177.25,158.25,312.75,357.25,78.41,1.88,147.28
339500,117.00,177.50,158.25,313.00,357.25,79.27,1.88,148.77
340000,117.00,177.50,158.25,313.00,357.50,79.27,1.88,148.77
340500,117.00,177.25,158.50,313.25,357.50,75.19,1.89,142.35
341000,117.00,177.50,158.50,313.50,357.25,75.19,1.89,142.35
341500,117.00,177.50,158.50,313.75,357.50,75.19,1.88,141.11
342000,117.00,177.25,158.50,313.75,357.50,75.19,1.88,141.11
342500,116.75,177.50,158.50,314.00,357.75,78.00,1.88,146.45
343000,117.00,177.25,158.75,314.00,357.75,78.00,1.88,146.45
343500,117.00,177.50,158.75,314.25,357.75,75.61,1.87,141.44
344000,117.00,177.25,158.75,314.50,357.75,75.61,1.87,141.44
344500,117.00,177.25,159.00,314.75,358.00,77.57,1.90,147.70
345000,117.00,177.50,158.75,314.75,358.00,77.57,1.90,147.70
345500,117.00,177.25,159.00,315.00,358.00,79.09,1.92,151.82
346000,117.00,177.25,159.00,315.25,358.00,79.09,1.92,151.82
346500,117.00,177.25,159.00,315.25,358.25,80.70,1.88,151.36
347000,117.00,177.25,159.25,315.50,358.25,80.70,1.88,151.36
347500,117.00,177.50,159.25,315.75,358.25,75.89,1.85,140.74
348000,117.00,177.25,159.25,315.75,358.25,75.89,1.85,140.74
348500,117.00,177.25,159.25,316.00,358.50,75.06,1.85,139.10
349000,117.00,177.50,159.25,316.00,358.50,75.06,1.85,139.10
349500,117.00,177.25,159.50,316.25,358.50,78.67,1.90,149.29
350000,117.00,177.25,159.50,316.50,358.50,78.67,1.90,149.29
350500,117.00,177.25,159.50,316.75,358.75,74.96,1.88,140.98
351000,117.00,177.25,159.75,316.75,358.75,74.96,1.88,140.98
351500,117.00,177.25,159.75,317.00,358.75,74.47,1.86,138.72
352000,117.00,177.25,159.75,317.25,358.75,74.47,1.86,138.72
352500,117.00,177.25,159.75,317.50,359.00,75.03,1.85,139.09
353000,117.00,177.25,160.00,317.50,359.00,75.03,1.85,139.09
353500,117.00,177.25,160.00,317.75,359.00,77.47,1.90,146.85
354000,117.00,177.25,160.00,317.75,359.25,77.47,1.90,146.85
354500,117.00,177.25,160.00,318.00,359.25,75.36,1.88,141.32
355000,117.00,177.25,160.00,318.25,359.25,75.36,1.88,141.32
355500,117.00,177.25,160.25,318.50,359.50,79.15,1.87,148.04
356000,117.00,177.25,160.25,318.50,359.50,79.15,1.87,148.04
356500,117.00,177.25,160.25,318.75,359.50,76.62,1.84,141.05
357000,117.00,177.25,160.25,319.00,359.75,76.62,1.84,141.05
357500,117.00,177.25,160.25,319.00,359.75,79.21,1.86,147.15
358000,117.00,177.25,160.50,319.25,359.75,79.21,1.86,147.15
358500,117.00,177.25,160.50,319.50,359.75,79.91,1.81,144.71
359000,117.00,177.25,160.50,319.50,359.75,79.91,1.81,144.71
359500,117.00,177.25,160.50,319.75,360.00,76.99,1.82,140.47
360000,117.00,177.00,160.50,320.00,360.00,76.99,1.82,140.47
360500,117.00,177.25,160.75,320.00,360.00,76.77,1.84,141.24
361000,117.00,177.00,160.75,320.25,360.00,76.77,1.84,141.24
361500,117.00,177.00,160.75,320.50,360.25,74.72,1.81,135.10
362000,117.00,177.25,160.75,320.50,360.25,74.72,1.81,135.10
362500,117.00,177.25,161.00,320.75,360.25,73.42,1.84,134.95
363000,117.00,177.25,160.75,321.00,360.50,73.42,1.84,134.95
363500,117.00,177.00,161.00,321.00,360.50,76.58,1.81,138.43
364000,117.00,177.25,161.00,321.25,360.75,76.58,1.81,138.43
364500,117.00,177.00,161.00,321.50,360.50,77.18,1.80,138.73
365000,117.00,177.25,161.25,321.75,360.50,77.18,1.80,138.73
365500,117.00,177.00,161.00,321.75,360.75,78.32,1.84,144.33
366000,117.00,177.00,161.25,322.00,360.75,78.32,1.84,144.33
366500,117.00,177.00,161.25,322.00,360.75,79.97,1.88,150.07
367000,117.00,177.00,161.25,322.25,360.75,79.97,1.88,150.07
367500,117.00,177.00,161.25,322.25,361.00,77.00,1.80,138.44
368000,117.00,177.00,161.25,322.50,361.00,77.00,1.80,138.44
368500,117.00,177.25,161.50,322.75,361.00,80.15,1.82,145.50
369000,117.00,177.25,161.50,322.75,361.25,80.15,1.82,145.50
369500,117.00,177.25,161.50,323.00,361.25,75.43,1.84,138.63
370000,117.00,177.00,161.50,323.25,361.25,75.43,1.84,138.63
370500,117.00,177.00,161.50,323.25,361.25,80.79,1.80,145.79
371000,117.00,177.00,161.75,323.50,361.50,80.79,1.80,145.79
371500,117.00,177.25,161.75,323.75,361.50,76.45,1.79,136.47
372000,117.00,177.00,161.75,323.75,361.50,76.45,1.79,136.47
372500,117.00,177.00,161.75,323.75,361.75,78.59,1.84,144.66
373000,117.00,177.00,161.75,324.00,361.75,78.59,1.84,144.66
373500,117.00,177.00,162.00,324.50,361.75,77.08,1.80,138.87
374000,117.00,177.00,162.00,324.50,361.75,77.08,1.80,138.87
374500,117.00,177.00,162.00,324.75,362.00,79.01,1.81,142.99
375000,117.00,177.00,162.00,324.75,362.00,79.01,1.81,142.99
375500,117.00,177.00,162.00,325.00,362.00,79.12,1.85,146.47
376000,117.00,177.00,162.00,325.00,362.25,79.12,1.85,146.47
376500,117.00,177.00,162.25,325.25,362.25,78.46,1.82,142.93
377000,117.00,177.00,162.25,325.25,362.25,78.46,1.82,142.93
377500,117.00,177.25,162.25,325.50,362.50,79.29,1.81,143.12
378000,117.00,177.00,162.25,325.75,362.50,79.29,1.81,143.12
378500,117.00,177.25,162.25,326.00,362.50,78.27,1.83,143.43
379000,117.00,177.00,162.25,326.00,362.50,78.27,1.83,143.43
379500,117.00,177.25,162.50,326.25,362.50,74.31,1.82,135.30
380000,117.00,177.00,162.50,326.25,362.75,74.31,1.82,135.30
380500,117.25,177.00,162.50,326.50,362.75,75.86,1.81,137.18
381000,117.25,177.00,162.50,326.75,362.75,75.86,1.81,137.18
381500,117.25,177.00,162.50,327.00,363.00,77.05,1.84,141.89
382000,117.25,177.00,162.75,327.00,363.00,77.05,1.84,141.89
382500,117.25,177.00,162.75,327.25,363.00,77.72,1.82,141.73
383000,117.00,177.00,162.75,327.50,363.00,77.72,1.82,141.73
383500,117.25,177.00,162.75,327.50,363.25,78.87,1.81,143.14
384000,117.25,177.00,163.00,327.75,363.25,78.87,1.81,143.14
384500,117.00,177.00,163.00,327.75,363.25,77.02,1.81,139.39
385000,117.25,177.00,163.00,328.00,363.50,77.02,1.81,139.39
385500,117.00,177.00,163.00,328.25,363.50,76.11,1.84,139.78
386000,117.00,177.00,163.00,328.25,363.50,76.11,1.84,139.78
386500,117.25,177.00,163.00,328.50,363.50,76.30,1.80,137.40
387000,117.00,177.00,163.00,328.50,363.75,76.30,1.80,137.40
387500,117.00,177.00,163.00,328.75,363.75,78.75,1.81,142.49
388000,117.00,177.00,163.00,328.75,363.75,78.75,1.81,142.49
388500,117.00,176.75,163.00,329.00,364.00,77.31,1.78,137.48
389000,117.00,177.00,163.00,329.25,364.00,77.31,1.78,137.48
389500,117.25,177.00,163.25,329.50,364.00,76.86,1.79,137.82
390000,117.25,177.00,163.25,329.50,364.25,76.86,1.79,137.82
390500,117.25,177.00,163.25,329.50,364.25,78.18,1.80,140.91
391000,117.00,177.00,163.25,329.75,364.25,78.18,1.80,140.91
391500,117.25,177.00,163.50,330.00,364.25,73.87,1.78,131.14
392000,117.25,177.00,163.50,330.00,364.50,73.87,1.78,131.14
392500,117.00,177.00,163.50,330.25,364.50,78.24,1.80,140.78
393000,117.25,177.00,163.50,330.50,364.50,78.24,1.80,140.78
393500,117.25,177.00,163.50,330.50,364.50,77.06,1.80,138.89
394000,117.00,176.75,163.25,330.75,364.75,77.06,1.80,138.89
394500,117.25,177.00,163.50,330.75,364.75,82.95,1.80,148.91
395000,117.25,177.00,163.75,331.00,364.75,82.95,1.80,148.91
395500,117.25,177.00,163.75,331.25,365.00,75.27,1.80,135.24
396000,117.25,177.00,163.75,331.50,365.00,75.27,1.80,135.24
396500,117.25,177.00,163.75,331.50,365.00,76.56,1.80,138.13
397000,117.25,177.00,163.75,331.75,365.00,76.56,1.80,138.13
397500,117.25,177.00,163.75,331.75,365.25,75.34,1.82,136.82
398000,117.25,177.00,163.75,332.00,365.25,75.34,1.82,136.82
398500,117.25,177.00,164.00,332.25,365.50,75.58,1.83,138.26
399000,117.25,177.00,164.00,332.50,365.50,75.58,1.83,138.26
399500,117.25,177.00,164.00,332.50,365.50,78.58,1.77,139.19
400000,117.25,177.00,164.00,332.50,365.50,78.58,1.77,139.19
400500,117.25,177.00,164.25,332.75,365.75,80.23,1.76,141.52
401000,117.25,176.75,164.25,333.00,365.75,80.23,1.76,141.52
401500,117.25,177.00,164.25,333.00,365.75,75.38,1.78,134.26
402000,117.25,176.75,164.25,333.25,366.00,75.38,1.78,134.26
402500,117.25,177.00,164.25,333.50,365.75,78.47,1.78,139.85
403000,117.25,177.00,164.25,333.50,366.00,78.47,1.78,139.85
403500,117.25,177.00,164.25,333.75,366.00,76.82,1.78,136.46
404000,117.25,177.00,164.25,333.75,366.25,76.82,1.78,136.46
404500,117.25,176.75,164.25,334.00,366.25,75.02,1.79,134.52
405000,117.25,177.00,164.25,334.25,366.25,75.02,1.79,134.52
405500,117.25,176.75,164.50,334.25,366.50,79.98,1.78,142.00
406000,117.25,177.00,164.50,334.50,366.50,79.98,1.78,142.00
406500,117.25,177.00,164.50,334.50,366.50,81.72,1.78,145.08
407000,117.25,177.00,164.50,334.75,366.50,81.72,1.78,145.08
407500,117.25,177.00,164.75,335.00,366.75,73.88,1.80,132.92
408000,117.25,177.00,164.50,335.00,366.75,73.88,1.80,132.92
408500,117.25,177.00,164.75,335.25,366.75,75.91,1.79,136.09
409000,117.25,177.00,164.75,335.50,366.75,75.91,1.79,136.09
409500,117.25,177.00,164.75,335.50,367.00,80.17,1.76,140.84
410000,117.25,176.75,164.75,335.75,367.00,80.17,1.76,140.84
410500,117.25,177.00,164.75,335.75,367.00,77.39,1.79,138.70
411000,117.25,176.75,165.00,336.00,367.25,77.39,1.79,138.70
411500,117.25,177.00,165.00,336.25,367.25,81.36,1.79,146.03
412000,117.25,177.00,165.00,336.25,367.25,81.36,1.79,146.03
412500,117.25,177.00,165.00,336.50,367.25,76.73,1.78,136.91
413000,117.25,176.75,165.00,336.50,367.25,76.73,1.78,136.91
413500,117.25,176.75,165.25,336.75,367.50,84.18,1.78,149.75
414000,117.25,177.00,165.25,337.00,367.50,84.18,1.78,149.75
414500,117.25,176.75,165.25,337.00,367.50,77.16,1.79,137.90
415000,117.25,177.00,165.25,337.25,367.75,77.16,1.79,137.90
415500,117.25,176.75,165.25,337.25,367.75,78.62,1.79,140.49
416000,117.25,176.75,165.25,337.50,367.75,78.62,1.79,140.49
416500,117.25,176.75,165.50,337.75,368.00,78.47,1.76,138.32
417000,117.50,176.75,165.50,337.75,368.00,78.47,1.76,138.32
417500,117.25,176.75,165.50,338.00,368.00,78.21,1.81,141.77
418000,117.25,176.75,165.50,338.25,368.25,78.21,1.81,141.77
418500,117.25,176.75,165.50,338.25,368.25,74.92,1.77,132.96
419000,117.25,176.75,165.75,338.50,368.25,74.92,1.77,132.96
419500,117.25,176.75,165.50,338.50,368.50,77.53,1.77,137.42
420000,117.25,176.75,165.75,338.75,368.50,77.53,1.77,137.42
420500,117.25,176.75,165.75,338.75,368.50,77.80,1.78,138.86
421000,117.25,176.75,165.75,339.00,368.50,77.80,1.78,138.86
421500,117.25,176.75,165.75,339.00,368.75,74.12,1.78,131.88
422000,117.25,176.75,165.75,339.25,368.75,74.12,1.78,131.88
422500,117.25,176.75,166.00,339.50,368.75,78.85,1.79,140.99
423000,117.25,176.75,166.00,339.50,368.75,78.85,1.79,140.99
423500,117.50,176.75,166.00,339.75,369.00,74.85,1.76,132.08
424000,117.25,176.75,166.00,340.00,369.00,74.85,1.76,132.08
424500,117.25,176.75,166.00,340.00,369.00,78.28,1.79,140.26
425000,117.25,176.75,166.00,340.25,369.25,78.28,1.79,140.26
425500,117.25,176.75,166.00,340.25,369.25,79.18,1.76,139.26
426000,117.25,176.75,166.00,340.50,369.25,79.18,1.76,139.26
426500,117.50,176.75,166.25,340.75,369.50,75.66,1.78,134.62
427000,117.50,176.75,166.25,340.75,369.50,75.66,1.78,134.62
427500,117.50,176.75,166.25,341.00,369.50,75.99,1.80,136.72
428000,117.25,176.75,166.25,341.00,369.50,75.99,1.80,136.72
428500,117.25,176.75,166.25,341.25,369.75,79.03,1.77,139.94
429000,117.50,176.75,166.25,341.25,369.75,79.03,1.77,139.94
429500,117.50,176.75,166.50,341.50,369.75,78.75,1.78,140.54
430000,117.25,176.75,166.50,341.75,370.00,78.75,1.78,140.54
430500,117.50,176.75,166.50,341.75,370.00,76.95,1.77,136.21
431000,117.25,176.75,166.50,342.00,370.00,76.95,1.77,136.21
431500,117.25,176.75,166.50,342.00,370.00,75.55,1.73,130.93
432000,117.50,176.75,166.75,342.25,370.25,75.55,1.73,130.93
432500,117.25,176.75,166.75,342.50,370.25,78.78,1.77,139.51
433000,117.50,176.75,166.75,342.50,370.25,78.78,1.77,139.51
433500,117.50,176.75,166.75,342.75,370.50,79.86,1.80,143.61
434000,117.50,176.75,166.75,342.75,370.50,79.86,1.80,143.61
434500,117.25,176.75,167.00,343.00,370.50,81.00,1.79,144.83
435000,117.50,176.75,167.00,343.25,370.50,81.00,1.79,144.83
435500,117.50,176.75,167.00,343.25,370.75,78.03,1.77,138.39
436000,117.50,176.50,167.00,343.50,370.75,78.03,1.77,138.39
436500,117.25,176.75,167.00,343.50,371.00,74.91,1.81,135.27
437000,117.25,176.75,167.25,343.75,370.75,74.91,1.81,135.27
437500,117.50,176.75,167.25,344.00,371.00,77.80,1.85,143.68
438000,117.50,176.75,167.25,344.00,371.25,77.80,1.85,143.68
438500,117.50,176.75,167.25,344.25,371.25,74.83,1.78,133.35
439000,117.50,176.75,167.25,344.25,371.25,74.83,1.78,133.35
439500,117.50,176.50,167.25,344.50,371.25,78.28,1.78,139.51
440000,117.50,176.75,167.50,344.75,371.50,78.28,1.78,139.51
440500,117.50,176.75,167.50,344.75,371.50,76.98,1.80,138.36
441000,117.50,176.75,167.50,344.75,371.50,76.98,1.80,138.36
441500,117.50,176.75,167.50,345.25,371.75,75.38,1.77,133.67
442000,117.50,176.75,167.50,345.25,371.75,75.38,1.77,133.67
442500,117.50,176.75,167.50,345.50,371.75,79.97,1.78,142.35
443000,117.50,176.50,167.50,345.50,371.75,79.97,1.78,142.35
443500,117.50,176.75,167.75,345.75,372.00,76.76,1.79,137.64
444000,117.50,176.75,167.50,345.75,372.00,76.76,1.79,137.64
444500,117.50,176.75,167.50,346.00,372.00,75.04,1.81,135.47
445000,117.50,176.75,167.75,346.00,372.25,75.04,1.81,135.47
445500,117.50,176.50,167.75,346.25,372.25,79.81,1.77,141.16
446000,117.50,176.75,167.75,346.25,372.25,79.81,1.77,141.16
446500,117.50,176.75,167.75,346.50,372.25,73.02,1.78,129.93
447000,117.50,176.50,167.75,346.75,372.50,73.02,1.78,129.93
447500,117.50,176.50,168.00,346.75,372.50,76.06,1.80,136.90
448000,117.50,176.50,168.00,347.00,372.50,76.06,1.80,136.90
448500,117.50,176.75,168.00,347.25,372.50,74.06,1.82,135.12
449000,117.50,176.75,168.00,347.25,372.75,74.06,1.82,135.12
449500,117.50,176.50,168.00,347.25,372.75,75.77,1.79,135.85
450000,117.50,176.75,168.25,347.50,372.75,75.77,1.79,135.85
450500,117.50,176.50,168.25,347.75,373.00,73.68,1.80,132.74
451000,117.50,176.50,168.25,348.00,373.00,73.68,1.80,132.74
451500,117.50,176.50,168.25,348.00,373.25,74.53,1.82,135.32
452000,117.50,176.75,168.25,348.25,373.25,74.53,1.82,135.32
452500,117.50,176.50,168.50,348.25,373.25,75.83,1.79,135.65
453000,117.50,176.75,168.50,348.50,373.50,75.83,1.79,135.65
453500,117.50,176.50,168.50,348.75,373.50,79.16,1.76,138.94
454000,117.50,176.50,168.75,348.75,373.50,79.16,1.76,138.94
454500,117.50,176.50,168.75,348.75,373.50,80.68,1.81,145.72
455000,117.50,176.50,168.75,349.00,373.75,80.68,1.81,145.72
455500,117.50,176.50,168.75,349.25,373.75,76.50,1.78,136.16
456000,117.50,176.50,169.00,349.50,373.75,76.50,1.78,136.16
456500,117.50,176.50,169.00,349.50,374.00,76.49,1.81,138.14
457000,117.50,176.50,169.25,349.75,374.00,76.49,1.81,138.14
457500,117.50,176.75,169.25,349.75,374.00,76.84,1.82,139.60
458000,117.50,176.50,169.25,350.00,374.25,76.84,1.82,139.60
458500,117.50,176.75,169.50,350.25,374.50,76.74,1.80,137.83
459000,117.50,176.50,169.50,350.25,374.25,76.74,1.80,137.83
459500,117.50,176.75,169.50,350.25,374.50,77.86,1.80,140.45
460000,117.50,176.50,169.75,350.50,374.50,77.86,1.80,140.45
460500,117.50,176.75,169.75,350.75,374.75,78.58,1.80,141.18
461000,117.50,176.50,170.00,350.75,374.75,78.58,1.80,141.18
461500,117.50,176.75,170.00,351.00,374.75,76.69,1.79,137.37
462000,117.50,176.50,170.25,351.25,374.75,76.69,1.79,137.37
462500,117.50,176.75,170.50,351.25,375.00,74.76,1.77,132.60
463000,117.75,176.75,170.50,351.50,375.00,74.76,1.77,132.60
463500,117.50,176.75,170.75,351.50,375.00,79.51,1.77,141.01
464000,117.75,176.50,170.75,351.75,375.25,79.51,1.77,141.01
464500,117.75,176.75,171.00,351.75,375.25,77.22,1.77,136.93
465000,117.75,176.50,171.25,352.25,375.25,77.22,1.77,136.93
465500,117.50,176.75,171.25,352.25,375.50,79.16,1.80,142.37
466000,117.75,176.75,171.50,352.50,375.50,79.16,1.80,142.37
466500,117.75,176.75,171.75,352.50,375.50,77.71,1.78,138.22
467000,117.75,176.75,171.75,352.75,375.75,77.71,1.78,138.22
467500,117.75,176.75,172.00,352.75,375.75,76.43,1.81,138.36
468000,117.75,176.75,172.25,353.00,375.75,76.43,1.81,138.36
468500,117.75,176.75,172.25,353.00,376.00,80.76,1.77,143.32
469000,117.75,176.75,172.50,353.25,376.00,80.76,1.77,143.32
469500,117.75,176.75,172.75,353.25,376.00,80.89,1.80,145.61
470000,117.75,176.75,172.75,353.50,376.00,80.89,1.80,145.61
470500,117.75,176.75,173.00,353.50,376.25,79.94,1.79,142.70
471000,117.75,176.75,173.25,353.75,376.25,79.94,1.79,142.70
471500,117.75,176.75,173.50,354.00,376.25,76.28,1.82,138.54
472000,117.75,176.75,173.50,354.00,376.50,76.28,1.82,138.54
472500,117.75,176.75,173.50,354.25,376.50,77.77,1.80,139.92
473000,117.75,176.50,173.75,354.50,376.50,77.77,1.80,139.92
473500,117.75,176.75,174.00,354.50,376.75,78.56,1.81,142.01
474000,117.75,176.50,174.00,354.75,376.75,78.56,1.81,142.01
474500,117.75,176.75,174.25,355.00,377.00,76.71,1.81,138.59
475000,117.75,176.50,174.50,355.00,377.00,76.71,1.81,138.59
475500,117.75,176.75,174.50,355.00,377.00,73.74,1.80,132.75
476000,117.75,176.75,174.75,355.50,377.25,73.74,1.80,132.75
476500,117.75,176.75,174.75,355.50,377.25,77.16,1.80,138.82
477000,117.75,176.75,175.00,355.50,377.25,77.16,1.80,138.82
477500,117.75,176.75,175.00,355.75,377.25,77.09,1.78,137.21
478000,117.75,176.75,175.25,356.00,377.50,77.09,1.78,137.21
478500,117.75,176.75,175.25,356.00,377.50,79.24,1.85,146.83
479000,117.75,176.75,175.50,356.25,377.50,79.24,1.85,146.83
479500,117.75,176.75,175.75,356.25,377.75,78.68,1.79,141.20
480000,117.75,176.75,175.75,356.50,377.75,78.68,1.79,141.20
480500,117.75,176.75,176.00,356.50,377.75,81.64,1.78,145.06
481000,117.75,176.75,176.00,356.75,378.00,81.64,1.78,145.06
481500,117.75,176.75,176.25,356.75,378.00,75.55,1.79,135.33
482000,117.75,176.50,176.25,357.00,378.25,75.55,1.79,135.33
482500,117.75,176.75,176.50,357.25,378.00,79.31,1.81,143.45
483000,117.75,176.75,176.50,357.25,378.25,79.31,1.81,143.45
483500,117.75,176.75,176.75,357.50,378.25,77.44,1.80,139.10
484000,117.75,176.75,176.75,357.50,378.25,77.44,1.80,139.10
484500,117.75,176.75,177.00,357.75,378.25,73.44,1.80,132.11
485000,117.75,176.75,177.00,358.00,378.50,73.44,1.80,132.11
485500,117.75,176.50,177.00,358.00,378.50,81.23,1.82,148.10
486000,117.75,176.75,177.25,358.25,378.75,81.23,1.82,148.10
486500,117.75,176.75,177.50,358.25,378.75,77.33,1.77,137.22
487000,117.75,176.75,177.50,358.50,378.75,77.33,1.77,137.22
487500,117.75,176.50,177.75,358.50,378.75,79.44,1.81,143.43
488000,117.75,176.75,178.00,358.75,378.75,79.44,1.81,143.43
488500,117.75,176.75,178.00,359.00,379.00,78.28,1.79,140.51
489000,117.75,176.75,178.00,359.00,379.00,78.28,1.79,140.51
489500,117.75,176.50,178.25,359.00,379.00,75.92,1.79,136.10
490000,117.75,176.75,178.25,359.25,379.25,75.92,1.79,136.10
490500,117.75,176.50,178.25,359.50,379.25,80.12,1.79,143.36
491000,117.75,176.75,178.50,359.50,379.50,80.12,1.79,143.36
491500,117.75,176.50,178.75,359.75,379.50,77.52,1.79,139.11
492000,117.75,176.50,178.75,359.75,379.50,77.52,1.79,139.11
492500,117.75,176.50,179.00,360.00,379.75,75.80,1.79,135.40
493000,117.75,176.50,179.00,360.00,379.75,75.80,1.79,135.40
493500,117.75,176.75,179.25,360.25,379.75,77.34,1.81,140.30
494000,117.75,176.50,179.25,360.50,380.00,77.34,1.81,140.30
494500,117.75,176.50,179.50,360.50,380.00,73.55,1.80,132.74
495000,117.75,176.50,179.50,360.75,380.00,73.55,1.80,132.74
495500,117.75,176.75,179.75,361.00,380.25,79.12,1.80,142.16
496000,117.75,176.50,179.75,361.00,380.25,79.12,1.80,142.16
496500,117.75,176.75,180.00,361.25,380.50,73.25,1.79,130.80
497000,117.75,176.50,180.00,361.25,380.50,73.25,1.79,130.80
497500,117.75,176.50,180.25,361.50,380.50,78.31,1.78,139.73
498000,117.75,176.50,180.25,361.50,380.50,78.31,1.78,139.73
498500,117.75,176.50,180.50,361.75,380.50,81.41,1.78,144.82
499000,117.75,176.50,180.50,361.75,380.75,81.41,1.78,144.82
499500,117.75,176.50,180.50,362.00,381.00,75.64,1.80,136.19
500000,117.75,176.75,180.75,362.25,381.00,75.64,1.80,136.19
500500,118.00,176.50,181.00,362.25,381.00,78.08,1.81,141.46
501000,117.75,176.50,181.00,362.50,381.25,78.08,1.81,141.46
501500,117.75,176.50,181.00,362.75,381.25,73.84,1.79,132.27
502000,117.75,176.50,181.25,362.75,381.25,73.84,1.79,132.27
502500,118.00,176.50,181.25,363.00,381.25,73.08,1.81,131.95
503000,117.75,176.50,181.50,363.00,381.50,73.08,1.81,131.95
503500,117.75,176.50,181.75,363.25,381.50,75.78,1.79,135.33
504000,117.75,176.50,181.75,363.50,381.75,75.78,1.79,135.33
504500,117.75,176.50,182.00,363.75,381.75,79.29,1.79,141.57
505000,118.00,176.50,182.00,363.75,381.75,79.29,1.79,141.57
505500,117.75,176.50,182.00,363.75,381.75,81.98,1.80,147.19
506000,118.00,176.50,182.25,364.00,382.00,81.98,1.80,147.19
506500,118.00,176.50,182.50,364.00,382.00,74.43,1.80,133.65
507000,118.00,176.50,182.50,364.25,382.25,74.43,1.80,133.65
507500,118.00,176.50,182.50,364.25,382.25,76.42,1.81,138.12
508000,118.00,176.50,182.75,364.50,382.25,76.42,1.81,138.12
508500,117.75,176.50,182.75,364.50,382.25,76.99,1.80,138.74
509000,117.75,176.50,182.75,364.75,382.25,76.99,1.80,138.74
509500,117.75,176.50,183.00,364.75,382.50,77.12,1.81,139.78
510000,118.00,176.50,183.00,365.00,382.50,77.12,1.81,139.78
510500,118.00,176.50,183.25,365.25,382.50,75.41,1.79,134.86
511000,117.75,176.50,183.25,365.50,382.75,75.41,1.79,134.86
511500,118.00,176.50,183.50,365.50,382.75,71.96,1.81,130.12
512000,118.00,176.50,183.50,365.50,382.75,71.96,1.81,130.12
512500,118.00,176.50,183.50,365.75,383.00,74.39,1.82,135.19
513000,118.00,176.50,183.75,366.00,383.00,74.39,1.82,135.19
513500,118.00,176.50,183.75,366.00,383.00,72.28,1.80,130.18
514000,118.00,176.50,184.00,366.25,383.25,72.28,1.80,130.18
514500,118.00,176.50,184.00,366.50,383.25,72.05,1.80,129.42
515000,118.00,176.50,184.25,366.50,383.25,72.05,1.80,129.42
515500,118.00,176.50,184.25,366.75,383.25,76.00,1.78,135.12
516000,118.00,176.50,184.50,366.75,383.50,76.00,1.78,135.12
516500,118.00,176.50,184.50,366.75,383.50,77.66,1.77,137.71
517000,118.00,176.50,184.75,367.00,383.50,77.66,1.77,137.71
517500,118.00,176.50,185.00,367.25,383.75,78.28,1.78,139.65
518000,118.00,176.50,185.00,367.25,383.75,78.28,1.78,139.65
518500,118.00,176.50,185.00,367.50,384.00,76.73,1.77,135.79
519000,118.00,176.50,185.25,367.75,384.00,76.73,1.77,135.79
519500,118.00,176.50,185.25,367.75,384.00,90.21,1.77,159.61
520000,118.00,176.50,185.50,368.00,384.00,90.21,1.77,159.61
520500,118.00,176.50,185.50,368.00,384.25,82.52,1.78,147.14
521000,118.00,176.50,185.75,368.25,384.25,82.52,1.78,147.14
521500,118.00,176.50,185.75,368.50,384.25,76.92,1.78,137.08
522000,118.00,176.50,185.75,368.50,384.50,76.92,1.78,137.08
522500,118.00,176.50,186.00,368.50,384.50,77.97,1.78,139.09
523000,118.00,176.25,186.25,368.75,384.50,77.97,1.78,139.09
523500,118.00,176.50,186.25,368.75,384.75,78.01,1.78,138.90
524000,118.00,176.25,186.50,369.00,384.75,78.01,1.78,138.90
524500,118.00,176.50,186.75,369.25,384.75,72.56,1.79,129.95
525000,118.00,176.50,186.75,369.25,385.00,72.56,1.79,129.95
525500,118.00,176.50,187.00,369.50,385.00,74.95,1.78,133.21
526000,118.00,176.50,187.25,369.75,385.00,74.95,1.78,133.21
526500,118.00,176.25,187.25,369.75,385.25,78.25,1.78,139.30
527000,118.00,176.50,187.50,369.75,385.00,78.25,1.78,139.30
527500,118.00,176.50,187.50,370.00,385.25,79.24,1.79,141.84
528000,118.00,176.25,187.75,370.25,385.25,79.24,1.79,141.84
528500,118.00,176.25,188.00,370.25,385.50,78.94,1.75,138.12
529000,118.00,176.50,188.00,370.50,385.50,78.94,1.75,138.12
529500,118.00,176.25,188.25,370.50,385.50,74.13,1.78,132.06
530000,118.00,176.25,188.50,370.75,385.50,74.13,1.78,132.06
530500,118.00,176.25,188.50,370.75,385.75,76.07,1.77,134.71
531000,118.00,176.50,188.50,371.00,385.75,76.07,1.77,134.71
531500,117.75,176.25,188.75,371.25,385.75,78.33,1.80,141.05
532000,117.75,176.25,188.75,371.25,386.00,78.33,1.80,141.05
532500,118.00,176.25,189.00,371.50,386.00,77.12,1.78,137.05
533000,118.00,176.50,189.25,371.50,386.25,77.12,1.78,137.05
533500,118.00,176.25,189.50,371.75,386.25,78.26,1.79,140.09
534000,118.00,176.50,189.50,372.00,386.25,78.26,1.79,140.09
534500,118.00,176.25,189.75,372.00,386.50,74.51,1.81,134.53
535000,118.00,176.25,189.75,372.00,386.50,74.51,1.81,134.53
535500,118.00,176.25,190.00,372.25,386.50,76.33,1.78,135.77
536000,118.00,176.25,190.25,372.50,386.50,76.33,1.78,135.77
536500,118.00,176.25,190.25,372.50,386.75,80.50,1.79,143.84
537000,118.00,176.25,190.50,372.75,386.75,80.50,1.79,143.84
537500,118.00,176.25,190.50,372.75,386.75,78.34,1.76,137.64
538000,118.00,176.25,190.75,373.00,387.00,78.34,1.76,137.64
538500,118.00,176.25,191.00,373.00,387.25,77.08,1.78,136.89
539000,117.75,176.25,191.00,373.00,387.25,77.08,1.78,136.89
539500,117.75,176.50,191.25,373.25,387.00,75.39,1.81,136.28
540000,118.00,176.25,191.25,373.50,387.25,75.39,1.81,136.28
540500,117.75,176.25,191.50,373.75,387.25,76.70,1.81,138.89
541000,117.75,176.25,191.75,373.75,387.50,76.70,1.81,138.89
541500,118.00,176.25,191.75,374.00,387.50,79.76,1.78,142.00
542000,117.75,176.25,192.00,374.00,387.75,79.76,1.78,142.00
542500,118.00,176.25,192.00,374.25,387.75,78.19,1.78,139.57
543000,118.00,176.25,192.25,374.25,387.75,78.19,1.78,139.57
543500,117.75,176.25,192.25,374.50,388.00,75.45,1.81,136.83
544000,117.75,176.25,192.50,374.75,388.00,75.45,1.81,136.83
544500,118.00,176.25,192.75,374.75,388.00,76.20,1.79,136.22
545000,118.00,176.25,192.75,375.00,388.00,76.20,1.79,136.22
545500,118.00,176.25,193.00,375.00,388.25,79.39,1.78,141.24
546000,118.00,176.25,193.25,375.50,388.50,79.39,1.78,141.24
546500,118.00,176.25,193.25,375.50,388.25,79.73,1.79,142.94
547000,118.00,176.25,193.50,375.50,388.50,79.73,1.79,142.94
547500,118.00,176.25,193.50,375.75,388.50,77.27,1.81,139.83
548000,118.00,176.25,193.75,375.75,388.75,77.27,1.81,139.83
548500,118.00,176.25,194.00,376.00,388.75,76.60,1.79,137.07
549000,118.00,176.25,194.00,376.00,388.75,76.60,1.79,137.07
549500,118.00,176.25,194.25,376.25,389.00,78.90,1.77,139.77
550000,118.00,176.25,194.50,376.50,389.25,78.90,1.77,139.77
550500,118.00,176.25,194.50,376.50,389.00,74.19,1.78,132.05
551000,118.00,176.25,194.50,376.50,389.25,74.19,1.78,132.05
551500,118.00,176.25,194.75,376.75,389.25,78.59,1.81,142.63
552000,118.00,176.25,195.00,377.00,389.50,78.59,1.81,142.63
552500,118.00,176.25,195.25,377.00,389.50,81.93,1.74,142.17
553000,118.00,176.25,195.25,377.25,389.50,81.93,1.74,142.17
553500,118.00,176.25,195.50,377.50,389.50,75.44,1.74,131.34
554000,118.00,176.50,195.75,377.50,389.75,75.44,1.74,131.34
554500,118.00,176.25,196.00,377.75,390.00,75.47,1.74,131.51
555000,118.00,176.25,196.25,377.75,389.75,75.47,1.74,131.51
555500,118.00,176.25,196.50,378.00,389.75,76.99,1.78,137.03
556000,118.00,176.25,196.75,378.25,390.00,76.99,1.78,137.03
556500,118.00,176.50,197.00,378.25,390.25,77.78,1.78,138.07
557000,118.00,176.25,197.25,378.50,390.25,77.78,1.78,138.07
557500,118.00,176.25,197.25,378.50,390.25,78.83,1.75,137.68
558000,118.00,176.25,197.50,378.75,390.25,78.83,1.75,137.68
558500,118.00,176.25,197.75,378.75,390.50,77.92,1.75,136.37
559000,118.00,176.25,198.00,379.00,390.50,77.92,1.75,136.37
559500,118.00,176.25,198.25,379.00,390.75,79.72,1.78,141.83
560000,118.00,176.25,198.50,379.25,390.75,79.72,1.78,141.83
560500,118.00,176.25,198.75,379.50,391.00,76.71,1.75,134.60
561000,118.00,176.25,199.25,379.50,391.00,76.71,1.75,134.60
561500,118.00,176.50,199.25,379.75,391.00,76.86,1.75,134.28
562000,118.00,176.25,199.50,379.75,391.00,76.86,1.75,134.28
562500,118.00,176.25,199.75,380.00,391.00,77.16,1.63,125.47
563000,118.00,176.25,200.00,380.25,391.25,77.16,1.63,125.47
563500,118.00,176.50,200.25,380.25,391.25,77.97,1.60,124.67
564000,118.00,176.25,200.50,380.50,391.50,77.97,1.60,124.67
564500,118.00,176.25,200.75,380.75,391.50,78.58,1.60,126.02
565000,118.00,176.25,201.00,380.75,391.75,78.58,1.60,126.02
565500,118.00,176.25,201.00,381.00,391.50,77.19,1.64,126.71
566000,118.00,176.50,201.25,381.25,391.50,77.19,1.64,126.71
566500,118.00,176.25,201.50,381.25,391.75,76.86,1.59,121.98
567000,118.00,176.25,201.75,381.50,391.75,76.86,1.59,121.98
567500,118.00,176.25,202.00,381.50,391.75,76.37,1.61,122.60
568000,118.00,176.25,202.25,381.50,392.00,76.37,1.61,122.60
568500,118.00,176.25,202.50,381.75,392.00,74.91,1.62,121.34
569000,118.00,176.25,202.75,382.00,392.25,74.91,1.62,121.34
569500,118.00,176.25,202.75,382.00,392.25,78.86,1.61,126.64
570000,118.00,176.50,203.25,382.25,392.25,78.86,1.61,126.64
570500,118.00,176.25,203.25,382.25,392.25,77.93,1.62,126.63
571000,118.00,176.25,203.50,382.50,392.50,77.93,1.62,126.63
571500,118.00,176.25,203.75,382.50,392.50,77.49,1.60,124.02
572000,118.00,176.25,204.00,382.75,392.50,77.49,1.60,124.02
572500,118.00,176.25,204.00,383.00,392.75,78.22,1.62,126.46
573000,118.00,176.25,204.25,383.00,392.75,78.22,1.62,126.46
573500,118.00,176.25,204.50,383.25,393.00,77.44,1.61,124.87
574000,118.00,176.25,204.75,383.25,393.00,77.44,1.61,124.87
574500,118.00,176.25,205.00,383.50,393.25,76.80,1.60,123.24
575000,118.00,176.25,205.00,383.50,393.00,76.80,1.60,123.24
575500,118.00,176.25,205.25,383.75,393.25,77.02,1.61,123.68
576000,118.00,176.25,205.50,383.75,393.25,77.02,1.61,123.68
576500,118.00,176.25,205.50,384.00,393.50,80.98,1.59,128.54
577000,118.00,176.25,205.75,384.25,393.50,80.98,1.59,128.54
577500,118.00,176.25,206.00,384.25,393.50,74.61,1.61,120.36
578000,118.00,176.25,206.25,384.50,393.50,74.61,1.61,120.36
578500,118.00,176.25,206.25,384.50,393.75,79.51,1.61,127.67
579000,118.00,176.25,206.50,384.75,393.75,79.51,1.61,127.67
579500,118.00,176.25,206.75,384.75,393.75,79.35,1.62,128.23
580000,118.00,176.25,206.75,385.00,394.00,79.35,1.62,128.23
580500,118.00,176.25,207.00,385.00,394.00,75.56,1.59,119.97
581000,118.00,176.25,207.25,385.25,394.00,75.56,1.59,119.97
581500,118.00,176.25,207.50,385.25,394.25,79.09,1.60,126.79
582000,118.00,176.25,207.50,385.50,394.25,79.09,1.60,126.79
582500,118.00,176.25,207.75,385.75,394.25,76.26,1.58,120.64
583000,118.00,176.25,208.00,385.75,394.25,76.26,1.58,120.64
583500,118.00,176.25,208.00,386.00,394.50,75.24,1.60,120.07
584000,118.00,176.25,208.25,386.25,394.50,75.24,1.60,120.07
584500,118.00,176.25,208.25,386.25,394.75,74.49,1.61,120.30
585000,118.00,176.25,208.50,386.25,394.75,74.49,1.61,120.30
585500,118.00,176.00,208.75,386.50,394.75,64.01,1.21,77.62
586000,118.00,176.25,208.75,386.75,395.00,64.01,1.21,77.62
586500,117.75,176.25,209.00,386.75,394.75,63.95,1.29,82.39
587000,118.00,176.00,209.25,387.00,394.50,63.95,1.29,82.39
587500,117.75,176.00,209.25,387.00,394.25,68.71,1.30,89.51
588000,117.75,176.00,209.50,387.00,394.00,68.71,1.30,89.51
588500,117.75,175.75,209.50,387.00,393.75,67.91,1.31,89.25
589000,117.50,175.75,209.50,386.75,393.50,67.91,1.31,89.25
589500,117.50,175.50,209.75,386.75,393.00,70.06,1.32,92.75
590000,117.50,175.50,209.75,386.75,392.75,70.06,1.32,92.75
590500,117.25,175.50,209.50,386.50,392.50,64.15,1.30,83.47
591000,117.25,175.00,209.75,386.25,392.00,64.15,1.30,83.47
591500,117.00,175.00,209.50,386.25,391.75,62.39,1.33,82.74
592000,117.00,174.75,209.50,386.00,391.50,62.39,1.33,82.74
592500,116.75,174.50,209.50,385.75,391.25,64.36,1.33,85.47
593000,116.50,174.25,209.50,385.50,390.75,64.36,1.33,85.47
593500,116.50,174.00,209.50,385.25,390.75,70.25,1.49,104.48
594000,116.25,173.75,209.50,385.25,390.25,70.25,1.49,104.48
594500,116.25,173.50,209.25,385.00,390.25,76.22,1.57,119.59
595000,116.00,173.50,209.25,384.75,390.00,76.22,1.57,119.59
595500,116.00,173.25,209.50,384.75,390.00,78.39,1.71,134.01
596000,115.75,173.00,209.25,384.75,390.00,78.39,1.71,134.01
596500,115.75,173.00,209.50,384.50,390.25,84.36,1.77,148.99
597000,115.75,172.75,209.50,384.50,390.25,84.36,1.77,148.99
597500,115.75,172.75,209.50,384.75,390.75,85.85,1.79,153.68
598000,115.50,172.75,209.75,385.00,391.00,85.85,1.79,153.68
598500,115.50,172.75,209.75,385.25,391.50,84.09,1.73,145.53
599000,115.50,172.75,210.00,385.50,392.00,84.09,1.73,145.53
599500,115.50,172.75,210.25,385.75,392.50,81.37,1.67,135.59
600000,115.50,172.75,210.25,386.00,393.00,81.37,1.67,135.59
600500,115.50,172.75,210.50,386.25,393.50,79.08,1.66,131.35
601000,115.50,173.00,211.00,386.75,394.00,79.08,1.66,131.35
601500,115.50,173.00,211.25,387.25,394.25,79.75,1.60,127.89
602000,115.75,173.00,211.50,387.50,394.75,79.75,1.60,127.89
602500,115.75,173.00,211.75,387.75,395.25,80.59,1.58,127.62
603000,115.75,173.00,212.00,388.25,395.75,80.59,1.58,127.62
603500,115.75,173.00,212.25,388.50,396.00,75.48,1.58,118.95
604000,116.00,173.25,212.50,388.75,396.25,75.48,1.58,118.95
604500,116.00,173.50,212.75,389.25,396.50,75.67,1.58,119.39
605000,116.00,173.50,213.00,389.50,396.75,75.67,1.58,119.39
605500,116.00,173.50,213.25,389.75,396.75,74.99,1.59,118.94
606000,116.00,173.50,213.50,390.00,397.00,74.99,1.59,118.94
606500,116.25,173.75,214.00,390.25,396.75,73.65,1.57,115.59
607000,116.25,173.75,214.00,390.50,397.25,73.65,1.57,115.59
607500,116.25,173.75,214.25,390.75,397.50,78.06,1.49,116.53
608000,116.25,173.75,214.50,391.00,397.50,78.06,1.49,116.53
608500,116.25,174.00,214.75,391.00,397.50,74.61,1.48,110.14
609000,116.25,173.75,215.00,391.25,397.75,74.61,1.48,110.14
609500,116.25,174.00,215.25,391.50,397.75,70.26,1.48,104.26
610000,116.25,174.00,215.50,391.50,398.00,70.26,1.48,104.26
610500,116.50,174.00,215.75,391.75,398.25,76.16,1.50,114.31
611000,116.50,174.00,215.75,391.75,398.00,76.16,1.50,114.31
611500,116.50,174.00,216.00,392.00,398.00,74.88,1.49,111.73
612000,116.50,174.00,216.25,392.00,398.00,74.88,1.49,111.73
612500,116.50,174.00,216.25,392.25,398.00,70.91,1.34,95.25
613000,116.50,174.00,216.50,392.25,398.00,70.91,1.34,95.25
613500,116.25,174.00,216.50,392.25,397.75,70.30,1.34,94.34
614000,116.25,173.75,216.75,392.25,397.75,70.30,1.34,94.34
614500,116.25,173.75,216.75,392.25,397.75,65.49,1.36,89.12
615000,116.25,173.75,217.00,392.25,397.50,65.49,1.36,89.12
615500,116.25,173.50,217.00,392.25,397.25,67.84,1.34,91.01
616000,116.25,173.50,217.00,392.25,397.00,67.84,1.34,91.01
616500,116.00,173.50,217.25,392.00,397.00,69.24,1.36,93.96
617000,116.00,173.25,217.25,392.25,396.75,69.24,1.36,93.96
617500,116.00,173.25,217.50,392.00,396.50,66.76,1.35,90.08
618000,116.00,173.00,217.50,392.00,396.25,66.76,1.35,90.08
618500,115.75,173.00,217.50,392.00,396.25,65.94,1.38,90.85
619000,115.75,172.75,217.50,391.75,396.25,65.94,1.38,90.85
619500,115.75,172.75,217.50,391.75,396.00,74.80,1.44,107.62
620000,115.50,172.50,217.50,391.50,395.75,74.80,1.44,107.62
620500,115.50,172.50,217.75,391.50,395.75,71.20,1.43,101.50
621000,115.25,172.25,217.75,391.50,395.75,71.20,1.43,101.50
621500,115.25,172.25,217.75,391.50,395.50,72.13,1.42,102.65
622000,115.25,172.25,217.75,391.50,395.50,72.13,1.42,102.65
622500,115.00,172.00,217.75,391.50,395.50,67.21,1.46,97.96
623000,115.00,172.00,218.00,391.25,395.50,67.21,1.46,97.96
623500,114.75,171.75,218.00,391.50,395.50,74.13,1.43,105.85
624000,114.75,171.50,218.00,391.50,395.25,74.13,1.43,105.85
624500,114.75,171.50,218.25,391.25,395.50,82.13,1.41,116.14
625000,114.75,171.25,218.25,391.50,395.50,82.13,1.41,116.14
625500,114.50,171.25,218.25,391.50,395.50,72.49,1.44,104.35
626000,114.50,171.00,218.25,391.50,395.50,72.49,1.44,104.35
626500,114.50,171.00,218.25,391.50,395.50,70.17,1.42,99.51
627000,114.50,170.75,218.50,391.50,395.50,70.17,1.42,99.51
627500,114.25,170.75,218.50,391.50,395.50,67.99,1.42,96.43
628000,114.25,170.75,218.50,391.75,395.50,67.99,1.42,96.43
628500,114.25,170.75,218.75,391.75,395.50,71.69,1.45,103.63
629000,114.00,170.50,219.00,392.00,395.50,71.69,1.45,103.63
629500,114.00,170.50,219.00,391.75,395.75,71.68,1.41,101.02
630000,114.00,170.25,219.00,392.00,395.75,71.68,1.41,101.02
630500,113.75,170.25,219.00,392.00,395.75,72.72,1.41,102.68
631000,113.75,170.25,219.25,392.00,395.75,72.72,1.41,102.68
631500,113.75,170.00,219.25,392.25,395.75,71.07,1.42,101.00
632000,113.75,170.00,219.50,392.25,395.75,71.07,1.42,101.00
632500,113.75,169.75,219.50,392.25,396.00,69.40,1.42,98.85
633000,113.50,170.00,219.75,392.25,396.00,69.40,1.42,98.85
633500,113.50,169.75,219.75,392.25,395.75,70.87,1.41,99.88
634000,113.50,169.75,219.75,392.50,396.00,70.87,1.41,99.88
634500,113.50,169.50,220.00,392.50,396.00,69.98,1.35,94.71
635000,113.50,169.75,220.00,392.50,396.00,69.98,1.35,94.71
635500,113.50,169.50,220.25,392.50,396.00,69.29,1.29,89.19
636000,113.25,169.50,220.25,392.75,396.25,69.29,1.29,89.19
636500,113.25,169.25,220.25,392.75,396.00,79.28,1.29,101.89
637000,113.25,169.25,220.50,392.75,396.25,79.28,1.29,101.89
637500,113.25,169.25,220.50,393.00,396.25,69.55,1.30,90.28
638000,113.00,169.25,220.75,393.00,396.25,69.55,1.30,90.28
638500,113.00,169.00,220.75,393.25,396.25,68.21,1.28,87.61
639000,113.00,169.00,220.75,393.25,396.50,68.21,1.28,87.61
639500,113.00,169.00,221.00,393.25,396.25,82.72,1.30,107.13
640000,113.00,169.00,221.00,393.25,396.50,82.72,1.30,107.13
640500,113.00,168.75,221.00,393.50,396.50,73.92,1.33,98.64
641000,113.00,168.75,221.25,393.50,396.50,73.92,1.33,98.64
641500,113.00,168.75,221.50,393.50,396.50,70.29,1.28,90.08
642000,113.00,168.75,221.50,393.75,396.50,70.29,1.28,90.08
642500,113.00,168.75,221.75,393.75,396.50,71.34,1.28,91.55
643000,112.75,168.75,221.75,393.75,396.75,71.34,1.28,91.55
643500,112.75,168.50,222.00,394.00,396.75,71.36,1.30,92.66
644000,112.75,168.50,222.00,394.00,396.75,71.36,1.30,92.66
644500,112.75,168.25,222.25,394.00,396.75,71.72,1.31,93.84
645000,112.75,168.25,222.25,394.25,396.75,71.72,1.31,93.84
645500,112.75,168.25,222.50,394.25,396.75,66.83,1.29,86.00
646000,112.75,168.25,222.50,394.25,396.75,66.83,1.29,86.00
646500,112.50,168.25,222.75,394.50,396.75,70.44,1.28,90.29
647000,112.75,168.25,222.75,394.75,397.00,70.44,1.28,90.29
647500,112.50,168.00,223.00,394.75,397.00,72.18,1.33,95.88
648000,112.50,168.00,223.00,394.50,397.00,72.18,1.33,95.88
648500,112.50,168.00,223.00,394.75,397.00,69.62,1.30,90.49
649000,112.50,168.00,223.25,394.75,397.00,69.62,1.30,90.49
649500,112.50,167.75,223.25,395.00,397.00,66.89,1.29,86.39
650000,112.25,167.75,223.50,395.00,397.25,66.89,1.29,86.39
650500,112.25,167.75,223.75,395.00,397.00,76.40,1.27,97.31
651000,112.50,167.75,223.75,395.00,397.00,76.40,1.27,97.31
651500,112.25,167.75,223.75,395.25,397.25,69.39,1.30,90.01
652000,112.25,167.50,224.00,395.25,397.25,69.39,1.30,90.01
652500,112.25,167.50,224.00,395.50,397.25,73.18,1.30,95.26
653000,112.25,167.50,224.25,395.50,397.25,73.18,1.30,95.26
653500,112.25,167.50,224.50,395.75,397.50,74.29,1.30,96.58
654000,112.25,167.50,224.50,395.75,397.50,74.29,1.30,96.58
654500,112.25,167.50,224.50,395.75,397.50,69.83,1.33,92.60
655000,112.25,167.50,224.75,396.00,397.50,69.83,1.33,92.60
655500,112.00,167.25,224.75,396.00,397.50,72.74,1.29,93.47
656000,112.00,167.25,225.00,396.00,397.50,72.74,1.29,93.47
656500,112.00,167.25,225.00,396.00,397.75,70.08,1.29,90.54
657000,112.00,167.25,225.25,396.25,397.75,70.08,1.29,90.54
657500,112.00,167.00,225.25,396.25,397.75,73.59,1.30,95.69
658000,112.00,167.25,225.50,396.25,397.75,73.59,1.30,95.69
658500,112.00,167.00,225.50,396.50,397.75,67.64,1.31,88.72
659000,112.00,167.00,225.75,396.50,397.75,67.64,1.31,88.72
659500,112.00,167.00,225.75,396.50,397.75,71.66,1.29,92.28
660000,111.75,167.00,225.75,396.75,397.75,71.66,1.29,92.28
660500,111.75,166.75,226.00,396.75,398.00,76.04,1.29,97.96
661000,111.75,166.75,226.25,396.75,398.00,76.04,1.29,97.96
661500,111.75,166.75,226.25,397.00,398.00,72.80,1.32,95.81
662000,111.75,166.75,226.25,397.25,398.00,72.80,1.32,95.81
662500,111.75,166.75,226.50,397.00,398.25,73.79,1.29,95.47
663000,111.75,166.75,226.75,397.25,398.25,73.79,1.29,95.47
663500,111.75,166.50,226.75,397.25,398.25,70.15,1.27,89.38
664000,111.75,166.75,226.75,397.50,398.25,70.15,1.27,89.38
664500,111.50,166.50,227.00,397.50,398.25,70.26,1.30,91.36
665000,111.50,166.75,227.25,397.50,398.50,70.26,1.30,91.36
665500,111.50,166.50,227.25,397.75,398.50,72.20,1.27,92.00
666000,111.50,166.50,227.25,397.75,398.50,72.20,1.27,92.00
666500,111.50,166.50,227.50,398.00,398.50,69.84,1.30,91.06
667000,111.50,166.50,227.75,398.00,398.50,69.84,1.30,91.06
667500,111.50,166.25,227.75,398.00,398.50,70.47,1.30,91.41
668000,111.50,166.50,227.75,398.00,398.75,70.47,1.30,91.41
668500,111.50,166.25,228.00,398.25,398.75,70.49,1.29,90.58
669000,111.50,166.50,228.25,398.25,398.75,70.49,1.29,90.58
669500,111.25,166.25,228.25,398.25,398.75,71.04,1.31,93.38
670000,111.25,166.25,228.50,398.50,398.75,71.04,1.31,93.38
670500,111.25,166.25,228.50,398.50,399.00,75.65,1.31,99.37
671000,111.25,166.25,228.50,398.75,399.00,75.65,1.31,99.37
671500,111.25,166.00,228.75,398.75,399.00,68.56,1.28,88.00
672000,111.25,166.25,228.75,398.75,399.00,68.56,1.28,88.00
672500,111.25,166.00,229.00,399.00,399.25,71.63,1.31,93.62
673000,111.25,166.25,229.00,399.00,399.25,71.63,1.31,93.62
673500,111.25,166.00,229.25,399.00,399.25,68.32,1.30,88.62
674000,111.25,166.00,229.25,399.00,399.25,68.32,1.30,88.62
674500,111.25,166.00,229.50,399.25,399.50,72.57,1.29,93.76
675000,111.25,166.00,229.75,399.50,399.25,72.57,1.29,93.76
675500,111.25,165.75,229.75,399.50,399.50,70.78,1.31,92.43
676000,111.25,166.00,229.75,399.50,399.50,70.78,1.31,92.43
676500,111.25,165.75,229.75,399.75,399.50,70.13,1.29,90.32
677000,111.00,166.00,230.00,399.75,399.75,70.13,1.29,90.32
677500,111.00,165.75,230.25,400.00,399.75,71.58,1.34,95.82
678000,111.00,166.00,230.25,400.00,399.75,71.58,1.34,95.82
678500,111.00,165.75,230.50,400.00,399.75,67.83,1.29,87.55
679000,111.00,165.75,230.50,400.00,400.00,67.83,1.29,87.55
679500,111.00,165.75,230.75,400.25,400.00,70.24,1.30,91.35
680000,111.00,165.75,230.75,400.25,400.00,70.24,1.30,91.35
680500,111.00,165.75,231.00,400.50,400.00,71.32,1.30,92.45
681000,111.00,165.75,231.00,400.50,400.00,71.32,1.30,92.45
681500,111.00,165.75,231.25,400.50,400.25,71.16,1.28,91.27
682000,111.00,165.50,231.50,400.75,400.25,71.16,1.28,91.27
682500,111.00,165.75,231.50,401.00,400.25,74.31,1.30,96.44
683000,111.00,165.75,231.50,401.00,400.50,74.31,1.30,96.44
683500,111.00,165.50,231.75,401.00,400.50,68.42,1.30,89.15
684000,111.00,165.50,231.75,401.25,400.50,68.42,1.30,89.15
684500,111.00,165.50,232.00,401.25,400.50,66.80,1.27,85.12
685000,111.00,165.50,232.00,401.25,400.75,66.80,1.27,85.12
685500,110.75,165.50,232.00,401.25,400.75,71.49,1.30,92.81
686000,110.75,165.50,232.25,401.50,400.75,71.49,1.30,92.81
686500,110.75,165.50,232.25,401.75,401.00,76.53,1.32,101.21
687000,110.75,165.50,232.50,401.75,401.00,76.53,1.32,101.21
687500,110.75,165.50,232.50,401.75,401.00,67.84,1.28,87.14
688000,110.75,165.50,232.75,402.00,401.00,67.84,1.28,87.14
688500,110.75,165.50,233.00,402.00,401.00,68.53,1.29,88.70
689000,110.75,165.50,233.00,402.00,401.00,68.53,1.29,88.70
689500,110.75,165.50,233.25,402.25,401.25,71.53,1.29,92.53
690000,110.75,165.25,233.25,402.25,401.25,71.53,1.29,92.53
690500,110.75,165.50,233.50,402.25,401.25,71.58,1.31,94.07
691000,110.75,165.25,233.50,402.50,401.25,71.58,1.31,94.07
691500,110.75,165.50,233.50,402.50,401.50,73.36,1.29,94.91
692000,110.75,165.25,233.75,402.75,401.50,73.36,1.29,94.91
692500,110.75,165.50,234.00,402.75,401.50,72.87,1.31,95.13
693000,110.75,165.25,234.00,402.75,401.75,72.87,1.31,95.13
693500,110.75,165.25,234.00,403.00,401.50,67.30,1.31,88.06
694000,110.75,165.25,234.25,403.00,401.75,67.30,1.31,88.06
694500,110.75,165.25,234.50,403.00,402.00,71.69,1.31,93.95
695000,110.75,165.25,234.50,403.25,402.00,71.69,1.31,93.95
695500,110.75,165.25,234.50,403.25,402.00,77.07,1.30,100.32
696000,110.75,165.00,234.75,403.25,402.25,77.07,1.30,100.32
696500,110.75,165.25,234.75,403.50,402.25,70.64,1.30,92.03
697000,110.75,165.25,235.00,403.50,402.25,70.64,1.30,92.03
697500,110.50,165.25,235.00,403.75,402.50,68.30,1.29,87.94
698000,110.50,165.25,235.25,403.75,402.50,68.30,1.29,87.94
698500,110.50,165.00,235.25,403.75,402.50,69.38,1.32,91.27
699000,110.50,165.00,235.50,404.00,402.50,69.38,1.32,91.27
699500,110.50,165.00,235.75,404.00,402.50,70.05,1.31,91.44
700000,110.50,165.00,235.75,404.00,402.50,70.05,1.31,91.44
700500,110.50,164.75,235.75,404.25,402.50,71.46,1.32,94.30
701000,110.50,165.00,236.00,404.25,402.75,71.46,1.32,94.30
701500,110.50,165.00,236.00,404.25,402.50,69.18,1.29,89.05
702000,110.50,165.00,236.25,404.50,402.75,69.18,1.29,89.05
702500,110.25,164.75,236.25,404.50,402.75,72.38,1.31,94.74
703000,110.50,165.00,236.50,404.50,402.75,72.38,1.31,94.74
703500,110.50,165.00,236.50,404.75,403.00,69.17,1.31,90.51
704000,110.50,165.00,236.75,404.75,403.00,69.17,1.31,90.51
704500,110.50,164.75,236.75,405.00,403.00,69.93,1.34,93.85
705000,110.25,165.00,236.75,405.00,403.00,69.93,1.34,93.85
705500,110.50,165.00,237.00,405.00,403.00,67.77,1.34,90.82
706000,110.50,164.75,237.25,405.25,403.25,67.77,1.34,90.82
706500,110.50,165.00,237.25,405.25,403.25,75.97,1.33,100.81
707000,110.50,164.75,237.50,405.50,403.25,75.97,1.33,100.81
707500,110.50,165.00,237.50,405.50,403.25,72.16,1.24,89.40
708000,110.50,164.75,237.75,405.75,403.50,72.16,1.24,89.40
708500,110.25,165.00,238.00,405.75,403.50,71.35,1.18,84.42
709000,110.25,164.75,238.00,405.75,403.50,71.35,1.18,84.42
709500,110.50,165.00,238.00,406.00,403.50,69.23,1.18,81.41
710000,110.25,164.75,238.25,406.00,403.50,69.23,1.18,81.41
710500,110.50,165.00,238.50,406.25,403.75,69.86,1.17,81.51
711000,110.50,164.75,238.50,406.25,403.75,69.86,1.17,81.51
711500,110.25,165.00,238.50,406.25,403.75,68.00,1.18,79.96
712000,110.25,164.75,238.75,406.50,403.75,68.00,1.18,79.96
712500,110.50,164.75,239.00,406.50,403.75,76.81,1.17,89.54
713000,110.25,164.75,239.00,406.75,403.75,76.81,1.17,89.54
713500,110.25,164.75,239.25,406.75,403.75,74.28,1.17,86.75
714000,110.25,164.75,239.25,406.75,404.00,74.28,1.17,86.75
714500,110.25,164.75,239.25,407.00,404.00,71.05,1.18,83.96
715000,110.25,164.75,239.50,407.00,403.75,71.05,1.18,83.96
715500,110.25,164.50,239.75,407.00,403.75,70.43,1.16,81.81
716000,110.25,164.75,239.75,407.25,403.75,70.43,1.16,81.81
716500,110.25,164.50,239.75,407.25,403.50,74.01,1.18,87.65
717000,110.25,164.75,240.00,407.50,403.75,74.01,1.18,87.65
717500,110.25,164.75,240.00,407.50,403.75,67.34,1.19,79.90
718000,110.25,164.75,240.25,407.50,403.75,67.34,1.19,79.90
718500,110.25,164.75,240.25,407.75,403.25,67.49,1.19,80.18
719000,110.25,164.75,240.50,407.75,403.25,67.49,1.19,80.18
719500,110.25,164.75,240.75,408.00,403.00,74.93,1.16,87.12
720000,110.25,164.50,240.75,408.00,403.00,74.93,1.16,87.12
720500,110.25,164.75,240.75,408.00,402.75,68.46,1.17,79.80
721000,110.25,164.50,241.00,408.25,403.00,68.46,1.17,79.80
721500,110.25,164.75,241.25,408.25,403.00,75.34,1.17,88.42
722000,110.25,164.50,241.25,408.25,402.75,75.34,1.17,88.42
722500,110.25,164.75,241.25,408.50,402.75,69.25,1.16,80.63
723000,110.25,164.50,241.50,408.50,402.75,69.25,1.16,80.63
723500,110.25,164.50,241.50,408.75,402.75,69.87,1.18,82.30
724000,110.25,164.50,241.75,408.75,402.75,69.87,1.18,82.30
724500,110.25,164.50,241.75,408.75,403.00,72.56,1.19,86.11
725000,110.25,164.50,242.00,408.75,402.75,72.56,1.19,86.11
725500,110.25,164.50,242.25,409.00,402.75,69.73,1.18,81.95
726000,110.25,164.50,242.25,409.00,403.00,69.73,1.18,81.95
726500,110.00,164.50,242.25,409.25,403.00,72.12,1.18,85.39
727000,110.00,164.50,242.50,409.25,403.00,72.12,1.18,85.39
727500,110.00,164.50,242.75,409.25,403.25,82.11,1.17,95.95
728000,110.00,164.50,242.75,409.50,403.25,82.11,1.17,95.95
728500,110.00,164.50,243.00,409.50,403.25,72.53,1.18,85.47
729000,110.00,164.50,243.00,409.75,403.50,72.53,1.18,85.47
729500,110.00,164.50,243.25,409.75,403.50,69.36,1.22,84.44
730000,110.00,164.50,243.25,409.75,403.50,69.36,1.22,84.44
730500,110.00,164.50,243.50,410.00,403.50,71.05,1.11,78.77
731000,110.00,164.50,243.50,410.00,403.50,71.05,1.11,78.77
731500,110.00,164.50,243.75,410.00,403.50,72.89,1.10,80.52
732000,110.00,164.50,243.75,410.00,403.50,72.89,1.10,80.52
732500,110.00,164.50,244.00,410.25,403.50,72.56,1.10,79.91
733000,110.00,164.25,244.25,410.25,403.75,72.56,1.10,79.91
733500,110.00,164.50,244.25,410.50,403.75,72.69,1.10,79.60
734000,110.00,164.50,244.25,410.50,403.75,72.69,1.10,79.60
734500,110.00,164.50,244.50,410.75,404.00,68.23,1.08,73.92
735000,110.00,164.50,244.50,410.75,404.00,68.23,1.08,73.92
735500,110.00,164.50,244.75,411.00,404.00,68.62,1.09,74.47
736000,110.00,164.50,245.00,411.00,403.75,68.62,1.09,74.47
736500,110.00,164.50,245.00,411.25,404.00,74.54,1.11,82.92
737000,110.00,164.50,245.00,411.25,404.00,74.54,1.11,82.92
737500,110.00,164.25,245.25,411.25,404.25,71.83,1.09,78.00
738000,110.00,164.50,245.25,411.25,404.25,71.83,1.09,78.00
738500,110.00,164.50,245.50,411.50,404.25,75.86,1.08,81.88
739000,110.00,164.25,245.50,411.50,404.25,75.86,1.08,81.88
739500,110.00,164.50,245.75,411.75,404.25,69.22,1.09,75.19
740000,110.00,164.25,246.00,411.75,404.25,69.22,1.09,75.19
740500,110.00,164.50,246.00,412.00,404.50,70.85,1.09,77.50
741000,110.00,164.25,246.25,412.00,404.50,70.85,1.09,77.50
741500,110.00,164.50,246.25,412.00,404.50,75.05,1.08,81.12
742000,110.00,164.50,246.50,412.25,404.50,75.05,1.08,81.12
742500,110.00,164.25,246.50,412.25,404.50,75.15,0.82,61.37
743000,110.00,164.25,246.50,412.25,404.75,75.15,0.82,61.37
743500,110.00,164.25,246.75,412.50,404.75,72.04,0.86,61.71
744000,110.00,164.50,247.00,412.50,404.75,72.04,0.86,61.71
744500,110.00,164.25,247.00,412.75,404.75,68.47,0.91,62.04
745000,110.00,164.50,247.00,412.75,404.75,68.47,0.91,62.04
745500,110.00,164.25,247.50,412.75,405.00,69.49,0.98,68.15
746000,110.00,164.25,247.50,412.75,404.75,69.49,0.98,68.15
746500,110.00,164.50,247.50,413.00,405.00,67.25,0.97,65.37
747000,110.00,164.25,247.75,413.00,405.00,67.25,0.97,65.37
747500,110.00,164.50,247.75,413.25,405.00,69.84,0.97,67.91
748000,110.00,164.25,248.00,413.25,405.25,69.84,0.97,67.91
748500,110.00,164.50,248.00,413.50,405.25,72.85,0.65,47.25
749000,110.00,164.25,248.00,413.50,405.25,72.85,0.65,47.25
749500,110.00,164.25,248.25,413.50,405.25,74.19,0.65,48.50
750000,110.00,164.50,248.50,413.75,405.50,74.19,0.65,48.50
750500,110.00,164.25,248.50,413.75,405.50,79.20,0.65,51.45
751000,110.00,164.50,248.75,413.75,405.50,79.20,0.65,51.45
751500,110.00,164.25,248.75,414.00,405.50,75.63,0.65,49.08
752000,110.00,164.25,249.00,414.00,405.50,75.63,0.65,49.08
752500,110.00,164.25,249.00,414.25,405.75,73.58,0.65,47.54
753000,110.00,164.25,249.25,414.25,405.75,73.58,0.65,47.54
753500,110.00,164.25,249.25,414.50,405.75,68.05,0.66,44.73
754000,110.00,164.25,249.50,414.50,405.75,68.05,0.66,44.73
754500,110.00,164.50,249.50,414.50,405.75,73.57,0.65,47.93
755000,110.00,164.25,249.75,414.50,406.00,73.57,0.65,47.93
755500,110.00,164.25,249.75,414.75,405.75,69.59,0.64,44.81
756000,110.00,164.25,250.00,414.75,406.00,69.59,0.64,44.81
756500,110.00,164.25,250.00,415.00,406.00,70.41,0.64,45.28
757000,110.00,164.25,250.00,415.00,406.00,70.41,0.64,45.28
757500,110.00,164.00,250.25,415.00,406.00,75.28,0.64,48.24
758000,110.00,164.25,250.25,415.25,406.00,75.28,0.64,48.24
758500,110.00,164.25,250.50,415.25,406.25,75.09,0.64,48.38
759000,110.00,164.25,250.50,415.25,406.25,75.09,0.64,48.38
759500,110.00,164.25,250.75,415.50,406.25,68.52,0.64,43.75
760000,110.00,164.25,250.75,415.50,406.25,68.52,0.64,43.75
760500,109.75,164.25,251.00,415.50,406.25,71.63,0.64,46.07
761000,110.00,164.25,251.00,415.50,406.50,71.63,0.64,46.07
761500,110.00,164.25,251.25,415.75,406.50,73.26,0.66,48.39
762000,110.00,164.00,251.50,415.75,406.50,73.26,0.66,48.39
762500,109.75,164.25,251.75,416.00,406.50,74.01,0.64,47.16
763000,109.75,164.00,251.75,416.00,406.50,74.01,0.64,47.16
763500,110.00,164.25,251.75,416.00,406.75,73.75,0.64,46.88
764000,109.75,164.25,252.00,416.25,406.75,73.75,0.64,46.88
764500,110.00,164.25,252.00,416.25,406.75,68.98,0.64,44.40
765000,110.00,164.25,252.00,416.50,406.75,68.98,0.64,44.40
765500,110.00,164.25,252.25,416.50,406.75,72.96,0.65,47.26
766000,109.75,164.00,252.25,416.50,407.00,72.96,0.65,47.26
766500,109.75,164.25,252.50,416.75,407.00,68.57,0.64,43.65
767000,109.75,164.25,252.75,416.75,407.00,68.57,0.64,43.65
767500,109.75,164.00,252.75,416.75,407.00,74.66,0.57,42.78
768000,109.75,164.25,253.00,417.00,407.00,74.66,0.57,42.78
768500,110.00,164.25,253.00,417.00,407.00,70.95,0.58,41.01
769000,109.75,164.25,253.00,417.25,407.25,70.95,0.58,41.01
769500,109.75,164.00,253.25,417.25,407.25,76.06,0.58,43.79
770000,109.75,164.25,253.25,417.25,407.25,76.06,0.58,43.79
770500,109.75,164.00,253.50,417.50,407.50,71.19,0.58,41.08
771000,109.75,164.25,253.75,417.50,407.25,71.19,0.58,41.08
771500,109.75,164.00,253.75,417.50,407.50,72.14,0.57,41.45
772000,109.75,164.25,253.75,417.75,407.50,72.14,0.57,41.45
772500,109.75,164.00,253.75,417.75,407.50,73.01,0.58,42.10
773000,109.75,164.25,254.00,417.75,407.50,73.01,0.58,42.10
773500,109.75,164.00,254.25,418.00,407.50,72.11,0.56,40.54
774000,109.75,164.25,254.25,418.00,407.50,72.11,0.56,40.54
774500,109.75,164.00,254.50,418.25,407.75,74.13,0.56,41.68
775000,109.75,164.25,254.50,418.25,407.75,74.13,0.56,41.68
775500,109.75,164.00,254.50,418.50,407.75,69.07,0.52,35.64
776000,109.75,164.25,254.75,418.50,407.75,69.07,0.52,35.64
776500,109.75,164.00,254.75,418.50,408.00,73.38,0.51,37.69
777000,109.75,164.25,255.00,418.50,408.00,73.38,0.51,37.69
777500,109.75,164.00,255.25,418.75,408.00,73.86,0.52,38.42
778000,109.75,164.25,255.25,418.75,408.00,73.86,0.52,38.42
778500,109.75,164.00,255.25,418.75,408.00,67.05,0.51,34.38
779000,109.75,164.25,255.50,419.00,408.25,67.05,0.51,34.38
779500,109.75,164.00,255.50,419.00,408.25,71.83,0.51,36.98
780000,109.75,164.25,255.75,419.25,408.25,71.83,0.51,36.98
780500,109.75,164.00,255.75,419.25,408.25,69.57,0.51,35.35
781000,109.75,164.25,256.00,419.25,408.25,69.57,0.51,35.35
781500,109.75,164.00,256.00,419.50,408.25,73.88,0.52,38.11
782000,109.75,164.25,256.25,419.50,408.50,73.88,0.52,38.11
782500,109.75,164.00,256.25,419.75,408.50,71.62,0.51,36.48
783000,109.75,164.00,256.50,419.75,408.50,71.62,0.51,36.48
783500,109.75,164.00,256.50,419.75,408.75,77.47,0.51,39.44
784000,109.75,164.00,256.50,420.00,408.75,77.47,0.51,39.44
784500,109.75,164.25,256.75,420.00,408.75,72.35,0.52,37.82
785000,109.75,164.00,256.75,420.00,408.75,72.35,0.52,37.82
785500,109.75,164.25,257.00,420.25,408.75,70.68,0.51,35.79
786000,109.75,164.00,257.00,420.50,409.00,70.68,0.51,35.79
786500,109.75,164.25,257.25,420.50,409.00,71.26,0.51,36.38
787000,109.75,164.00,257.25,420.50,409.00,71.26,0.51,36.38
787500,109.75,164.25,257.50,420.50,409.00,68.87,0.51,35.06
788000,109.75,164.00,257.50,420.75,409.00,68.87,0.51,35.06
788500,109.75,164.25,257.75,421.00,409.25,72.78,0.50,36.20
789000,109.75,164.00,257.75,421.00,409.25,72.78,0.50,36.20
789500,109.75,164.25,257.75,421.00,409.25,69.46,0.49,34.07
790000,109.75,164.00,258.00,421.00,409.25,69.46,0.49,34.07
790500,109.75,164.25,258.25,421.25,409.50,71.72,0.49,34.88
791000,109.75,164.00,258.25,421.25,409.25,71.72,0.49,34.88
791500,109.75,164.25,258.25,421.25,409.50,68.37,0.49,33.49
792000,109.75,164.00,258.50,421.50,409.50,68.37,0.49,33.49
792500,109.75,164.00,258.50,421.50,409.50,75.93,0.49,37.46
793000,109.75,164.00,258.75,421.50,409.75,75.93,0.49,37.46
793500,109.75,164.00,259.00,421.75,409.75,69.42,0.49,34.08
794000,109.75,164.00,259.00,421.75,409.75,69.42,0.49,34.08
794500,109.75,164.00,259.00,421.75,410.00,73.56,0.49,36.16
795000,109.75,164.25,259.00,422.00,409.75,73.56,0.49,36.16
795500,109.75,164.00,259.25,422.00,410.00,73.46,0.49,36.01
796000,109.75,164.25,259.25,422.00,410.00,73.46,0.49,36.01
796500,109.75,164.00,259.50,422.25,410.00,75.38,0.50,37.45
797000,109.75,164.25,259.50,422.25,410.00,75.38,0.50,37.45
797500,109.75,164.00,259.50,422.50,410.00,69.93,0.49,34.47
798000,109.75,164.25,259.75,422.50,410.25,69.93,0.49,34.47
798500,109.75,164.00,260.00,422.75,410.25,73.44,0.49,36.13
799000,109.75,164.25,260.00,422.75,410.25,73.44,0.49,36.13
799500,109.75,164.00,260.00,422.75,410.25,74.78,0.49,36.42
800000,109.75,164.00,260.00,423.00,410.50,74.78,0.49,36.42
800500,109.75,164.00,260.25,423.00,410.25,77.43,0.48,37.52
801000,109.75,164.00,260.50,423.25,410.50,77.43,0.48,37.52
801500,109.75,164.00,260.50,423.25,410.50,66.16,0.49,32.42
802000,109.75,164.00,260.75,423.25,410.50,66.16,0.49,32.42
802500,109.75,164.25,260.75,423.25,410.75,69.48,0.49,33.73
803000,109.75,164.00,261.00,423.25,410.50,69.48,0.49,33.73
803500,109.75,164.25,261.00,423.50,410.75,73.36,0.49,35.79
804000,109.75,164.00,261.25,423.50,410.75,73.36,0.49,35.79
804500,109.75,164.25,261.25,423.75,410.75,74.90,0.48,36.32
805000,109.75,164.00,261.25,423.75,410.75,74.90,0.48,36.32
805500,109.75,164.25,261.50,423.75,411.00,74.39,0.48,35.95
806000,109.50,164.00,261.50,424.00,411.00,74.39,0.48,35.95
806500,109.75,164.25,261.50,424.00,411.00,71.83,0.49,35.05
807000,109.75,164.00,261.75,424.00,411.00,71.83,0.49,35.05
807500,109.75,164.00,261.75,424.25,411.25,70.50,0.48,34.05
808000,109.75,164.00,262.00,424.25,411.25,70.50,0.48,34.05
808500,109.75,164.00,262.00,424.25,411.25,72.17,0.48,34.91
809000,109.75,164.25,262.00,424.50,411.25,72.17,0.48,34.91
809500,109.75,164.00,262.25,424.50,411.25,75.97,0.48,36.40
810000,109.50,164.25,262.25,424.75,411.25,75.97,0.48,36.40
810500,109.75,164.00,262.50,424.75,411.50,72.94,0.49,35.89
811000,109.75,164.25,262.50,424.75,411.50,72.94,0.49,35.89
811500,109.75,164.00,262.75,425.00,411.50,75.08,0.48,36.20
812000,109.50,164.00,262.75,425.00,411.50,75.08,0.48,36.20
812500,109.75,164.00,262.75,425.25,411.50,71.53,0.48,34.52
813000,109.50,164.00,263.00,425.25,411.75,71.53,0.48,34.52
813500,109.50,164.00,263.00,425.25,411.50,76.17,0.48,36.45
814000,109.50,164.00,263.00,425.50,411.50,76.17,0.48,36.45
814500,109.50,164.00,263.25,425.50,411.75,74.98,0.47,35.57
815000,109.75,164.00,263.25,425.50,411.75,74.98,0.47,35.57
815500,109.50,164.00,263.25,425.75,411.75,71.32,0.49,34.88
816000,109.75,164.00,263.50,425.75,412.00,71.32,0.49,34.88
816500,109.75,164.25,263.50,425.75,411.75,68.99,0.49,33.87
817000,109.75,164.00,263.75,426.00,412.00,68.99,0.49,33.87
817500,109.75,164.25,263.75,426.00,412.00,71.59,0.52,37.27
818000,109.50,164.00,263.75,426.00,412.00,71.59,0.52,37.27
818500,109.75,164.25,264.00,426.25,412.00,72.68,0.52,37.46
819000,109.75,164.00,264.00,426.25,412.00,72.68,0.52,37.46
819500,109.75,164.25,264.25,426.25,412.25,75.76,0.52,39.34
820000,109.75,164.00,264.25,426.50,412.25,75.76,0.52,39.34
820500,109.75,164.25,264.25,426.50,412.25,68.79,0.52,36.06
821000,109.75,164.00,264.50,426.50,412.25,68.79,0.52,36.06
821500,109.75,164.25,264.50,426.75,412.50,70.98,0.55,38.79
822000,109.75,164.00,264.75,426.75,412.25,70.98,0.55,38.79
822500,109.75,164.25,264.75,426.75,412.50,70.99,0.56,39.65
823000,109.75,164.00,264.75,427.00,412.50,70.99,0.56,39.65
823500,109.75,164.25,265.00,427.00,412.50,68.95,0.54,37.09
824000,109.75,164.00,265.00,427.25,412.50,68.95,0.54,37.09
824500,109.75,164.00,265.25,427.00,412.50,84.37,0.53,44.37
825000,109.75,164.00,265.25,427.25,412.50,84.37,0.53,44.37
825500,109.75,164.25,265.25,427.50,412.75,71.48,0.53,37.84
826000,109.75,164.00,265.50,427.50,412.75,71.48,0.53,37.84
826500,109.75,164.00,265.50,427.75,412.75,69.17,0.56,38.47
827000,109.50,164.00,265.75,427.50,412.75,69.17,0.56,38.47
827500,109.75,164.00,265.75,427.75,412.75,73.65,0.55,40.82
828000,109.75,164.00,265.75,427.75,412.75,73.65,0.55,40.82
828500,109.75,164.00,266.00,428.00,413.00,68.12,0.55,37.43
829000,109.75,164.00,266.00,428.00,413.00,68.12,0.55,37.43
829500,109.75,164.00,266.25,428.25,413.00,76.34,0.55,42.22
830000,109.75,164.25,266.25,428.25,413.25,76.34,0.55,42.22
830500,109.75,164.00,266.25,428.25,413.00,74.35,0.55,41.04
831000,109.75,164.25,266.50,428.25,413.25,74.35,0.55,41.04
831500,109.75,164.00,266.50,428.50,413.25,68.94,0.55,38.22
832000,109.75,164.25,266.75,428.50,413.25,68.94,0.55,38.22
832500,109.75,164.00,266.75,428.75,413.50,73.52,0.55,40.56
833000,109.75,164.25,266.75,428.75,413.50,73.52,0.55,40.56
833500,109.75,164.00,267.00,428.75,413.50,71.16,0.56,39.96
834000,109.75,164.25,267.00,429.00,413.50,71.16,0.56,39.96
834500,109.50,164.00,267.25,429.00,413.50,71.07,0.58,41.33
835000,109.75,164.25,267.50,429.25,413.50,71.07,0.58,41.33
835500,109.50,164.00,267.25,429.00,413.75,73.04,0.58,42.70
836000,109.75,164.25,267.50,429.25,413.75,73.04,0.58,42.70
836500,109.75,164.00,267.50,429.25,414.00,72.04,0.59,42.20
837000,109.50,164.25,267.75,429.50,414.00,72.04,0.59,42.20
837500,109.75,164.00,267.75,429.50,414.00,70.31,0.57,40.35
838000,109.50,164.00,268.00,429.50,414.00,70.31,0.57,40.35
838500,109.75,164.00,268.00,429.50,414.00,71.82,0.58,41.85
839000,109.75,164.00,268.25,429.75,414.00,71.82,0.58,41.85
839500,109.75,164.00,268.25,429.75,414.25,70.89,0.58,41.20
840000,109.50,164.00,268.50,430.00,414.25,70.89,0.58,41.20
840500,109.50,164.25,268.50,430.00,414.25,73.93,0.59,43.45
841000,109.50,164.00,268.50,430.00,414.25,73.93,0.59,43.45
841500,109.75,164.25,268.75,430.25,414.25,74.19,0.60,44.60
842000,109.50,164.00,268.75,430.25,414.50,74.19,0.60,44.60
842500,109.75,164.25,269.00,430.25,414.50,69.26,0.59,40.77
843000,109.50,164.00,269.00,430.50,414.50,69.26,0.59,40.77
843500,109.50,164.25,269.00,430.75,414.50,74.39,0.58,43.10
844000,109.50,164.00,269.25,430.75,414.50,74.39,0.58,43.10
844500,109.50,164.25,269.25,430.75,414.50,71.28,0.59,42.04
845000,109.50,164.00,269.50,430.75,414.75,71.28,0.59,42.04
845500,109.50,164.00,269.50,430.75,414.50,73.52,0.59,43.58
846000,109.50,164.00,269.50,431.00,414.75,73.52,0.59,43.58
846500,109.50,164.00,269.75,431.25,414.75,75.13,0.58,43.92
847000,109.50,164.00,270.00,431.25,414.75,75.13,0.58,43.92
847500,109.50,164.00,270.00,431.25,415.00,76.46,0.59,44.77
848000,109.50,164.00,270.00,431.25,414.75,76.46,0.59,44.77
848500,109.50,164.00,270.25,431.50,415.00,68.65,0.57,39.41
849000,109.50,164.25,270.25,431.50,415.00,68.65,0.57,39.41
849500,109.50,164.00,270.25,431.50,415.00,72.81,0.58,42.51
850000,109.50,164.00,270.50,431.75,415.25,72.81,0.58,42.51
850500,109.50,164.00,270.50,431.75,415.00,79.31,0.58,46.13
851000,109.75,164.00,270.50,431.75,415.25,79.31,0.58,46.13
851500,109.50,164.25,270.50,432.00,415.25,71.23,0.58,41.61
852000,109.50,164.00,270.75,432.00,415.25,71.23,0.58,41.61
852500,109.50,164.00,271.00,432.25,415.25,70.26,0.59,41.32
853000,109.50,164.00,271.00,432.25,415.25,70.26,0.59,41.32
853500,109.50,164.00,271.25,432.25,415.50,75.57,0.59,44.42
854000,109.50,164.00,271.25,432.25,415.50,75.57,0.59,44.42
854500,109.50,164.00,271.25,432.50,415.50,76.24,0.59,44.61
855000,109.50,164.00,271.50,432.50,415.50,76.24,0.59,44.61
855500,109.50,164.00,271.75,432.50,415.75,66.11,0.60,39.42
856000,109.50,164.25,271.75,432.75,415.75,66.11,0.60,39.42
856500,109.50,164.00,271.75,432.75,415.75,72.65,0.59,42.76
857000,109.50,164.25,271.75,432.75,415.75,72.65,0.59,42.76
857500,109.50,164.00,272.00,433.00,415.75,76.06,0.59,44.72
858000,109.50,164.00,272.25,433.00,416.00,76.06,0.59,44.72
858500,109.50,164.00,272.25,433.00,416.00,69.10,0.59,40.66
859000,109.50,164.00,272.25,433.25,416.25,69.10,0.59,40.66
859500,109.50,164.25,272.50,433.25,416.00,68.89,0.59,40.71
860000,109.50,164.00,272.50,433.50,416.25,68.89,0.59,40.71
860500,109.50,164.25,272.75,433.50,416.00,70.61,0.58,41.28
861000,109.50,164.00,272.75,433.50,416.00,70.61,0.58,41.28
861500,109.50,164.00,273.00,433.75,416.25,75.60,0.59,44.31
862000,109.50,164.00,273.00,433.75,416.25,75.60,0.59,44.31
862500,109.50,164.00,273.00,433.75,416.25,80.23,0.59,47.63
863000,109.50,164.25,273.25,434.00,416.25,80.23,0.59,47.63
863500,109.50,164.00,273.25,434.00,416.50,78.07,0.58,45.31
864000,109.50,164.25,273.50,434.25,416.50,78.07,0.58,45.31
864500,109.50,164.00,273.50,434.25,416.50,71.32,0.58,41.51
865000,109.50,164.25,273.50,434.50,416.50,71.32,0.58,41.51
865500,109.50,164.25,273.75,434.25,416.75,67.70,0.58,39.44
866000,109.50,164.00,273.75,434.50,416.75,67.70,0.58,39.44
866500,109.50,164.25,273.75,434.50,416.75,75.08,0.59,44.12
867000,109.50,164.00,274.00,434.75,416.75,75.08,0.59,44.12
867500,109.50,164.25,274.00,434.75,417.00,68.85,0.59,40.34
868000,109.50,164.00,274.00,435.00,417.00,68.85,0.59,40.34
868500,109.50,164.00,274.25,435.00,417.00,72.64,0.58,42.37
869000,109.50,164.25,274.25,435.00,417.00,72.64,0.58,42.37
869500,109.50,164.00,274.50,435.25,417.25,76.33,0.58,44.34
870000,109.50,164.25,274.50,435.25,417.25,76.33,0.58,44.34
870500,109.50,164.00,274.75,435.25,417.25,73.24,0.59,43.34
871000,109.50,164.25,274.75,435.50,417.25,73.24,0.59,43.34
871500,109.50,164.25,275.00,435.50,417.25,74.67,0.58,43.39
872000,109.50,164.25,275.00,435.50,417.25,74.67,0.58,43.39
872500,109.50,164.25,275.00,435.75,417.50,74.23,0.59,43.82
873000,109.50,164.00,275.00,435.75,417.50,74.23,0.59,43.82
873500,109.50,164.25,275.25,435.75,417.50,69.40,0.59,40.84
874000,109.50,164.00,275.50,436.00,417.50,69.40,0.59,40.84
874500,109.50,164.25,275.50,436.00,417.75,74.28,0.59,43.68
875000,109.50,164.25,275.75,436.00,417.50,74.28,0.59,43.68
875500,109.50,164.25,275.75,436.25,417.75,74.25,0.59,43.52
876000,109.50,164.25,275.75,436.25,417.75,74.25,0.59,43.52
876500,109.50,164.00,276.00,436.25,417.75,69.48,0.59,40.86
877000,109.50,164.25,276.00,436.50,418.00,69.48,0.59,40.86
877500,109.50,164.00,276.00,436.50,418.00,68.16,0.58,39.83
878000,109.50,164.25,276.25,436.75,418.00,68.16,0.58,39.83
878500,109.50,164.00,276.25,436.75,418.00,70.87,0.58,41.04
879000,109.50,164.25,276.25,436.75,418.00,70.87,0.58,41.04
879500,109.50,164.25,276.25,436.75,418.00,72.72,0.58,42.50
880000,109.50,164.25,276.50,437.00,418.25,72.72,0.58,42.50
880500,109.50,164.25,276.50,437.00,418.00,70.01,0.58,40.78
881000,109.50,164.00,276.50,437.25,418.25,70.01,0.58,40.78
881500,109.50,164.25,276.75,437.25,418.25,72.90,0.59,43.12
882000,109.50,164.00,276.75,437.25,418.25,72.90,0.59,43.12
882500,109.50,164.25,276.75,437.25,418.50,73.59,0.59,43.25
883000,109.50,164.00,277.00,437.50,418.50,73.59,0.59,43.25
883500,109.50,164.25,277.25,437.50,418.50,71.83,0.59,42.43
884000,109.50,164.25,277.25,437.75,418.50,71.83,0.59,42.43
884500,109.50,164.25,277.25,437.75,418.50,68.98,0.58,39.93
885000,109.50,164.25,277.50,438.00,418.75,68.98,0.58,39.93
885500,109.50,164.25,277.50,438.00,418.75,67.35,0.58,39.29
886000,109.50,164.25,277.75,438.00,418.75,67.35,0.58,39.29
886500,109.50,164.25,277.75,438.00,419.00,73.82,0.59,43.42
887000,109.50,164.25,277.75,438.25,418.75,73.82,0.59,43.42
887500,109.50,164.00,278.00,438.25,419.00,76.73,0.59,45.07
888000,109.50,164.25,278.00,438.25,419.00,76.73,0.59,45.07
888500,109.50,164.25,278.00,438.50,419.00,70.90,0.59,41.53
889000,109.50,164.25,278.25,438.50,419.00,70.90,0.59,41.53
889500,109.50,164.25,278.25,438.50,419.25,75.37,0.58,43.44
890000,109.50,164.25,278.25,438.75,419.25,75.37,0.58,43.44
890500,109.50,164.25,278.50,438.75,419.25,72.73,0.60,43.36
891000,109.50,164.25,278.50,438.75,419.25,72.73,0.60,43.36
891500,109.50,164.00,278.50,439.00,419.25,74.30,0.59,43.55
892000,109.50,164.25,278.75,439.00,419.50,74.30,0.59,43.55
892500,109.50,164.00,278.75,439.00,419.50,72.42,0.58,42.17
893000,109.50,164.25,278.75,439.00,419.50,72.42,0.58,42.17
893500,109.50,164.00,278.75,439.25,419.75,76.85,0.58,44.88
894000,109.50,164.25,278.75,439.25,419.75,76.85,0.58,44.88
894500,109.25,164.00,279.00,439.50,419.75,74.13,0.60,44.78
895000,109.50,164.25,279.00,439.50,419.75,74.13,0.60,44.78
895500,109.50,164.25,279.25,439.75,419.75,72.05,0.62,44.66
896000,109.50,164.25,279.50,439.75,420.00,72.05,0.62,44.66
896500,109.50,164.25,279.50,439.75,420.00,80.16,0.63,50.65
897000,109.50,164.25,279.50,439.75,420.00,80.16,0.63,50.65
897500,109.50,164.25,279.50,440.00,420.00,65.00,0.53,34.19
898000,109.50,164.25,279.75,440.25,420.00,65.00,0.53,34.19
898500,109.50,164.00,279.75,440.25,420.00,60.67,0.49,29.84
899000,109.50,164.25,279.75,440.25,420.00,60.67,0.49,29.84
899500,109.50,164.00,279.75,440.25,420.00,66.94,0.50,33.14
900000,109.50,164.25,280.00,440.25,419.50,66.94,0.50,33.14
900500,109.25,164.00,279.75,440.00,419.25,56.32,0.50,28.24
901000,109.25,164.00,279.75,440.00,419.00,56.32,0.50,28.24
901500,109.25,164.00,279.75,440.00,418.75,63.24,0.50,31.63
902000,109.25,163.75,279.75,439.75,418.50,63.24,0.50,31.63
902500,109.00,163.75,279.75,439.75,418.00,62.62,0.51,31.84
903000,109.00,163.50,279.75,439.50,417.75,62.62,0.51,31.84
903500,108.75,163.50,279.50,439.25,417.50,60.89,0.50,30.62
904000,108.75,163.25,279.75,439.25,417.25,60.89,0.50,30.62
904500,108.75,163.00,279.50,438.75,417.00,59.36,0.49,29.08
905000,108.50,162.75,279.50,438.75,416.50,59.36,0.49,29.08
905500,108.25,162.75,279.50,438.50,416.00,65.18,0.49,32.01
906000,108.25,162.50,279.25,438.25,415.75,65.18,0.49,32.01
906500,108.00,162.25,279.25,438.00,415.50,62.26,0.50,31.03
907000,108.00,162.00,279.00,437.75,415.25,62.26,0.50,31.03
907500,107.75,162.00,278.75,437.75,415.00,63.63,0.50,32.11
908000,107.75,161.50,278.75,437.50,414.50,63.63,0.50,32.11
908500,107.50,161.25,278.75,437.25,414.50,57.49,0.50,28.64
909000,107.50,161.25,278.50,437.00,414.25,57.49,0.50,28.64
909500,107.25,161.00,278.50,436.75,414.25,68.99,0.50,34.42
910000,107.25,161.00,278.50,436.50,414.50,68.99,0.50,34.42
910500,107.00,160.50,278.50,436.50,414.25,64.38,0.52,33.29
911000,106.75,160.50,278.25,436.25,414.25,64.38,0.52,33.29
911500,106.50,160.00,278.25,436.25,413.75,63.53,0.50,32.02
912000,106.50,160.00,278.00,436.00,413.50,63.53,0.50,32.02
912500,106.50,159.50,278.00,435.75,413.25,54.87,0.50,27.54
913000,106.25,159.50,277.75,435.75,413.00,54.87,0.50,27.54
913500,106.00,159.25,277.75,435.50,412.75,58.00,0.50,28.76
914000,106.00,159.00,277.75,435.25,413.00,58.00,0.50,28.76
914500,105.75,158.75,277.50,435.25,412.75,59.47,0.50,29.67
915000,105.75,158.75,277.50,435.25,413.00,59.47,0.50,29.67
915500,105.50,158.50,277.50,435.00,413.00,60.69,0.51,30.85
916000,105.25,158.25,277.25,435.00,413.00,60.69,0.51,30.85
916500,105.25,158.00,277.00,434.75,413.00,64.68,0.50,32.25
917000,105.25,157.75,277.00,434.75,412.75,64.68,0.50,32.25
917500,105.00,157.75,277.00,434.50,412.50,63.99,0.50,32.31
918000,105.00,157.50,277.00,434.50,412.50,63.99,0.50,32.31
918500,104.75,157.50,276.75,434.25,412.25,64.29,0.49,31.67
919000,104.75,157.00,276.75,434.25,412.00,64.29,0.49,31.67
919500,104.50,157.00,276.75,434.25,412.00,62.89,0.50,31.38
920000,104.50,156.75,276.50,434.25,411.75,62.89,0.50,31.38
920500,104.25,156.75,276.50,434.00,411.75,54.78,0.50,27.41
921000,104.00,156.25,276.25,434.00,411.50,54.78,0.50,27.41
921500,104.00,156.50,276.25,434.00,411.50,66.22,0.49,32.72
922000,103.75,155.75,276.25,433.75,411.50,66.22,0.49,32.72
922500,103.75,156.00,276.25,433.75,411.25,58.50,0.50,29.22
923000,103.75,155.50,276.25,433.75,411.25,58.50,0.50,29.22
923500,103.50,155.50,276.25,433.50,411.00,62.97,0.51,31.95
924000,103.25,155.25,276.25,433.50,410.75,62.97,0.51,31.95
924500,103.25,155.25,276.00,433.50,410.75,56.85,0.50,28.14
925000,103.25,155.00,276.00,433.25,410.75,56.85,0.50,28.14
925500,103.00,155.00,276.00,433.25,410.75,64.03,0.49,31.21
926000,103.00,154.75,275.75,433.25,410.50,64.03,0.49,31.21
926500,102.75,154.50,275.75,433.25,410.75,65.04,0.49,32.17
927000,102.75,154.25,275.75,433.00,410.50,65.04,0.49,32.17
927500,102.75,154.50,275.75,433.00,410.25,59.11,0.48,28.37
928000,102.50,154.25,275.75,433.00,410.50,59.11,0.48,28.37
928500,102.50,154.00,275.75,432.75,410.50,55.84,0.48,26.72
929000,102.50,153.75,275.75,432.75,410.75,55.84,0.48,26.72
929500,102.25,153.75,275.75,432.75,410.75,65.77,0.48,31.70
930000,102.25,153.50,275.50,432.75,410.75,65.77,0.48,31.70
930500,102.00,153.75,275.50,432.75,411.00,65.31,0.46,29.86
931000,102.00,153.25,275.50,432.75,411.25,65.31,0.46,29.86
931500,102.00,153.25,275.25,432.50,411.25,60.45,0.47,28.33
932000,102.00,153.00,275.25,432.50,411.25,60.45,0.47,28.33
932500,101.75,153.00,275.25,432.50,411.25,56.88,0.42,23.99
933000,101.75,152.50,275.25,432.50,411.25,56.88,0.42,23.99
933500,101.75,152.75,275.25,432.50,411.25,58.71,0.40,23.54
934000,101.50,152.25,275.00,432.25,411.25,58.71,0.40,23.54
934500,101.50,152.50,275.00,432.25,411.25,54.14,0.44,23.95
935000,101.50,152.00,275.25,432.25,411.25,54.14,0.44,23.95
935500,101.25,152.25,275.25,432.25,411.25,56.51,0.26,14.83
936000,101.25,151.75,275.00,432.25,411.25,56.51,0.26,14.83
936500,101.00,152.00,275.00,432.25,411.25,64.87,0.26,16.96
937000,101.00,151.75,275.00,432.00,411.00,64.87,0.26,16.96
937500,101.00,151.75,275.00,432.25,411.25,57.49,0.26,14.87
938000,101.00,151.50,275.00,432.00,411.00,57.49,0.26,14.87
938500,101.00,151.25,275.00,432.00,411.00,57.14,0.26,15.03
939000,100.75,151.50,274.75,432.00,411.00,57.14,0.26,15.03
939500,100.75,151.00,275.00,432.00,410.75,58.19,0.26,15.34
940000,100.75,151.25,274.75,432.00,410.25,58.19,0.26,15.34
940500,100.50,150.75,274.75,431.75,410.25,60.66,0.26,16.02
941000,100.50,151.00,274.75,431.75,410.25,60.66,0.26,16.02
941500,100.50,150.75,274.75,431.75,410.00,64.02,0.27,17.34
942000,100.50,150.75,274.75,431.75,410.00,64.02,0.27,17.34
942500,100.25,150.50,274.75,431.75,410.00,67.94,0.27,18.28
943000,100.25,150.50,274.75,431.75,410.00,67.94,0.27,18.28
943500,100.25,150.50,274.75,431.50,410.00,59.83,0.27,15.88
944000,100.00,150.00,274.50,431.50,410.00,59.83,0.27,15.88
944500,100.00,150.25,274.50,431.50,410.00,62.84,0.27,16.74
945000,100.00,149.75,274.75,431.50,410.00,62.84,0.27,16.74
945500,100.00,150.00,274.50,431.50,410.00,63.89,0.26,16.75
946000,100.00,149.75,274.50,431.50,410.00,63.89,0.26,16.75
946500,99.75,149.75,274.50,431.50,410.00,61.29,0.27,16.34
947000,99.75,149.50,274.50,431.50,409.75,61.29,0.27,16.34
947500,99.50,149.50,274.50,431.50,410.00,59.45,0.25,15.01
948000,99.50,149.50,274.50,431.50,410.00,59.45,0.25,15.01
948500,99.50,149.25,274.50,431.25,410.00,56.89,0.25,14.45
949000,99.50,149.25,274.25,431.25,410.00,56.89,0.25,14.45
949500,99.25,149.00,274.50,431.25,410.00,60.18,0.25,15.27
950000,99.25,149.25,274.50,431.25,409.75,60.18,0.25,15.27
950500,99.25,149.00,274.25,431.25,409.75,63.95,0.26,16.46
951000,99.25,149.00,274.25,431.25,409.75,63.95,0.26,16.46
951500,99.25,148.75,274.25,431.25,409.75,57.98,0.27,15.47
952000,99.25,148.75,274.25,431.25,409.75,57.98,0.27,15.47
952500,99.00,149.00,274.25,431.00,409.75,57.59,0.26,14.72
953000,99.00,148.50,274.25,431.00,410.00,57.59,0.26,14.72
953500,99.00,148.75,274.25,431.00,410.00,56.49,0.26,14.58
954000,99.00,148.50,274.25,431.00,409.75,56.49,0.26,14.58
954500,99.00,148.50,274.25,431.00,410.00,62.03,0.26,16.38
955000,98.75,148.25,274.25,431.00,410.00,62.03,0.26,16.38
955500,98.75,148.25,274.25,431.00,410.00,59.50,0.26,15.38
956000,98.75,148.25,274.25,431.00,409.75,59.50,0.26,15.38
956500,98.75,148.25,274.25,431.00,410.00,64.26,0.26,16.56
957000,98.75,148.00,274.25,431.00,410.00,64.26,0.26,16.56
957500,98.50,147.75,274.25,430.75,409.75,58.69,0.26,15.13
958000,98.50,148.00,274.25,431.00,410.00,58.69,0.26,15.13
958500,98.50,147.50,274.25,430.75,410.00,66.21,0.26,16.95
959000,98.50,147.75,274.25,430.75,410.00,66.21,0.26,16.95
959500,98.50,147.50,274.25,430.75,410.00,63.00,0.26,16.16
960000,98.25,147.75,274.25,430.75,410.00,63.00,0.26,16.16
960500,98.25,147.25,274.00,430.75,410.00,61.27,0.27,16.37
961000,98.25,147.50,274.00,430.75,410.00,61.27,0.27,16.37
961500,98.25,147.25,274.00,430.75,410.00,62.04,0.24,14.61
962000,98.00,147.50,274.25,430.75,410.00,62.04,0.24,14.61
962500,98.25,147.00,274.00,430.75,410.25,60.23,0.24,14.54
963000,98.00,147.25,274.00,430.75,410.00,60.23,0.24,14.54
963500,98.00,147.00,274.00,430.75,410.00,59.14,0.24,14.09
964000,98.00,147.00,274.00,430.75,410.00,59.14,0.24,14.09
964500,98.00,147.00,274.00,430.75,410.00,61.12,0.24,14.51
965000,98.00,146.75,274.00,430.50,410.00,61.12,0.24,14.51
965500,98.00,147.00,274.00,430.50,410.00,62.10,0.23,14.28
966000,97.75,146.75,274.00,430.75,410.00,62.10,0.23,14.28
966500,97.75,146.75,274.00,430.75,410.00,61.29,0.23,14.32
967000,97.75,146.50,274.00,430.50,410.00,61.29,0.23,14.32
967500,97.75,146.75,274.00,430.50,410.00,56.71,0.23,12.98
968000,97.75,146.50,274.00,430.50,410.00,56.71,0.23,12.98
968500,97.75,146.75,274.00,430.50,410.00,63.21,0.23,14.48
969000,97.75,146.50,274.00,430.50,410.00,63.21,0.23,14.48
969500,97.50,146.50,274.00,430.50,410.00,62.75,0.23,14.59
970000,97.50,146.25,274.00,430.50,410.00,62.75,0.23,14.59
970500,97.50,146.50,274.00,430.50,410.00,58.52,0.26,15.15
971000,97.50,146.25,274.00,430.50,410.00,58.52,0.26,15.15
971500,97.50,146.50,273.75,430.50,410.00,63.45,0.25,16.06
972000,97.50,146.25,274.00,430.50,410.00,63.45,0.25,16.06
972500,97.25,146.25,274.00,430.50,410.00,63.43,0.25,16.07
973000,97.25,146.25,273.75,430.50,410.00,63.43,0.25,16.07
973500,97.25,146.25,274.00,430.50,410.00,56.52,0.25,14.21
974000,97.25,146.25,274.00,430.25,409.75,56.52,0.25,14.21
974500,97.25,146.00,274.00,430.50,409.75,56.06,0.23,13.07
975000,97.00,146.00,274.00,430.25,410.00,56.06,0.23,13.07
975500,97.25,146.00,274.00,430.25,409.75,63.76,0.24,15.17
976000,97.00,146.00,273.75,430.25,409.75,63.76,0.24,15.17
976500,97.00,145.75,274.00,430.25,409.75,56.36,0.24,13.26
977000,97.00,146.00,273.75,430.25,409.75,56.36,0.24,13.26
977500,97.00,145.75,274.00,430.25,409.75,62.36,0.23,14.31
978000,97.00,145.75,273.75,430.25,409.75,62.36,0.23,14.31
978500,97.00,145.75,273.75,430.25,409.75,61.64,0.25,15.58
979000,96.75,146.00,273.75,430.25,409.75,61.64,0.25,15.58
979500,97.00,145.50,273.75,430.25,409.75,60.61,0.27,16.66
980000,97.00,145.75,274.00,430.25,409.75,60.61,0.27,16.66
980500,96.75,145.25,273.75,430.25,409.75,65.53,0.28,18.16
981000,96.75,145.75,273.75,430.25,409.75,65.53,0.28,18.16
981500,96.75,145.25,273.75,430.25,409.75,56.33,0.28,15.65
982000,96.75,145.50,273.75,430.25,409.75,56.33,0.28,15.65
982500,96.75,145.25,273.75,430.25,409.75,62.34,0.28,17.28
983000,96.75,145.25,273.75,430.25,409.75,62.34,0.28,17.28
983500,96.75,145.25,273.75,430.00,409.75,57.72,0.29,16.75
984000,96.75,145.25,273.75,430.25,409.75,57.72,0.29,16.75
984500,96.50,145.25,273.75,430.25,409.75,60.53,0.25,14.88
985000,96.50,145.00,273.75,430.00,409.75,60.53,0.25,14.88
985500,96.50,145.25,274.00,430.25,409.75,62.97,0.23,14.78
986000,96.50,145.00,273.75,430.00,409.75,62.97,0.23,14.78
986500,96.50,145.25,273.75,430.00,409.75,54.28,0.24,12.79
987000,96.50,144.75,274.00,430.00,409.75,54.28,0.24,12.79
987500,96.50,145.00,273.50,430.00,409.75,59.52,0.24,14.01
988000,96.50,144.75,273.75,430.00,409.75,59.52,0.24,14.01
988500,96.50,144.75,274.00,430.00,409.75,64.09,0.24,15.65
989000,96.25,145.00,273.75,430.00,409.75,64.09,0.24,15.65
989500,96.50,144.75,273.75,430.00,409.75,54.47,0.25,13.47
990000,96.50,145.00,274.00,430.00,409.75,54.47,0.25,13.47
990500,96.50,144.50,274.00,430.00,409.75,59.85,0.30,18.16
991000,96.25,144.75,273.75,430.00,409.75,59.85,0.30,18.16
991500,96.25,144.50,274.00,430.00,409.75,59.72,0.41,24.26
992000,96.25,144.75,274.00,430.00,409.75,59.72,0.41,24.26
992500,96.25,144.50,273.75,430.00,409.50,59.29,0.46,27.14
993000,96.25,144.50,273.75,430.00,409.50,59.29,0.46,27.14
993500,96.25,144.50,273.75,430.00,409.75,56.74,0.38,21.41
994000,96.25,144.25,273.75,430.00,409.50,56.74,0.38,21.41
994500,96.25,144.50,273.75,430.00,409.75,56.57,0.37,20.98
995000,96.00,144.25,274.00,429.75,409.50,56.57,0.37,20.98
995500,96.00,144.50,273.75,430.00,409.50,63.89,0.36,23.20
996000,96.00,144.00,273.75,429.75,409.50,63.89,0.36,23.20
996500,96.00,144.50,273.75,429.75,409.50,59.44,0.38,22.31
997000,96.00,144.00,273.75,429.75,409.50,59.44,0.38,22.31
997500,96.00,144.25,273.75,430.00,409.75,59.16,0.39,22.89
998000,95.75,144.25,273.75,429.75,409.75,59.16,0.39,22.89
998500,96.00,144.00,274.00,429.75,409.75,58.97,0.38,22.46
999000,96.00,144.25,273.75,429.75,409.50,58.97,0.38,22.46
999500,95.75,144.00,273.75,429.75,409.50,57.49,0.38,21.87
1000000,95.75,144.25,273.75,429.75,409.50,57.49,0.38,21.87
1000500,95.75,143.75,273.75,429.75,409.50,65.04,0.38,24.77
1001000,95.75,144.25,273.75,429.75,409.50,65.04,0.38,24.77
1001500,95.75,143.75,273.75,429.75,409.50,57.61,0.37,21.53
1002000,95.75,144.00,274.00,429.75,409.50,57.61,0.37,21.53
1002500,95.75,143.75,273.75,429.75,409.50,64.13,0.37,23.97
1003000,95.75,144.00,273.75,429.75,409.25,64.13,0.37,23.97
1003500,95.75,143.50,273.75,429.75,409.50,58.01,0.38,22.14
1004000,95.75,143.75,273.75,429.75,409.50,58.01,0.38,22.14
1004500,95.50,143.75,273.75,429.75,409.50,59.71,0.38,22.68
1005000,95.50,143.75,273.75,429.75,409.50,59.71,0.38,22.68
1005500,95.50,143.75,273.75,429.50,409.25,63.23,0.38,24.20
1006000,95.50,143.50,273.75,429.50,409.50,63.23,0.38,24.20
1006500,95.50,143.75,273.75,429.50,409.50,58.89,0.37,21.84
1007000,95.50,143.50,273.75,429.50,409.25,58.89,0.37,21.84
1007500,95.50,143.75,273.75,429.50,409.25,67.59,0.37,25.00
1008000,95.50,143.25,273.75,429.50,409.25,67.59,0.37,25.00
1008500,95.50,143.75,273.50,429.50,409.25,59.92,0.37,22.17
1009000,95.25,143.50,273.75,429.50,409.25,59.92,0.37,22.17
1009500,95.25,143.75,273.75,429.50,409.25,63.20,0.37,23.16
1010000,95.25,143.25,273.75,429.50,409.25,63.20,0.37,23.16
1010500,95.25,143.75,273.75,429.50,409.25,58.05,0.37,21.56
1011000,95.25,143.25,273.75,429.50,409.25,58.05,0.37,21.56
1011500,95.25,143.50,273.75,429.50,409.25,59.38,0.37,22.07
1012000,95.25,143.25,273.50,429.50,409.25,59.38,0.37,22.07
1012500,95.25,143.25,273.75,429.50,409.25,59.44,0.37,22.03
1013000,95.25,143.25,273.75,429.25,409.25,59.44,0.37,22.03
1013500,95.00,143.25,273.50,429.50,409.25,59.22,0.37,22.08
1014000,95.25,143.25,273.75,429.50,409.25,59.22,0.37,22.08
1014500,95.25,143.00,273.75,429.50,409.25,59.57,0.37,22.15
1015000,95.25,143.25,273.50,429.50,409.25,59.57,0.37,22.15
1015500,95.00,143.00,273.50,429.50,409.50,64.48,0.37,23.88
1016000,95.00,143.25,273.75,429.25,409.25,64.48,0.37,23.88
1016500,95.00,143.00,273.50,429.50,409.25,55.06,0.37,20.14
1017000,95.00,143.25,273.50,429.25,409.25,55.06,0.37,20.14
1017500,95.00,143.00,273.50,429.50,409.00,59.52,0.38,22.35
1018000,95.00,143.00,273.50,429.25,409.25,59.52,0.38,22.35
1018500,95.00,143.25,273.50,429.25,409.25,57.36,0.36,20.70
1019000,95.00,143.00,273.50,429.25,409.25,57.36,0.36,20.70
1019500,95.00,143.00,273.75,429.25,409.25,55.92,0.36,20.09
1020000,95.00,142.75,273.75,429.25,409.25,55.92,0.36,20.09
1020500,95.00,143.25,273.50,429.25,409.25,62.05,0.36,22.30
1021000,95.00,142.75,273.50,429.25,409.25,62.05,0.36,22.30
1021500,95.00,143.00,273.50,429.25,409.25,62.24,0.35,21.48
1022000,94.75,142.75,273.50,429.25,409.25,62.24,0.35,21.48
1022500,94.75,143.00,273.50,429.25,409.25,54.66,0.32,17.59
1023000,94.75,142.75,273.75,429.25,409.25,54.66,0.32,17.59
1023500,94.75,142.75,273.50,429.25,409.25,55.77,0.30,16.63
1024000,94.75,142.75,273.50,429.25,409.00,55.77,0.30,16.63
1024500,94.75,142.75,273.50,429.25,409.25,67.33,0.50,33.75
1025000,94.75,143.00,273.50,429.25,409.25,67.33,0.50,33.75
1025500,94.50,142.50,273.50,429.25,409.00,59.47,0.99,58.80
1026000,94.50,143.00,273.50,429.25,409.25,59.47,0.99,58.80
1026500,94.50,142.50,273.50,429.25,409.00,60.27,1.11,66.71
1027000,94.50,142.75,273.50,429.25,409.00,60.27,1.11,66.71
1027500,94.50,142.50,273.50,429.25,409.00,58.82,1.17,68.60
1028000,94.50,142.75,273.50,429.25,409.00,58.82,1.17,68.60
1028500,94.50,142.50,273.50,429.00,409.00,57.07,1.17,66.91
1029000,94.50,142.50,273.50,429.25,409.00,57.07,1.17,66.91
1029500,94.50,142.50,273.50,429.00,409.00,58.54,1.28,75.09
1030000,94.25,142.50,273.50,429.25,409.00,58.54,1.28,75.09
1030500,94.50,142.50,273.50,429.00,409.00,64.79,1.29,83.36
1031000,94.50,142.25,273.50,429.00,409.00,64.79,1.29,83.36
1031500,94.50,142.50,273.50,429.00,409.00,63.27,1.36,86.27
1032000,94.25,142.25,273.50,429.00,409.00,63.27,1.36,86.27
1032500,94.50,142.75,273.50,429.00,409.00,61.88,1.33,82.22
1033000,94.25,142.25,273.50,429.00,409.00,61.88,1.33,82.22
1033500,94.25,142.50,273.50,429.00,408.75,60.13,1.32,79.52
1034000,94.25,142.25,273.50,429.00,409.00,60.13,1.32,79.52
1034500,94.25,142.50,273.25,429.00,409.00,58.52,1.36,79.76
1035000,94.25,142.25,273.50,429.00,409.00,58.52,1.36,79.76
1035500,94.25,142.50,273.50,429.00,409.00,63.14,1.37,86.26
1036000,94.25,142.25,273.25,429.00,409.00,63.14,1.37,86.26
1036500,94.25,142.25,273.25,429.00,409.00,58.14,1.37,79.58
1037000,94.25,142.00,273.50,429.00,409.00,58.14,1.37,79.58
1037500,94.25,142.25,273.25,429.00,408.75,61.55,1.35,83.07
1038000,94.25,142.25,273.25,429.00,409.00,61.55,1.35,83.07
1038500,94.25,142.25,273.25,429.00,409.00,61.29,1.38,84.35
1039000,94.25,142.25,273.50,428.75,408.75,61.29,1.38,84.35
1039500,94.00,142.00,273.50,429.00,409.00,65.68,1.35,88.56
1040000,94.00,142.25,273.25,428.75,408.75,65.68,1.35,88.56
1040500,94.00,142.00,273.25,428.75,408.75,57.84,1.34,77.35
1041000,94.00,142.25,273.25,428.75,408.75,57.84,1.34,77.35
1041500,94.00,141.75,273.25,428.75,408.75,56.68,1.34,75.80
1042000,94.00,142.25,273.25,428.75,408.75,56.68,1.34,75.80
1042500,94.00,141.75,273.25,428.75,408.75,61.43,1.34,82.13
1043000,94.00,142.25,273.25,428.75,408.75,61.43,1.34,82.13
1043500,94.00,141.75,273.00,428.75,408.75,56.16,1.34,75.37
1044000,94.00,142.25,273.00,428.75,408.75,56.16,1.34,75.37
1044500,94.00,141.75,273.25,428.75,408.75,58.44,1.29,75.41
1045000,94.00,142.00,273.25,428.75,408.75,58.44,1.29,75.41
1045500,94.00,141.75,273.00,428.75,408.75,59.48,1.30,77.46
1046000,94.00,142.00,273.00,428.75,408.50,59.48,1.30,77.46
1046500,94.00,141.75,273.25,428.75,408.75,64.29,1.29,82.74
1047000,93.75,142.00,273.00,428.75,408.75,64.29,1.29,82.74
1047500,94.00,141.75,273.00,428.75,408.75,59.47,1.15,68.30
1048000,93.75,142.00,273.00,428.75,408.75,59.47,1.15,68.30
1048500,93.75,141.50,273.25,428.75,408.50,62.32,0.82,51.09
1049000,93.75,141.75,273.00,428.75,408.75,62.32,0.82,51.09
1049500,94.00,141.75,273.00,428.50,408.50,60.28,0.53,31.99
1050000,93.75,141.75,273.25,428.75,408.50,60.28,0.53,31.99
1050500,93.75,141.75,273.00,428.75,408.75,65.46,0.53,34.43
1051000,93.75,141.50,273.00,428.50,408.50,65.46,0.53,34.43
1051500,93.75,141.75,273.00,428.50,408.50,55.16,0.52,28.90
1052000,93.75,141.50,273.25,428.50,408.50,55.16,0.52,28.90
1052500,93.75,141.75,273.00,428.50,408.50,68.05,0.51,34.66
1053000,93.75,141.25,273.00,428.50,408.50,68.05,0.51,34.66
1053500,93.75,141.75,273.00,428.50,408.50,59.42,0.52,30.63
1054000,93.75,141.25,273.00,428.75,408.50,59.42,0.52,30.63
1054500,93.75,141.75,273.00,428.50,408.50,60.65,0.51,31.18
1055000,93.75,141.25,273.00,428.50,408.50,60.65,0.51,31.18
1055500,93.75,141.75,273.25,428.50,408.50,58.31,0.50,28.93
1056000,93.75,141.25,273.00,428.50,408.50,58.31,0.50,28.93
1056500,93.75,141.75,273.00,428.50,408.50,66.84,0.46,31.02
1057000,93.50,141.25,273.00,428.50,408.50,66.84,0.46,31.02
1057500,93.50,141.75,273.00,428.50,408.50,59.37,0.45,26.48
1058000,93.75,141.25,273.00,428.50,408.50,59.37,0.45,26.48
1058500,93.50,141.75,273.00,428.50,408.50,66.02,0.44,29.34
1059000,93.50,141.25,273.00,428.50,408.50,66.02,0.44,29.34
1059500,93.50,141.50,273.00,428.50,408.50,60.74,0.44,26.62
1060000,93.50,141.50,272.75,428.50,408.50,60.74,0.44,26.62
1060500,93.75,141.50,273.00,428.50,408.50,60.53,0.44,26.59
1061000,93.50,141.50,273.00,428.50,408.25,60.53,0.44,26.59
1061500,93.50,141.25,273.00,428.50,408.50,63.10,0.46,28.74
1062000,93.50,141.50,272.75,428.50,408.50,63.10,0.46,28.74
1062500,93.50,141.25,273.00,428.50,408.25,65.99,0.45,29.63
1063000,93.50,141.50,273.00,428.50,408.50,65.99,0.45,29.63
1063500,93.50,141.00,273.00,428.50,408.25,59.46,0.44,26.35
1064000,93.50,141.50,272.75,428.25,408.25,59.46,0.44,26.35
1064500,93.50,141.00,273.00,428.50,408.50,64.39,0.44,28.23
1065000,93.50,141.50,273.00,428.25,408.25,64.39,0.44,28.23
1065500,93.50,141.00,272.75,428.25,408.50,60.59,0.44,26.40
1066000,93.50,141.50,272.75,428.50,408.25,60.59,0.44,26.40
1066500,93.50,141.00,272.75,428.25,408.25,65.63,0.44,29.11
1067000,93.50,141.50,272.75,428.25,408.25,65.63,0.44,29.11
1067500,93.50,141.00,272.75,428.25,408.25,57.75,0.45,25.80
1068000,93.50,141.25,272.75,428.50,408.25,57.75,0.45,25.80
1068500,93.50,141.25,272.75,428.25,408.25,60.77,0.44,26.60
1069000,93.50,141.25,272.75,428.25,408.25,60.77,0.44,26.60
1069500,93.50,141.00,272.75,428.25,408.25,57.10,0.44,25.17
1070000,93.25,141.25,273.00,428.25,408.25,57.10,0.44,25.17
1070500,93.50,141.00,272.75,428.25,408.25,62.31,0.44,27.63
1071000,93.50,141.00,272.75,428.25,408.25,62.31,0.44,27.63
1071500,93.50,141.25,272.75,428.25,408.25,63.82,0.44,28.29
1072000,93.50,141.00,272.75,428.25,408.25,63.82,0.44,28.29
1072500,93.25,141.25,272.75,428.25,408.25,63.20,0.43,27.20
1073000,93.50,140.75,272.50,428.25,408.00,63.20,0.43,27.20
1073500,93.25,141.25,272.75,428.25,408.00,62.29,0.43,26.95
1074000,93.25,141.00,272.50,428.00,408.00,62.29,0.43,26.95
1074500,93.25,141.25,272.50,428.25,408.00,56.06,0.43,24.12
1075000,93.25,140.75,272.50,428.25,408.00,56.06,0.43,24.12
1075500,93.25,141.25,272.50,428.25,408.00,64.21,0.43,27.63
1076000,93.25,140.75,272.50,428.00,408.00,64.21,0.43,27.63
1076500,93.25,141.25,272.50,428.25,408.00,57.19,0.58,33.18
1077000,93.25,141.00,272.50,428.25,408.00,57.19,0.58,33.18
1077500,93.25,141.00,272.50,428.25,408.00,60.33,0.79,47.92
1078000,93.25,140.75,272.50,428.25,408.00,60.33,0.79,47.92
1078500,93.25,141.00,272.50,428.25,408.00,67.97,0.84,56.87
1079000,93.25,141.00,272.50,428.00,408.00,67.97,0.84,56.87
1079500,93.25,140.75,272.50,428.00,408.00,58.52,0.85,49.70
1080000,93.25,141.00,272.50,428.00,408.00,58.52,0.85,49.70
1080500,93.25,140.75,272.50,428.00,408.00,62.67,0.86,53.79
1081000,93.25,141.00,272.50,428.00,407.75,62.67,0.86,53.79
1081500,93.25,140.50,272.50,428.00,408.00,63.81,0.88,56.23
1082000,93.25,141.00,272.50,428.00,408.00,63.81,0.88,56.23
1082500,93.00,140.75,272.50,428.00,407.75,58.44,0.84,49.22
1083000,93.00,141.00,272.50,428.00,408.00,58.44,0.84,49.22
1083500,93.00,140.50,272.50,428.00,407.75,62.67,0.97,60.82
1084000,93.00,140.75,272.50,428.00,407.75,62.67,0.97,60.82
1084500,93.00,140.75,272.25,428.00,407.75,60.11,1.03,62.04
1085000,93.00,140.50,272.50,428.00,407.75,60.11,1.03,62.04
1085500,93.00,140.75,272.50,428.00,407.75,58.68,1.02,59.97
1086000,93.00,140.50,272.25,428.00,407.75,58.68,1.02,59.97
1086500,93.00,140.75,272.50,428.00,407.75,66.34,0.93,61.46
1087000,93.00,140.50,272.50,428.00,407.75,66.34,0.93,61.46
1087500,93.00,140.75,272.25,427.75,407.75,60.40,1.00,60.13
1088000,93.00,140.25,272.25,428.00,407.75,60.40,1.00,60.13
1088500,93.00,141.00,272.50,427.75,407.75,61.21,1.00,60.94
1089000,93.00,140.50,272.50,428.00,407.75,61.21,1.00,60.94
1089500,93.00,140.75,272.25,427.75,407.75,65.64,0.99,65.22
1090000,93.00,140.50,272.50,428.00,407.75,65.64,0.99,65.22
1090500,93.00,140.50,272.25,427.75,407.75,58.64,1.01,59.28
1091000,93.00,140.75,272.25,428.00,407.75,58.64,1.01,59.28
1091500,93.00,140.50,272.25,427.75,407.50,67.20,1.00,67.26
1092000,93.00,140.75,272.50,428.00,407.75,67.20,1.00,67.26
1092500,92.75,140.50,272.25,427.75,407.75,61.54,1.03,63.65
1093000,92.75,140.75,272.25,428.00,407.75,61.54,1.03,63.65
1093500,93.00,140.50,272.50,427.75,407.75,60.97,1.05,64.05
1094000,93.00,140.50,272.25,427.75,407.75,60.97,1.05,64.05
1094500,92.75,140.75,272.25,427.75,407.75,60.76,1.06,64.16
1095000,93.00,140.25,272.25,428.00,407.50,60.76,1.06,64.16
1095500,92.75,140.75,272.25,427.75,407.75,63.23,1.10,69.76
1096000,93.00,140.25,272.25,427.75,407.50,63.23,1.10,69.76
1096500,92.75,140.50,272.25,427.75,407.75,59.63,1.07,63.85
1097000,92.75,140.50,272.25,428.00,407.50,59.63,1.07,63.85
1097500,92.75,140.25,272.25,427.75,407.50,67.99,1.06,71.76
1098000,92.75,140.75,272.25,427.75,407.75,67.99,1.06,71.76
1098500,92.75,140.25,272.25,427.75,407.50,57.15,1.07,61.15
1099000,92.75,140.75,272.25,427.75,407.75,57.15,1.07,61.15
1099500,92.75,140.25,272.25,427.75,407.50,60.14,1.09,65.32
1100000,92.75,140.25,272.25,427.75,407.50,60.14,1.09,65.32
1100500,92.75,140.75,272.25,427.75,407.50,57.14,1.08,61.47
1101000,92.75,140.25,272.25,427.75,407.75,57.14,1.08,61.47
1101500,92.75,140.50,272.25,427.75,407.50,57.39,1.08,61.84
1102000,92.75,140.25,272.25,427.75,407.50,57.39,1.08,61.84
1102500,92.75,140.25,272.25,427.75,407.75,60.45,1.09,65.86
1103000,92.75,140.50,272.25,427.75,407.50,60.45,1.09,65.86
1103500,92.75,140.25,272.25,427.75,407.50,60.59,1.09,65.93
1104000,92.75,140.50,272.25,427.75,407.50,60.59,1.09,65.93
1104500,92.75,140.50,272.25,427.75,407.50,61.81,1.07,66.37
1105000,92.75,140.25,272.25,427.75,407.50,61.81,1.07,66.37
1105500,92.75,140.50,272.25,427.75,407.50,61.20,1.01,61.99
1106000,92.75,140.25,272.25,427.75,407.50,61.20,1.01,61.99
1106500,92.75,140.50,272.25,427.75,407.50,61.78,1.00,61.53
1107000,92.75,140.25,272.25,427.75,407.50,61.78,1.00,61.53
1107500,92.75,140.25,272.25,427.75,407.50,60.97,1.00,60.78
1108000,92.75,140.50,272.25,427.75,407.50,60.97,1.00,60.78
1108500,92.50,140.25,272.25,427.75,407.25,58.55,0.99,57.77
1109000,92.75,140.50,272.25,427.75,407.50,58.55,0.99,57.77
1109500,92.75,140.25,272.25,427.75,407.50,60.22,0.99,59.49
1110000,92.50,140.25,272.25,427.75,407.50,60.22,0.99,59.49
1110500,92.75,140.50,272.00,427.75,407.50,65.20,1.01,65.57
1111000,92.50,140.25,272.25,427.75,407.25,65.20,1.01,65.57
1111500,92.50,140.25,272.00,427.75,407.50,62.62,1.00,62.53
1112000,92.50,140.50,272.25,427.50,407.50,62.62,1.00,62.53
1112500,92.75,140.25,272.25,427.75,407.50,58.14,1.00,57.90
1113000,92.50,140.50,272.25,427.75,407.50,58.14,1.00,57.90
1113500,92.50,140.25,272.25,427.75,407.50,62.55,0.99,61.74
1114000,92.75,140.25,272.00,427.75,407.25,62.55,0.99,61.74
1114500,92.50,140.50,272.00,427.50,407.50,61.67,1.01,62.30
1115000,92.50,140.25,272.25,427.75,407.25,61.67,1.01,62.30
1115500,92.50,140.25,272.00,427.75,407.25,55.57,1.00,55.76
1116000,92.50,140.50,272.00,427.75,407.50,55.57,1.00,55.76
1116500,92.50,140.25,272.25,427.75,407.50,56.79,1.03,58.52
1117000,92.50,140.50,272.00,427.75,407.25,56.79,1.03,58.52
1117500,92.50,140.25,272.25,427.75,407.50,63.31,1.12,70.64
1118000,92.50,140.25,272.00,427.50,407.25,63.31,1.12,70.64
1118500,92.50,140.50,272.00,427.75,407.25,61.26,1.16,71.19
1119000,92.50,140.25,272.25,427.50,407.25,61.26,1.16,71.19
1119500,92.50,140.25,272.00,427.50,407.25,61.54,1.15,70.65
1120000,92.50,140.50,272.00,427.50,407.25,61.54,1.15,70.65
1120500,92.50,140.00,272.25,427.50,407.25,57.44,1.14,65.63
1121000,92.50,140.25,272.00,427.50,407.25,57.44,1.14,65.63
1121500,92.50,140.50,272.00,427.50,407.00,65.02,1.15,75.06
1122000,92.50,140.25,272.00,427.50,407.25,65.02,1.15,75.06
1122500,92.50,140.50,272.00,427.50,407.00,59.49,1.18,70.17
1123000,92.50,140.25,272.25,427.50,407.25,59.49,1.18,70.17
1123500,92.50,140.25,272.00,427.50,407.00,56.65,1.18,66.75
1124000,92.50,140.50,272.00,427.50,407.25,56.65,1.18,66.75
1124500,92.50,140.00,272.00,427.50,407.00,66.07,1.17,77.11
1125000,92.50,140.25,272.00,427.50,407.25,66.07,1.17,77.11
1125500,92.50,140.25,272.00,427.50,407.00,65.50,1.16,75.91
1126000,92.50,140.25,272.00,427.50,407.25,65.50,1.16,75.91
1126500,92.50,140.50,272.00,427.50,407.00,59.63,1.16,68.99
1127000,92.50,140.25,272.25,427.50,407.00,59.63,1.16,68.99
1127500,92.50,140.25,272.00,427.50,407.00,57.10,1.19,67.78
1128000,92.50,140.25,272.00,427.50,407.00,57.10,1.19,67.78
1128500,92.50,140.00,272.00,427.50,407.00,54.62,1.19,64.80
1129000,92.50,140.25,272.00,427.50,407.00,54.62,1.19,64.80
1129500,92.50,140.25,272.00,427.50,407.00,74.86,1.41,105.77
1130000,92.50,140.00,272.00,427.50,407.00,74.86,1.41,105.77
1130500,92.50,140.50,272.00,427.50,407.25,70.21,1.45,101.78
1131000,92.50,140.25,272.25,427.50,407.25,70.21,1.45,101.78
1131500,92.50,140.25,272.00,427.50,407.50,65.13,1.30,84.63
1132000,92.50,140.50,272.25,427.50,407.50,65.13,1.30,84.63
1132500,92.50,140.25,272.25,427.75,407.75,67.61,1.34,90.67
1133000,92.50,140.50,272.25,427.75,408.00,67.61,1.34,90.67
1133500,92.50,140.50,272.25,428.00,408.25,63.64,1.36,86.44
1134000,92.50,140.25,272.50,428.00,408.25,63.64,1.36,86.44
1134500,92.50,141.00,272.25,428.25,408.50,72.76,1.37,99.33
1135000,92.75,140.50,272.50,428.25,408.75,72.76,1.37,99.33
1135500,92.75,140.75,272.75,428.50,409.00,74.03,1.36,100.70
1136000,92.75,141.25,272.75,428.75,409.25,74.03,1.36,100.70
1136500,93.00,141.00,272.75,429.00,409.50,71.59,1.36,97.11
1137000,93.00,141.50,273.00,429.00,409.75,71.59,1.36,97.11
1137500,93.00,141.25,273.00,429.25,409.75,71.93,1.37,98.54
1138000,93.25,141.50,273.25,429.50,410.00,71.93,1.37,98.54
1138500,93.25,141.75,273.25,429.50,410.25,69.27,1.37,95.03
1139000,93.25,141.50,273.25,429.75,410.50,69.27,1.37,95.03
1139500,93.25,142.00,273.50,430.00,410.75,70.09,1.37,95.72
1140000,93.50,141.75,273.50,430.00,411.00,70.09,1.37,95.72
1140500,93.50,142.25,273.75,430.25,411.25,68.32,1.37,93.59
